# EvtID pe_px[MeV/c] pe_py[MeV/c] pe_pz[MeV/c] prec_px[MeV/c] prec_py[MeV/c] prec_pz[MeV/c] pidrec zvtx[cm] weight
0 8.2894547152e+02 0.0000000000e+00 4.3212092224e+03 6.4278760969e+01 0.0000000000e+00 -7.6604444312e+01 2212 0.0000000000e+00 1.0000000000e+00
1 8.2299238638e+02 0.0000000000e+00 4.3223469633e+03 6.4278760969e+01 0.0000000000e+00 -7.6604444312e+01 2212 0.0000000000e+00 1.0000000000e+00
2 7.3626224464e+02 0.0000000000e+00 4.3379623841e+03 6.4278760969e+01 0.0000000000e+00 -7.6604444312e+01 2212 0.0000000000e+00 1.0000000000e+00
3 7.0813244858e+02 0.0000000000e+00 4.3426429941e+03 6.4278760969e+01 0.0000000000e+00 -7.6604444312e+01 2212 0.0000000000e+00 1.0000000000e+00
4 7.1619738814e+02 0.0000000000e+00 4.3413201955e+03 6.4278760969e+01 0.0000000000e+00 -7.6604444312e+01 2212 0.0000000000e+00 1.0000000000e+00
5 6.9434241430e+02 0.0000000000e+00 4.3448691983e+03 6.4278760969e+01 0.0000000000e+00 -7.6604444312e+01 2212 0.0000000000e+00 1.0000000000e+00
6 7.1932522356e+02 0.0000000000e+00 4.3408030319e+03 6.4278760969e+01 0.0000000000e+00 -7.6604444312e+01 2212 0.0000000000e+00 1.0000000000e+00
7 8.1337660281e+02 0.0000000000e+00 4.3241667684e+03 6.4278760969e+01 0.0000000000e+00 -7.6604444312e+01 2212 0.0000000000e+00 1.0000000000e+00
8 7.7429362227e+02 0.0000000000e+00 4.3313357207e+03 6.4278760969e+01 0.0000000000e+00 -7.6604444312e+01 2212 0.0000000000e+00 1.0000000000e+00
9 7.6890346145e+02 0.0000000000e+00 4.3322958354e+03 6.4278760969e+01 0.0000000000e+00 -7.6604444312e+01 2212 0.0000000000e+00 1.0000000000e+00
10 7.7849937288e+02 0.0000000000e+00 4.3305817698e+03 6.4278760969e+01 0.0000000000e+00 -7.6604444312e+01 2212 0.0000000000e+00 1.0000000000e+00
11 8.3297158127e+02 0.0000000000e+00 4.3204349415e+03 6.4278760969e+01 0.0000000000e+00 -7.6604444312e+01 2212 0.0000000000e+00 1.0000000000e+00
12 8.3420888819e+02 0.0000000000e+00 4.3201962073e+03 6.4278760969e+01 0.0000000000e+00 -7.6604444312e+01 2212 0.0000000000e+00 1.0000000000e+00
13 7.5829244390e+02 0.0000000000e+00 4.3341656992e+03 6.4278760969e+01 0.0000000000e+00 -7.6604444312e+01 2212 0.0000000000e+00 1.0000000000e+00
14 7.8720983975e+02 0.0000000000e+00 4.3290068615e+03 6.4278760969e+01 0.0000000000e+00 -7.6604444312e+01 2212 0.0000000000e+00 1.0000000000e+00
15 8.2805883477e+02 0.0000000000e+00 4.3213792133e+03 6.4278760969e+01 0.0000000000e+00 -7.6604444312e+01 2212 0.0000000000e+00 1.0000000000e+00
16 8.0167118963e+02 0.0000000000e+00 4.3263521635e+03 6.4278760969e+01 0.0000000000e+00 -7.6604444312e+01 2212 0.0000000000e+00 1.0000000000e+00
17 7.4497450938e+02 0.0000000000e+00 4.3364746880e+03 6.4278760969e+01 0.0000000000e+00 -7.6604444312e+01 2212 0.0000000000e+00 1.0000000000e+00
18 7.8726919281e+02 0.0000000000e+00 4.3289960680e+03 6.4278760969e+01 0.0000000000e+00 -7.6604444312e+01 2212 0.0000000000e+00 1.0000000000e+00
19 7.1181060962e+02 0.0000000000e+00 4.3420416160e+03 6.4278760969e+01 0.0000000000e+00 -7.6604444312e+01 2212 0.0000000000e+00 1.0000000000e+00
20 8.0149120086e+02 0.0000000000e+00 4.3263855115e+03 6.4278760969e+01 0.0000000000e+00 -7.6604444312e+01 2212 0.0000000000e+00 1.0000000000e+00
21 8.2332265876e+02 0.0000000000e+00 4.3222840650e+03 6.4278760969e+01 0.0000000000e+00 -7.6604444312e+01 2212 0.0000000000e+00 1.0000000000e+00
22 8.3372513865e+02 0.0000000000e+00 4.3202895889e+03 6.4278760969e+01 0.0000000000e+00 -7.6604444312e+01 2212 0.0000000000e+00 1.0000000000e+00
23 6.9237528907e+02 0.0000000000e+00 4.3451831029e+03 6.4278760969e+01 0.0000000000e+00 -7.6604444312e+01 2212 0.0000000000e+00 1.0000000000e+00
24 6.8958410048e+02 0.0000000000e+00 4.3456269406e+03 6.4278760969e+01 0.0000000000e+00 -7.6604444312e+01 2212 0.0000000000e+00 1.0000000000e+00
25 7.3249558606e+02 0.0000000000e+00 4.3385999995e+03 6.4278760969e+01 0.0000000000e+00 -7.6604444312e+01 2212 0.0000000000e+00 1.0000000000e+00
26 7.0445425631e+02 0.0000000000e+00 4.3432411791e+03 6.4278760969e+01 0.0000000000e+00 -7.6604444312e+01 2212 0.0000000000e+00 1.0000000000e+00
27 7.4873170318e+02 0.0000000000e+00 4.3358275537e+03 6.4278760969e+01 0.0000000000e+00 -7.6604444312e+01 2212 0.0000000000e+00 1.0000000000e+00
28 7.3358617200e+02 0.0000000000e+00 4.3384157324e+03 6.4278760969e+01 0.0000000000e+00 -7.6604444312e+01 2212 0.0000000000e+00 1.0000000000e+00
29 8.1048627291e+02 0.0000000000e+00 4.3247094400e+03 6.4278760969e+01 0.0000000000e+00 -7.6604444312e+01 2212 0.0000000000e+00 1.0000000000e+00
30 7.8769854001e+02 0.0000000000e+00 4.3289179651e+03 6.4278760969e+01 0.0000000000e+00 -7.6604444312e+01 2212 0.0000000000e+00 1.0000000000e+00
31 7.8326812402e+02 0.0000000000e+00 4.3297217907e+03 6.4278760969e+01 0.0000000000e+00 -7.6604444312e+01 2212 0.0000000000e+00 1.0000000000e+00
32 8.1086727125e+02 0.0000000000e+00 4.3246380204e+03 6.4278760969e+01 0.0000000000e+00 -7.6604444312e+01 2212 0.0000000000e+00 1.0000000000e+00
33 8.2567336434e+02 0.0000000000e+00 4.3218356325e+03 6.4278760969e+01 0.0000000000e+00 -7.6604444312e+01 2212 0.0000000000e+00 1.0000000000e+00
34 8.2027961274e+02 0.0000000000e+00 4.3228626043e+03 6.4278760969e+01 0.0000000000e+00 -7.6604444312e+01 2212 0.0000000000e+00 1.0000000000e+00
35 7.7258089890e+02 0.0000000000e+00 4.3316415472e+03 6.4278760969e+01 0.0000000000e+00 -7.6604444312e+01 2212 0.0000000000e+00 1.0000000000e+00
36 8.3422895662e+02 0.0000000000e+00 4.3201923322e+03 6.4278760969e+01 0.0000000000e+00 -7.6604444312e+01 2212 0.0000000000e+00 1.0000000000e+00
37 8.1541168060e+02 0.0000000000e+00 4.3237834740e+03 6.4278760969e+01 0.0000000000e+00 -7.6604444312e+01 2212 0.0000000000e+00 1.0000000000e+00
38 7.9786200612e+02 0.0000000000e+00 4.3270562693e+03 6.4278760969e+01 0.0000000000e+00 -7.6604444312e+01 2212 0.0000000000e+00 1.0000000000e+00
39 6.9596949263e+02 0.0000000000e+00 4.3446088667e+03 6.4278760969e+01 0.0000000000e+00 -7.6604444312e+01 2212 0.0000000000e+00 1.0000000000e+00
40 7.8559263149e+02 0.0000000000e+00 4.3293006313e+03 6.4278760969e+01 0.0000000000e+00 -7.6604444312e+01 2212 0.0000000000e+00 1.0000000000e+00
41 8.1032718033e+02 0.0000000000e+00 4.3247392522e+03 6.4278760969e+01 0.0000000000e+00 -7.6604444312e+01 2212 0.0000000000e+00 1.0000000000e+00
42 7.9692072913e+02 0.0000000000e+00 4.3272297247e+03 6.4278760969e+01 0.0000000000e+00 -7.6604444312e+01 2212 0.0000000000e+00 1.0000000000e+00
43 8.2912641777e+02 0.0000000000e+00 4.3211745073e+03 6.4278760969e+01 0.0000000000e+00 -7.6604444312e+01 2212 0.0000000000e+00 1.0000000000e+00
44 7.5915065667e+02 0.0000000000e+00 4.3340154614e+03 6.4278760969e+01 0.0000000000e+00 -7.6604444312e+01 2212 0.0000000000e+00 1.0000000000e+00
45 7.4347715970e+02 0.0000000000e+00 4.3367316555e+03 6.4278760969e+01 0.0000000000e+00 -7.6604444312e+01 2212 0.0000000000e+00 1.0000000000e+00
46 7.3765668311e+02 0.0000000000e+00 4.3377254819e+03 6.4278760969e+01 0.0000000000e+00 -7.6604444312e+01 2212 0.0000000000e+00 1.0000000000e+00
47 7.9291673521e+02 0.0000000000e+00 4.3279652020e+03 6.4278760969e+01 0.0000000000e+00 -7.6604444312e+01 2212 0.0000000000e+00 1.0000000000e+00
48 7.5492119601e+02 0.0000000000e+00 4.3347541714e+03 6.4278760969e+01 0.0000000000e+00 -7.6604444312e+01 2212 0.0000000000e+00 1.0000000000e+00
49 7.0792132904e+02 0.0000000000e+00 4.3426774150e+03 6.4278760969e+01 0.0000000000e+00 -7.6604444312e+01 2212 0.0000000000e+00 1.0000000000e+00
50 7.9876880888e+02 0.0000000000e+00 4.3268889665e+03 6.4278760969e+01 0.0000000000e+00 -7.6604444312e+01 2212 0.0000000000e+00 1.0000000000e+00
51 8.1432001043e+02 0.0000000000e+00 4.3239892067e+03 6.4278760969e+01 0.0000000000e+00 -7.6604444312e+01 2212 0.0000000000e+00 1.0000000000e+00
52 8.3865715239e+02 0.0000000000e+00 4.3193348932e+03 6.4278760969e+01 0.0000000000e+00 -7.6604444312e+01 2212 0.0000000000e+00 1.0000000000e+00
53 7.3656178438e+02 0.0000000000e+00 4.3379115340e+03 6.4278760969e+01 0.0000000000e+00 -7.6604444312e+01 2212 0.0000000000e+00 1.0000000000e+00
54 7.9079038521e+02 0.0000000000e+00 4.3283542260e+03 6.4278760969e+01 0.0000000000e+00 -7.6604444312e+01 2212 0.0000000000e+00 1.0000000000e+00
55 7.9990354879e+02 0.0000000000e+00 4.3266793331e+03 6.4278760969e+01 0.0000000000e+00 -7.6604444312e+01 2212 0.0000000000e+00 1.0000000000e+00
56 8.0800038872e+02 0.0000000000e+00 4.3251745757e+03 6.4278760969e+01 0.0000000000e+00 -7.6604444312e+01 2212 0.0000000000e+00 1.0000000000e+00
57 7.7868454133e+02 0.0000000000e+00 4.3305484784e+03 6.4278760969e+01 0.0000000000e+00 -7.6604444312e+01 2212 0.0000000000e+00 1.0000000000e+00
58 7.1422659587e+02 0.0000000000e+00 4.3416448621e+03 6.4278760969e+01 0.0000000000e+00 -7.6604444312e+01 2212 0.0000000000e+00 1.0000000000e+00
59 7.4342830289e+02 0.0000000000e+00 4.3367400311e+03 6.4278760969e+01 0.0000000000e+00 -7.6604444312e+01 2212 0.0000000000e+00 1.0000000000e+00
60 6.9238432038e+02 0.0000000000e+00 4.3451816638e+03 6.4278760969e+01 0.0000000000e+00 -7.6604444312e+01 2212 0.0000000000e+00 1.0000000000e+00
61 8.0862664087e+02 0.0000000000e+00 4.3250575366e+03 6.4278760969e+01 0.0000000000e+00 -7.6604444312e+01 2212 0.0000000000e+00 1.0000000000e+00
62 8.0944183180e+02 0.0000000000e+00 4.3249050463e+03 6.4278760969e+01 0.0000000000e+00 -7.6604444312e+01 2212 0.0000000000e+00 1.0000000000e+00
63 7.9405478549e+02 0.0000000000e+00 4.3277565477e+03 6.4278760969e+01 0.0000000000e+00 -7.6604444312e+01 2212 0.0000000000e+00 1.0000000000e+00
64 8.2503938540e+02 0.0000000000e+00 4.3219567040e+03 6.4278760969e+01 0.0000000000e+00 -7.6604444312e+01 2212 0.0000000000e+00 1.0000000000e+00
65 8.1268871976e+02 0.0000000000e+00 4.3242961027e+03 6.4278760969e+01 0.0000000000e+00 -7.6604444312e+01 2212 0.0000000000e+00 1.0000000000e+00
66 6.9205471784e+02 0.0000000000e+00 4.3452341716e+03 6.4278760969e+01 0.0000000000e+00 -7.6604444312e+01 2212 0.0000000000e+00 1.0000000000e+00
67 8.2439719841e+02 0.0000000000e+00 4.3220792448e+03 6.4278760969e+01 0.0000000000e+00 -7.6604444312e+01 2212 0.0000000000e+00 1.0000000000e+00
68 7.6280368051e+02 0.0000000000e+00 4.3333740069e+03 6.4278760969e+01 0.0000000000e+00 -7.6604444312e+01 2212 0.0000000000e+00 1.0000000000e+00
69 8.1420120958e+02 0.0000000000e+00 4.3240115783e+03 6.4278760969e+01 0.0000000000e+00 -7.6604444312e+01 2212 0.0000000000e+00 1.0000000000e+00
70 7.6802289647e+02 0.0000000000e+00 4.3324520274e+03 6.4278760969e+01 0.0000000000e+00 -7.6604444312e+01 2212 0.0000000000e+00 1.0000000000e+00
71 8.2598003433e+02 0.0000000000e+00 4.3217770329e+03 6.4278760969e+01 0.0000000000e+00 -7.6604444312e+01 2212 0.0000000000e+00 1.0000000000e+00
72 7.7862352598e+02 0.0000000000e+00 4.3305594493e+03 6.4278760969e+01 0.0000000000e+00 -7.6604444312e+01 2212 0.0000000000e+00 1.0000000000e+00
73 8.3577704697e+02 0.0000000000e+00 4.3198931082e+03 6.4278760969e+01 0.0000000000e+00 -7.6604444312e+01 2212 0.0000000000e+00 1.0000000000e+00
74 6.9619236246e+02 0.0000000000e+00 4.3445731589e+03 6.4278760969e+01 0.0000000000e+00 -7.6604444312e+01 2212 0.0000000000e+00 1.0000000000e+00
75 7.8765447774e+02 0.0000000000e+00 4.3289259826e+03 6.4278760969e+01 0.0000000000e+00 -7.6604444312e+01 2212 0.0000000000e+00 1.0000000000e+00
76 8.2373693046e+02 0.0000000000e+00 4.3222051326e+03 6.4278760969e+01 0.0000000000e+00 -7.6604444312e+01 2212 0.0000000000e+00 1.0000000000e+00
77 8.1119590710e+02 0.0000000000e+00 4.3245763884e+03 6.4278760969e+01 0.0000000000e+00 -7.6604444312e+01 2212 0.0000000000e+00 1.0000000000e+00
78 7.9855389831e+02 0.0000000000e+00 4.3269286348e+03 6.4278760969e+01 0.0000000000e+00 -7.6604444312e+01 2212 0.0000000000e+00 1.0000000000e+00
79 7.0389324250e+02 0.0000000000e+00 4.3433321358e+03 6.4278760969e+01 0.0000000000e+00 -7.6604444312e+01 2212 0.0000000000e+00 1.0000000000e+00
80 8.1215603667e+02 0.0000000000e+00 4.3243961788e+03 6.4278760969e+01 0.0000000000e+00 -7.6604444312e+01 2212 0.0000000000e+00 1.0000000000e+00
81 7.2432017058e+02 0.0000000000e+00 4.3399723535e+03 6.4278760969e+01 0.0000000000e+00 -7.6604444312e+01 2212 0.0000000000e+00 1.0000000000e+00
82 7.6408566906e+02 0.0000000000e+00 4.3331481430e+03 6.4278760969e+01 0.0000000000e+00 -7.6604444312e+01 2212 0.0000000000e+00 1.0000000000e+00
83 7.4579554053e+02 0.0000000000e+00 4.3363335608e+03 6.4278760969e+01 0.0000000000e+00 -7.6604444312e+01 2212 0.0000000000e+00 1.0000000000e+00
84 8.1092416084e+02 0.0000000000e+00 4.3246273532e+03 6.4278760969e+01 0.0000000000e+00 -7.6604444312e+01 2212 0.0000000000e+00 1.0000000000e+00
85 7.9416882747e+02 0.0000000000e+00 4.3277356218e+03 6.4278760969e+01 0.0000000000e+00 -7.6604444312e+01 2212 0.0000000000e+00 1.0000000000e+00
86 7.0286598958e+02 0.0000000000e+00 4.3434984908e+03 6.4278760969e+01 0.0000000000e+00 -7.6604444312e+01 2212 0.0000000000e+00 1.0000000000e+00
87 7.6177475552e+02 0.0000000000e+00 4.3335550026e+03 6.4278760969e+01 0.0000000000e+00 -7.6604444312e+01 2212 0.0000000000e+00 1.0000000000e+00
88 7.2150550783e+02 0.0000000000e+00 4.3404411689e+03 6.4278760969e+01 0.0000000000e+00 -7.6604444312e+01 2212 0.0000000000e+00 1.0000000000e+00
89 7.5122553672e+02 0.0000000000e+00 4.3353961678e+03 6.4278760969e+01 0.0000000000e+00 -7.6604444312e+01 2212 0.0000000000e+00 1.0000000000e+00
90 7.2753021331e+02 0.0000000000e+00 4.3394353927e+03 6.4278760969e+01 0.0000000000e+00 -7.6604444312e+01 2212 0.0000000000e+00 1.0000000000e+00
91 7.8501632062e+02 0.0000000000e+00 4.3294051688e+03 6.4278760969e+01 0.0000000000e+00 -7.6604444312e+01 2212 0.0000000000e+00 1.0000000000e+00
92 7.5922732012e+02 0.0000000000e+00 4.3340020322e+03 6.4278760969e+01 0.0000000000e+00 -7.6604444312e+01 2212 0.0000000000e+00 1.0000000000e+00
93 8.0323921272e+02 0.0000000000e+00 4.3260613156e+03 6.4278760969e+01 0.0000000000e+00 -7.6604444312e+01 2212 0.0000000000e+00 1.0000000000e+00
94 7.5790617958e+02 0.0000000000e+00 4.3342332611e+03 6.4278760969e+01 0.0000000000e+00 -7.6604444312e+01 2212 0.0000000000e+00 1.0000000000e+00
95 7.7275109084e+02 0.0000000000e+00 4.3316111887e+03 6.4278760969e+01 0.0000000000e+00 -7.6604444312e+01 2212 0.0000000000e+00 1.0000000000e+00
96 7.9572079200e+02 0.0000000000e+00 4.3274505381e+03 6.4278760969e+01 0.0000000000e+00 -7.6604444312e+01 2212 0.0000000000e+00 1.0000000000e+00
97 7.9329554499e+02 0.0000000000e+00 4.3278957840e+03 6.4278760969e+01 0.0000000000e+00 -7.6604444312e+01 2212 0.0000000000e+00 1.0000000000e+00
98 7.1530846480e+02 0.0000000000e+00 4.3414667497e+03 6.4278760969e+01 0.0000000000e+00 -7.6604444312e+01 2212 0.0000000000e+00 1.0000000000e+00
99 8.2647807396e+02 0.0000000000e+00 4.3216818175e+03 6.4278760969e+01 0.0000000000e+00 -7.6604444312e+01 2212 0.0000000000e+00 1.0000000000e+00
100 7.6880848759e+02 0.0000000000e+00 4.3323126905e+03 6.4278760969e+01 0.0000000000e+00 -7.6604444312e+01 2212 0.0000000000e+00 1.0000000000e+00
101 6.9204510418e+02 0.0000000000e+00 4.3452357028e+03 6.4278760969e+01 0.0000000000e+00 -7.6604444312e+01 2212 0.0000000000e+00 1.0000000000e+00
102 7.1374586402e+02 0.0000000000e+00 4.3417239180e+03 6.4278760969e+01 0.0000000000e+00 -7.6604444312e+01 2212 0.0000000000e+00 1.0000000000e+00
103 8.1502817751e+02 0.0000000000e+00 4.3238557803e+03 6.4278760969e+01 0.0000000000e+00 -7.6604444312e+01 2212 0.0000000000e+00 1.0000000000e+00
104 8.0467735682e+02 0.0000000000e+00 4.3257940416e+03 6.4278760969e+01 0.0000000000e+00 -7.6604444312e+01 2212 0.0000000000e+00 1.0000000000e+00
105 7.4637981231e+02 0.0000000000e+00 4.3362330328e+03 6.4278760969e+01 0.0000000000e+00 -7.6604444312e+01 2212 0.0000000000e+00 1.0000000000e+00
106 8.2872742719e+02 0.0000000000e+00 4.3212510446e+03 6.4278760969e+01 0.0000000000e+00 -7.6604444312e+01 2212 0.0000000000e+00 1.0000000000e+00
107 7.3359636629e+02 0.0000000000e+00 4.3384140086e+03 6.4278760969e+01 0.0000000000e+00 -7.6604444312e+01 2212 0.0000000000e+00 1.0000000000e+00
108 7.8060788587e+02 0.0000000000e+00 4.3302021971e+03 6.4278760969e+01 0.0000000000e+00 -7.6604444312e+01 2212 0.0000000000e+00 1.0000000000e+00
109 6.8926688157e+02 0.0000000000e+00 4.3456772665e+03 6.4278760969e+01 0.0000000000e+00 -7.6604444312e+01 2212 0.0000000000e+00 1.0000000000e+00
110 7.1108462082e+02 0.0000000000e+00 4.3421605683e+03 6.4278760969e+01 0.0000000000e+00 -7.6604444312e+01 2212 0.0000000000e+00 1.0000000000e+00
111 7.5460537970e+02 0.0000000000e+00 4.3348091607e+03 6.4278760969e+01 0.0000000000e+00 -7.6604444312e+01 2212 0.0000000000e+00 1.0000000000e+00
112 7.6248290684e+02 0.0000000000e+00 4.3334304605e+03 6.4278760969e+01 0.0000000000e+00 -7.6604444312e+01 2212 0.0000000000e+00 1.0000000000e+00
113 8.0001455863e+02 0.0000000000e+00 4.3266588085e+03 6.4278760969e+01 0.0000000000e+00 -7.6604444312e+01 2212 0.0000000000e+00 1.0000000000e+00
114 7.4549276621e+02 0.0000000000e+00 4.3363856234e+03 6.4278760969e+01 0.0000000000e+00 -7.6604444312e+01 2212 0.0000000000e+00 1.0000000000e+00
115 7.4525292078e+02 0.0000000000e+00 4.3364268497e+03 6.4278760969e+01 0.0000000000e+00 -7.6604444312e+01 2212 0.0000000000e+00 1.0000000000e+00
116 8.1672202892e+02 0.0000000000e+00 4.3235361530e+03 6.4278760969e+01 0.0000000000e+00 -7.6604444312e+01 2212 0.0000000000e+00 1.0000000000e+00
117 7.6303089926e+02 0.0000000000e+00 4.3333340035e+03 6.4278760969e+01 0.0000000000e+00 -7.6604444312e+01 2212 0.0000000000e+00 1.0000000000e+00
118 8.2615193957e+02 0.0000000000e+00 4.3217441747e+03 6.4278760969e+01 0.0000000000e+00 -7.6604444312e+01 2212 0.0000000000e+00 1.0000000000e+00
119 6.9044134627e+02 0.0000000000e+00 4.3454908222e+03 6.4278760969e+01 0.0000000000e+00 -7.6604444312e+01 2212 0.0000000000e+00 1.0000000000e+00
120 7.4647721179e+02 0.0000000000e+00 4.3362162666e+03 6.4278760969e+01 0.0000000000e+00 -7.6604444312e+01 2212 0.0000000000e+00 1.0000000000e+00
121 7.2612414528e+02 0.0000000000e+00 4.3396708936e+03 6.4278760969e+01 0.0000000000e+00 -7.6604444312e+01 2212 0.0000000000e+00 1.0000000000e+00
122 7.3612904416e+02 0.0000000000e+00 4.3379849895e+03 6.4278760969e+01 0.0000000000e+00 -7.6604444312e+01 2212 0.0000000000e+00 1.0000000000e+00
123 7.4091955628e+02 0.0000000000e+00 4.3371693476e+03 6.4278760969e+01 0.0000000000e+00 -7.6604444312e+01 2212 0.0000000000e+00 1.0000000000e+00
124 7.7439478846e+02 0.0000000000e+00 4.3313176344e+03 6.4278760969e+01 0.0000000000e+00 -7.6604444312e+01 2212 0.0000000000e+00 1.0000000000e+00
125 8.0888572605e+02 0.0000000000e+00 4.3250090891e+03 6.4278760969e+01 0.0000000000e+00 -7.6604444312e+01 2212 0.0000000000e+00 1.0000000000e+00
126 7.1678827230e+02 0.0000000000e+00 4.3412226747e+03 6.4278760969e+01 0.0000000000e+00 -7.6604444312e+01 2212 0.0000000000e+00 1.0000000000e+00
127 8.3027029034e+02 0.0000000000e+00 4.3209548695e+03 6.4278760969e+01 0.0000000000e+00 -7.6604444312e+01 2212 0.0000000000e+00 1.0000000000e+00
128 7.0739485482e+02 0.0000000000e+00 4.3427632054e+03 6.4278760969e+01 0.0000000000e+00 -7.6604444312e+01 2212 0.0000000000e+00 1.0000000000e+00
129 7.0355637363e+02 0.0000000000e+00 4.3433867164e+03 6.4278760969e+01 0.0000000000e+00 -7.6604444312e+01 2212 0.0000000000e+00 1.0000000000e+00
130 7.9241030990e+02 0.0000000000e+00 4.3280579524e+03 6.4278760969e+01 0.0000000000e+00 -7.6604444312e+01 2212 0.0000000000e+00 1.0000000000e+00
131 7.9963175376e+02 0.0000000000e+00 4.3267295729e+03 6.4278760969e+01 0.0000000000e+00 -7.6604444312e+01 2212 0.0000000000e+00 1.0000000000e+00
132 8.0932656368e+02 0.0000000000e+00 4.3249266181e+03 6.4278760969e+01 0.0000000000e+00 -7.6604444312e+01 2212 0.0000000000e+00 1.0000000000e+00
133 8.3600678289e+02 0.0000000000e+00 4.3198486545e+03 6.4278760969e+01 0.0000000000e+00 -7.6604444312e+01 2212 0.0000000000e+00 1.0000000000e+00
134 7.7517226481e+02 0.0000000000e+00 4.3311785577e+03 6.4278760969e+01 0.0000000000e+00 -7.6604444312e+01 2212 0.0000000000e+00 1.0000000000e+00
135 7.9517335296e+02 0.0000000000e+00 4.3275511641e+03 6.4278760969e+01 0.0000000000e+00 -7.6604444312e+01 2212 0.0000000000e+00 1.0000000000e+00
136 8.3552316926e+02 0.0000000000e+00 4.3199422187e+03 6.4278760969e+01 0.0000000000e+00 -7.6604444312e+01 2212 0.0000000000e+00 1.0000000000e+00
137 8.3228608665e+02 0.0000000000e+00 4.3205670471e+03 6.4278760969e+01 0.0000000000e+00 -7.6604444312e+01 2212 0.0000000000e+00 1.0000000000e+00
138 7.8432001426e+02 0.0000000000e+00 4.3295313666e+03 6.4278760969e+01 0.0000000000e+00 -7.6604444312e+01 2212 0.0000000000e+00 1.0000000000e+00
139 8.2867870355e+02 0.0000000000e+00 4.3212603885e+03 6.4278760969e+01 0.0000000000e+00 -7.6604444312e+01 2212 0.0000000000e+00 1.0000000000e+00
140 8.2273091415e+02 0.0000000000e+00 4.3223967404e+03 6.4278760969e+01 0.0000000000e+00 -7.6604444312e+01 2212 0.0000000000e+00 1.0000000000e+00
141 7.5043990490e+02 0.0000000000e+00 4.3355322266e+03 6.4278760969e+01 0.0000000000e+00 -7.6604444312e+01 2212 0.0000000000e+00 1.0000000000e+00
142 7.6335842337e+02 0.0000000000e+00 4.3332763189e+03 6.4278760969e+01 0.0000000000e+00 -7.6604444312e+01 2212 0.0000000000e+00 1.0000000000e+00
143 7.3955086207e+02 0.0000000000e+00 4.3374029397e+03 6.4278760969e+01 0.0000000000e+00 -7.6604444312e+01 2212 0.0000000000e+00 1.0000000000e+00
144 7.4159799486e+02 0.0000000000e+00 4.3370533952e+03 6.4278760969e+01 0.0000000000e+00 -7.6604444312e+01 2212 0.0000000000e+00 1.0000000000e+00
145 8.0472181905e+02 0.0000000000e+00 4.3257857706e+03 6.4278760969e+01 0.0000000000e+00 -7.6604444312e+01 2212 0.0000000000e+00 1.0000000000e+00
146 7.9643385682e+02 0.0000000000e+00 4.3273193608e+03 6.4278760969e+01 0.0000000000e+00 -7.6604444312e+01 2212 0.0000000000e+00 1.0000000000e+00
147 7.3902900505e+02 0.0000000000e+00 4.3374918869e+03 6.4278760969e+01 0.0000000000e+00 -7.6604444312e+01 2212 0.0000000000e+00 1.0000000000e+00
148 7.6464627060e+02 0.0000000000e+00 4.3330492519e+03 6.4278760969e+01 0.0000000000e+00 -7.6604444312e+01 2212 0.0000000000e+00 1.0000000000e+00
149 7.0085216114e+02 0.0000000000e+00 4.3438238900e+03 6.4278760969e+01 0.0000000000e+00 -7.6604444312e+01 2212 0.0000000000e+00 1.0000000000e+00
150 7.2251871919e+02 0.0000000000e+00 4.3402726227e+03 6.4278760969e+01 0.0000000000e+00 -7.6604444312e+01 2212 0.0000000000e+00 1.0000000000e+00
151 8.2426025800e+02 0.0000000000e+00 4.3221053627e+03 6.4278760969e+01 0.0000000000e+00 -7.6604444312e+01 2212 0.0000000000e+00 1.0000000000e+00
152 7.2544816429e+02 0.0000000000e+00 4.3397839462e+03 6.4278760969e+01 0.0000000000e+00 -7.6604444312e+01 2212 0.0000000000e+00 1.0000000000e+00
153 8.0747381364e+02 0.0000000000e+00 4.3252729138e+03 6.4278760969e+01 0.0000000000e+00 -7.6604444312e+01 2212 0.0000000000e+00 1.0000000000e+00
154 8.0829904738e+02 0.0000000000e+00 4.3251187717e+03 6.4278760969e+01 0.0000000000e+00 -7.6604444312e+01 2212 0.0000000000e+00 1.0000000000e+00
155 7.9692253143e+02 0.0000000000e+00 4.3272293928e+03 6.4278760969e+01 0.0000000000e+00 -7.6604444312e+01 2212 0.0000000000e+00 1.0000000000e+00
156 7.6332176637e+02 0.0000000000e+00 4.3332827764e+03 6.4278760969e+01 0.0000000000e+00 -7.6604444312e+01 2212 0.0000000000e+00 1.0000000000e+00
157 7.5557872393e+02 0.0000000000e+00 4.3346396080e+03 6.4278760969e+01 0.0000000000e+00 -7.6604444312e+01 2212 0.0000000000e+00 1.0000000000e+00
158 8.2675482295e+02 0.0000000000e+00 4.3216288829e+03 6.4278760969e+01 0.0000000000e+00 -7.6604444312e+01 2212 0.0000000000e+00 1.0000000000e+00
159 8.0197101944e+02 0.0000000000e+00 4.3262965944e+03 6.4278760969e+01 0.0000000000e+00 -7.6604444312e+01 2212 0.0000000000e+00 1.0000000000e+00
160 8.3132192168e+02 0.0000000000e+00 4.3207526661e+03 6.4278760969e+01 0.0000000000e+00 -7.6604444312e+01 2212 0.0000000000e+00 1.0000000000e+00
161 7.8792325856e+02 0.0000000000e+00 4.3288770689e+03 6.4278760969e+01 0.0000000000e+00 -7.6604444312e+01 2212 0.0000000000e+00 1.0000000000e+00
162 7.6907802297e+02 0.0000000000e+00 4.3322648503e+03 6.4278760969e+01 0.0000000000e+00 -7.6604444312e+01 2212 0.0000000000e+00 1.0000000000e+00
163 7.4297270947e+02 0.0000000000e+00 4.3368181068e+03 6.4278760969e+01 0.0000000000e+00 -7.6604444312e+01 2212 0.0000000000e+00 1.0000000000e+00
164 7.2658704307e+02 0.0000000000e+00 4.3395934150e+03 6.4278760969e+01 0.0000000000e+00 -7.6604444312e+01 2212 0.0000000000e+00 1.0000000000e+00
165 7.4564080778e+02 0.0000000000e+00 4.3363601701e+03 6.4278760969e+01 0.0000000000e+00 -7.6604444312e+01 2212 0.0000000000e+00 1.0000000000e+00
166 7.9743556429e+02 0.0000000000e+00 4.3271348788e+03 6.4278760969e+01 0.0000000000e+00 -7.6604444312e+01 2212 0.0000000000e+00 1.0000000000e+00
167 7.8667411974e+02 0.0000000000e+00 4.3291042455e+03 6.4278760969e+01 0.0000000000e+00 -7.6604444312e+01 2212 0.0000000000e+00 1.0000000000e+00
168 7.4399323772e+02 0.0000000000e+00 4.3366431489e+03 6.4278760969e+01 0.0000000000e+00 -7.6604444312e+01 2212 0.0000000000e+00 1.0000000000e+00
169 6.9675033523e+02 0.0000000000e+00 4.3444837103e+03 6.4278760969e+01 0.0000000000e+00 -7.6604444312e+01 2212 0.0000000000e+00 1.0000000000e+00
170 7.6384754530e+02 0.0000000000e+00 4.3331901258e+03 6.4278760969e+01 0.0000000000e+00 -7.6604444312e+01 2212 0.0000000000e+00 1.0000000000e+00
171 7.0018083864e+02 0.0000000000e+00 4.3439321510e+03 6.4278760969e+01 0.0000000000e+00 -7.6604444312e+01 2212 0.0000000000e+00 1.0000000000e+00
172 7.2266074597e+02 0.0000000000e+00 4.3402489773e+03 6.4278760969e+01 0.0000000000e+00 -7.6604444312e+01 2212 0.0000000000e+00 1.0000000000e+00
173 7.0224957925e+02 0.0000000000e+00 4.3435981936e+03 6.4278760969e+01 0.0000000000e+00 -7.6604444312e+01 2212 0.0000000000e+00 1.0000000000e+00
174 7.4189307305e+02 0.0000000000e+00 4.3370029291e+03 6.4278760969e+01 0.0000000000e+00 -7.6604444312e+01 2212 0.0000000000e+00 1.0000000000e+00
175 8.1015662040e+02 0.0000000000e+00 4.3247712066e+03 6.4278760969e+01 0.0000000000e+00 -7.6604444312e+01 2212 0.0000000000e+00 1.0000000000e+00
176 7.8685845803e+02 0.0000000000e+00 4.3290707439e+03 6.4278760969e+01 0.0000000000e+00 -7.6604444312e+01 2212 0.0000000000e+00 1.0000000000e+00
177 6.9821685766e+02 0.0000000000e+00 4.3442482616e+03 6.4278760969e+01 0.0000000000e+00 -7.6604444312e+01 2212 0.0000000000e+00 1.0000000000e+00
178 7.3574093888e+02 0.0000000000e+00 4.3380508307e+03 6.4278760969e+01 0.0000000000e+00 -7.6604444312e+01 2212 0.0000000000e+00 1.0000000000e+00
179 7.2231900188e+02 0.0000000000e+00 4.3403058646e+03 6.4278760969e+01 0.0000000000e+00 -7.6604444312e+01 2212 0.0000000000e+00 1.0000000000e+00
180 8.0466550845e+02 0.0000000000e+00 4.3257962456e+03 6.4278760969e+01 0.0000000000e+00 -7.6604444312e+01 2212 0.0000000000e+00 1.0000000000e+00
181 7.1138007648e+02 0.0000000000e+00 4.3421121733e+03 6.4278760969e+01 0.0000000000e+00 -7.6604444312e+01 2212 0.0000000000e+00 1.0000000000e+00
182 8.0664375784e+02 0.0000000000e+00 4.3254277923e+03 6.4278760969e+01 0.0000000000e+00 -7.6604444312e+01 2212 0.0000000000e+00 1.0000000000e+00
183 7.9135200137e+02 0.0000000000e+00 4.3282515810e+03 6.4278760969e+01 0.0000000000e+00 -7.6604444312e+01 2212 0.0000000000e+00 1.0000000000e+00
184 8.1729673475e+02 0.0000000000e+00 4.3234275507e+03 6.4278760969e+01 0.0000000000e+00 -7.6604444312e+01 2212 0.0000000000e+00 1.0000000000e+00
185 7.0741264168e+02 0.0000000000e+00 4.3427603081e+03 6.4278760969e+01 0.0000000000e+00 -7.6604444312e+01 2212 0.0000000000e+00 1.0000000000e+00
186 8.3200572801e+02 0.0000000000e+00 4.3206210442e+03 6.4278760969e+01 0.0000000000e+00 -7.6604444312e+01 2212 0.0000000000e+00 1.0000000000e+00
187 7.2732406329e+02 0.0000000000e+00 4.3394699499e+03 6.4278760969e+01 0.0000000000e+00 -7.6604444312e+01 2212 0.0000000000e+00 1.0000000000e+00
188 7.0458744841e+02 0.0000000000e+00 4.3432195738e+03 6.4278760969e+01 0.0000000000e+00 -7.6604444312e+01 2212 0.0000000000e+00 1.0000000000e+00
189 7.5466744962e+02 0.0000000000e+00 4.3347983551e+03 6.4278760969e+01 0.0000000000e+00 -7.6604444312e+01 2212 0.0000000000e+00 1.0000000000e+00
190 8.2609583911e+02 0.0000000000e+00 4.3217548986e+03 6.4278760969e+01 0.0000000000e+00 -7.6604444312e+01 2212 0.0000000000e+00 1.0000000000e+00
191 7.0494291891e+02 0.0000000000e+00 4.3431618920e+03 6.4278760969e+01 0.0000000000e+00 -7.6604444312e+01 2212 0.0000000000e+00 1.0000000000e+00
192 7.3924202440e+02 0.0000000000e+00 4.3374555869e+03 6.4278760969e+01 0.0000000000e+00 -7.6604444312e+01 2212 0.0000000000e+00 1.0000000000e+00
193 7.3598823959e+02 0.0000000000e+00 4.3380088808e+03 6.4278760969e+01 0.0000000000e+00 -7.6604444312e+01 2212 0.0000000000e+00 1.0000000000e+00
194 8.1336819452e+02 0.0000000000e+00 4.3241683500e+03 6.4278760969e+01 0.0000000000e+00 -7.6604444312e+01 2212 0.0000000000e+00 1.0000000000e+00
195 7.4146406465e+02 0.0000000000e+00 4.3370762940e+03 6.4278760969e+01 0.0000000000e+00 -7.6604444312e+01 2212 0.0000000000e+00 1.0000000000e+00
196 8.2419122231e+02 0.0000000000e+00 4.3221185278e+03 6.4278760969e+01 0.0000000000e+00 -7.6604444312e+01 2212 0.0000000000e+00 1.0000000000e+00
197 8.0351900922e+02 0.0000000000e+00 4.3260093551e+03 6.4278760969e+01 0.0000000000e+00 -7.6604444312e+01 2212 0.0000000000e+00 1.0000000000e+00
198 6.9479070277e+02 0.0000000000e+00 4.3447975348e+03 6.4278760969e+01 0.0000000000e+00 -7.6604444312e+01 2212 0.0000000000e+00 1.0000000000e+00
199 7.0330304480e+02 0.0000000000e+00 4.3434277439e+03 6.4278760969e+01 0.0000000000e+00 -7.6604444312e+01 2212 0.0000000000e+00 1.0000000000e+00
200 7.1799705121e+02 0.0000000000e+00 4.3410229179e+03 6.4278760969e+01 0.0000000000e+00 -7.6604444312e+01 2212 0.0000000000e+00 1.0000000000e+00
201 8.2922365247e+02 0.0000000000e+00 4.3211558492e+03 6.4278760969e+01 0.0000000000e+00 -7.6604444312e+01 2212 0.0000000000e+00 1.0000000000e+00
202 7.3294975832e+02 0.0000000000e+00 4.3385232961e+03 6.4278760969e+01 0.0000000000e+00 -7.6604444312e+01 2212 0.0000000000e+00 1.0000000000e+00
203 7.3773154182e+02 0.0000000000e+00 4.3377127511e+03 6.4278760969e+01 0.0000000000e+00 -7.6604444312e+01 2212 0.0000000000e+00 1.0000000000e+00
204 7.8325385085e+02 0.0000000000e+00 4.3297243728e+03 6.4278760969e+01 0.0000000000e+00 -7.6604444312e+01 2212 0.0000000000e+00 1.0000000000e+00
205 7.5295271449e+02 0.0000000000e+00 4.3350965328e+03 6.4278760969e+01 0.0000000000e+00 -7.6604444312e+01 2212 0.0000000000e+00 1.0000000000e+00
206 7.0138838060e+02 0.0000000000e+00 4.3437373399e+03 6.4278760969e+01 0.0000000000e+00 -7.6604444312e+01 2212 0.0000000000e+00 1.0000000000e+00
207 7.2934207645e+02 0.0000000000e+00 4.3391312350e+03 6.4278760969e+01 0.0000000000e+00 -7.6604444312e+01 2212 0.0000000000e+00 1.0000000000e+00
208 7.0998746159e+02 0.0000000000e+00 4.3423400999e+03 6.4278760969e+01 0.0000000000e+00 -7.6604444312e+01 2212 0.0000000000e+00 1.0000000000e+00
209 8.0759082301e+02 0.0000000000e+00 4.3252510680e+03 6.4278760969e+01 0.0000000000e+00 -7.6604444312e+01 2212 0.0000000000e+00 1.0000000000e+00
210 7.6644570948e+02 0.0000000000e+00 4.3327313225e+03 6.4278760969e+01 0.0000000000e+00 -7.6604444312e+01 2212 0.0000000000e+00 1.0000000000e+00
211 7.5699095352e+02 0.0000000000e+00 4.3343932026e+03 6.4278760969e+01 0.0000000000e+00 -7.6604444312e+01 2212 0.0000000000e+00 1.0000000000e+00
212 7.9267401887e+02 0.0000000000e+00 4.3280096625e+03 6.4278760969e+01 0.0000000000e+00 -7.6604444312e+01 2212 0.0000000000e+00 1.0000000000e+00
213 7.0093542498e+02 0.0000000000e+00 4.3438104550e+03 6.4278760969e+01 0.0000000000e+00 -7.6604444312e+01 2212 0.0000000000e+00 1.0000000000e+00
214 8.1793303860e+02 0.0000000000e+00 4.3233072159e+03 6.4278760969e+01 0.0000000000e+00 -7.6604444312e+01 2212 0.0000000000e+00 1.0000000000e+00
215 6.9898557150e+02 0.0000000000e+00 4.3441246425e+03 6.4278760969e+01 0.0000000000e+00 -7.6604444312e+01 2212 0.0000000000e+00 1.0000000000e+00
216 7.8633105141e+02 0.0000000000e+00 4.3291665730e+03 6.4278760969e+01 0.0000000000e+00 -7.6604444312e+01 2212 0.0000000000e+00 1.0000000000e+00
217 7.3828725522e+02 0.0000000000e+00 4.3376182022e+03 6.4278760969e+01 0.0000000000e+00 -7.6604444312e+01 2212 0.0000000000e+00 1.0000000000e+00
218 7.7639414240e+02 0.0000000000e+00 4.3309596944e+03 6.4278760969e+01 0.0000000000e+00 -7.6604444312e+01 2212 0.0000000000e+00 1.0000000000e+00
219 7.1743791604e+02 0.0000000000e+00 4.3411153608e+03 6.4278760969e+01 0.0000000000e+00 -7.6604444312e+01 2212 0.0000000000e+00 1.0000000000e+00
220 7.9596341286e+02 0.0000000000e+00 4.3274059186e+03 6.4278760969e+01 0.0000000000e+00 -7.6604444312e+01 2212 0.0000000000e+00 1.0000000000e+00
221 8.1510167550e+02 0.0000000000e+00 4.3238419256e+03 6.4278760969e+01 0.0000000000e+00 -7.6604444312e+01 2212 0.0000000000e+00 1.0000000000e+00
222 7.2657557018e+02 0.0000000000e+00 4.3395953359e+03 6.4278760969e+01 0.0000000000e+00 -7.6604444312e+01 2212 0.0000000000e+00 1.0000000000e+00
223 6.9766758658e+02 0.0000000000e+00 4.3443365060e+03 6.4278760969e+01 0.0000000000e+00 -7.6604444312e+01 2212 0.0000000000e+00 1.0000000000e+00
224 8.2450186947e+02 0.0000000000e+00 4.3220592784e+03 6.4278760969e+01 0.0000000000e+00 -7.6604444312e+01 2212 0.0000000000e+00 1.0000000000e+00
225 7.7225390765e+02 0.0000000000e+00 4.3316998558e+03 6.4278760969e+01 0.0000000000e+00 -7.6604444312e+01 2212 0.0000000000e+00 1.0000000000e+00
226 7.5532202963e+02 0.0000000000e+00 4.3346843450e+03 6.4278760969e+01 0.0000000000e+00 -7.6604444312e+01 2212 0.0000000000e+00 1.0000000000e+00
227 7.7472997928e+02 0.0000000000e+00 4.3312576924e+03 6.4278760969e+01 0.0000000000e+00 -7.6604444312e+01 2212 0.0000000000e+00 1.0000000000e+00
228 6.9142443402e+02 0.0000000000e+00 4.3453345085e+03 6.4278760969e+01 0.0000000000e+00 -7.6604444312e+01 2212 0.0000000000e+00 1.0000000000e+00
229 7.5832027701e+02 0.0000000000e+00 4.3341608295e+03 6.4278760969e+01 0.0000000000e+00 -7.6604444312e+01 2212 0.0000000000e+00 1.0000000000e+00
230 8.3347695028e+02 0.0000000000e+00 4.3203374767e+03 6.4278760969e+01 0.0000000000e+00 -7.6604444312e+01 2212 0.0000000000e+00 1.0000000000e+00
231 8.3184330813e+02 0.0000000000e+00 4.3206523176e+03 6.4278760969e+01 0.0000000000e+00 -7.6604444312e+01 2212 0.0000000000e+00 1.0000000000e+00
232 7.8706603069e+02 0.0000000000e+00 4.3290330101e+03 6.4278760969e+01 0.0000000000e+00 -7.6604444312e+01 2212 0.0000000000e+00 1.0000000000e+00
233 7.4056206170e+02 0.0000000000e+00 4.3372304033e+03 6.4278760969e+01 0.0000000000e+00 -7.6604444312e+01 2212 0.0000000000e+00 1.0000000000e+00
234 7.6604941468e+02 0.0000000000e+00 4.3328014071e+03 6.4278760969e+01 0.0000000000e+00 -7.6604444312e+01 2212 0.0000000000e+00 1.0000000000e+00
235 8.2213151310e+02 0.0000000000e+00 4.3225107882e+03 6.4278760969e+01 0.0000000000e+00 -7.6604444312e+01 2212 0.0000000000e+00 1.0000000000e+00
236 7.9161873781e+02 0.0000000000e+00 4.3282028040e+03 6.4278760969e+01 0.0000000000e+00 -7.6604444312e+01 2212 0.0000000000e+00 1.0000000000e+00
237 7.5361920738e+02 0.0000000000e+00 4.3349807184e+03 6.4278760969e+01 0.0000000000e+00 -7.6604444312e+01 2212 0.0000000000e+00 1.0000000000e+00
238 7.6246985087e+02 0.0000000000e+00 4.3334327577e+03 6.4278760969e+01 0.0000000000e+00 -7.6604444312e+01 2212 0.0000000000e+00 1.0000000000e+00
239 8.3872729990e+02 0.0000000000e+00 4.3193212725e+03 6.4278760969e+01 0.0000000000e+00 -7.6604444312e+01 2212 0.0000000000e+00 1.0000000000e+00
240 8.2847395779e+02 0.0000000000e+00 4.3212996471e+03 6.4278760969e+01 0.0000000000e+00 -7.6604444312e+01 2212 0.0000000000e+00 1.0000000000e+00
241 8.0946194351e+02 0.0000000000e+00 4.3249012822e+03 6.4278760969e+01 0.0000000000e+00 -7.6604444312e+01 2212 0.0000000000e+00 1.0000000000e+00
242 7.6645376376e+02 0.0000000000e+00 4.3327298978e+03 6.4278760969e+01 0.0000000000e+00 -7.6604444312e+01 2212 0.0000000000e+00 1.0000000000e+00
243 8.3075814907e+02 0.0000000000e+00 4.3208610990e+03 6.4278760969e+01 0.0000000000e+00 -7.6604444312e+01 2212 0.0000000000e+00 1.0000000000e+00
244 6.9925595936e+02 0.0000000000e+00 4.3440811275e+03 6.4278760969e+01 0.0000000000e+00 -7.6604444312e+01 2212 0.0000000000e+00 1.0000000000e+00
245 7.4581588445e+02 0.0000000000e+00 4.3363300619e+03 6.4278760969e+01 0.0000000000e+00 -7.6604444312e+01 2212 0.0000000000e+00 1.0000000000e+00
246 7.7426085438e+02 0.0000000000e+00 4.3313415783e+03 6.4278760969e+01 0.0000000000e+00 -7.6604444312e+01 2212 0.0000000000e+00 1.0000000000e+00
247 7.4974281154e+02 0.0000000000e+00 4.3356528292e+03 6.4278760969e+01 0.0000000000e+00 -7.6604444312e+01 2212 0.0000000000e+00 1.0000000000e+00
248 7.8147692535e+02 0.0000000000e+00 4.3300454448e+03 6.4278760969e+01 0.0000000000e+00 -7.6604444312e+01 2212 0.0000000000e+00 1.0000000000e+00
249 7.3179667810e+02 0.0000000000e+00 4.3387179398e+03 6.4278760969e+01 0.0000000000e+00 -7.6604444312e+01 2212 0.0000000000e+00 1.0000000000e+00
250 8.3074493670e+02 0.0000000000e+00 4.3208636393e+03 6.4278760969e+01 0.0000000000e+00 -7.6604444312e+01 2212 0.0000000000e+00 1.0000000000e+00
251 7.5656884047e+02 0.0000000000e+00 4.3344669025e+03 6.4278760969e+01 0.0000000000e+00 -7.6604444312e+01 2212 0.0000000000e+00 1.0000000000e+00
252 7.5124689271e+02 0.0000000000e+00 4.3353924672e+03 6.4278760969e+01 0.0000000000e+00 -7.6604444312e+01 2212 0.0000000000e+00 1.0000000000e+00
253 8.0411823026e+02 0.0000000000e+00 4.3258980120e+03 6.4278760969e+01 0.0000000000e+00 -7.6604444312e+01 2212 0.0000000000e+00 1.0000000000e+00
254 7.2839677335e+02 0.0000000000e+00 4.3392900202e+03 6.4278760969e+01 0.0000000000e+00 -7.6604444312e+01 2212 0.0000000000e+00 1.0000000000e+00
255 7.7613418589e+02 0.0000000000e+00 4.3310062877e+03 6.4278760969e+01 0.0000000000e+00 -7.6604444312e+01 2212 0.0000000000e+00 1.0000000000e+00
256 7.0308198770e+02 0.0000000000e+00 4.3434635324e+03 6.4278760969e+01 0.0000000000e+00 -7.6604444312e+01 2212 0.0000000000e+00 1.0000000000e+00
257 7.4561055327e+02 0.0000000000e+00 4.3363653723e+03 6.4278760969e+01 0.0000000000e+00 -7.6604444312e+01 2212 0.0000000000e+00 1.0000000000e+00
258 7.6191074273e+02 0.0000000000e+00 4.3335310959e+03 6.4278760969e+01 0.0000000000e+00 -7.6604444312e+01 2212 0.0000000000e+00 1.0000000000e+00
259 7.8255761947e+02 0.0000000000e+00 4.3298502643e+03 6.4278760969e+01 0.0000000000e+00 -7.6604444312e+01 2212 0.0000000000e+00 1.0000000000e+00
260 7.5870645654e+02 0.0000000000e+00 4.3340932445e+03 6.4278760969e+01 0.0000000000e+00 -7.6604444312e+01 2212 0.0000000000e+00 1.0000000000e+00
261 8.0020114204e+02 0.0000000000e+00 4.3266243044e+03 6.4278760969e+01 0.0000000000e+00 -7.6604444312e+01 2212 0.0000000000e+00 1.0000000000e+00
262 6.9282569906e+02 0.0000000000e+00 4.3451113092e+03 6.4278760969e+01 0.0000000000e+00 -7.6604444312e+01 2212 0.0000000000e+00 1.0000000000e+00
263 8.2649674811e+02 0.0000000000e+00 4.3216782463e+03 6.4278760969e+01 0.0000000000e+00 -7.6604444312e+01 2212 0.0000000000e+00 1.0000000000e+00
264 7.9341973828e+02 0.0000000000e+00 4.3278730178e+03 6.4278760969e+01 0.0000000000e+00 -7.6604444312e+01 2212 0.0000000000e+00 1.0000000000e+00
265 7.6890734578e+02 0.0000000000e+00 4.3322951460e+03 6.4278760969e+01 0.0000000000e+00 -7.6604444312e+01 2212 0.0000000000e+00 1.0000000000e+00
266 7.9684422239e+02 0.0000000000e+00 4.3272438138e+03 6.4278760969e+01 0.0000000000e+00 -7.6604444312e+01 2212 0.0000000000e+00 1.0000000000e+00
267 7.6674740701e+02 0.0000000000e+00 4.3326779424e+03 6.4278760969e+01 0.0000000000e+00 -7.6604444312e+01 2212 0.0000000000e+00 1.0000000000e+00
268 7.9878728771e+02 0.0000000000e+00 4.3268855552e+03 6.4278760969e+01 0.0000000000e+00 -7.6604444312e+01 2212 0.0000000000e+00 1.0000000000e+00
269 7.0386944840e+02 0.0000000000e+00 4.3433359919e+03 6.4278760969e+01 0.0000000000e+00 -7.6604444312e+01 2212 0.0000000000e+00 1.0000000000e+00
270 7.5109369273e+02 0.0000000000e+00 4.3354190113e+03 6.4278760969e+01 0.0000000000e+00 -7.6604444312e+01 2212 0.0000000000e+00 1.0000000000e+00
271 7.0676244496e+02 0.0000000000e+00 4.3428661717e+03 6.4278760969e+01 0.0000000000e+00 -7.6604444312e+01 2212 0.0000000000e+00 1.0000000000e+00
272 6.9060201034e+02 0.0000000000e+00 4.3454652918e+03 6.4278760969e+01 0.0000000000e+00 -7.6604444312e+01 2212 0.0000000000e+00 1.0000000000e+00
273 7.8577720073e+02 0.0000000000e+00 4.3292671354e+03 6.4278760969e+01 0.0000000000e+00 -7.6604444312e+01 2212 0.0000000000e+00 1.0000000000e+00
274 8.2583180669e+02 0.0000000000e+00 4.3218053596e+03 6.4278760969e+01 0.0000000000e+00 -7.6604444312e+01 2212 0.0000000000e+00 1.0000000000e+00
275 7.5587744226e+02 0.0000000000e+00 4.3345875272e+03 6.4278760969e+01 0.0000000000e+00 -7.6604444312e+01 2212 0.0000000000e+00 1.0000000000e+00
276 8.0778240843e+02 0.0000000000e+00 4.3252152917e+03 6.4278760969e+01 0.0000000000e+00 -7.6604444312e+01 2212 0.0000000000e+00 1.0000000000e+00
277 6.9988753471e+02 0.0000000000e+00 4.3439794173e+03 6.4278760969e+01 0.0000000000e+00 -7.6604444312e+01 2212 0.0000000000e+00 1.0000000000e+00
278 7.1336044857e+02 0.0000000000e+00 4.3417872598e+03 6.4278760969e+01 0.0000000000e+00 -7.6604444312e+01 2212 0.0000000000e+00 1.0000000000e+00
279 7.1144622255e+02 0.0000000000e+00 4.3421013359e+03 6.4278760969e+01 0.0000000000e+00 -7.6604444312e+01 2212 0.0000000000e+00 1.0000000000e+00
280 7.3571868937e+02 0.0000000000e+00 4.3380546042e+03 6.4278760969e+01 0.0000000000e+00 -7.6604444312e+01 2212 0.0000000000e+00 1.0000000000e+00
281 7.0037017840e+02 0.0000000000e+00 4.3439016278e+03 6.4278760969e+01 0.0000000000e+00 -7.6604444312e+01 2212 0.0000000000e+00 1.0000000000e+00
282 7.8082730468e+02 0.0000000000e+00 4.3301626366e+03 6.4278760969e+01 0.0000000000e+00 -7.6604444312e+01 2212 0.0000000000e+00 1.0000000000e+00
283 8.2136535378e+02 0.0000000000e+00 4.3226564396e+03 6.4278760969e+01 0.0000000000e+00 -7.6604444312e+01 2212 0.0000000000e+00 1.0000000000e+00
284 7.4354690111e+02 0.0000000000e+00 4.3367196987e+03 6.4278760969e+01 0.0000000000e+00 -7.6604444312e+01 2212 0.0000000000e+00 1.0000000000e+00
285 7.1279584355e+02 0.0000000000e+00 4.3418799873e+03 6.4278760969e+01 0.0000000000e+00 -7.6604444312e+01 2212 0.0000000000e+00 1.0000000000e+00
286 7.1197206144e+02 0.0000000000e+00 4.3420151454e+03 6.4278760969e+01 0.0000000000e+00 -7.6604444312e+01 2212 0.0000000000e+00 1.0000000000e+00
287 8.2794003636e+02 0.0000000000e+00 4.3214019756e+03 6.4278760969e+01 0.0000000000e+00 -7.6604444312e+01 2212 0.0000000000e+00 1.0000000000e+00
288 7.1519492774e+02 0.0000000000e+00 4.3414854548e+03 6.4278760969e+01 0.0000000000e+00 -7.6604444312e+01 2212 0.0000000000e+00 1.0000000000e+00
289 6.8885460102e+02 0.0000000000e+00 4.3457426382e+03 6.4278760969e+01 0.0000000000e+00 -7.6604444312e+01 2212 0.0000000000e+00 1.0000000000e+00
290 8.1963282499e+02 0.0000000000e+00 4.3229852846e+03 6.4278760969e+01 0.0000000000e+00 -7.6604444312e+01 2212 0.0000000000e+00 1.0000000000e+00
291 8.0977874028e+02 0.0000000000e+00 4.3248419775e+03 6.4278760969e+01 0.0000000000e+00 -7.6604444312e+01 2212 0.0000000000e+00 1.0000000000e+00
292 7.3228239250e+02 0.0000000000e+00 4.3386359880e+03 6.4278760969e+01 0.0000000000e+00 -7.6604444312e+01 2212 0.0000000000e+00 1.0000000000e+00
293 7.3431754012e+02 0.0000000000e+00 4.3382920014e+03 6.4278760969e+01 0.0000000000e+00 -7.6604444312e+01 2212 0.0000000000e+00 1.0000000000e+00
294 7.7693247633e+02 0.0000000000e+00 4.3308631549e+03 6.4278760969e+01 0.0000000000e+00 -7.6604444312e+01 2212 0.0000000000e+00 1.0000000000e+00
295 7.2541480671e+02 0.0000000000e+00 4.3397895222e+03 6.4278760969e+01 0.0000000000e+00 -7.6604444312e+01 2212 0.0000000000e+00 1.0000000000e+00
296 7.5709246059e+02 0.0000000000e+00 4.3343754735e+03 6.4278760969e+01 0.0000000000e+00 -7.6604444312e+01 2212 0.0000000000e+00 1.0000000000e+00
297 8.0458629664e+02 0.0000000000e+00 4.3258109795e+03 6.4278760969e+01 0.0000000000e+00 -7.6604444312e+01 2212 0.0000000000e+00 1.0000000000e+00
298 7.5061351946e+02 0.0000000000e+00 4.3355021720e+03 6.4278760969e+01 0.0000000000e+00 -7.6604444312e+01 2212 0.0000000000e+00 1.0000000000e+00
299 7.9481022088e+02 0.0000000000e+00 4.3276178726e+03 6.4278760969e+01 0.0000000000e+00 -7.6604444312e+01 2212 0.0000000000e+00 1.0000000000e+00
300 8.2185771144e+02 0.0000000000e+00 4.3225628556e+03 6.4278760969e+01 0.0000000000e+00 -7.6604444312e+01 2212 0.0000000000e+00 1.0000000000e+00
301 8.2239211719e+02 0.0000000000e+00 4.3224612138e+03 6.4278760969e+01 0.0000000000e+00 -7.6604444312e+01 2212 0.0000000000e+00 1.0000000000e+00
302 7.9318263894e+02 0.0000000000e+00 4.3279164780e+03 6.4278760969e+01 0.0000000000e+00 -7.6604444312e+01 2212 0.0000000000e+00 1.0000000000e+00
303 8.2646034534e+02 0.0000000000e+00 4.3216852079e+03 6.4278760969e+01 0.0000000000e+00 -7.6604444312e+01 2212 0.0000000000e+00 1.0000000000e+00
304 7.3064348476e+02 0.0000000000e+00 4.3389122873e+03 6.4278760969e+01 0.0000000000e+00 -7.6604444312e+01 2212 0.0000000000e+00 1.0000000000e+00
305 7.2246918109e+02 0.0000000000e+00 4.3402808689e+03 6.4278760969e+01 0.0000000000e+00 -7.6604444312e+01 2212 0.0000000000e+00 1.0000000000e+00
306 6.9808534868e+02 0.0000000000e+00 4.3442693960e+03 6.4278760969e+01 0.0000000000e+00 -7.6604444312e+01 2212 0.0000000000e+00 1.0000000000e+00
307 7.5217306212e+02 0.0000000000e+00 4.3352318766e+03 6.4278760969e+01 0.0000000000e+00 -7.6604444312e+01 2212 0.0000000000e+00 1.0000000000e+00
308 7.1842566908e+02 0.0000000000e+00 4.3409520035e+03 6.4278760969e+01 0.0000000000e+00 -7.6604444312e+01 2212 0.0000000000e+00 1.0000000000e+00
309 7.1346094253e+02 0.0000000000e+00 4.3417707473e+03 6.4278760969e+01 0.0000000000e+00 -7.6604444312e+01 2212 0.0000000000e+00 1.0000000000e+00
310 8.2925720127e+02 0.0000000000e+00 4.3211494111e+03 6.4278760969e+01 0.0000000000e+00 -7.6604444312e+01 2212 0.0000000000e+00 1.0000000000e+00
311 7.2027593297e+02 0.0000000000e+00 4.3406453805e+03 6.4278760969e+01 0.0000000000e+00 -7.6604444312e+01 2212 0.0000000000e+00 1.0000000000e+00
312 8.1759918057e+02 0.0000000000e+00 4.3233703657e+03 6.4278760969e+01 0.0000000000e+00 -7.6604444312e+01 2212 0.0000000000e+00 1.0000000000e+00
313 8.1540851525e+02 0.0000000000e+00 4.3237840709e+03 6.4278760969e+01 0.0000000000e+00 -7.6604444312e+01 2212 0.0000000000e+00 1.0000000000e+00
314 8.3273401554e+02 0.0000000000e+00 4.3204807369e+03 6.4278760969e+01 0.0000000000e+00 -7.6604444312e+01 2212 0.0000000000e+00 1.0000000000e+00
315 8.2680864737e+02 0.0000000000e+00 4.3216185856e+03 6.4278760969e+01 0.0000000000e+00 -7.6604444312e+01 2212 0.0000000000e+00 1.0000000000e+00
316 6.9623722240e+02 0.0000000000e+00 4.3445659702e+03 6.4278760969e+01 0.0000000000e+00 -7.6604444312e+01 2212 0.0000000000e+00 1.0000000000e+00
317 7.9150317130e+02 0.0000000000e+00 4.3282239393e+03 6.4278760969e+01 0.0000000000e+00 -7.6604444312e+01 2212 0.0000000000e+00 1.0000000000e+00
318 7.7606955891e+02 0.0000000000e+00 4.3310178687e+03 6.4278760969e+01 0.0000000000e+00 -7.6604444312e+01 2212 0.0000000000e+00 1.0000000000e+00
319 7.5032275894e+02 0.0000000000e+00 4.3355525019e+03 6.4278760969e+01 0.0000000000e+00 -7.6604444312e+01 2212 0.0000000000e+00 1.0000000000e+00
320 7.6110175097e+02 0.0000000000e+00 4.3336732530e+03 6.4278760969e+01 0.0000000000e+00 -7.6604444312e+01 2212 0.0000000000e+00 1.0000000000e+00
321 7.2198704478e+02 0.0000000000e+00 4.3403610963e+03 6.4278760969e+01 0.0000000000e+00 -7.6604444312e+01 2212 0.0000000000e+00 1.0000000000e+00
322 6.9160465252e+02 0.0000000000e+00 4.3453058285e+03 6.4278760969e+01 0.0000000000e+00 -7.6604444312e+01 2212 0.0000000000e+00 1.0000000000e+00
323 8.1471449439e+02 0.0000000000e+00 4.3239148964e+03 6.4278760969e+01 0.0000000000e+00 -7.6604444312e+01 2212 0.0000000000e+00 1.0000000000e+00
324 7.4492898902e+02 0.0000000000e+00 4.3364825078e+03 6.4278760969e+01 0.0000000000e+00 -7.6604444312e+01 2212 0.0000000000e+00 1.0000000000e+00
325 8.0587368489e+02 0.0000000000e+00 4.3255713314e+03 6.4278760969e+01 0.0000000000e+00 -7.6604444312e+01 2212 0.0000000000e+00 1.0000000000e+00
326 7.5105446314e+02 0.0000000000e+00 4.3354258075e+03 6.4278760969e+01 0.0000000000e+00 -7.6604444312e+01 2212 0.0000000000e+00 1.0000000000e+00
327 7.9992518342e+02 0.0000000000e+00 4.3266753333e+03 6.4278760969e+01 0.0000000000e+00 -7.6604444312e+01 2212 0.0000000000e+00 1.0000000000e+00
328 7.7976346838e+02 0.0000000000e+00 4.3303543356e+03 6.4278760969e+01 0.0000000000e+00 -7.6604444312e+01 2212 0.0000000000e+00 1.0000000000e+00
329 8.1824638972e+02 0.0000000000e+00 4.3232479208e+03 6.4278760969e+01 0.0000000000e+00 -7.6604444312e+01 2212 0.0000000000e+00 1.0000000000e+00
330 7.9001604800e+02 0.0000000000e+00 4.3284956258e+03 6.4278760969e+01 0.0000000000e+00 -7.6604444312e+01 2212 0.0000000000e+00 1.0000000000e+00
331 8.3541481582e+02 0.0000000000e+00 4.3199631740e+03 6.4278760969e+01 0.0000000000e+00 -7.6604444312e+01 2212 0.0000000000e+00 1.0000000000e+00
332 8.1525266891e+02 0.0000000000e+00 4.3238134586e+03 6.4278760969e+01 0.0000000000e+00 -7.6604444312e+01 2212 0.0000000000e+00 1.0000000000e+00
333 7.5042908497e+02 0.0000000000e+00 4.3355340994e+03 6.4278760969e+01 0.0000000000e+00 -7.6604444312e+01 2212 0.0000000000e+00 1.0000000000e+00
334 8.0629484296e+02 0.0000000000e+00 4.3254928465e+03 6.4278760969e+01 0.0000000000e+00 -7.6604444312e+01 2212 0.0000000000e+00 1.0000000000e+00
335 7.7872147468e+02 0.0000000000e+00 4.3305418372e+03 6.4278760969e+01 0.0000000000e+00 -7.6604444312e+01 2212 0.0000000000e+00 1.0000000000e+00
336 7.4902789229e+02 0.0000000000e+00 4.3357763959e+03 6.4278760969e+01 0.0000000000e+00 -7.6604444312e+01 2212 0.0000000000e+00 1.0000000000e+00
337 8.0009078535e+02 0.0000000000e+00 4.3266447132e+03 6.4278760969e+01 0.0000000000e+00 -7.6604444312e+01 2212 0.0000000000e+00 1.0000000000e+00
338 8.0856001151e+02 0.0000000000e+00 4.3250699933e+03 6.4278760969e+01 0.0000000000e+00 -7.6604444312e+01 2212 0.0000000000e+00 1.0000000000e+00
339 7.2874054297e+02 0.0000000000e+00 4.3392323008e+03 6.4278760969e+01 0.0000000000e+00 -7.6604444312e+01 2212 0.0000000000e+00 1.0000000000e+00
340 8.2344042996e+02 0.0000000000e+00 4.3222616299e+03 6.4278760969e+01 0.0000000000e+00 -7.6604444312e+01 2212 0.0000000000e+00 1.0000000000e+00
341 8.0381953911e+02 0.0000000000e+00 4.3259535235e+03 6.4278760969e+01 0.0000000000e+00 -7.6604444312e+01 2212 0.0000000000e+00 1.0000000000e+00
342 7.2810136226e+02 0.0000000000e+00 4.3393395978e+03 6.4278760969e+01 0.0000000000e+00 -7.6604444312e+01 2212 0.0000000000e+00 1.0000000000e+00
343 8.2907922203e+02 0.0000000000e+00 4.3211835627e+03 6.4278760969e+01 0.0000000000e+00 -7.6604444312e+01 2212 0.0000000000e+00 1.0000000000e+00
344 8.3793077800e+02 0.0000000000e+00 4.3194758652e+03 6.4278760969e+01 0.0000000000e+00 -7.6604444312e+01 2212 0.0000000000e+00 1.0000000000e+00
345 8.2065876783e+02 0.0000000000e+00 4.3227906410e+03 6.4278760969e+01 0.0000000000e+00 -7.6604444312e+01 2212 0.0000000000e+00 1.0000000000e+00
346 8.1743219981e+02 0.0000000000e+00 4.3234019403e+03 6.4278760969e+01 0.0000000000e+00 -7.6604444312e+01 2212 0.0000000000e+00 1.0000000000e+00
347 7.0592769259e+02 0.0000000000e+00 4.3430019378e+03 6.4278760969e+01 0.0000000000e+00 -7.6604444312e+01 2212 0.0000000000e+00 1.0000000000e+00
348 7.9903887229e+02 0.0000000000e+00 4.3268391026e+03 6.4278760969e+01 0.0000000000e+00 -7.6604444312e+01 2212 0.0000000000e+00 1.0000000000e+00
349 8.3462731981e+02 0.0000000000e+00 4.3201153892e+03 6.4278760969e+01 0.0000000000e+00 -7.6604444312e+01 2212 0.0000000000e+00 1.0000000000e+00
350 7.4219584927e+02 0.0000000000e+00 4.3369511249e+03 6.4278760969e+01 0.0000000000e+00 -7.6604444312e+01 2212 0.0000000000e+00 1.0000000000e+00
351 7.3423488923e+02 0.0000000000e+00 4.3383059904e+03 6.4278760969e+01 0.0000000000e+00 -7.6604444312e+01 2212 0.0000000000e+00 1.0000000000e+00
352 8.2195654910e+02 0.0000000000e+00 4.3225440623e+03 6.4278760969e+01 0.0000000000e+00 -7.6604444312e+01 2212 0.0000000000e+00 1.0000000000e+00
353 7.8053565990e+02 0.0000000000e+00 4.3302152166e+03 6.4278760969e+01 0.0000000000e+00 -7.6604444312e+01 2212 0.0000000000e+00 1.0000000000e+00
354 8.1964330063e+02 0.0000000000e+00 4.3229832984e+03 6.4278760969e+01 0.0000000000e+00 -7.6604444312e+01 2212 0.0000000000e+00 1.0000000000e+00
355 7.1374810934e+02 0.0000000000e+00 4.3417235489e+03 6.4278760969e+01 0.0000000000e+00 -7.6604444312e+01 2212 0.0000000000e+00 1.0000000000e+00
356 8.3288961021e+02 0.0000000000e+00 4.3204507445e+03 6.4278760969e+01 0.0000000000e+00 -7.6604444312e+01 2212 0.0000000000e+00 1.0000000000e+00
357 8.1820469802e+02 0.0000000000e+00 4.3232558114e+03 6.4278760969e+01 0.0000000000e+00 -7.6604444312e+01 2212 0.0000000000e+00 1.0000000000e+00
358 6.8832791131e+02 0.0000000000e+00 4.3458260924e+03 6.4278760969e+01 0.0000000000e+00 -7.6604444312e+01 2212 0.0000000000e+00 1.0000000000e+00
359 7.9827086639e+02 0.0000000000e+00 4.3269808600e+03 6.4278760969e+01 0.0000000000e+00 -7.6604444312e+01 2212 0.0000000000e+00 1.0000000000e+00
360 6.9082077122e+02 0.0000000000e+00 4.3454305196e+03 6.4278760969e+01 0.0000000000e+00 -7.6604444312e+01 2212 0.0000000000e+00 1.0000000000e+00
361 6.9818805867e+02 0.0000000000e+00 4.3442528902e+03 6.4278760969e+01 0.0000000000e+00 -7.6604444312e+01 2212 0.0000000000e+00 1.0000000000e+00
362 7.3591313532e+02 0.0000000000e+00 4.3380216224e+03 6.4278760969e+01 0.0000000000e+00 -7.6604444312e+01 2212 0.0000000000e+00 1.0000000000e+00
363 7.6678932884e+02 0.0000000000e+00 4.3326705234e+03 6.4278760969e+01 0.0000000000e+00 -7.6604444312e+01 2212 0.0000000000e+00 1.0000000000e+00
364 8.3885339591e+02 0.0000000000e+00 4.3192967852e+03 6.4278760969e+01 0.0000000000e+00 -7.6604444312e+01 2212 0.0000000000e+00 1.0000000000e+00
365 7.7849044301e+02 0.0000000000e+00 4.3305833751e+03 6.4278760969e+01 0.0000000000e+00 -7.6604444312e+01 2212 0.0000000000e+00 1.0000000000e+00
366 7.1088162608e+02 0.0000000000e+00 4.3421938064e+03 6.4278760969e+01 0.0000000000e+00 -7.6604444312e+01 2212 0.0000000000e+00 1.0000000000e+00
367 7.5768662854e+02 0.0000000000e+00 4.3342716472e+03 6.4278760969e+01 0.0000000000e+00 -7.6604444312e+01 2212 0.0000000000e+00 1.0000000000e+00
368 7.1369052983e+02 0.0000000000e+00 4.3417330142e+03 6.4278760969e+01 0.0000000000e+00 -7.6604444312e+01 2212 0.0000000000e+00 1.0000000000e+00
369 7.7800007464e+02 0.0000000000e+00 4.3306714979e+03 6.4278760969e+01 0.0000000000e+00 -7.6604444312e+01 2212 0.0000000000e+00 1.0000000000e+00
370 8.0313079562e+02 0.0000000000e+00 4.3260814444e+03 6.4278760969e+01 0.0000000000e+00 -7.6604444312e+01 2212 0.0000000000e+00 1.0000000000e+00
371 7.3672857875e+02 0.0000000000e+00 4.3378832096e+03 6.4278760969e+01 0.0000000000e+00 -7.6604444312e+01 2212 0.0000000000e+00 1.0000000000e+00
372 6.9885711746e+02 0.0000000000e+00 4.3441453093e+03 6.4278760969e+01 0.0000000000e+00 -7.6604444312e+01 2212 0.0000000000e+00 1.0000000000e+00
373 8.1237970392e+02 0.0000000000e+00 4.3243541663e+03 6.4278760969e+01 0.0000000000e+00 -7.6604444312e+01 2212 0.0000000000e+00 1.0000000000e+00
374 7.9511106839e+02 0.0000000000e+00 4.3275626082e+03 6.4278760969e+01 0.0000000000e+00 -7.6604444312e+01 2212 0.0000000000e+00 1.0000000000e+00
375 7.0237632733e+02 0.0000000000e+00 4.3435776997e+03 6.4278760969e+01 0.0000000000e+00 -7.6604444312e+01 2212 0.0000000000e+00 1.0000000000e+00
376 7.5938761093e+02 0.0000000000e+00 4.3339739495e+03 6.4278760969e+01 0.0000000000e+00 -7.6604444312e+01 2212 0.0000000000e+00 1.0000000000e+00
377 7.1512918664e+02 0.0000000000e+00 4.3414962842e+03 6.4278760969e+01 0.0000000000e+00 -7.6604444312e+01 2212 0.0000000000e+00 1.0000000000e+00
378 6.8985713083e+02 0.0000000000e+00 4.3455836061e+03 6.4278760969e+01 0.0000000000e+00 -7.6604444312e+01 2212 0.0000000000e+00 1.0000000000e+00
379 7.2177252873e+02 0.0000000000e+00 4.3403967740e+03 6.4278760969e+01 0.0000000000e+00 -7.6604444312e+01 2212 0.0000000000e+00 1.0000000000e+00
380 8.0558483381e+02 0.0000000000e+00 4.3256251357e+03 6.4278760969e+01 0.0000000000e+00 -7.6604444312e+01 2212 0.0000000000e+00 1.0000000000e+00
381 7.6013312645e+02 0.0000000000e+00 4.3338432562e+03 6.4278760969e+01 0.0000000000e+00 -7.6604444312e+01 2212 0.0000000000e+00 1.0000000000e+00
382 8.0851045735e+02 0.0000000000e+00 4.3250792570e+03 6.4278760969e+01 0.0000000000e+00 -7.6604444312e+01 2212 0.0000000000e+00 1.0000000000e+00
383 8.2711055814e+02 0.0000000000e+00 4.3215608134e+03 6.4278760969e+01 0.0000000000e+00 -7.6604444312e+01 2212 0.0000000000e+00 1.0000000000e+00
384 7.1099154905e+02 0.0000000000e+00 4.3421758090e+03 6.4278760969e+01 0.0000000000e+00 -7.6604444312e+01 2212 0.0000000000e+00 1.0000000000e+00
385 8.3828340148e+02 0.0000000000e+00 4.3194074452e+03 6.4278760969e+01 0.0000000000e+00 -7.6604444312e+01 2212 0.0000000000e+00 1.0000000000e+00
386 6.9190719972e+02 0.0000000000e+00 4.3452576639e+03 6.4278760969e+01 0.0000000000e+00 -7.6604444312e+01 2212 0.0000000000e+00 1.0000000000e+00
387 7.7980988668e+02 0.0000000000e+00 4.3303459769e+03 6.4278760969e+01 0.0000000000e+00 -7.6604444312e+01 2212 0.0000000000e+00 1.0000000000e+00
388 8.0365807101e+02 0.0000000000e+00 4.3259835233e+03 6.4278760969e+01 0.0000000000e+00 -7.6604444312e+01 2212 0.0000000000e+00 1.0000000000e+00
389 8.2757905231e+02 0.0000000000e+00 4.3214711212e+03 6.4278760969e+01 0.0000000000e+00 -7.6604444312e+01 2212 0.0000000000e+00 1.0000000000e+00
390 7.2222064508e+02 0.0000000000e+00 4.3403222321e+03 6.4278760969e+01 0.0000000000e+00 -7.6604444312e+01 2212 0.0000000000e+00 1.0000000000e+00
391 7.4387171228e+02 0.0000000000e+00 4.3366639960e+03 6.4278760969e+01 0.0000000000e+00 -7.6604444312e+01 2212 0.0000000000e+00 1.0000000000e+00
392 7.2805360508e+02 0.0000000000e+00 4.3393476108e+03 6.4278760969e+01 0.0000000000e+00 -7.6604444312e+01 2212 0.0000000000e+00 1.0000000000e+00
393 6.8949515028e+02 0.0000000000e+00 4.3456410547e+03 6.4278760969e+01 0.0000000000e+00 -7.6604444312e+01 2212 0.0000000000e+00 1.0000000000e+00
394 7.5752738322e+02 0.0000000000e+00 4.3342994823e+03 6.4278760969e+01 0.0000000000e+00 -7.6604444312e+01 2212 0.0000000000e+00 1.0000000000e+00
395 7.8748780962e+02 0.0000000000e+00 4.3289563048e+03 6.4278760969e+01 0.0000000000e+00 -7.6604444312e+01 2212 0.0000000000e+00 1.0000000000e+00
396 7.2619839012e+02 0.0000000000e+00 4.3396584701e+03 6.4278760969e+01 0.0000000000e+00 -7.6604444312e+01 2212 0.0000000000e+00 1.0000000000e+00
397 7.1379298435e+02 0.0000000000e+00 4.3417161716e+03 6.4278760969e+01 0.0000000000e+00 -7.6604444312e+01 2212 0.0000000000e+00 1.0000000000e+00
398 7.7437806827e+02 0.0000000000e+00 4.3313206238e+03 6.4278760969e+01 0.0000000000e+00 -7.6604444312e+01 2212 0.0000000000e+00 1.0000000000e+00
399 7.6351623957e+02 0.0000000000e+00 4.3332485148e+03 6.4278760969e+01 0.0000000000e+00 -7.6604444312e+01 2212 0.0000000000e+00 1.0000000000e+00
400 8.1647173895e+02 0.0000000000e+00 4.3235834256e+03 6.4278760969e+01 0.0000000000e+00 -7.6604444312e+01 2212 0.0000000000e+00 1.0000000000e+00
401 8.0799758450e+02 0.0000000000e+00 4.3251750996e+03 6.4278760969e+01 0.0000000000e+00 -7.6604444312e+01 2212 0.0000000000e+00 1.0000000000e+00
402 7.4560698572e+02 0.0000000000e+00 4.3363659857e+03 6.4278760969e+01 0.0000000000e+00 -7.6604444312e+01 2212 0.0000000000e+00 1.0000000000e+00
403 8.1209729007e+02 0.0000000000e+00 4.3244072114e+03 6.4278760969e+01 0.0000000000e+00 -7.6604444312e+01 2212 0.0000000000e+00 1.0000000000e+00
404 7.5383483322e+02 0.0000000000e+00 4.3349432272e+03 6.4278760969e+01 0.0000000000e+00 -7.6604444312e+01 2212 0.0000000000e+00 1.0000000000e+00
405 7.4389100842e+02 0.0000000000e+00 4.3366606861e+03 6.4278760969e+01 0.0000000000e+00 -7.6604444312e+01 2212 0.0000000000e+00 1.0000000000e+00
406 8.1430986491e+02 0.0000000000e+00 4.3239911173e+03 6.4278760969e+01 0.0000000000e+00 -7.6604444312e+01 2212 0.0000000000e+00 1.0000000000e+00
407 7.0783464784e+02 0.0000000000e+00 4.3426915444e+03 6.4278760969e+01 0.0000000000e+00 -7.6604444312e+01 2212 0.0000000000e+00 1.0000000000e+00
408 7.4455229394e+02 0.0000000000e+00 4.3365472003e+03 6.4278760969e+01 0.0000000000e+00 -7.6604444312e+01 2212 0.0000000000e+00 1.0000000000e+00
409 7.1819734629e+02 0.0000000000e+00 4.3409897847e+03 6.4278760969e+01 0.0000000000e+00 -7.6604444312e+01 2212 0.0000000000e+00 1.0000000000e+00
410 6.9446280178e+02 0.0000000000e+00 4.3448499578e+03 6.4278760969e+01 0.0000000000e+00 -7.6604444312e+01 2212 0.0000000000e+00 1.0000000000e+00
411 6.9148129287e+02 0.0000000000e+00 4.3453254608e+03 6.4278760969e+01 0.0000000000e+00 -7.6604444312e+01 2212 0.0000000000e+00 1.0000000000e+00
412 7.7231994923e+02 0.0000000000e+00 4.3316880814e+03 6.4278760969e+01 0.0000000000e+00 -7.6604444312e+01 2212 0.0000000000e+00 1.0000000000e+00
413 7.8424287586e+02 0.0000000000e+00 4.3295453399e+03 6.4278760969e+01 0.0000000000e+00 -7.6604444312e+01 2212 0.0000000000e+00 1.0000000000e+00
414 7.5667659470e+02 0.0000000000e+00 4.3344480929e+03 6.4278760969e+01 0.0000000000e+00 -7.6604444312e+01 2212 0.0000000000e+00 1.0000000000e+00
415 7.6081762425e+02 0.0000000000e+00 4.3337231432e+03 6.4278760969e+01 0.0000000000e+00 -7.6604444312e+01 2212 0.0000000000e+00 1.0000000000e+00
416 7.9810603406e+02 0.0000000000e+00 4.3270112661e+03 6.4278760969e+01 0.0000000000e+00 -7.6604444312e+01 2212 0.0000000000e+00 1.0000000000e+00
417 7.2051956537e+02 0.0000000000e+00 4.3406049457e+03 6.4278760969e+01 0.0000000000e+00 -7.6604444312e+01 2212 0.0000000000e+00 1.0000000000e+00
418 7.4566011466e+02 0.0000000000e+00 4.3363568502e+03 6.4278760969e+01 0.0000000000e+00 -7.6604444312e+01 2212 0.0000000000e+00 1.0000000000e+00
419 7.2855405385e+02 0.0000000000e+00 4.3392636160e+03 6.4278760969e+01 0.0000000000e+00 -7.6604444312e+01 2212 0.0000000000e+00 1.0000000000e+00
420 8.1552385740e+02 0.0000000000e+00 4.3237623173e+03 6.4278760969e+01 0.0000000000e+00 -7.6604444312e+01 2212 0.0000000000e+00 1.0000000000e+00
421 7.1694604297e+02 0.0000000000e+00 4.3411966219e+03 6.4278760969e+01 0.0000000000e+00 -7.6604444312e+01 2212 0.0000000000e+00 1.0000000000e+00
422 7.5941021391e+02 0.0000000000e+00 4.3339699890e+03 6.4278760969e+01 0.0000000000e+00 -7.6604444312e+01 2212 0.0000000000e+00 1.0000000000e+00
423 8.2294041330e+02 0.0000000000e+00 4.3223568588e+03 6.4278760969e+01 0.0000000000e+00 -7.6604444312e+01 2212 0.0000000000e+00 1.0000000000e+00
424 7.7352531239e+02 0.0000000000e+00 4.3314729977e+03 6.4278760969e+01 0.0000000000e+00 -7.6604444312e+01 2212 0.0000000000e+00 1.0000000000e+00
425 7.9672279883e+02 0.0000000000e+00 4.3272661717e+03 6.4278760969e+01 0.0000000000e+00 -7.6604444312e+01 2212 0.0000000000e+00 1.0000000000e+00
426 7.8842205739e+02 0.0000000000e+00 4.3287862500e+03 6.4278760969e+01 0.0000000000e+00 -7.6604444312e+01 2212 0.0000000000e+00 1.0000000000e+00
427 6.9871205935e+02 0.0000000000e+00 4.3441686428e+03 6.4278760969e+01 0.0000000000e+00 -7.6604444312e+01 2212 0.0000000000e+00 1.0000000000e+00
428 7.5834018565e+02 0.0000000000e+00 4.3341573462e+03 6.4278760969e+01 0.0000000000e+00 -7.6604444312e+01 2212 0.0000000000e+00 1.0000000000e+00
429 7.2554874301e+02 0.0000000000e+00 4.3397671320e+03 6.4278760969e+01 0.0000000000e+00 -7.6604444312e+01 2212 0.0000000000e+00 1.0000000000e+00
430 7.8274558467e+02 0.0000000000e+00 4.3298162881e+03 6.4278760969e+01 0.0000000000e+00 -7.6604444312e+01 2212 0.0000000000e+00 1.0000000000e+00
431 8.2754855572e+02 0.0000000000e+00 4.3214769613e+03 6.4278760969e+01 0.0000000000e+00 -7.6604444312e+01 2212 0.0000000000e+00 1.0000000000e+00
432 7.2194951662e+02 0.0000000000e+00 4.3403673386e+03 6.4278760969e+01 0.0000000000e+00 -7.6604444312e+01 2212 0.0000000000e+00 1.0000000000e+00
433 7.1937745455e+02 0.0000000000e+00 4.3407943762e+03 6.4278760969e+01 0.0000000000e+00 -7.6604444312e+01 2212 0.0000000000e+00 1.0000000000e+00
434 7.9924820113e+02 0.0000000000e+00 4.3268004405e+03 6.4278760969e+01 0.0000000000e+00 -7.6604444312e+01 2212 0.0000000000e+00 1.0000000000e+00
435 7.5889082857e+02 0.0000000000e+00 4.3340609651e+03 6.4278760969e+01 0.0000000000e+00 -7.6604444312e+01 2212 0.0000000000e+00 1.0000000000e+00
436 7.4614926262e+02 0.0000000000e+00 4.3362727101e+03 6.4278760969e+01 0.0000000000e+00 -7.6604444312e+01 2212 0.0000000000e+00 1.0000000000e+00
437 8.0381017670e+02 0.0000000000e+00 4.3259552631e+03 6.4278760969e+01 0.0000000000e+00 -7.6604444312e+01 2212 0.0000000000e+00 1.0000000000e+00
438 7.1785151327e+02 0.0000000000e+00 4.3410469870e+03 6.4278760969e+01 0.0000000000e+00 -7.6604444312e+01 2212 0.0000000000e+00 1.0000000000e+00
439 7.6894706748e+02 0.0000000000e+00 4.3322880959e+03 6.4278760969e+01 0.0000000000e+00 -7.6604444312e+01 2212 0.0000000000e+00 1.0000000000e+00
440 7.2941505425e+02 0.0000000000e+00 4.3391189679e+03 6.4278760969e+01 0.0000000000e+00 -7.6604444312e+01 2212 0.0000000000e+00 1.0000000000e+00
441 7.7176814265e+02 0.0000000000e+00 4.3317864297e+03 6.4278760969e+01 0.0000000000e+00 -7.6604444312e+01 2212 0.0000000000e+00 1.0000000000e+00
442 7.2609206922e+02 0.0000000000e+00 4.3396762605e+03 6.4278760969e+01 0.0000000000e+00 -7.6604444312e+01 2212 0.0000000000e+00 1.0000000000e+00
443 7.2395691400e+02 0.0000000000e+00 4.3400329636e+03 6.4278760969e+01 0.0000000000e+00 -7.6604444312e+01 2212 0.0000000000e+00 1.0000000000e+00
444 7.1138102377e+02 0.0000000000e+00 4.3421120181e+03 6.4278760969e+01 0.0000000000e+00 -7.6604444312e+01 2212 0.0000000000e+00 1.0000000000e+00
445 7.3014457171e+02 0.0000000000e+00 4.3389962714e+03 6.4278760969e+01 0.0000000000e+00 -7.6604444312e+01 2212 0.0000000000e+00 1.0000000000e+00
446 8.0506387859e+02 0.0000000000e+00 4.3257221236e+03 6.4278760969e+01 0.0000000000e+00 -7.6604444312e+01 2212 0.0000000000e+00 1.0000000000e+00
447 6.9086703901e+02 0.0000000000e+00 4.3454231639e+03 6.4278760969e+01 0.0000000000e+00 -7.6604444312e+01 2212 0.0000000000e+00 1.0000000000e+00
448 7.2702923102e+02 0.0000000000e+00 4.3395193554e+03 6.4278760969e+01 0.0000000000e+00 -7.6604444312e+01 2212 0.0000000000e+00 1.0000000000e+00
449 7.5231735934e+02 0.0000000000e+00 4.3352068382e+03 6.4278760969e+01 0.0000000000e+00 -7.6604444312e+01 2212 0.0000000000e+00 1.0000000000e+00
450 7.0765284093e+02 0.0000000000e+00 4.3427211741e+03 6.4278760969e+01 0.0000000000e+00 -7.6604444312e+01 2212 0.0000000000e+00 1.0000000000e+00
451 6.9544022185e+02 0.0000000000e+00 4.3446936183e+03 6.4278760969e+01 0.0000000000e+00 -7.6604444312e+01 2212 0.0000000000e+00 1.0000000000e+00
452 7.8902159927e+02 0.0000000000e+00 4.3286770098e+03 6.4278760969e+01 0.0000000000e+00 -7.6604444312e+01 2212 0.0000000000e+00 1.0000000000e+00
453 6.9729063211e+02 0.0000000000e+00 4.3443970253e+03 6.4278760969e+01 0.0000000000e+00 -7.6604444312e+01 2212 0.0000000000e+00 1.0000000000e+00
454 7.5085971701e+02 0.0000000000e+00 4.3354595401e+03 6.4278760969e+01 0.0000000000e+00 -7.6604444312e+01 2212 0.0000000000e+00 1.0000000000e+00
455 7.3665720396e+02 0.0000000000e+00 4.3378953310e+03 6.4278760969e+01 0.0000000000e+00 -7.6604444312e+01 2212 0.0000000000e+00 1.0000000000e+00
456 7.8941454600e+02 0.0000000000e+00 4.3286053659e+03 6.4278760969e+01 0.0000000000e+00 -7.6604444312e+01 2212 0.0000000000e+00 1.0000000000e+00
457 7.5543822881e+02 0.0000000000e+00 4.3346640956e+03 6.4278760969e+01 0.0000000000e+00 -7.6604444312e+01 2212 0.0000000000e+00 1.0000000000e+00
458 7.8821265451e+02 0.0000000000e+00 4.3288243843e+03 6.4278760969e+01 0.0000000000e+00 -7.6604444312e+01 2212 0.0000000000e+00 1.0000000000e+00
459 7.1387310272e+02 0.0000000000e+00 4.3417029991e+03 6.4278760969e+01 0.0000000000e+00 -7.6604444312e+01 2212 0.0000000000e+00 1.0000000000e+00
460 7.3459685294e+02 0.0000000000e+00 4.3382447145e+03 6.4278760969e+01 0.0000000000e+00 -7.6604444312e+01 2212 0.0000000000e+00 1.0000000000e+00
461 7.3398351759e+02 0.0000000000e+00 4.3383485262e+03 6.4278760969e+01 0.0000000000e+00 -7.6604444312e+01 2212 0.0000000000e+00 1.0000000000e+00
462 7.1881973326e+02 0.0000000000e+00 4.3408867677e+03 6.4278760969e+01 0.0000000000e+00 -7.6604444312e+01 2212 0.0000000000e+00 1.0000000000e+00
463 7.5639774532e+02 0.0000000000e+00 4.3344967631e+03 6.4278760969e+01 0.0000000000e+00 -7.6604444312e+01 2212 0.0000000000e+00 1.0000000000e+00
464 7.2197171157e+02 0.0000000000e+00 4.3403636468e+03 6.4278760969e+01 0.0000000000e+00 -7.6604444312e+01 2212 0.0000000000e+00 1.0000000000e+00
465 7.5998003211e+02 0.0000000000e+00 4.3338701053e+03 6.4278760969e+01 0.0000000000e+00 -7.6604444312e+01 2212 0.0000000000e+00 1.0000000000e+00
466 7.0650489730e+02 0.0000000000e+00 4.3429080774e+03 6.4278760969e+01 0.0000000000e+00 -7.6604444312e+01 2212 0.0000000000e+00 1.0000000000e+00
467 7.9492185922e+02 0.0000000000e+00 4.3275973677e+03 6.4278760969e+01 0.0000000000e+00 -7.6604444312e+01 2212 0.0000000000e+00 1.0000000000e+00
468 6.9394595162e+02 0.0000000000e+00 4.3449325375e+03 6.4278760969e+01 0.0000000000e+00 -7.6604444312e+01 2212 0.0000000000e+00 1.0000000000e+00
469 7.9438091874e+02 0.0000000000e+00 4.3276966963e+03 6.4278760969e+01 0.0000000000e+00 -7.6604444312e+01 2212 0.0000000000e+00 1.0000000000e+00
470 6.9348884566e+02 0.0000000000e+00 4.3450055190e+03 6.4278760969e+01 0.0000000000e+00 -7.6604444312e+01 2212 0.0000000000e+00 1.0000000000e+00
471 7.7821288566e+02 0.0000000000e+00 4.3306332613e+03 6.4278760969e+01 0.0000000000e+00 -7.6604444312e+01 2212 0.0000000000e+00 1.0000000000e+00
472 7.2325485855e+02 0.0000000000e+00 4.3401500145e+03 6.4278760969e+01 0.0000000000e+00 -7.6604444312e+01 2212 0.0000000000e+00 1.0000000000e+00
473 8.3547866187e+02 0.0000000000e+00 4.3199508266e+03 6.4278760969e+01 0.0000000000e+00 -7.6604444312e+01 2212 0.0000000000e+00 1.0000000000e+00
474 7.2293021750e+02 0.0000000000e+00 4.3402041011e+03 6.4278760969e+01 0.0000000000e+00 -7.6604444312e+01 2212 0.0000000000e+00 1.0000000000e+00
475 7.8856993522e+02 0.0000000000e+00 4.3287593137e+03 6.4278760969e+01 0.0000000000e+00 -7.6604444312e+01 2212 0.0000000000e+00 1.0000000000e+00
476 7.8293808583e+02 0.0000000000e+00 4.3297814832e+03 6.4278760969e+01 0.0000000000e+00 -7.6604444312e+01 2212 0.0000000000e+00 1.0000000000e+00
477 8.2113050002e+02 0.0000000000e+00 4.3227010585e+03 6.4278760969e+01 0.0000000000e+00 -7.6604444312e+01 2212 0.0000000000e+00 1.0000000000e+00
478 8.2335546828e+02 0.0000000000e+00 4.3222778152e+03 6.4278760969e+01 0.0000000000e+00 -7.6604444312e+01 2212 0.0000000000e+00 1.0000000000e+00
479 7.5109131716e+02 0.0000000000e+00 4.3354194229e+03 6.4278760969e+01 0.0000000000e+00 -7.6604444312e+01 2212 0.0000000000e+00 1.0000000000e+00
480 8.0632531357e+02 0.0000000000e+00 4.3254871665e+03 6.4278760969e+01 0.0000000000e+00 -7.6604444312e+01 2212 0.0000000000e+00 1.0000000000e+00
481 8.0909529542e+02 0.0000000000e+00 4.3249698891e+03 6.4278760969e+01 0.0000000000e+00 -7.6604444312e+01 2212 0.0000000000e+00 1.0000000000e+00
482 7.9752456310e+02 0.0000000000e+00 4.3271184766e+03 6.4278760969e+01 0.0000000000e+00 -7.6604444312e+01 2212 0.0000000000e+00 1.0000000000e+00
483 7.0923454637e+02 0.0000000000e+00 4.3424631371e+03 6.4278760969e+01 0.0000000000e+00 -7.6604444312e+01 2212 0.0000000000e+00 1.0000000000e+00
484 7.3536377245e+02 0.0000000000e+00 4.3381147819e+03 6.4278760969e+01 0.0000000000e+00 -7.6604444312e+01 2212 0.0000000000e+00 1.0000000000e+00
485 7.2789484513e+02 0.0000000000e+00 4.3393742444e+03 6.4278760969e+01 0.0000000000e+00 -7.6604444312e+01 2212 0.0000000000e+00 1.0000000000e+00
486 7.4333392850e+02 0.0000000000e+00 4.3367562082e+03 6.4278760969e+01 0.0000000000e+00 -7.6604444312e+01 2212 0.0000000000e+00 1.0000000000e+00
487 7.2269438363e+02 0.0000000000e+00 4.3402433764e+03 6.4278760969e+01 0.0000000000e+00 -7.6604444312e+01 2212 0.0000000000e+00 1.0000000000e+00
488 7.1804050834e+02 0.0000000000e+00 4.3410157299e+03 6.4278760969e+01 0.0000000000e+00 -7.6604444312e+01 2212 0.0000000000e+00 1.0000000000e+00
489 7.6896003303e+02 0.0000000000e+00 4.3322857946e+03 6.4278760969e+01 0.0000000000e+00 -7.6604444312e+01 2212 0.0000000000e+00 1.0000000000e+00
490 8.2983173856e+02 0.0000000000e+00 4.3210391140e+03 6.4278760969e+01 0.0000000000e+00 -7.6604444312e+01 2212 0.0000000000e+00 1.0000000000e+00
491 7.9348592261e+02 0.0000000000e+00 4.3278608838e+03 6.4278760969e+01 0.0000000000e+00 -7.6604444312e+01 2212 0.0000000000e+00 1.0000000000e+00
492 7.7338780923e+02 0.0000000000e+00 4.3314975511e+03 6.4278760969e+01 0.0000000000e+00 -7.6604444312e+01 2212 0.0000000000e+00 1.0000000000e+00
493 7.2529707380e+02 0.0000000000e+00 4.3398092001e+03 6.4278760969e+01 0.0000000000e+00 -7.6604444312e+01 2212 0.0000000000e+00 1.0000000000e+00
494 8.1199625947e+02 0.0000000000e+00 4.3244261831e+03 6.4278760969e+01 0.0000000000e+00 -7.6604444312e+01 2212 0.0000000000e+00 1.0000000000e+00
495 7.1789164897e+02 0.0000000000e+00 4.3410403499e+03 6.4278760969e+01 0.0000000000e+00 -7.6604444312e+01 2212 0.0000000000e+00 1.0000000000e+00
496 7.4118884796e+02 0.0000000000e+00 4.3371233359e+03 6.4278760969e+01 0.0000000000e+00 -7.6604444312e+01 2212 0.0000000000e+00 1.0000000000e+00
497 8.0789770544e+02 0.0000000000e+00 4.3251937571e+03 6.4278760969e+01 0.0000000000e+00 -7.6604444312e+01 2212 0.0000000000e+00 1.0000000000e+00
498 8.0934280048e+02 0.0000000000e+00 4.3249235797e+03 6.4278760969e+01 0.0000000000e+00 -7.6604444312e+01 2212 0.0000000000e+00 1.0000000000e+00
499 7.4973605766e+02 0.0000000000e+00 4.3356539971e+03 6.4278760969e+01 0.0000000000e+00 -7.6604444312e+01 2212 0.0000000000e+00 1.0000000000e+00
500 7.0409950498e+02 0.0000000000e+00 4.3432987033e+03 6.4278760969e+01 0.0000000000e+00 -7.6604444312e+01 2212 0.0000000000e+00 1.0000000000e+00
501 7.5423065008e+02 0.0000000000e+00 4.3348743771e+03 6.4278760969e+01 0.0000000000e+00 -7.6604444312e+01 2212 0.0000000000e+00 1.0000000000e+00
502 7.9611510398e+02 0.0000000000e+00 4.3273780145e+03 6.4278760969e+01 0.0000000000e+00 -7.6604444312e+01 2212 0.0000000000e+00 1.0000000000e+00
503 7.8316073230e+02 0.0000000000e+00 4.3297412170e+03 6.4278760969e+01 0.0000000000e+00 -7.6604444312e+01 2212 0.0000000000e+00 1.0000000000e+00
504 8.2711005409e+02 0.0000000000e+00 4.3215609098e+03 6.4278760969e+01 0.0000000000e+00 -7.6604444312e+01 2212 0.0000000000e+00 1.0000000000e+00
505 7.9108401316e+02 0.0000000000e+00 4.3283005699e+03 6.4278760969e+01 0.0000000000e+00 -7.6604444312e+01 2212 0.0000000000e+00 1.0000000000e+00
506 8.0992720716e+02 0.0000000000e+00 4.3248141761e+03 6.4278760969e+01 0.0000000000e+00 -7.6604444312e+01 2212 0.0000000000e+00 1.0000000000e+00
507 7.5368176183e+02 0.0000000000e+00 4.3349698431e+03 6.4278760969e+01 0.0000000000e+00 -7.6604444312e+01 2212 0.0000000000e+00 1.0000000000e+00
508 7.3788811581e+02 0.0000000000e+00 4.3376861191e+03 6.4278760969e+01 0.0000000000e+00 -7.6604444312e+01 2212 0.0000000000e+00 1.0000000000e+00
509 7.3305219602e+02 0.0000000000e+00 4.3385059890e+03 6.4278760969e+01 0.0000000000e+00 -7.6604444312e+01 2212 0.0000000000e+00 1.0000000000e+00
510 7.2698309733e+02 0.0000000000e+00 4.3395270843e+03 6.4278760969e+01 0.0000000000e+00 -7.6604444312e+01 2212 0.0000000000e+00 1.0000000000e+00
511 8.3915020653e+02 0.0000000000e+00 4.3192391309e+03 6.4278760969e+01 0.0000000000e+00 -7.6604444312e+01 2212 0.0000000000e+00 1.0000000000e+00
512 7.6329601556e+02 0.0000000000e+00 4.3332873124e+03 6.4278760969e+01 0.0000000000e+00 -7.6604444312e+01 2212 0.0000000000e+00 1.0000000000e+00
513 7.1822130023e+02 0.0000000000e+00 4.3409858215e+03 6.4278760969e+01 0.0000000000e+00 -7.6604444312e+01 2212 0.0000000000e+00 1.0000000000e+00
514 7.5098169453e+02 0.0000000000e+00 4.3354384131e+03 6.4278760969e+01 0.0000000000e+00 -7.6604444312e+01 2212 0.0000000000e+00 1.0000000000e+00
515 7.7281714164e+02 0.0000000000e+00 4.3315994049e+03 6.4278760969e+01 0.0000000000e+00 -7.6604444312e+01 2212 0.0000000000e+00 1.0000000000e+00
516 7.5269568178e+02 0.0000000000e+00 4.3351411683e+03 6.4278760969e+01 0.0000000000e+00 -7.6604444312e+01 2212 0.0000000000e+00 1.0000000000e+00
517 7.5998478415e+02 0.0000000000e+00 4.3338692720e+03 6.4278760969e+01 0.0000000000e+00 -7.6604444312e+01 2212 0.0000000000e+00 1.0000000000e+00
518 6.9959235217e+02 0.0000000000e+00 4.3440269658e+03 6.4278760969e+01 0.0000000000e+00 -7.6604444312e+01 2212 0.0000000000e+00 1.0000000000e+00
519 7.0177247189e+02 0.0000000000e+00 4.3436753028e+03 6.4278760969e+01 0.0000000000e+00 -7.6604444312e+01 2212 0.0000000000e+00 1.0000000000e+00
520 7.7968538312e+02 0.0000000000e+00 4.3303683957e+03 6.4278760969e+01 0.0000000000e+00 -7.6604444312e+01 2212 0.0000000000e+00 1.0000000000e+00
521 7.3567843943e+02 0.0000000000e+00 4.3380614303e+03 6.4278760969e+01 0.0000000000e+00 -7.6604444312e+01 2212 0.0000000000e+00 1.0000000000e+00
522 8.0141341474e+02 0.0000000000e+00 4.3263999211e+03 6.4278760969e+01 0.0000000000e+00 -7.6604444312e+01 2212 0.0000000000e+00 1.0000000000e+00
523 7.7897312417e+02 0.0000000000e+00 4.3304965778e+03 6.4278760969e+01 0.0000000000e+00 -7.6604444312e+01 2212 0.0000000000e+00 1.0000000000e+00
524 8.0902002200e+02 0.0000000000e+00 4.3249839702e+03 6.4278760969e+01 0.0000000000e+00 -7.6604444312e+01 2212 0.0000000000e+00 1.0000000000e+00
525 6.9577845653e+02 0.0000000000e+00 4.3446394647e+03 6.4278760969e+01 0.0000000000e+00 -7.6604444312e+01 2212 0.0000000000e+00 1.0000000000e+00
526 7.4612178025e+02 0.0000000000e+00 4.3362774390e+03 6.4278760969e+01 0.0000000000e+00 -7.6604444312e+01 2212 0.0000000000e+00 1.0000000000e+00
527 7.4407559764e+02 0.0000000000e+00 4.3366290185e+03 6.4278760969e+01 0.0000000000e+00 -7.6604444312e+01 2212 0.0000000000e+00 1.0000000000e+00
528 8.0895690606e+02 0.0000000000e+00 4.3249957761e+03 6.4278760969e+01 0.0000000000e+00 -7.6604444312e+01 2212 0.0000000000e+00 1.0000000000e+00
529 7.0775724702e+02 0.0000000000e+00 4.3427041596e+03 6.4278760969e+01 0.0000000000e+00 -7.6604444312e+01 2212 0.0000000000e+00 1.0000000000e+00
530 7.5978580167e+02 0.0000000000e+00 4.3339041607e+03 6.4278760969e+01 0.0000000000e+00 -7.6604444312e+01 2212 0.0000000000e+00 1.0000000000e+00
531 6.9225441041e+02 0.0000000000e+00 4.3452023624e+03 6.4278760969e+01 0.0000000000e+00 -7.6604444312e+01 2212 0.0000000000e+00 1.0000000000e+00
532 7.9751669337e+02 0.0000000000e+00 4.3271199270e+03 6.4278760969e+01 0.0000000000e+00 -7.6604444312e+01 2212 0.0000000000e+00 1.0000000000e+00
533 7.9913529593e+02 0.0000000000e+00 4.3268212949e+03 6.4278760969e+01 0.0000000000e+00 -7.6604444312e+01 2212 0.0000000000e+00 1.0000000000e+00
534 7.1699961387e+02 0.0000000000e+00 4.3411877744e+03 6.4278760969e+01 0.0000000000e+00 -7.6604444312e+01 2212 0.0000000000e+00 1.0000000000e+00
535 7.2820799697e+02 0.0000000000e+00 4.3393217041e+03 6.4278760969e+01 0.0000000000e+00 -7.6604444312e+01 2212 0.0000000000e+00 1.0000000000e+00
536 7.5415722792e+02 0.0000000000e+00 4.3348871513e+03 6.4278760969e+01 0.0000000000e+00 -7.6604444312e+01 2212 0.0000000000e+00 1.0000000000e+00
537 7.9601834011e+02 0.0000000000e+00 4.3273958152e+03 6.4278760969e+01 0.0000000000e+00 -7.6604444312e+01 2212 0.0000000000e+00 1.0000000000e+00
538 8.1292859899e+02 0.0000000000e+00 4.3242510140e+03 6.4278760969e+01 0.0000000000e+00 -7.6604444312e+01 2212 0.0000000000e+00 1.0000000000e+00
539 7.9087514636e+02 0.0000000000e+00 4.3283387393e+03 6.4278760969e+01 0.0000000000e+00 -7.6604444312e+01 2212 0.0000000000e+00 1.0000000000e+00
540 8.1335192313e+02 0.0000000000e+00 4.3241714106e+03 6.4278760969e+01 0.0000000000e+00 -7.6604444312e+01 2212 0.0000000000e+00 1.0000000000e+00
541 8.1250224932e+02 0.0000000000e+00 4.3243311429e+03 6.4278760969e+01 0.0000000000e+00 -7.6604444312e+01 2212 0.0000000000e+00 1.0000000000e+00
542 7.1704701226e+02 0.0000000000e+00 4.3411799457e+03 6.4278760969e+01 0.0000000000e+00 -7.6604444312e+01 2212 0.0000000000e+00 1.0000000000e+00
543 8.0802804299e+02 0.0000000000e+00 4.3251694095e+03 6.4278760969e+01 0.0000000000e+00 -7.6604444312e+01 2212 0.0000000000e+00 1.0000000000e+00
544 6.9136093116e+02 0.0000000000e+00 4.3453446125e+03 6.4278760969e+01 0.0000000000e+00 -7.6604444312e+01 2212 0.0000000000e+00 1.0000000000e+00
545 7.8004350654e+02 0.0000000000e+00 4.3303039000e+03 6.4278760969e+01 0.0000000000e+00 -7.6604444312e+01 2212 0.0000000000e+00 1.0000000000e+00
546 7.9481165628e+02 0.0000000000e+00 4.3276176090e+03 6.4278760969e+01 0.0000000000e+00 -7.6604444312e+01 2212 0.0000000000e+00 1.0000000000e+00
547 7.6465745980e+02 0.0000000000e+00 4.3330472774e+03 6.4278760969e+01 0.0000000000e+00 -7.6604444312e+01 2212 0.0000000000e+00 1.0000000000e+00
548 7.4093997670e+02 0.0000000000e+00 4.3371658592e+03 6.4278760969e+01 0.0000000000e+00 -7.6604444312e+01 2212 0.0000000000e+00 1.0000000000e+00
549 7.5356754177e+02 0.0000000000e+00 4.3349897000e+03 6.4278760969e+01 0.0000000000e+00 -7.6604444312e+01 2212 0.0000000000e+00 1.0000000000e+00
550 7.5187347782e+02 0.0000000000e+00 4.3352838445e+03 6.4278760969e+01 0.0000000000e+00 -7.6604444312e+01 2212 0.0000000000e+00 1.0000000000e+00
551 7.0360480092e+02 0.0000000000e+00 4.3433788717e+03 6.4278760969e+01 0.0000000000e+00 -7.6604444312e+01 2212 0.0000000000e+00 1.0000000000e+00
552 8.0456788101e+02 0.0000000000e+00 4.3258144047e+03 6.4278760969e+01 0.0000000000e+00 -7.6604444312e+01 2212 0.0000000000e+00 1.0000000000e+00
553 7.6201378276e+02 0.0000000000e+00 4.3335129784e+03 6.4278760969e+01 0.0000000000e+00 -7.6604444312e+01 2212 0.0000000000e+00 1.0000000000e+00
554 8.3396210458e+02 0.0000000000e+00 4.3202438527e+03 6.4278760969e+01 0.0000000000e+00 -7.6604444312e+01 2212 0.0000000000e+00 1.0000000000e+00
555 7.4898154048e+02 0.0000000000e+00 4.3357844032e+03 6.4278760969e+01 0.0000000000e+00 -7.6604444312e+01 2212 0.0000000000e+00 1.0000000000e+00
556 8.2335609023e+02 0.0000000000e+00 4.3222776967e+03 6.4278760969e+01 0.0000000000e+00 -7.6604444312e+01 2212 0.0000000000e+00 1.0000000000e+00
557 7.7723358262e+02 0.0000000000e+00 4.3308091273e+03 6.4278760969e+01 0.0000000000e+00 -7.6604444312e+01 2212 0.0000000000e+00 1.0000000000e+00
558 7.0877440652e+02 0.0000000000e+00 4.3425382646e+03 6.4278760969e+01 0.0000000000e+00 -7.6604444312e+01 2212 0.0000000000e+00 1.0000000000e+00
559 7.5560425290e+02 0.0000000000e+00 4.3346351579e+03 6.4278760969e+01 0.0000000000e+00 -7.6604444312e+01 2212 0.0000000000e+00 1.0000000000e+00
560 8.0905451734e+02 0.0000000000e+00 4.3249775175e+03 6.4278760969e+01 0.0000000000e+00 -7.6604444312e+01 2212 0.0000000000e+00 1.0000000000e+00
561 7.2377402632e+02 0.0000000000e+00 4.3400634670e+03 6.4278760969e+01 0.0000000000e+00 -7.6604444312e+01 2212 0.0000000000e+00 1.0000000000e+00
562 7.9157858279e+02 0.0000000000e+00 4.3282101481e+03 6.4278760969e+01 0.0000000000e+00 -7.6604444312e+01 2212 0.0000000000e+00 1.0000000000e+00
563 7.8434378534e+02 0.0000000000e+00 4.3295270602e+03 6.4278760969e+01 0.0000000000e+00 -7.6604444312e+01 2212 0.0000000000e+00 1.0000000000e+00
564 7.6859722374e+02 0.0000000000e+00 4.3323501759e+03 6.4278760969e+01 0.0000000000e+00 -7.6604444312e+01 2212 0.0000000000e+00 1.0000000000e+00
565 7.2306334200e+02 0.0000000000e+00 4.3401819250e+03 6.4278760969e+01 0.0000000000e+00 -7.6604444312e+01 2212 0.0000000000e+00 1.0000000000e+00
566 8.1934490268e+02 0.0000000000e+00 4.3230398644e+03 6.4278760969e+01 0.0000000000e+00 -7.6604444312e+01 2212 0.0000000000e+00 1.0000000000e+00
567 7.2642927751e+02 0.0000000000e+00 4.3396198271e+03 6.4278760969e+01 0.0000000000e+00 -7.6604444312e+01 2212 0.0000000000e+00 1.0000000000e+00
568 8.0232681869e+02 0.0000000000e+00 4.3262306243e+03 6.4278760969e+01 0.0000000000e+00 -7.6604444312e+01 2212 0.0000000000e+00 1.0000000000e+00
569 8.3632848482e+02 0.0000000000e+00 4.3197863841e+03 6.4278760969e+01 0.0000000000e+00 -7.6604444312e+01 2212 0.0000000000e+00 1.0000000000e+00
570 7.0244662402e+02 0.0000000000e+00 4.3435663319e+03 6.4278760969e+01 0.0000000000e+00 -7.6604444312e+01 2212 0.0000000000e+00 1.0000000000e+00
571 7.5597400840e+02 0.0000000000e+00 4.3345706866e+03 6.4278760969e+01 0.0000000000e+00 -7.6604444312e+01 2212 0.0000000000e+00 1.0000000000e+00
572 7.3824034533e+02 0.0000000000e+00 4.3376261862e+03 6.4278760969e+01 0.0000000000e+00 -7.6604444312e+01 2212 0.0000000000e+00 1.0000000000e+00
573 7.0057940091e+02 0.0000000000e+00 4.3438678896e+03 6.4278760969e+01 0.0000000000e+00 -7.6604444312e+01 2212 0.0000000000e+00 1.0000000000e+00
574 7.5079278865e+02 0.0000000000e+00 4.3354711310e+03 6.4278760969e+01 0.0000000000e+00 -7.6604444312e+01 2212 0.0000000000e+00 1.0000000000e+00
575 7.0647861125e+02 0.0000000000e+00 4.3429123536e+03 6.4278760969e+01 0.0000000000e+00 -7.6604444312e+01 2212 0.0000000000e+00 1.0000000000e+00
576 6.8845797026e+02 0.0000000000e+00 4.3458054906e+03 6.4278760969e+01 0.0000000000e+00 -7.6604444312e+01 2212 0.0000000000e+00 1.0000000000e+00
577 7.5842133251e+02 0.0000000000e+00 4.3341431473e+03 6.4278760969e+01 0.0000000000e+00 -7.6604444312e+01 2212 0.0000000000e+00 1.0000000000e+00
578 7.7880455295e+02 0.0000000000e+00 4.3305268972e+03 6.4278760969e+01 0.0000000000e+00 -7.6604444312e+01 2212 0.0000000000e+00 1.0000000000e+00
579 8.0613776023e+02 0.0000000000e+00 4.3255221246e+03 6.4278760969e+01 0.0000000000e+00 -7.6604444312e+01 2212 0.0000000000e+00 1.0000000000e+00
580 7.9164973310e+02 0.0000000000e+00 4.3281971349e+03 6.4278760969e+01 0.0000000000e+00 -7.6604444312e+01 2212 0.0000000000e+00 1.0000000000e+00
581 7.4869391419e+02 0.0000000000e+00 4.3358340791e+03 6.4278760969e+01 0.0000000000e+00 -7.6604444312e+01 2212 0.0000000000e+00 1.0000000000e+00
582 7.4381794163e+02 0.0000000000e+00 4.3366732190e+03 6.4278760969e+01 0.0000000000e+00 -7.6604444312e+01 2212 0.0000000000e+00 1.0000000000e+00
583 7.8287332560e+02 0.0000000000e+00 4.3297931931e+03 6.4278760969e+01 0.0000000000e+00 -7.6604444312e+01 2212 0.0000000000e+00 1.0000000000e+00
584 7.4839189538e+02 0.0000000000e+00 4.3358862197e+03 6.4278760969e+01 0.0000000000e+00 -7.6604444312e+01 2212 0.0000000000e+00 1.0000000000e+00
585 8.0915117015e+02 0.0000000000e+00 4.3249594360e+03 6.4278760969e+01 0.0000000000e+00 -7.6604444312e+01 2212 0.0000000000e+00 1.0000000000e+00
586 7.6032462652e+02 0.0000000000e+00 4.3338096637e+03 6.4278760969e+01 0.0000000000e+00 -7.6604444312e+01 2212 0.0000000000e+00 1.0000000000e+00
587 7.6322758889e+02 0.0000000000e+00 4.3332993650e+03 6.4278760969e+01 0.0000000000e+00 -7.6604444312e+01 2212 0.0000000000e+00 1.0000000000e+00
588 7.7631269108e+02 0.0000000000e+00 4.3309742951e+03 6.4278760969e+01 0.0000000000e+00 -7.6604444312e+01 2212 0.0000000000e+00 1.0000000000e+00
589 6.9398158384e+02 0.0000000000e+00 4.3449268464e+03 6.4278760969e+01 0.0000000000e+00 -7.6604444312e+01 2212 0.0000000000e+00 1.0000000000e+00
590 7.0910710897e+02 0.0000000000e+00 4.3424839489e+03 6.4278760969e+01 0.0000000000e+00 -7.6604444312e+01 2212 0.0000000000e+00 1.0000000000e+00
591 7.9718547300e+02 0.0000000000e+00 4.3271809600e+03 6.4278760969e+01 0.0000000000e+00 -7.6604444312e+01 2212 0.0000000000e+00 1.0000000000e+00
592 8.3947125019e+02 0.0000000000e+00 4.3191767455e+03 6.4278760969e+01 0.0000000000e+00 -7.6604444312e+01 2212 0.0000000000e+00 1.0000000000e+00
593 7.9327849538e+02 0.0000000000e+00 4.3278989091e+03 6.4278760969e+01 0.0000000000e+00 -7.6604444312e+01 2212 0.0000000000e+00 1.0000000000e+00
594 7.6516023327e+02 0.0000000000e+00 4.3329585223e+03 6.4278760969e+01 0.0000000000e+00 -7.6604444312e+01 2212 0.0000000000e+00 1.0000000000e+00
595 7.3612384045e+02 0.0000000000e+00 4.3379858725e+03 6.4278760969e+01 0.0000000000e+00 -7.6604444312e+01 2212 0.0000000000e+00 1.0000000000e+00
596 7.6300325389e+02 0.0000000000e+00 4.3333388713e+03 6.4278760969e+01 0.0000000000e+00 -7.6604444312e+01 2212 0.0000000000e+00 1.0000000000e+00
597 8.1490715573e+02 0.0000000000e+00 4.3238785906e+03 6.4278760969e+01 0.0000000000e+00 -7.6604444312e+01 2212 0.0000000000e+00 1.0000000000e+00
598 7.1664533002e+02 0.0000000000e+00 4.3412462738e+03 6.4278760969e+01 0.0000000000e+00 -7.6604444312e+01 2212 0.0000000000e+00 1.0000000000e+00
599 6.9443931767e+02 0.0000000000e+00 4.3448537113e+03 6.4278760969e+01 0.0000000000e+00 -7.6604444312e+01 2212 0.0000000000e+00 1.0000000000e+00
600 7.3319004986e+02 0.0000000000e+00 4.3384826944e+03 6.4278760969e+01 0.0000000000e+00 -7.6604444312e+01 2212 0.0000000000e+00 1.0000000000e+00
601 7.8364718502e+02 0.0000000000e+00 4.3296531995e+03 6.4278760969e+01 0.0000000000e+00 -7.6604444312e+01 2212 0.0000000000e+00 1.0000000000e+00
602 8.0916175828e+02 0.0000000000e+00 4.3249574550e+03 6.4278760969e+01 0.0000000000e+00 -7.6604444312e+01 2212 0.0000000000e+00 1.0000000000e+00
603 6.9161045906e+02 0.0000000000e+00 4.3453049044e+03 6.4278760969e+01 0.0000000000e+00 -7.6604444312e+01 2212 0.0000000000e+00 1.0000000000e+00
604 7.3299170283e+02 0.0000000000e+00 4.3385162098e+03 6.4278760969e+01 0.0000000000e+00 -7.6604444312e+01 2212 0.0000000000e+00 1.0000000000e+00
605 8.0059306940e+02 0.0000000000e+00 4.3265517998e+03 6.4278760969e+01 0.0000000000e+00 -7.6604444312e+01 2212 0.0000000000e+00 1.0000000000e+00
606 7.9384940124e+02 0.0000000000e+00 4.3277942265e+03 6.4278760969e+01 0.0000000000e+00 -7.6604444312e+01 2212 0.0000000000e+00 1.0000000000e+00
607 7.4846259889e+02 0.0000000000e+00 4.3358740153e+03 6.4278760969e+01 0.0000000000e+00 -7.6604444312e+01 2212 0.0000000000e+00 1.0000000000e+00
608 7.2968715057e+02 0.0000000000e+00 4.3390732192e+03 6.4278760969e+01 0.0000000000e+00 -7.6604444312e+01 2212 0.0000000000e+00 1.0000000000e+00
609 7.6701362987e+02 0.0000000000e+00 4.3326308209e+03 6.4278760969e+01 0.0000000000e+00 -7.6604444312e+01 2212 0.0000000000e+00 1.0000000000e+00
610 8.2636784814e+02 0.0000000000e+00 4.3217028957e+03 6.4278760969e+01 0.0000000000e+00 -7.6604444312e+01 2212 0.0000000000e+00 1.0000000000e+00
611 7.5863669030e+02 0.0000000000e+00 4.3341054568e+03 6.4278760969e+01 0.0000000000e+00 -7.6604444312e+01 2212 0.0000000000e+00 1.0000000000e+00
612 7.3356126327e+02 0.0000000000e+00 4.3384199442e+03 6.4278760969e+01 0.0000000000e+00 -7.6604444312e+01 2212 0.0000000000e+00 1.0000000000e+00
613 7.9037355247e+02 0.0000000000e+00 4.3284303606e+03 6.4278760969e+01 0.0000000000e+00 -7.6604444312e+01 2212 0.0000000000e+00 1.0000000000e+00
614 8.2294788566e+02 0.0000000000e+00 4.3223554361e+03 6.4278760969e+01 0.0000000000e+00 -7.6604444312e+01 2212 0.0000000000e+00 1.0000000000e+00
615 8.1698627698e+02 0.0000000000e+00 4.3234862278e+03 6.4278760969e+01 0.0000000000e+00 -7.6604444312e+01 2212 0.0000000000e+00 1.0000000000e+00
616 8.3152560079e+02 0.0000000000e+00 4.3207134728e+03 6.4278760969e+01 0.0000000000e+00 -7.6604444312e+01 2212 0.0000000000e+00 1.0000000000e+00
617 7.3621291374e+02 0.0000000000e+00 4.3379707565e+03 6.4278760969e+01 0.0000000000e+00 -7.6604444312e+01 2212 0.0000000000e+00 1.0000000000e+00
618 7.1392327262e+02 0.0000000000e+00 4.3416947497e+03 6.4278760969e+01 0.0000000000e+00 -7.6604444312e+01 2212 0.0000000000e+00 1.0000000000e+00
619 7.3617893658e+02 0.0000000000e+00 4.3379765228e+03 6.4278760969e+01 0.0000000000e+00 -7.6604444312e+01 2212 0.0000000000e+00 1.0000000000e+00
620 7.4275988176e+02 0.0000000000e+00 4.3368545626e+03 6.4278760969e+01 0.0000000000e+00 -7.6604444312e+01 2212 0.0000000000e+00 1.0000000000e+00
621 7.1368799709e+02 0.0000000000e+00 4.3417334305e+03 6.4278760969e+01 0.0000000000e+00 -7.6604444312e+01 2212 0.0000000000e+00 1.0000000000e+00
622 7.9159168124e+02 0.0000000000e+00 4.3282077525e+03 6.4278760969e+01 0.0000000000e+00 -7.6604444312e+01 2212 0.0000000000e+00 1.0000000000e+00
623 7.9194937495e+02 0.0000000000e+00 4.3281423182e+03 6.4278760969e+01 0.0000000000e+00 -7.6604444312e+01 2212 0.0000000000e+00 1.0000000000e+00
624 8.2770492257e+02 0.0000000000e+00 4.3214470146e+03 6.4278760969e+01 0.0000000000e+00 -7.6604444312e+01 2212 0.0000000000e+00 1.0000000000e+00
625 8.1213819534e+02 0.0000000000e+00 4.3243995295e+03 6.4278760969e+01 0.0000000000e+00 -7.6604444312e+01 2212 0.0000000000e+00 1.0000000000e+00
626 7.1028747911e+02 0.0000000000e+00 4.3422910354e+03 6.4278760969e+01 0.0000000000e+00 -7.6604444312e+01 2212 0.0000000000e+00 1.0000000000e+00
627 7.1602833972e+02 0.0000000000e+00 4.3413480804e+03 6.4278760969e+01 0.0000000000e+00 -7.6604444312e+01 2212 0.0000000000e+00 1.0000000000e+00
628 7.0345817629e+02 0.0000000000e+00 4.3434026216e+03 6.4278760969e+01 0.0000000000e+00 -7.6604444312e+01 2212 0.0000000000e+00 1.0000000000e+00
629 6.9354235498e+02 0.0000000000e+00 4.3449969782e+03 6.4278760969e+01 0.0000000000e+00 -7.6604444312e+01 2212 0.0000000000e+00 1.0000000000e+00
630 7.5067778418e+02 0.0000000000e+00 4.3354910452e+03 6.4278760969e+01 0.0000000000e+00 -7.6604444312e+01 2212 0.0000000000e+00 1.0000000000e+00
631 7.6555524548e+02 0.0000000000e+00 4.3328887483e+03 6.4278760969e+01 0.0000000000e+00 -7.6604444312e+01 2212 0.0000000000e+00 1.0000000000e+00
632 8.3580898221e+02 0.0000000000e+00 4.3198869296e+03 6.4278760969e+01 0.0000000000e+00 -7.6604444312e+01 2212 0.0000000000e+00 1.0000000000e+00
633 8.0610901611e+02 0.0000000000e+00 4.3255274815e+03 6.4278760969e+01 0.0000000000e+00 -7.6604444312e+01 2212 0.0000000000e+00 1.0000000000e+00
634 6.9460737715e+02 0.0000000000e+00 4.3448268470e+03 6.4278760969e+01 0.0000000000e+00 -7.6604444312e+01 2212 0.0000000000e+00 1.0000000000e+00
635 7.8167604473e+02 0.0000000000e+00 4.3300095035e+03 6.4278760969e+01 0.0000000000e+00 -7.6604444312e+01 2212 0.0000000000e+00 1.0000000000e+00
636 7.1665132123e+02 0.0000000000e+00 4.3412452848e+03 6.4278760969e+01 0.0000000000e+00 -7.6604444312e+01 2212 0.0000000000e+00 1.0000000000e+00
637 8.3054026474e+02 0.0000000000e+00 4.3209029852e+03 6.4278760969e+01 0.0000000000e+00 -7.6604444312e+01 2212 0.0000000000e+00 1.0000000000e+00
638 7.8049819940e+02 0.0000000000e+00 4.3302219689e+03 6.4278760969e+01 0.0000000000e+00 -7.6604444312e+01 2212 0.0000000000e+00 1.0000000000e+00
639 7.2287070147e+02 0.0000000000e+00 4.3402140141e+03 6.4278760969e+01 0.0000000000e+00 -7.6604444312e+01 2212 0.0000000000e+00 1.0000000000e+00
640 7.0153933822e+02 0.0000000000e+00 4.3437129619e+03 6.4278760969e+01 0.0000000000e+00 -7.6604444312e+01 2212 0.0000000000e+00 1.0000000000e+00
641 8.0680537077e+02 0.0000000000e+00 4.3253976502e+03 6.4278760969e+01 0.0000000000e+00 -7.6604444312e+01 2212 0.0000000000e+00 1.0000000000e+00
642 7.3624900946e+02 0.0000000000e+00 4.3379646304e+03 6.4278760969e+01 0.0000000000e+00 -7.6604444312e+01 2212 0.0000000000e+00 1.0000000000e+00
643 7.5064356668e+02 0.0000000000e+00 4.3354969697e+03 6.4278760969e+01 0.0000000000e+00 -7.6604444312e+01 2212 0.0000000000e+00 1.0000000000e+00
644 7.8070494290e+02 0.0000000000e+00 4.3301846994e+03 6.4278760969e+01 0.0000000000e+00 -7.6604444312e+01 2212 0.0000000000e+00 1.0000000000e+00
645 7.9342252188e+02 0.0000000000e+00 4.3278725074e+03 6.4278760969e+01 0.0000000000e+00 -7.6604444312e+01 2212 0.0000000000e+00 1.0000000000e+00
646 7.1881525996e+02 0.0000000000e+00 4.3408875084e+03 6.4278760969e+01 0.0000000000e+00 -7.6604444312e+01 2212 0.0000000000e+00 1.0000000000e+00
647 7.2633054920e+02 0.0000000000e+00 4.3396363525e+03 6.4278760969e+01 0.0000000000e+00 -7.6604444312e+01 2212 0.0000000000e+00 1.0000000000e+00
648 7.9306022413e+02 0.0000000000e+00 4.3279389113e+03 6.4278760969e+01 0.0000000000e+00 -7.6604444312e+01 2212 0.0000000000e+00 1.0000000000e+00
649 7.6516025042e+02 0.0000000000e+00 4.3329585193e+03 6.4278760969e+01 0.0000000000e+00 -7.6604444312e+01 2212 0.0000000000e+00 1.0000000000e+00
650 7.2539552835e+02 0.0000000000e+00 4.3397927446e+03 6.4278760969e+01 0.0000000000e+00 -7.6604444312e+01 2212 0.0000000000e+00 1.0000000000e+00
651 7.3089890183e+02 0.0000000000e+00 4.3388692691e+03 6.4278760969e+01 0.0000000000e+00 -7.6604444312e+01 2212 0.0000000000e+00 1.0000000000e+00
652 7.9131888369e+02 0.0000000000e+00 4.3282576360e+03 6.4278760969e+01 0.0000000000e+00 -7.6604444312e+01 2212 0.0000000000e+00 1.0000000000e+00
653 7.2144527808e+02 0.0000000000e+00 4.3404511804e+03 6.4278760969e+01 0.0000000000e+00 -7.6604444312e+01 2212 0.0000000000e+00 1.0000000000e+00
654 7.6192488687e+02 0.0000000000e+00 4.3335286091e+03 6.4278760969e+01 0.0000000000e+00 -7.6604444312e+01 2212 0.0000000000e+00 1.0000000000e+00
655 8.2806267668e+02 0.0000000000e+00 4.3213784771e+03 6.4278760969e+01 0.0000000000e+00 -7.6604444312e+01 2212 0.0000000000e+00 1.0000000000e+00
656 7.2779919345e+02 0.0000000000e+00 4.3393902882e+03 6.4278760969e+01 0.0000000000e+00 -7.6604444312e+01 2212 0.0000000000e+00 1.0000000000e+00
657 8.0609489840e+02 0.0000000000e+00 4.3255301124e+03 6.4278760969e+01 0.0000000000e+00 -7.6604444312e+01 2212 0.0000000000e+00 1.0000000000e+00
658 7.3116857370e+02 0.0000000000e+00 4.3388238332e+03 6.4278760969e+01 0.0000000000e+00 -7.6604444312e+01 2212 0.0000000000e+00 1.0000000000e+00
659 7.2761175842e+02 0.0000000000e+00 4.3394217204e+03 6.4278760969e+01 0.0000000000e+00 -7.6604444312e+01 2212 0.0000000000e+00 1.0000000000e+00
660 8.2530024143e+02 0.0000000000e+00 4.3219068998e+03 6.4278760969e+01 0.0000000000e+00 -7.6604444312e+01 2212 0.0000000000e+00 1.0000000000e+00
661 7.2274405616e+02 0.0000000000e+00 4.3402351052e+03 6.4278760969e+01 0.0000000000e+00 -7.6604444312e+01 2212 0.0000000000e+00 1.0000000000e+00
662 7.3012388199e+02 0.0000000000e+00 4.3389997529e+03 6.4278760969e+01 0.0000000000e+00 -7.6604444312e+01 2212 0.0000000000e+00 1.0000000000e+00
663 8.0839022070e+02 0.0000000000e+00 4.3251017317e+03 6.4278760969e+01 0.0000000000e+00 -7.6604444312e+01 2212 0.0000000000e+00 1.0000000000e+00
664 8.1559713912e+02 0.0000000000e+00 4.3237484947e+03 6.4278760969e+01 0.0000000000e+00 -7.6604444312e+01 2212 0.0000000000e+00 1.0000000000e+00
665 7.1515499935e+02 0.0000000000e+00 4.3414920322e+03 6.4278760969e+01 0.0000000000e+00 -7.6604444312e+01 2212 0.0000000000e+00 1.0000000000e+00
666 7.1809242079e+02 0.0000000000e+00 4.3410071428e+03 6.4278760969e+01 0.0000000000e+00 -7.6604444312e+01 2212 0.0000000000e+00 1.0000000000e+00
667 7.3289419651e+02 0.0000000000e+00 4.3385326823e+03 6.4278760969e+01 0.0000000000e+00 -7.6604444312e+01 2212 0.0000000000e+00 1.0000000000e+00
668 7.3841355835e+02 0.0000000000e+00 4.3375967028e+03 6.4278760969e+01 0.0000000000e+00 -7.6604444312e+01 2212 0.0000000000e+00 1.0000000000e+00
669 8.1197762772e+02 0.0000000000e+00 4.3244296816e+03 6.4278760969e+01 0.0000000000e+00 -7.6604444312e+01 2212 0.0000000000e+00 1.0000000000e+00
670 8.3151166366e+02 0.0000000000e+00 4.3207161550e+03 6.4278760969e+01 0.0000000000e+00 -7.6604444312e+01 2212 0.0000000000e+00 1.0000000000e+00
671 7.5591318154e+02 0.0000000000e+00 4.3345812948e+03 6.4278760969e+01 0.0000000000e+00 -7.6604444312e+01 2212 0.0000000000e+00 1.0000000000e+00
672 7.6497036033e+02 0.0000000000e+00 4.3329920478e+03 6.4278760969e+01 0.0000000000e+00 -7.6604444312e+01 2212 0.0000000000e+00 1.0000000000e+00
673 8.1690975188e+02 0.0000000000e+00 4.3235006877e+03 6.4278760969e+01 0.0000000000e+00 -7.6604444312e+01 2212 0.0000000000e+00 1.0000000000e+00
674 7.4943876774e+02 0.0000000000e+00 4.3357053950e+03 6.4278760969e+01 0.0000000000e+00 -7.6604444312e+01 2212 0.0000000000e+00 1.0000000000e+00
675 8.3044876613e+02 0.0000000000e+00 4.3209205716e+03 6.4278760969e+01 0.0000000000e+00 -7.6604444312e+01 2212 0.0000000000e+00 1.0000000000e+00
676 6.9241651662e+02 0.0000000000e+00 4.3451765334e+03 6.4278760969e+01 0.0000000000e+00 -7.6604444312e+01 2212 0.0000000000e+00 1.0000000000e+00
677 7.1819890244e+02 0.0000000000e+00 4.3409895272e+03 6.4278760969e+01 0.0000000000e+00 -7.6604444312e+01 2212 0.0000000000e+00 1.0000000000e+00
678 7.8246397177e+02 0.0000000000e+00 4.3298671887e+03 6.4278760969e+01 0.0000000000e+00 -7.6604444312e+01 2212 0.0000000000e+00 1.0000000000e+00
679 8.2838825326e+02 0.0000000000e+00 4.3213160774e+03 6.4278760969e+01 0.0000000000e+00 -7.6604444312e+01 2212 0.0000000000e+00 1.0000000000e+00
680 7.4095184356e+02 0.0000000000e+00 4.3371638319e+03 6.4278760969e+01 0.0000000000e+00 -7.6604444312e+01 2212 0.0000000000e+00 1.0000000000e+00
681 7.4909755529e+02 0.0000000000e+00 4.3357643607e+03 6.4278760969e+01 0.0000000000e+00 -7.6604444312e+01 2212 0.0000000000e+00 1.0000000000e+00
682 7.3026875937e+02 0.0000000000e+00 4.3389753719e+03 6.4278760969e+01 0.0000000000e+00 -7.6604444312e+01 2212 0.0000000000e+00 1.0000000000e+00
683 7.5922456998e+02 0.0000000000e+00 4.3340025140e+03 6.4278760969e+01 0.0000000000e+00 -7.6604444312e+01 2212 0.0000000000e+00 1.0000000000e+00
684 6.9802689674e+02 0.0000000000e+00 4.3442787883e+03 6.4278760969e+01 0.0000000000e+00 -7.6604444312e+01 2212 0.0000000000e+00 1.0000000000e+00
685 7.2239596519e+02 0.0000000000e+00 4.3402930556e+03 6.4278760969e+01 0.0000000000e+00 -7.6604444312e+01 2212 0.0000000000e+00 1.0000000000e+00
686 7.3898998556e+02 0.0000000000e+00 4.3374985349e+03 6.4278760969e+01 0.0000000000e+00 -7.6604444312e+01 2212 0.0000000000e+00 1.0000000000e+00
687 7.9633920118e+02 0.0000000000e+00 4.3273367809e+03 6.4278760969e+01 0.0000000000e+00 -7.6604444312e+01 2212 0.0000000000e+00 1.0000000000e+00
688 6.9858117439e+02 0.0000000000e+00 4.3441896922e+03 6.4278760969e+01 0.0000000000e+00 -7.6604444312e+01 2212 0.0000000000e+00 1.0000000000e+00
689 7.8531860840e+02 0.0000000000e+00 4.3293503464e+03 6.4278760969e+01 0.0000000000e+00 -7.6604444312e+01 2212 0.0000000000e+00 1.0000000000e+00
690 6.8889176593e+02 0.0000000000e+00 4.3457367469e+03 6.4278760969e+01 0.0000000000e+00 -7.6604444312e+01 2212 0.0000000000e+00 1.0000000000e+00
691 8.2646386442e+02 0.0000000000e+00 4.3216845350e+03 6.4278760969e+01 0.0000000000e+00 -7.6604444312e+01 2212 0.0000000000e+00 1.0000000000e+00
692 6.9452567098e+02 0.0000000000e+00 4.3448399086e+03 6.4278760969e+01 0.0000000000e+00 -7.6604444312e+01 2212 0.0000000000e+00 1.0000000000e+00
693 7.6336268249e+02 0.0000000000e+00 4.3332755687e+03 6.4278760969e+01 0.0000000000e+00 -7.6604444312e+01 2212 0.0000000000e+00 1.0000000000e+00
694 7.4119503909e+02 0.0000000000e+00 4.3371222778e+03 6.4278760969e+01 0.0000000000e+00 -7.6604444312e+01 2212 0.0000000000e+00 1.0000000000e+00
695 7.2446114978e+02 0.0000000000e+00 4.3399488224e+03 6.4278760969e+01 0.0000000000e+00 -7.6604444312e+01 2212 0.0000000000e+00 1.0000000000e+00
696 7.0225735988e+02 0.0000000000e+00 4.3435969356e+03 6.4278760969e+01 0.0000000000e+00 -7.6604444312e+01 2212 0.0000000000e+00 1.0000000000e+00
697 7.9130332818e+02 0.0000000000e+00 4.3282604799e+03 6.4278760969e+01 0.0000000000e+00 -7.6604444312e+01 2212 0.0000000000e+00 1.0000000000e+00
698 7.6712465195e+02 0.0000000000e+00 4.3326111650e+03 6.4278760969e+01 0.0000000000e+00 -7.6604444312e+01 2212 0.0000000000e+00 1.0000000000e+00
699 7.8642389709e+02 0.0000000000e+00 4.3291497078e+03 6.4278760969e+01 0.0000000000e+00 -7.6604444312e+01 2212 0.0000000000e+00 1.0000000000e+00
700 7.2102063557e+02 0.0000000000e+00 4.3405217408e+03 6.4278760969e+01 0.0000000000e+00 -7.6604444312e+01 2212 0.0000000000e+00 1.0000000000e+00
701 8.0464247383e+02 0.0000000000e+00 4.3258005303e+03 6.4278760969e+01 0.0000000000e+00 -7.6604444312e+01 2212 0.0000000000e+00 1.0000000000e+00
702 8.3830312695e+02 0.0000000000e+00 4.3194036170e+03 6.4278760969e+01 0.0000000000e+00 -7.6604444312e+01 2212 0.0000000000e+00 1.0000000000e+00
703 7.8185227627e+02 0.0000000000e+00 4.3299776855e+03 6.4278760969e+01 0.0000000000e+00 -7.6604444312e+01 2212 0.0000000000e+00 1.0000000000e+00
704 7.2881288574e+02 0.0000000000e+00 4.3392201507e+03 6.4278760969e+01 0.0000000000e+00 -7.6604444312e+01 2212 0.0000000000e+00 1.0000000000e+00
705 7.9535610417e+02 0.0000000000e+00 4.3275175801e+03 6.4278760969e+01 0.0000000000e+00 -7.6604444312e+01 2212 0.0000000000e+00 1.0000000000e+00
706 7.9128811633e+02 0.0000000000e+00 4.3282632609e+03 6.4278760969e+01 0.0000000000e+00 -7.6604444312e+01 2212 0.0000000000e+00 1.0000000000e+00
707 7.8979427122e+02 0.0000000000e+00 4.3285360976e+03 6.4278760969e+01 0.0000000000e+00 -7.6604444312e+01 2212 0.0000000000e+00 1.0000000000e+00
708 7.6802152770e+02 0.0000000000e+00 4.3324522700e+03 6.4278760969e+01 0.0000000000e+00 -7.6604444312e+01 2212 0.0000000000e+00 1.0000000000e+00
709 7.6156964892e+02 0.0000000000e+00 4.3335910523e+03 6.4278760969e+01 0.0000000000e+00 -7.6604444312e+01 2212 0.0000000000e+00 1.0000000000e+00
710 7.5496333028e+02 0.0000000000e+00 4.3347468333e+03 6.4278760969e+01 0.0000000000e+00 -7.6604444312e+01 2212 0.0000000000e+00 1.0000000000e+00
711 8.2659116210e+02 0.0000000000e+00 4.3216601891e+03 6.4278760969e+01 0.0000000000e+00 -7.6604444312e+01 2212 0.0000000000e+00 1.0000000000e+00
712 7.8847583575e+02 0.0000000000e+00 4.3287764548e+03 6.4278760969e+01 0.0000000000e+00 -7.6604444312e+01 2212 0.0000000000e+00 1.0000000000e+00
713 6.9253517303e+02 0.0000000000e+00 4.3451576235e+03 6.4278760969e+01 0.0000000000e+00 -7.6604444312e+01 2212 0.0000000000e+00 1.0000000000e+00
714 7.0875059425e+02 0.0000000000e+00 4.3425421511e+03 6.4278760969e+01 0.0000000000e+00 -7.6604444312e+01 2212 0.0000000000e+00 1.0000000000e+00
715 8.2498861491e+02 0.0000000000e+00 4.3219663955e+03 6.4278760969e+01 0.0000000000e+00 -7.6604444312e+01 2212 0.0000000000e+00 1.0000000000e+00
716 8.0755145264e+02 0.0000000000e+00 4.3252584189e+03 6.4278760969e+01 0.0000000000e+00 -7.6604444312e+01 2212 0.0000000000e+00 1.0000000000e+00
717 7.5587583464e+02 0.0000000000e+00 4.3345878076e+03 6.4278760969e+01 0.0000000000e+00 -7.6604444312e+01 2212 0.0000000000e+00 1.0000000000e+00
718 7.0923452410e+02 0.0000000000e+00 4.3424631407e+03 6.4278760969e+01 0.0000000000e+00 -7.6604444312e+01 2212 0.0000000000e+00 1.0000000000e+00
719 7.7078880825e+02 0.0000000000e+00 4.3319607976e+03 6.4278760969e+01 0.0000000000e+00 -7.6604444312e+01 2212 0.0000000000e+00 1.0000000000e+00
720 7.8414907525e+02 0.0000000000e+00 4.3295623297e+03 6.4278760969e+01 0.0000000000e+00 -7.6604444312e+01 2212 0.0000000000e+00 1.0000000000e+00
721 6.9127304676e+02 0.0000000000e+00 4.3453585944e+03 6.4278760969e+01 0.0000000000e+00 -7.6604444312e+01 2212 0.0000000000e+00 1.0000000000e+00
722 7.2070481224e+02 0.0000000000e+00 4.3405741916e+03 6.4278760969e+01 0.0000000000e+00 -7.6604444312e+01 2212 0.0000000000e+00 1.0000000000e+00
723 8.1887581001e+02 0.0000000000e+00 4.3231287451e+03 6.4278760969e+01 0.0000000000e+00 -7.6604444312e+01 2212 0.0000000000e+00 1.0000000000e+00
724 6.9185740138e+02 0.0000000000e+00 4.3452655932e+03 6.4278760969e+01 0.0000000000e+00 -7.6604444312e+01 2212 0.0000000000e+00 1.0000000000e+00
725 7.8442944463e+02 0.0000000000e+00 4.3295115412e+03 6.4278760969e+01 0.0000000000e+00 -7.6604444312e+01 2212 0.0000000000e+00 1.0000000000e+00
726 7.8324388945e+02 0.0000000000e+00 4.3297261748e+03 6.4278760969e+01 0.0000000000e+00 -7.6604444312e+01 2212 0.0000000000e+00 1.0000000000e+00
727 7.6401949622e+02 0.0000000000e+00 4.3331598111e+03 6.4278760969e+01 0.0000000000e+00 -7.6604444312e+01 2212 0.0000000000e+00 1.0000000000e+00
728 7.8554554210e+02 0.0000000000e+00 4.3293091759e+03 6.4278760969e+01 0.0000000000e+00 -7.6604444312e+01 2212 0.0000000000e+00 1.0000000000e+00
729 7.4654034882e+02 0.0000000000e+00 4.3362053972e+03 6.4278760969e+01 0.0000000000e+00 -7.6604444312e+01 2212 0.0000000000e+00 1.0000000000e+00
730 7.8553641585e+02 0.0000000000e+00 4.3293108318e+03 6.4278760969e+01 0.0000000000e+00 -7.6604444312e+01 2212 0.0000000000e+00 1.0000000000e+00
731 6.8893774390e+02 0.0000000000e+00 4.3457294582e+03 6.4278760969e+01 0.0000000000e+00 -7.6604444312e+01 2212 0.0000000000e+00 1.0000000000e+00
732 8.1913955982e+02 0.0000000000e+00 4.3230787780e+03 6.4278760969e+01 0.0000000000e+00 -7.6604444312e+01 2212 0.0000000000e+00 1.0000000000e+00
733 7.9965992308e+02 0.0000000000e+00 4.3267243668e+03 6.4278760969e+01 0.0000000000e+00 -7.6604444312e+01 2212 0.0000000000e+00 1.0000000000e+00
734 7.3941557149e+02 0.0000000000e+00 4.3374260053e+03 6.4278760969e+01 0.0000000000e+00 -7.6604444312e+01 2212 0.0000000000e+00 1.0000000000e+00
735 7.2646341409e+02 0.0000000000e+00 4.3396141127e+03 6.4278760969e+01 0.0000000000e+00 -7.6604444312e+01 2212 0.0000000000e+00 1.0000000000e+00
736 7.5058026297e+02 0.0000000000e+00 4.3355079296e+03 6.4278760969e+01 0.0000000000e+00 -7.6604444312e+01 2212 0.0000000000e+00 1.0000000000e+00
737 8.3531912958e+02 0.0000000000e+00 4.3199816771e+03 6.4278760969e+01 0.0000000000e+00 -7.6604444312e+01 2212 0.0000000000e+00 1.0000000000e+00
738 7.8073259036e+02 0.0000000000e+00 4.3301797147e+03 6.4278760969e+01 0.0000000000e+00 -7.6604444312e+01 2212 0.0000000000e+00 1.0000000000e+00
739 7.0230093128e+02 0.0000000000e+00 4.3435898910e+03 6.4278760969e+01 0.0000000000e+00 -7.6604444312e+01 2212 0.0000000000e+00 1.0000000000e+00
740 8.3063888875e+02 0.0000000000e+00 4.3208840271e+03 6.4278760969e+01 0.0000000000e+00 -7.6604444312e+01 2212 0.0000000000e+00 1.0000000000e+00
741 7.5879142385e+02 0.0000000000e+00 4.3340783696e+03 6.4278760969e+01 0.0000000000e+00 -7.6604444312e+01 2212 0.0000000000e+00 1.0000000000e+00
742 7.1137165783e+02 0.0000000000e+00 4.3421135526e+03 6.4278760969e+01 0.0000000000e+00 -7.6604444312e+01 2212 0.0000000000e+00 1.0000000000e+00
743 7.8400938105e+02 0.0000000000e+00 4.3295876281e+03 6.4278760969e+01 0.0000000000e+00 -7.6604444312e+01 2212 0.0000000000e+00 1.0000000000e+00
744 7.1621848184e+02 0.0000000000e+00 4.3413167156e+03 6.4278760969e+01 0.0000000000e+00 -7.6604444312e+01 2212 0.0000000000e+00 1.0000000000e+00
745 7.4693119177e+02 0.0000000000e+00 4.3361380898e+03 6.4278760969e+01 0.0000000000e+00 -7.6604444312e+01 2212 0.0000000000e+00 1.0000000000e+00
746 7.1172951223e+02 0.0000000000e+00 4.3420549099e+03 6.4278760969e+01 0.0000000000e+00 -7.6604444312e+01 2212 0.0000000000e+00 1.0000000000e+00
747 7.1225061097e+02 0.0000000000e+00 4.3419694617e+03 6.4278760969e+01 0.0000000000e+00 -7.6604444312e+01 2212 0.0000000000e+00 1.0000000000e+00
748 7.9622147030e+02 0.0000000000e+00 4.3273584447e+03 6.4278760969e+01 0.0000000000e+00 -7.6604444312e+01 2212 0.0000000000e+00 1.0000000000e+00
749 7.6082923817e+02 0.0000000000e+00 4.3337211042e+03 6.4278760969e+01 0.0000000000e+00 -7.6604444312e+01 2212 0.0000000000e+00 1.0000000000e+00
750 8.2869916188e+02 0.0000000000e+00 4.3212564652e+03 6.4278760969e+01 0.0000000000e+00 -7.6604444312e+01 2212 0.0000000000e+00 1.0000000000e+00
751 7.6982183828e+02 0.0000000000e+00 4.3321327399e+03 6.4278760969e+01 0.0000000000e+00 -7.6604444312e+01 2212 0.0000000000e+00 1.0000000000e+00
752 7.5235520991e+02 0.0000000000e+00 4.3352002695e+03 6.4278760969e+01 0.0000000000e+00 -7.6604444312e+01 2212 0.0000000000e+00 1.0000000000e+00
753 8.3230155050e+02 0.0000000000e+00 4.3205640683e+03 6.4278760969e+01 0.0000000000e+00 -7.6604444312e+01 2212 0.0000000000e+00 1.0000000000e+00
754 7.7088433817e+02 0.0000000000e+00 4.3319437988e+03 6.4278760969e+01 0.0000000000e+00 -7.6604444312e+01 2212 0.0000000000e+00 1.0000000000e+00
755 7.9190182283e+02 0.0000000000e+00 4.3281510188e+03 6.4278760969e+01 0.0000000000e+00 -7.6604444312e+01 2212 0.0000000000e+00 1.0000000000e+00
756 7.3717279922e+02 0.0000000000e+00 4.3378077416e+03 6.4278760969e+01 0.0000000000e+00 -7.6604444312e+01 2212 0.0000000000e+00 1.0000000000e+00
757 7.5766525687e+02 0.0000000000e+00 4.3342753832e+03 6.4278760969e+01 0.0000000000e+00 -7.6604444312e+01 2212 0.0000000000e+00 1.0000000000e+00
758 7.1267926932e+02 0.0000000000e+00 4.3418991234e+03 6.4278760969e+01 0.0000000000e+00 -7.6604444312e+01 2212 0.0000000000e+00 1.0000000000e+00
759 7.5840869632e+02 0.0000000000e+00 4.3341453585e+03 6.4278760969e+01 0.0000000000e+00 -7.6604444312e+01 2212 0.0000000000e+00 1.0000000000e+00
760 7.9476039248e+02 0.0000000000e+00 4.3276270238e+03 6.4278760969e+01 0.0000000000e+00 -7.6604444312e+01 2212 0.0000000000e+00 1.0000000000e+00
761 7.1549403525e+02 0.0000000000e+00 4.3414361707e+03 6.4278760969e+01 0.0000000000e+00 -7.6604444312e+01 2212 0.0000000000e+00 1.0000000000e+00
762 7.9885328694e+02 0.0000000000e+00 4.3268733706e+03 6.4278760969e+01 0.0000000000e+00 -7.6604444312e+01 2212 0.0000000000e+00 1.0000000000e+00
763 8.3728455165e+02 0.0000000000e+00 4.3196011759e+03 6.4278760969e+01 0.0000000000e+00 -7.6604444312e+01 2212 0.0000000000e+00 1.0000000000e+00
764 8.3358908026e+02 0.0000000000e+00 4.3203158431e+03 6.4278760969e+01 0.0000000000e+00 -7.6604444312e+01 2212 0.0000000000e+00 1.0000000000e+00
765 8.3937247331e+02 0.0000000000e+00 4.3191959425e+03 6.4278760969e+01 0.0000000000e+00 -7.6604444312e+01 2212 0.0000000000e+00 1.0000000000e+00
766 7.4445520726e+02 0.0000000000e+00 4.3365638682e+03 6.4278760969e+01 0.0000000000e+00 -7.6604444312e+01 2212 0.0000000000e+00 1.0000000000e+00
767 7.8729705693e+02 0.0000000000e+00 4.3289910006e+03 6.4278760969e+01 0.0000000000e+00 -7.6604444312e+01 2212 0.0000000000e+00 1.0000000000e+00
768 7.9680665283e+02 0.0000000000e+00 4.3272507319e+03 6.4278760969e+01 0.0000000000e+00 -7.6604444312e+01 2212 0.0000000000e+00 1.0000000000e+00
769 8.1106252165e+02 0.0000000000e+00 4.3246014065e+03 6.4278760969e+01 0.0000000000e+00 -7.6604444312e+01 2212 0.0000000000e+00 1.0000000000e+00
770 8.3745796494e+02 0.0000000000e+00 4.3195675589e+03 6.4278760969e+01 0.0000000000e+00 -7.6604444312e+01 2212 0.0000000000e+00 1.0000000000e+00
771 7.3761705423e+02 0.0000000000e+00 4.3377322209e+03 6.4278760969e+01 0.0000000000e+00 -7.6604444312e+01 2212 0.0000000000e+00 1.0000000000e+00
772 7.0510967688e+02 0.0000000000e+00 4.3431348220e+03 6.4278760969e+01 0.0000000000e+00 -7.6604444312e+01 2212 0.0000000000e+00 1.0000000000e+00
773 6.9766243828e+02 0.0000000000e+00 4.3443373328e+03 6.4278760969e+01 0.0000000000e+00 -7.6604444312e+01 2212 0.0000000000e+00 1.0000000000e+00
774 8.0307892537e+02 0.0000000000e+00 4.3260910738e+03 6.4278760969e+01 0.0000000000e+00 -7.6604444312e+01 2212 0.0000000000e+00 1.0000000000e+00
775 7.0943492330e+02 0.0000000000e+00 4.3424304057e+03 6.4278760969e+01 0.0000000000e+00 -7.6604444312e+01 2212 0.0000000000e+00 1.0000000000e+00
776 7.1220176291e+02 0.0000000000e+00 4.3419774744e+03 6.4278760969e+01 0.0000000000e+00 -7.6604444312e+01 2212 0.0000000000e+00 1.0000000000e+00
777 7.1903859548e+02 0.0000000000e+00 4.3408505200e+03 6.4278760969e+01 0.0000000000e+00 -7.6604444312e+01 2212 0.0000000000e+00 1.0000000000e+00
778 8.1186700211e+02 0.0000000000e+00 4.3244504518e+03 6.4278760969e+01 0.0000000000e+00 -7.6604444312e+01 2212 0.0000000000e+00 1.0000000000e+00
779 6.9437996469e+02 0.0000000000e+00 4.3448631973e+03 6.4278760969e+01 0.0000000000e+00 -7.6604444312e+01 2212 0.0000000000e+00 1.0000000000e+00
780 7.7223452747e+02 0.0000000000e+00 4.3317033109e+03 6.4278760969e+01 0.0000000000e+00 -7.6604444312e+01 2212 0.0000000000e+00 1.0000000000e+00
781 7.9497546461e+02 0.0000000000e+00 4.3275875207e+03 6.4278760969e+01 0.0000000000e+00 -7.6604444312e+01 2212 0.0000000000e+00 1.0000000000e+00
782 7.7640798205e+02 0.0000000000e+00 4.3309572134e+03 6.4278760969e+01 0.0000000000e+00 -7.6604444312e+01 2212 0.0000000000e+00 1.0000000000e+00
783 7.1835065952e+02 0.0000000000e+00 4.3409644169e+03 6.4278760969e+01 0.0000000000e+00 -7.6604444312e+01 2212 0.0000000000e+00 1.0000000000e+00
784 8.2993035037e+02 0.0000000000e+00 4.3210201750e+03 6.4278760969e+01 0.0000000000e+00 -7.6604444312e+01 2212 0.0000000000e+00 1.0000000000e+00
785 7.2688358569e+02 0.0000000000e+00 4.3395437539e+03 6.4278760969e+01 0.0000000000e+00 -7.6604444312e+01 2212 0.0000000000e+00 1.0000000000e+00
786 7.5411970769e+02 0.0000000000e+00 4.3348936787e+03 6.4278760969e+01 0.0000000000e+00 -7.6604444312e+01 2212 0.0000000000e+00 1.0000000000e+00
787 8.1717934048e+02 0.0000000000e+00 4.3234497412e+03 6.4278760969e+01 0.0000000000e+00 -7.6604444312e+01 2212 0.0000000000e+00 1.0000000000e+00
788 7.6240734727e+02 0.0000000000e+00 4.3334437548e+03 6.4278760969e+01 0.0000000000e+00 -7.6604444312e+01 2212 0.0000000000e+00 1.0000000000e+00
789 7.8784090724e+02 0.0000000000e+00 4.3288920573e+03 6.4278760969e+01 0.0000000000e+00 -7.6604444312e+01 2212 0.0000000000e+00 1.0000000000e+00
790 7.8916715362e+02 0.0000000000e+00 4.3286504759e+03 6.4278760969e+01 0.0000000000e+00 -7.6604444312e+01 2212 0.0000000000e+00 1.0000000000e+00
791 8.1032937588e+02 0.0000000000e+00 4.3247388408e+03 6.4278760969e+01 0.0000000000e+00 -7.6604444312e+01 2212 0.0000000000e+00 1.0000000000e+00
792 7.8373054683e+02 0.0000000000e+00 4.3296381106e+03 6.4278760969e+01 0.0000000000e+00 -7.6604444312e+01 2212 0.0000000000e+00 1.0000000000e+00
793 7.3610560657e+02 0.0000000000e+00 4.3379889667e+03 6.4278760969e+01 0.0000000000e+00 -7.6604444312e+01 2212 0.0000000000e+00 1.0000000000e+00
794 7.0805626938e+02 0.0000000000e+00 4.3426554156e+03 6.4278760969e+01 0.0000000000e+00 -7.6604444312e+01 2212 0.0000000000e+00 1.0000000000e+00
795 8.1051412807e+02 0.0000000000e+00 4.3247042196e+03 6.4278760969e+01 0.0000000000e+00 -7.6604444312e+01 2212 0.0000000000e+00 1.0000000000e+00
796 7.4193520912e+02 0.0000000000e+00 4.3369957210e+03 6.4278760969e+01 0.0000000000e+00 -7.6604444312e+01 2212 0.0000000000e+00 1.0000000000e+00
797 8.2225812120e+02 0.0000000000e+00 4.3224867057e+03 6.4278760969e+01 0.0000000000e+00 -7.6604444312e+01 2212 0.0000000000e+00 1.0000000000e+00
798 7.8448157184e+02 0.0000000000e+00 4.3295020964e+03 6.4278760969e+01 0.0000000000e+00 -7.6604444312e+01 2212 0.0000000000e+00 1.0000000000e+00
799 7.9209830971e+02 0.0000000000e+00 4.3281150639e+03 6.4278760969e+01 0.0000000000e+00 -7.6604444312e+01 2212 0.0000000000e+00 1.0000000000e+00
800 8.2733743996e+02 0.0000000000e+00 4.3215173839e+03 6.4278760969e+01 0.0000000000e+00 -7.6604444312e+01 2212 0.0000000000e+00 1.0000000000e+00
801 8.0890874394e+02 0.0000000000e+00 4.3250047841e+03 6.4278760969e+01 0.0000000000e+00 -7.6604444312e+01 2212 0.0000000000e+00 1.0000000000e+00
802 7.0215310671e+02 0.0000000000e+00 4.3436137896e+03 6.4278760969e+01 0.0000000000e+00 -7.6604444312e+01 2212 0.0000000000e+00 1.0000000000e+00
803 8.2072945548e+02 0.0000000000e+00 4.3227772207e+03 6.4278760969e+01 0.0000000000e+00 -7.6604444312e+01 2212 0.0000000000e+00 1.0000000000e+00
804 6.9909253063e+02 0.0000000000e+00 4.3441074310e+03 6.4278760969e+01 0.0000000000e+00 -7.6604444312e+01 2212 0.0000000000e+00 1.0000000000e+00
805 7.3644371460e+02 0.0000000000e+00 4.3379315802e+03 6.4278760969e+01 0.0000000000e+00 -7.6604444312e+01 2212 0.0000000000e+00 1.0000000000e+00
806 7.5099693067e+02 0.0000000000e+00 4.3354357738e+03 6.4278760969e+01 0.0000000000e+00 -7.6604444312e+01 2212 0.0000000000e+00 1.0000000000e+00
807 8.1683410246e+02 0.0000000000e+00 4.3235149807e+03 6.4278760969e+01 0.0000000000e+00 -7.6604444312e+01 2212 0.0000000000e+00 1.0000000000e+00
808 7.2100417487e+02 0.0000000000e+00 4.3405244751e+03 6.4278760969e+01 0.0000000000e+00 -7.6604444312e+01 2212 0.0000000000e+00 1.0000000000e+00
809 8.1012194931e+02 0.0000000000e+00 4.3247777014e+03 6.4278760969e+01 0.0000000000e+00 -7.6604444312e+01 2212 0.0000000000e+00 1.0000000000e+00
810 7.6703132420e+02 0.0000000000e+00 4.3326276884e+03 6.4278760969e+01 0.0000000000e+00 -7.6604444312e+01 2212 0.0000000000e+00 1.0000000000e+00
811 7.7483579118e+02 0.0000000000e+00 4.3312387646e+03 6.4278760969e+01 0.0000000000e+00 -7.6604444312e+01 2212 0.0000000000e+00 1.0000000000e+00
812 7.7290095158e+02 0.0000000000e+00 4.3315844512e+03 6.4278760969e+01 0.0000000000e+00 -7.6604444312e+01 2212 0.0000000000e+00 1.0000000000e+00
813 7.0442332603e+02 0.0000000000e+00 4.3432461957e+03 6.4278760969e+01 0.0000000000e+00 -7.6604444312e+01 2212 0.0000000000e+00 1.0000000000e+00
814 7.6007365703e+02 0.0000000000e+00 4.3338536864e+03 6.4278760969e+01 0.0000000000e+00 -7.6604444312e+01 2212 0.0000000000e+00 1.0000000000e+00
815 8.0258786852e+02 0.0000000000e+00 4.3261822028e+03 6.4278760969e+01 0.0000000000e+00 -7.6604444312e+01 2212 0.0000000000e+00 1.0000000000e+00
816 7.2103916746e+02 0.0000000000e+00 4.3405186623e+03 6.4278760969e+01 0.0000000000e+00 -7.6604444312e+01 2212 0.0000000000e+00 1.0000000000e+00
817 7.9543935018e+02 0.0000000000e+00 4.3275022795e+03 6.4278760969e+01 0.0000000000e+00 -7.6604444312e+01 2212 0.0000000000e+00 1.0000000000e+00
818 7.2460958673e+02 0.0000000000e+00 4.3399240415e+03 6.4278760969e+01 0.0000000000e+00 -7.6604444312e+01 2212 0.0000000000e+00 1.0000000000e+00
819 7.1556814005e+02 0.0000000000e+00 4.3414239572e+03 6.4278760969e+01 0.0000000000e+00 -7.6604444312e+01 2212 0.0000000000e+00 1.0000000000e+00
820 7.2117039646e+02 0.0000000000e+00 4.3404968607e+03 6.4278760969e+01 0.0000000000e+00 -7.6604444312e+01 2212 0.0000000000e+00 1.0000000000e+00
821 8.1707924827e+02 0.0000000000e+00 4.3234686585e+03 6.4278760969e+01 0.0000000000e+00 -7.6604444312e+01 2212 0.0000000000e+00 1.0000000000e+00
822 7.8758962065e+02 0.0000000000e+00 4.3289377829e+03 6.4278760969e+01 0.0000000000e+00 -7.6604444312e+01 2212 0.0000000000e+00 1.0000000000e+00
823 8.1310079837e+02 0.0000000000e+00 4.3242186382e+03 6.4278760969e+01 0.0000000000e+00 -7.6604444312e+01 2212 0.0000000000e+00 1.0000000000e+00
824 8.1638880048e+02 0.0000000000e+00 4.3235990870e+03 6.4278760969e+01 0.0000000000e+00 -7.6604444312e+01 2212 0.0000000000e+00 1.0000000000e+00
825 8.2631342620e+02 0.0000000000e+00 4.3217133015e+03 6.4278760969e+01 0.0000000000e+00 -7.6604444312e+01 2212 0.0000000000e+00 1.0000000000e+00
826 8.2907342841e+02 0.0000000000e+00 4.3211846743e+03 6.4278760969e+01 0.0000000000e+00 -7.6604444312e+01 2212 0.0000000000e+00 1.0000000000e+00
827 8.1780419739e+02 0.0000000000e+00 4.3233315896e+03 6.4278760969e+01 0.0000000000e+00 -7.6604444312e+01 2212 0.0000000000e+00 1.0000000000e+00
828 8.0943206048e+02 0.0000000000e+00 4.3249068751e+03 6.4278760969e+01 0.0000000000e+00 -7.6604444312e+01 2212 0.0000000000e+00 1.0000000000e+00
829 7.2090623971e+02 0.0000000000e+00 4.3405407419e+03 6.4278760969e+01 0.0000000000e+00 -7.6604444312e+01 2212 0.0000000000e+00 1.0000000000e+00
830 7.9137238990e+02 0.0000000000e+00 4.3282478533e+03 6.4278760969e+01 0.0000000000e+00 -7.6604444312e+01 2212 0.0000000000e+00 1.0000000000e+00
831 7.3948875129e+02 0.0000000000e+00 4.3374135295e+03 6.4278760969e+01 0.0000000000e+00 -7.6604444312e+01 2212 0.0000000000e+00 1.0000000000e+00
832 7.1973382892e+02 0.0000000000e+00 4.3407353011e+03 6.4278760969e+01 0.0000000000e+00 -7.6604444312e+01 2212 0.0000000000e+00 1.0000000000e+00
833 6.9429329212e+02 0.0000000000e+00 4.3448770481e+03 6.4278760969e+01 0.0000000000e+00 -7.6604444312e+01 2212 0.0000000000e+00 1.0000000000e+00
834 8.0057674874e+02 0.0000000000e+00 4.3265548197e+03 6.4278760969e+01 0.0000000000e+00 -7.6604444312e+01 2212 0.0000000000e+00 1.0000000000e+00
835 7.2394921961e+02 0.0000000000e+00 4.3400342471e+03 6.4278760969e+01 0.0000000000e+00 -7.6604444312e+01 2212 0.0000000000e+00 1.0000000000e+00
836 7.9381661843e+02 0.0000000000e+00 4.3278002397e+03 6.4278760969e+01 0.0000000000e+00 -7.6604444312e+01 2212 0.0000000000e+00 1.0000000000e+00
837 7.0724787265e+02 0.0000000000e+00 4.3427871449e+03 6.4278760969e+01 0.0000000000e+00 -7.6604444312e+01 2212 0.0000000000e+00 1.0000000000e+00
838 7.4616097719e+02 0.0000000000e+00 4.3362706944e+03 6.4278760969e+01 0.0000000000e+00 -7.6604444312e+01 2212 0.0000000000e+00 1.0000000000e+00
839 7.3036514673e+02 0.0000000000e+00 4.3389591484e+03 6.4278760969e+01 0.0000000000e+00 -7.6604444312e+01 2212 0.0000000000e+00 1.0000000000e+00
840 8.1695108022e+02 0.0000000000e+00 4.3234928786e+03 6.4278760969e+01 0.0000000000e+00 -7.6604444312e+01 2212 0.0000000000e+00 1.0000000000e+00
841 7.5478140833e+02 0.0000000000e+00 4.3347785139e+03 6.4278760969e+01 0.0000000000e+00 -7.6604444312e+01 2212 0.0000000000e+00 1.0000000000e+00
842 7.6830358171e+02 0.0000000000e+00 4.3324022603e+03 6.4278760969e+01 0.0000000000e+00 -7.6604444312e+01 2212 0.0000000000e+00 1.0000000000e+00
843 8.1843178747e+02 0.0000000000e+00 4.3232128271e+03 6.4278760969e+01 0.0000000000e+00 -7.6604444312e+01 2212 0.0000000000e+00 1.0000000000e+00
844 8.2342304328e+02 0.0000000000e+00 4.3222649422e+03 6.4278760969e+01 0.0000000000e+00 -7.6604444312e+01 2212 0.0000000000e+00 1.0000000000e+00
845 7.3725341905e+02 0.0000000000e+00 4.3377940402e+03 6.4278760969e+01 0.0000000000e+00 -7.6604444312e+01 2212 0.0000000000e+00 1.0000000000e+00
846 8.1248953655e+02 0.0000000000e+00 4.3243335315e+03 6.4278760969e+01 0.0000000000e+00 -7.6604444312e+01 2212 0.0000000000e+00 1.0000000000e+00
847 8.3768200902e+02 0.0000000000e+00 4.3195241162e+03 6.4278760969e+01 0.0000000000e+00 -7.6604444312e+01 2212 0.0000000000e+00 1.0000000000e+00
848 7.2296429172e+02 0.0000000000e+00 4.3401984254e+03 6.4278760969e+01 0.0000000000e+00 -7.6604444312e+01 2212 0.0000000000e+00 1.0000000000e+00
849 8.3432490468e+02 0.0000000000e+00 4.3201738035e+03 6.4278760969e+01 0.0000000000e+00 -7.6604444312e+01 2212 0.0000000000e+00 1.0000000000e+00
850 8.1249928693e+02 0.0000000000e+00 4.3243316995e+03 6.4278760969e+01 0.0000000000e+00 -7.6604444312e+01 2212 0.0000000000e+00 1.0000000000e+00
851 7.9356824267e+02 0.0000000000e+00 4.3278457901e+03 6.4278760969e+01 0.0000000000e+00 -7.6604444312e+01 2212 0.0000000000e+00 1.0000000000e+00
852 7.0932300476e+02 0.0000000000e+00 4.3424486887e+03 6.4278760969e+01 0.0000000000e+00 -7.6604444312e+01 2212 0.0000000000e+00 1.0000000000e+00
853 7.8979429813e+02 0.0000000000e+00 4.3285360927e+03 6.4278760969e+01 0.0000000000e+00 -7.6604444312e+01 2212 0.0000000000e+00 1.0000000000e+00
854 7.6139994406e+02 0.0000000000e+00 4.3336208722e+03 6.4278760969e+01 0.0000000000e+00 -7.6604444312e+01 2212 0.0000000000e+00 1.0000000000e+00
855 6.9379202107e+02 0.0000000000e+00 4.3449571195e+03 6.4278760969e+01 0.0000000000e+00 -7.6604444312e+01 2212 0.0000000000e+00 1.0000000000e+00
856 7.1087652305e+02 0.0000000000e+00 4.3421946419e+03 6.4278760969e+01 0.0000000000e+00 -7.6604444312e+01 2212 0.0000000000e+00 1.0000000000e+00
857 8.0719024480e+02 0.0000000000e+00 4.3253258429e+03 6.4278760969e+01 0.0000000000e+00 -7.6604444312e+01 2212 0.0000000000e+00 1.0000000000e+00
858 7.5622992180e+02 0.0000000000e+00 4.3345260461e+03 6.4278760969e+01 0.0000000000e+00 -7.6604444312e+01 2212 0.0000000000e+00 1.0000000000e+00
859 7.6841592774e+02 0.0000000000e+00 4.3323823355e+03 6.4278760969e+01 0.0000000000e+00 -7.6604444312e+01 2212 0.0000000000e+00 1.0000000000e+00
860 7.8914086344e+02 0.0000000000e+00 4.3286552688e+03 6.4278760969e+01 0.0000000000e+00 -7.6604444312e+01 2212 0.0000000000e+00 1.0000000000e+00
861 7.9019648114e+02 0.0000000000e+00 4.3284626902e+03 6.4278760969e+01 0.0000000000e+00 -7.6604444312e+01 2212 0.0000000000e+00 1.0000000000e+00
862 8.0773012459e+02 0.0000000000e+00 4.3252250560e+03 6.4278760969e+01 0.0000000000e+00 -7.6604444312e+01 2212 0.0000000000e+00 1.0000000000e+00
863 7.5291205131e+02 0.0000000000e+00 4.3351035953e+03 6.4278760969e+01 0.0000000000e+00 -7.6604444312e+01 2212 0.0000000000e+00 1.0000000000e+00
864 7.8854617645e+02 0.0000000000e+00 4.3287636418e+03 6.4278760969e+01 0.0000000000e+00 -7.6604444312e+01 2212 0.0000000000e+00 1.0000000000e+00
865 6.9437545145e+02 0.0000000000e+00 4.3448639186e+03 6.4278760969e+01 0.0000000000e+00 -7.6604444312e+01 2212 0.0000000000e+00 1.0000000000e+00
866 7.9602330237e+02 0.0000000000e+00 4.3273949024e+03 6.4278760969e+01 0.0000000000e+00 -7.6604444312e+01 2212 0.0000000000e+00 1.0000000000e+00
867 7.8602820596e+02 0.0000000000e+00 4.3292215696e+03 6.4278760969e+01 0.0000000000e+00 -7.6604444312e+01 2212 0.0000000000e+00 1.0000000000e+00
868 8.2265576637e+02 0.0000000000e+00 4.3224110435e+03 6.4278760969e+01 0.0000000000e+00 -7.6604444312e+01 2212 0.0000000000e+00 1.0000000000e+00
869 7.7443751719e+02 0.0000000000e+00 4.3313099948e+03 6.4278760969e+01 0.0000000000e+00 -7.6604444312e+01 2212 0.0000000000e+00 1.0000000000e+00
870 7.0979500074e+02 0.0000000000e+00 4.3423715635e+03 6.4278760969e+01 0.0000000000e+00 -7.6604444312e+01 2212 0.0000000000e+00 1.0000000000e+00
871 7.9502937046e+02 0.0000000000e+00 4.3275776179e+03 6.4278760969e+01 0.0000000000e+00 -7.6604444312e+01 2212 0.0000000000e+00 1.0000000000e+00
872 7.1068850855e+02 0.0000000000e+00 4.3422254182e+03 6.4278760969e+01 0.0000000000e+00 -7.6604444312e+01 2212 0.0000000000e+00 1.0000000000e+00
873 7.9484969443e+02 0.0000000000e+00 4.3276106228e+03 6.4278760969e+01 0.0000000000e+00 -7.6604444312e+01 2212 0.0000000000e+00 1.0000000000e+00
874 7.3770909729e+02 0.0000000000e+00 4.3377165683e+03 6.4278760969e+01 0.0000000000e+00 -7.6604444312e+01 2212 0.0000000000e+00 1.0000000000e+00
875 7.2255310705e+02 0.0000000000e+00 4.3402668981e+03 6.4278760969e+01 0.0000000000e+00 -7.6604444312e+01 2212 0.0000000000e+00 1.0000000000e+00
876 6.9314641105e+02 0.0000000000e+00 4.3450601597e+03 6.4278760969e+01 0.0000000000e+00 -7.6604444312e+01 2212 0.0000000000e+00 1.0000000000e+00
877 8.3725005691e+02 0.0000000000e+00 4.3196078620e+03 6.4278760969e+01 0.0000000000e+00 -7.6604444312e+01 2212 0.0000000000e+00 1.0000000000e+00
878 7.9243555448e+02 0.0000000000e+00 4.3280533304e+03 6.4278760969e+01 0.0000000000e+00 -7.6604444312e+01 2212 0.0000000000e+00 1.0000000000e+00
879 7.0622243633e+02 0.0000000000e+00 4.3429540188e+03 6.4278760969e+01 0.0000000000e+00 -7.6604444312e+01 2212 0.0000000000e+00 1.0000000000e+00
880 8.0406068939e+02 0.0000000000e+00 4.3259087076e+03 6.4278760969e+01 0.0000000000e+00 -7.6604444312e+01 2212 0.0000000000e+00 1.0000000000e+00
881 7.1946292535e+02 0.0000000000e+00 4.3407802107e+03 6.4278760969e+01 0.0000000000e+00 -7.6604444312e+01 2212 0.0000000000e+00 1.0000000000e+00
882 7.4135469075e+02 0.0000000000e+00 4.3370949910e+03 6.4278760969e+01 0.0000000000e+00 -7.6604444312e+01 2212 0.0000000000e+00 1.0000000000e+00
883 8.3249119037e+02 0.0000000000e+00 4.3205275322e+03 6.4278760969e+01 0.0000000000e+00 -7.6604444312e+01 2212 0.0000000000e+00 1.0000000000e+00
884 7.8159246558e+02 0.0000000000e+00 4.3300245908e+03 6.4278760969e+01 0.0000000000e+00 -7.6604444312e+01 2212 0.0000000000e+00 1.0000000000e+00
885 8.2969449095e+02 0.0000000000e+00 4.3210654694e+03 6.4278760969e+01 0.0000000000e+00 -7.6604444312e+01 2212 0.0000000000e+00 1.0000000000e+00
886 8.3330183909e+02 0.0000000000e+00 4.3203712553e+03 6.4278760969e+01 0.0000000000e+00 -7.6604444312e+01 2212 0.0000000000e+00 1.0000000000e+00
887 7.3965729309e+02 0.0000000000e+00 4.3373847913e+03 6.4278760969e+01 0.0000000000e+00 -7.6604444312e+01 2212 0.0000000000e+00 1.0000000000e+00
888 7.3242746941e+02 0.0000000000e+00 4.3386114992e+03 6.4278760969e+01 0.0000000000e+00 -7.6604444312e+01 2212 0.0000000000e+00 1.0000000000e+00
889 8.2904867915e+02 0.0000000000e+00 4.3211894227e+03 6.4278760969e+01 0.0000000000e+00 -7.6604444312e+01 2212 0.0000000000e+00 1.0000000000e+00
890 7.9227172033e+02 0.0000000000e+00 4.3280833241e+03 6.4278760969e+01 0.0000000000e+00 -7.6604444312e+01 2212 0.0000000000e+00 1.0000000000e+00
891 7.0405804355e+02 0.0000000000e+00 4.3433054245e+03 6.4278760969e+01 0.0000000000e+00 -7.6604444312e+01 2212 0.0000000000e+00 1.0000000000e+00
892 6.9471683118e+02 0.0000000000e+00 4.3448093472e+03 6.4278760969e+01 0.0000000000e+00 -7.6604444312e+01 2212 0.0000000000e+00 1.0000000000e+00
893 7.0740450876e+02 0.0000000000e+00 4.3427616329e+03 6.4278760969e+01 0.0000000000e+00 -7.6604444312e+01 2212 0.0000000000e+00 1.0000000000e+00
894 6.9779167434e+02 0.0000000000e+00 4.3443165766e+03 6.4278760969e+01 0.0000000000e+00 -7.6604444312e+01 2212 0.0000000000e+00 1.0000000000e+00
895 7.5516263348e+02 0.0000000000e+00 4.3347121168e+03 6.4278760969e+01 0.0000000000e+00 -7.6604444312e+01 2212 0.0000000000e+00 1.0000000000e+00
896 8.1155957804e+02 0.0000000000e+00 4.3245081559e+03 6.4278760969e+01 0.0000000000e+00 -7.6604444312e+01 2212 0.0000000000e+00 1.0000000000e+00
897 7.8267962071e+02 0.0000000000e+00 4.3298282126e+03 6.4278760969e+01 0.0000000000e+00 -7.6604444312e+01 2212 0.0000000000e+00 1.0000000000e+00
898 7.5446328543e+02 0.0000000000e+00 4.3348338941e+03 6.4278760969e+01 0.0000000000e+00 -7.6604444312e+01 2212 0.0000000000e+00 1.0000000000e+00
899 7.8035205460e+02 0.0000000000e+00 4.3302483081e+03 6.4278760969e+01 0.0000000000e+00 -7.6604444312e+01 2212 0.0000000000e+00 1.0000000000e+00
900 7.4772133785e+02 0.0000000000e+00 4.3360019073e+03 6.4278760969e+01 0.0000000000e+00 -7.6604444312e+01 2212 0.0000000000e+00 1.0000000000e+00
901 7.1409070528e+02 0.0000000000e+00 4.3416672147e+03 6.4278760969e+01 0.0000000000e+00 -7.6604444312e+01 2212 0.0000000000e+00 1.0000000000e+00
902 7.3842328678e+02 0.0000000000e+00 4.3375950466e+03 6.4278760969e+01 0.0000000000e+00 -7.6604444312e+01 2212 0.0000000000e+00 1.0000000000e+00
903 7.3876136527e+02 0.0000000000e+00 4.3375374793e+03 6.4278760969e+01 0.0000000000e+00 -7.6604444312e+01 2212 0.0000000000e+00 1.0000000000e+00
904 7.5764680510e+02 0.0000000000e+00 4.3342786087e+03 6.4278760969e+01 0.0000000000e+00 -7.6604444312e+01 2212 0.0000000000e+00 1.0000000000e+00
905 7.1091743220e+02 0.0000000000e+00 4.3421879443e+03 6.4278760969e+01 0.0000000000e+00 -7.6604444312e+01 2212 0.0000000000e+00 1.0000000000e+00
906 8.1472236349e+02 0.0000000000e+00 4.3239134137e+03 6.4278760969e+01 0.0000000000e+00 -7.6604444312e+01 2212 0.0000000000e+00 1.0000000000e+00
907 8.3325720768e+02 0.0000000000e+00 4.3203798635e+03 6.4278760969e+01 0.0000000000e+00 -7.6604444312e+01 2212 0.0000000000e+00 1.0000000000e+00
908 7.5902507066e+02 0.0000000000e+00 4.3340374573e+03 6.4278760969e+01 0.0000000000e+00 -7.6604444312e+01 2212 0.0000000000e+00 1.0000000000e+00
909 6.9811115543e+02 0.0000000000e+00 4.3442652490e+03 6.4278760969e+01 0.0000000000e+00 -7.6604444312e+01 2212 0.0000000000e+00 1.0000000000e+00
910 7.5214317215e+02 0.0000000000e+00 4.3352370624e+03 6.4278760969e+01 0.0000000000e+00 -7.6604444312e+01 2212 0.0000000000e+00 1.0000000000e+00
911 7.0606356821e+02 0.0000000000e+00 4.3429798499e+03 6.4278760969e+01 0.0000000000e+00 -7.6604444312e+01 2212 0.0000000000e+00 1.0000000000e+00
912 7.7476632420e+02 0.0000000000e+00 4.3312511913e+03 6.4278760969e+01 0.0000000000e+00 -7.6604444312e+01 2212 0.0000000000e+00 1.0000000000e+00
913 7.5810393245e+02 0.0000000000e+00 4.3341986764e+03 6.4278760969e+01 0.0000000000e+00 -7.6604444312e+01 2212 0.0000000000e+00 1.0000000000e+00
914 8.0018351112e+02 0.0000000000e+00 4.3266275651e+03 6.4278760969e+01 0.0000000000e+00 -7.6604444312e+01 2212 0.0000000000e+00 1.0000000000e+00
915 7.4472080940e+02 0.0000000000e+00 4.3365182641e+03 6.4278760969e+01 0.0000000000e+00 -7.6604444312e+01 2212 0.0000000000e+00 1.0000000000e+00
916 6.9666640831e+02 0.0000000000e+00 4.3444971693e+03 6.4278760969e+01 0.0000000000e+00 -7.6604444312e+01 2212 0.0000000000e+00 1.0000000000e+00
917 8.3232041347e+02 0.0000000000e+00 4.3205604345e+03 6.4278760969e+01 0.0000000000e+00 -7.6604444312e+01 2212 0.0000000000e+00 1.0000000000e+00
918 7.8282775897e+02 0.0000000000e+00 4.3298014318e+03 6.4278760969e+01 0.0000000000e+00 -7.6604444312e+01 2212 0.0000000000e+00 1.0000000000e+00
919 7.7614759812e+02 0.0000000000e+00 4.3310038842e+03 6.4278760969e+01 0.0000000000e+00 -7.6604444312e+01 2212 0.0000000000e+00 1.0000000000e+00
920 7.8235615409e+02 0.0000000000e+00 4.3298866714e+03 6.4278760969e+01 0.0000000000e+00 -7.6604444312e+01 2212 0.0000000000e+00 1.0000000000e+00
921 7.0863965900e+02 0.0000000000e+00 4.3425602555e+03 6.4278760969e+01 0.0000000000e+00 -7.6604444312e+01 2212 0.0000000000e+00 1.0000000000e+00
922 6.8848010709e+02 0.0000000000e+00 4.3458019836e+03 6.4278760969e+01 0.0000000000e+00 -7.6604444312e+01 2212 0.0000000000e+00 1.0000000000e+00
923 6.9705413100e+02 0.0000000000e+00 4.3444349779e+03 6.4278760969e+01 0.0000000000e+00 -7.6604444312e+01 2212 0.0000000000e+00 1.0000000000e+00
924 7.7961023448e+02 0.0000000000e+00 4.3303819256e+03 6.4278760969e+01 0.0000000000e+00 -7.6604444312e+01 2212 0.0000000000e+00 1.0000000000e+00
925 7.8751213624e+02 0.0000000000e+00 4.3289518794e+03 6.4278760969e+01 0.0000000000e+00 -7.6604444312e+01 2212 0.0000000000e+00 1.0000000000e+00
926 6.9440701064e+02 0.0000000000e+00 4.3448588749e+03 6.4278760969e+01 0.0000000000e+00 -7.6604444312e+01 2212 0.0000000000e+00 1.0000000000e+00
927 7.9589651098e+02 0.0000000000e+00 4.3274182237e+03 6.4278760969e+01 0.0000000000e+00 -7.6604444312e+01 2212 0.0000000000e+00 1.0000000000e+00
928 7.7701875828e+02 0.0000000000e+00 4.3308476755e+03 6.4278760969e+01 0.0000000000e+00 -7.6604444312e+01 2212 0.0000000000e+00 1.0000000000e+00
929 7.4963893178e+02 0.0000000000e+00 4.3356707913e+03 6.4278760969e+01 0.0000000000e+00 -7.6604444312e+01 2212 0.0000000000e+00 1.0000000000e+00
930 7.5624283902e+02 0.0000000000e+00 4.3345237924e+03 6.4278760969e+01 0.0000000000e+00 -7.6604444312e+01 2212 0.0000000000e+00 1.0000000000e+00
931 7.8827912359e+02 0.0000000000e+00 4.3288122808e+03 6.4278760969e+01 0.0000000000e+00 -7.6604444312e+01 2212 0.0000000000e+00 1.0000000000e+00
932 7.4191799554e+02 0.0000000000e+00 4.3369986658e+03 6.4278760969e+01 0.0000000000e+00 -7.6604444312e+01 2212 0.0000000000e+00 1.0000000000e+00
933 8.1612466753e+02 0.0000000000e+00 4.3236489527e+03 6.4278760969e+01 0.0000000000e+00 -7.6604444312e+01 2212 0.0000000000e+00 1.0000000000e+00
934 8.2953511413e+02 0.0000000000e+00 4.3210960685e+03 6.4278760969e+01 0.0000000000e+00 -7.6604444312e+01 2212 0.0000000000e+00 1.0000000000e+00
935 8.3780716012e+02 0.0000000000e+00 4.3194998439e+03 6.4278760969e+01 0.0000000000e+00 -7.6604444312e+01 2212 0.0000000000e+00 1.0000000000e+00
936 7.2882330204e+02 0.0000000000e+00 4.3392184012e+03 6.4278760969e+01 0.0000000000e+00 -7.6604444312e+01 2212 0.0000000000e+00 1.0000000000e+00
937 8.3279326195e+02 0.0000000000e+00 4.3204693173e+03 6.4278760969e+01 0.0000000000e+00 -7.6604444312e+01 2212 0.0000000000e+00 1.0000000000e+00
938 7.3095033805e+02 0.0000000000e+00 4.3388606041e+03 6.4278760969e+01 0.0000000000e+00 -7.6604444312e+01 2212 0.0000000000e+00 1.0000000000e+00
939 7.9936951619e+02 0.0000000000e+00 4.3267780294e+03 6.4278760969e+01 0.0000000000e+00 -7.6604444312e+01 2212 0.0000000000e+00 1.0000000000e+00
940 7.6479402021e+02 0.0000000000e+00 4.3330231762e+03 6.4278760969e+01 0.0000000000e+00 -7.6604444312e+01 2212 0.0000000000e+00 1.0000000000e+00
941 7.3289962341e+02 0.0000000000e+00 4.3385317656e+03 6.4278760969e+01 0.0000000000e+00 -7.6604444312e+01 2212 0.0000000000e+00 1.0000000000e+00
942 7.8624709586e+02 0.0000000000e+00 4.3291818214e+03 6.4278760969e+01 0.0000000000e+00 -7.6604444312e+01 2212 0.0000000000e+00 1.0000000000e+00
943 7.9505861866e+02 0.0000000000e+00 4.3275722445e+03 6.4278760969e+01 0.0000000000e+00 -7.6604444312e+01 2212 0.0000000000e+00 1.0000000000e+00
944 8.3512257329e+02 0.0000000000e+00 4.3200196789e+03 6.4278760969e+01 0.0000000000e+00 -7.6604444312e+01 2212 0.0000000000e+00 1.0000000000e+00
945 7.6416165485e+02 0.0000000000e+00 4.3331347434e+03 6.4278760969e+01 0.0000000000e+00 -7.6604444312e+01 2212 0.0000000000e+00 1.0000000000e+00
946 6.9375334028e+02 0.0000000000e+00 4.3449632958e+03 6.4278760969e+01 0.0000000000e+00 -7.6604444312e+01 2212 0.0000000000e+00 1.0000000000e+00
947 7.3912644789e+02 0.0000000000e+00 4.3374752833e+03 6.4278760969e+01 0.0000000000e+00 -7.6604444312e+01 2212 0.0000000000e+00 1.0000000000e+00
948 7.5243279408e+02 0.0000000000e+00 4.3351868044e+03 6.4278760969e+01 0.0000000000e+00 -7.6604444312e+01 2212 0.0000000000e+00 1.0000000000e+00
949 7.6762595709e+02 0.0000000000e+00 4.3325223749e+03 6.4278760969e+01 0.0000000000e+00 -7.6604444312e+01 2212 0.0000000000e+00 1.0000000000e+00
950 7.7740602344e+02 0.0000000000e+00 4.3307781764e+03 6.4278760969e+01 0.0000000000e+00 -7.6604444312e+01 2212 0.0000000000e+00 1.0000000000e+00
951 8.2390776490e+02 0.0000000000e+00 4.3221725710e+03 6.4278760969e+01 0.0000000000e+00 -7.6604444312e+01 2212 0.0000000000e+00 1.0000000000e+00
952 7.9907287404e+02 0.0000000000e+00 4.3268328233e+03 6.4278760969e+01 0.0000000000e+00 -7.6604444312e+01 2212 0.0000000000e+00 1.0000000000e+00
953 8.3006088326e+02 0.0000000000e+00 4.3209951017e+03 6.4278760969e+01 0.0000000000e+00 -7.6604444312e+01 2212 0.0000000000e+00 1.0000000000e+00
954 7.1492324305e+02 0.0000000000e+00 4.3415302021e+03 6.4278760969e+01 0.0000000000e+00 -7.6604444312e+01 2212 0.0000000000e+00 1.0000000000e+00
955 7.5586413184e+02 0.0000000000e+00 4.3345898483e+03 6.4278760969e+01 0.0000000000e+00 -7.6604444312e+01 2212 0.0000000000e+00 1.0000000000e+00
956 7.6564597490e+02 0.0000000000e+00 4.3328727168e+03 6.4278760969e+01 0.0000000000e+00 -7.6604444312e+01 2212 0.0000000000e+00 1.0000000000e+00
957 7.9823340967e+02 0.0000000000e+00 4.3269877701e+03 6.4278760969e+01 0.0000000000e+00 -7.6604444312e+01 2212 0.0000000000e+00 1.0000000000e+00
958 7.6409502292e+02 0.0000000000e+00 4.3331464936e+03 6.4278760969e+01 0.0000000000e+00 -7.6604444312e+01 2212 0.0000000000e+00 1.0000000000e+00
959 8.1043717110e+02 0.0000000000e+00 4.3247186418e+03 6.4278760969e+01 0.0000000000e+00 -7.6604444312e+01 2212 0.0000000000e+00 1.0000000000e+00
960 8.2338661636e+02 0.0000000000e+00 4.3222718816e+03 6.4278760969e+01 0.0000000000e+00 -7.6604444312e+01 2212 0.0000000000e+00 1.0000000000e+00
961 7.1802743675e+02 0.0000000000e+00 4.3410178920e+03 6.4278760969e+01 0.0000000000e+00 -7.6604444312e+01 2212 0.0000000000e+00 1.0000000000e+00
962 7.4630072034e+02 0.0000000000e+00 4.3362466459e+03 6.4278760969e+01 0.0000000000e+00 -7.6604444312e+01 2212 0.0000000000e+00 1.0000000000e+00
963 7.7105168573e+02 0.0000000000e+00 4.3319140154e+03 6.4278760969e+01 0.0000000000e+00 -7.6604444312e+01 2212 0.0000000000e+00 1.0000000000e+00
964 7.8867356720e+02 0.0000000000e+00 4.3287404338e+03 6.4278760969e+01 0.0000000000e+00 -7.6604444312e+01 2212 0.0000000000e+00 1.0000000000e+00
965 7.1091395278e+02 0.0000000000e+00 4.3421885139e+03 6.4278760969e+01 0.0000000000e+00 -7.6604444312e+01 2212 0.0000000000e+00 1.0000000000e+00
966 6.9541194186e+02 0.0000000000e+00 4.3446981449e+03 6.4278760969e+01 0.0000000000e+00 -7.6604444312e+01 2212 0.0000000000e+00 1.0000000000e+00
967 7.1671667445e+02 0.0000000000e+00 4.3412344958e+03 6.4278760969e+01 0.0000000000e+00 -7.6604444312e+01 2212 0.0000000000e+00 1.0000000000e+00
968 8.0202104324e+02 0.0000000000e+00 4.3262873211e+03 6.4278760969e+01 0.0000000000e+00 -7.6604444312e+01 2212 0.0000000000e+00 1.0000000000e+00
969 7.4639378149e+02 0.0000000000e+00 4.3362306283e+03 6.4278760969e+01 0.0000000000e+00 -7.6604444312e+01 2212 0.0000000000e+00 1.0000000000e+00
970 7.4419707114e+02 0.0000000000e+00 4.3366081744e+03 6.4278760969e+01 0.0000000000e+00 -7.6604444312e+01 2212 0.0000000000e+00 1.0000000000e+00
971 6.9697560362e+02 0.0000000000e+00 4.3444475767e+03 6.4278760969e+01 0.0000000000e+00 -7.6604444312e+01 2212 0.0000000000e+00 1.0000000000e+00
972 8.3172262380e+02 0.0000000000e+00 4.3206755509e+03 6.4278760969e+01 0.0000000000e+00 -7.6604444312e+01 2212 0.0000000000e+00 1.0000000000e+00
973 7.9100375684e+02 0.0000000000e+00 4.3283152375e+03 6.4278760969e+01 0.0000000000e+00 -7.6604444312e+01 2212 0.0000000000e+00 1.0000000000e+00
974 7.4093317812e+02 0.0000000000e+00 4.3371670206e+03 6.4278760969e+01 0.0000000000e+00 -7.6604444312e+01 2212 0.0000000000e+00 1.0000000000e+00
975 8.2261411067e+02 0.0000000000e+00 4.3224189713e+03 6.4278760969e+01 0.0000000000e+00 -7.6604444312e+01 2212 0.0000000000e+00 1.0000000000e+00
976 7.9185092255e+02 0.0000000000e+00 4.3281603315e+03 6.4278760969e+01 0.0000000000e+00 -7.6604444312e+01 2212 0.0000000000e+00 1.0000000000e+00
977 7.4042836865e+02 0.0000000000e+00 4.3372532287e+03 6.4278760969e+01 0.0000000000e+00 -7.6604444312e+01 2212 0.0000000000e+00 1.0000000000e+00
978 8.1310471682e+02 0.0000000000e+00 4.3242179014e+03 6.4278760969e+01 0.0000000000e+00 -7.6604444312e+01 2212 0.0000000000e+00 1.0000000000e+00
979 7.2733075533e+02 0.0000000000e+00 4.3394688282e+03 6.4278760969e+01 0.0000000000e+00 -7.6604444312e+01 2212 0.0000000000e+00 1.0000000000e+00
980 7.6197257715e+02 0.0000000000e+00 4.3335202239e+03 6.4278760969e+01 0.0000000000e+00 -7.6604444312e+01 2212 0.0000000000e+00 1.0000000000e+00
981 7.0644546141e+02 0.0000000000e+00 4.3429177460e+03 6.4278760969e+01 0.0000000000e+00 -7.6604444312e+01 2212 0.0000000000e+00 1.0000000000e+00
982 8.3717368760e+02 0.0000000000e+00 4.3196226636e+03 6.4278760969e+01 0.0000000000e+00 -7.6604444312e+01 2212 0.0000000000e+00 1.0000000000e+00
983 7.4920362188e+02 0.0000000000e+00 4.3357460341e+03 6.4278760969e+01 0.0000000000e+00 -7.6604444312e+01 2212 0.0000000000e+00 1.0000000000e+00
984 7.7974938116e+02 0.0000000000e+00 4.3303568723e+03 6.4278760969e+01 0.0000000000e+00 -7.6604444312e+01 2212 0.0000000000e+00 1.0000000000e+00
985 7.3935137440e+02 0.0000000000e+00 4.3374369487e+03 6.4278760969e+01 0.0000000000e+00 -7.6604444312e+01 2212 0.0000000000e+00 1.0000000000e+00
986 8.0328977670e+02 0.0000000000e+00 4.3260519268e+03 6.4278760969e+01 0.0000000000e+00 -7.6604444312e+01 2212 0.0000000000e+00 1.0000000000e+00
987 7.0066242852e+02 0.0000000000e+00 4.3438544980e+03 6.4278760969e+01 0.0000000000e+00 -7.6604444312e+01 2212 0.0000000000e+00 1.0000000000e+00
988 7.9194512124e+02 0.0000000000e+00 4.3281430965e+03 6.4278760969e+01 0.0000000000e+00 -7.6604444312e+01 2212 0.0000000000e+00 1.0000000000e+00
989 7.8372638317e+02 0.0000000000e+00 4.3296388643e+03 6.4278760969e+01 0.0000000000e+00 -7.6604444312e+01 2212 0.0000000000e+00 1.0000000000e+00
990 8.2936783669e+02 0.0000000000e+00 4.3211281780e+03 6.4278760969e+01 0.0000000000e+00 -7.6604444312e+01 2212 0.0000000000e+00 1.0000000000e+00
991 7.7353663267e+02 0.0000000000e+00 4.3314709761e+03 6.4278760969e+01 0.0000000000e+00 -7.6604444312e+01 2212 0.0000000000e+00 1.0000000000e+00
992 8.3198758910e+02 0.0000000000e+00 4.3206245371e+03 6.4278760969e+01 0.0000000000e+00 -7.6604444312e+01 2212 0.0000000000e+00 1.0000000000e+00
993 6.9983301188e+02 0.0000000000e+00 4.3439882015e+03 6.4278760969e+01 0.0000000000e+00 -7.6604444312e+01 2212 0.0000000000e+00 1.0000000000e+00
994 8.3806860734e+02 0.0000000000e+00 4.3194491256e+03 6.4278760969e+01 0.0000000000e+00 -7.6604444312e+01 2212 0.0000000000e+00 1.0000000000e+00
995 6.9965428996e+02 0.0000000000e+00 4.3440169905e+03 6.4278760969e+01 0.0000000000e+00 -7.6604444312e+01 2212 0.0000000000e+00 1.0000000000e+00
996 7.0744242995e+02 0.0000000000e+00 4.3427554556e+03 6.4278760969e+01 0.0000000000e+00 -7.6604444312e+01 2212 0.0000000000e+00 1.0000000000e+00
997 8.2340820003e+02 0.0000000000e+00 4.3222677699e+03 6.4278760969e+01 0.0000000000e+00 -7.6604444312e+01 2212 0.0000000000e+00 1.0000000000e+00
998 8.3603143786e+02 0.0000000000e+00 4.3198438830e+03 6.4278760969e+01 0.0000000000e+00 -7.6604444312e+01 2212 0.0000000000e+00 1.0000000000e+00
999 6.8997270822e+02 0.0000000000e+00 4.3455652568e+03 6.4278760969e+01 0.0000000000e+00 -7.6604444312e+01 2212 0.0000000000e+00 1.0000000000e+00
1000 7.2304413802e+02 0.0000000000e+00 4.3401851243e+03 6.4278760969e+01 0.0000000000e+00 -7.6604444312e+01 2212 0.0000000000e+00 1.0000000000e+00
1001 7.8397278629e+02 0.0000000000e+00 4.3295942546e+03 6.4278760969e+01 0.0000000000e+00 -7.6604444312e+01 2212 0.0000000000e+00 1.0000000000e+00
1002 7.1652132113e+02 0.0000000000e+00 4.3412667432e+03 6.4278760969e+01 0.0000000000e+00 -7.6604444312e+01 2212 0.0000000000e+00 1.0000000000e+00
1003 7.4137279905e+02 0.0000000000e+00 4.3370918957e+03 6.4278760969e+01 0.0000000000e+00 -7.6604444312e+01 2212 0.0000000000e+00 1.0000000000e+00
1004 7.6544521699e+02 0.0000000000e+00 4.3329081872e+03 6.4278760969e+01 0.0000000000e+00 -7.6604444312e+01 2212 0.0000000000e+00 1.0000000000e+00
1005 7.0860700151e+02 0.0000000000e+00 4.3425655846e+03 6.4278760969e+01 0.0000000000e+00 -7.6604444312e+01 2212 0.0000000000e+00 1.0000000000e+00
1006 7.6866448827e+02 0.0000000000e+00 4.3323382420e+03 6.4278760969e+01 0.0000000000e+00 -7.6604444312e+01 2212 0.0000000000e+00 1.0000000000e+00
1007 7.9072110545e+02 0.0000000000e+00 4.3283668828e+03 6.4278760969e+01 0.0000000000e+00 -7.6604444312e+01 2212 0.0000000000e+00 1.0000000000e+00
1008 7.3115326542e+02 0.0000000000e+00 4.3388264129e+03 6.4278760969e+01 0.0000000000e+00 -7.6604444312e+01 2212 0.0000000000e+00 1.0000000000e+00
1009 8.1863792609e+02 0.0000000000e+00 4.3231737977e+03 6.4278760969e+01 0.0000000000e+00 -7.6604444312e+01 2212 0.0000000000e+00 1.0000000000e+00
1010 7.3532127836e+02 0.0000000000e+00 4.3381219850e+03 6.4278760969e+01 0.0000000000e+00 -7.6604444312e+01 2212 0.0000000000e+00 1.0000000000e+00
1011 7.7747921458e+02 0.0000000000e+00 4.3307650375e+03 6.4278760969e+01 0.0000000000e+00 -7.6604444312e+01 2212 0.0000000000e+00 1.0000000000e+00
1012 7.3527930783e+02 0.0000000000e+00 4.3381290989e+03 6.4278760969e+01 0.0000000000e+00 -7.6604444312e+01 2212 0.0000000000e+00 1.0000000000e+00
1013 8.2551155059e+02 0.0000000000e+00 4.3218665434e+03 6.4278760969e+01 0.0000000000e+00 -7.6604444312e+01 2212 0.0000000000e+00 1.0000000000e+00
1014 7.2869197341e+02 0.0000000000e+00 4.3392404574e+03 6.4278760969e+01 0.0000000000e+00 -7.6604444312e+01 2212 0.0000000000e+00 1.0000000000e+00
1015 6.9281971585e+02 0.0000000000e+00 4.3451122632e+03 6.4278760969e+01 0.0000000000e+00 -7.6604444312e+01 2212 0.0000000000e+00 1.0000000000e+00
1016 7.7817987347e+02 0.0000000000e+00 4.3306391934e+03 6.4278760969e+01 0.0000000000e+00 -7.6604444312e+01 2212 0.0000000000e+00 1.0000000000e+00
1017 8.0854916675e+02 0.0000000000e+00 4.3250720207e+03 6.4278760969e+01 0.0000000000e+00 -7.6604444312e+01 2212 0.0000000000e+00 1.0000000000e+00
1018 7.2123041360e+02 0.0000000000e+00 4.3404868885e+03 6.4278760969e+01 0.0000000000e+00 -7.6604444312e+01 2212 0.0000000000e+00 1.0000000000e+00
1019 7.0986589686e+02 0.0000000000e+00 4.3423599744e+03 6.4278760969e+01 0.0000000000e+00 -7.6604444312e+01 2212 0.0000000000e+00 1.0000000000e+00
1020 7.4928243738e+02 0.0000000000e+00 4.3357324142e+03 6.4278760969e+01 0.0000000000e+00 -7.6604444312e+01 2212 0.0000000000e+00 1.0000000000e+00
1021 8.3907107631e+02 0.0000000000e+00 4.3192545037e+03 6.4278760969e+01 0.0000000000e+00 -7.6604444312e+01 2212 0.0000000000e+00 1.0000000000e+00
1022 7.3205015741e+02 0.0000000000e+00 4.3386751787e+03 6.4278760969e+01 0.0000000000e+00 -7.6604444312e+01 2212 0.0000000000e+00 1.0000000000e+00
1023 8.3268347820e+02 0.0000000000e+00 4.3204904772e+03 6.4278760969e+01 0.0000000000e+00 -7.6604444312e+01 2212 0.0000000000e+00 1.0000000000e+00
1024 7.1467011736e+02 0.0000000000e+00 4.3415718769e+03 6.4278760969e+01 0.0000000000e+00 -7.6604444312e+01 2212 0.0000000000e+00 1.0000000000e+00
1025 7.2671434520e+02 0.0000000000e+00 4.3395720986e+03 6.4278760969e+01 0.0000000000e+00 -7.6604444312e+01 2212 0.0000000000e+00 1.0000000000e+00
1026 7.2253022269e+02 0.0000000000e+00 4.3402707077e+03 6.4278760969e+01 0.0000000000e+00 -7.6604444312e+01 2212 0.0000000000e+00 1.0000000000e+00
1027 7.2994480239e+02 0.0000000000e+00 4.3390298829e+03 6.4278760969e+01 0.0000000000e+00 -7.6604444312e+01 2212 0.0000000000e+00 1.0000000000e+00
1028 8.3784700715e+02 0.0000000000e+00 4.3194921150e+03 6.4278760969e+01 0.0000000000e+00 -7.6604444312e+01 2212 0.0000000000e+00 1.0000000000e+00
1029 8.2058798798e+02 0.0000000000e+00 4.3228040775e+03 6.4278760969e+01 0.0000000000e+00 -7.6604444312e+01 2212 0.0000000000e+00 1.0000000000e+00
1030 7.5407485782e+02 0.0000000000e+00 4.3349014807e+03 6.4278760969e+01 0.0000000000e+00 -7.6604444312e+01 2212 0.0000000000e+00 1.0000000000e+00
1031 7.5200263219e+02 0.0000000000e+00 4.3352614431e+03 6.4278760969e+01 0.0000000000e+00 -7.6604444312e+01 2212 0.0000000000e+00 1.0000000000e+00
1032 8.1364122373e+02 0.0000000000e+00 4.3241169848e+03 6.4278760969e+01 0.0000000000e+00 -7.6604444312e+01 2212 0.0000000000e+00 1.0000000000e+00
1033 8.3676984358e+02 0.0000000000e+00 4.3197009118e+03 6.4278760969e+01 0.0000000000e+00 -7.6604444312e+01 2212 0.0000000000e+00 1.0000000000e+00
1034 7.7501749035e+02 0.0000000000e+00 4.3312062556e+03 6.4278760969e+01 0.0000000000e+00 -7.6604444312e+01 2212 0.0000000000e+00 1.0000000000e+00
1035 7.7226202859e+02 0.0000000000e+00 4.3316984080e+03 6.4278760969e+01 0.0000000000e+00 -7.6604444312e+01 2212 0.0000000000e+00 1.0000000000e+00
1036 7.8701689784e+02 0.0000000000e+00 4.3290419427e+03 6.4278760969e+01 0.0000000000e+00 -7.6604444312e+01 2212 0.0000000000e+00 1.0000000000e+00
1037 7.2795912997e+02 0.0000000000e+00 4.3393634607e+03 6.4278760969e+01 0.0000000000e+00 -7.6604444312e+01 2212 0.0000000000e+00 1.0000000000e+00
1038 7.9877622191e+02 0.0000000000e+00 4.3268875981e+03 6.4278760969e+01 0.0000000000e+00 -7.6604444312e+01 2212 0.0000000000e+00 1.0000000000e+00
1039 7.4138834630e+02 0.0000000000e+00 4.3370892381e+03 6.4278760969e+01 0.0000000000e+00 -7.6604444312e+01 2212 0.0000000000e+00 1.0000000000e+00
1040 7.4760255585e+02 0.0000000000e+00 4.3360223889e+03 6.4278760969e+01 0.0000000000e+00 -7.6604444312e+01 2212 0.0000000000e+00 1.0000000000e+00
1041 7.8778879217e+02 0.0000000000e+00 4.3289015417e+03 6.4278760969e+01 0.0000000000e+00 -7.6604444312e+01 2212 0.0000000000e+00 1.0000000000e+00
1042 7.4784151665e+02 0.0000000000e+00 4.3359811813e+03 6.4278760969e+01 0.0000000000e+00 -7.6604444312e+01 2212 0.0000000000e+00 1.0000000000e+00
1043 7.3937469867e+02 0.0000000000e+00 4.3374329728e+03 6.4278760969e+01 0.0000000000e+00 -7.6604444312e+01 2212 0.0000000000e+00 1.0000000000e+00
1044 8.1837451414e+02 0.0000000000e+00 4.3232236691e+03 6.4278760969e+01 0.0000000000e+00 -7.6604444312e+01 2212 0.0000000000e+00 1.0000000000e+00
1045 7.2453169331e+02 0.0000000000e+00 4.3399370461e+03 6.4278760969e+01 0.0000000000e+00 -7.6604444312e+01 2212 0.0000000000e+00 1.0000000000e+00
1046 8.1089852828e+02 0.0000000000e+00 4.3246321596e+03 6.4278760969e+01 0.0000000000e+00 -7.6604444312e+01 2212 0.0000000000e+00 1.0000000000e+00
1047 8.1712130728e+02 0.0000000000e+00 4.3234607097e+03 6.4278760969e+01 0.0000000000e+00 -7.6604444312e+01 2212 0.0000000000e+00 1.0000000000e+00
1048 8.1490223570e+02 0.0000000000e+00 4.3238795179e+03 6.4278760969e+01 0.0000000000e+00 -7.6604444312e+01 2212 0.0000000000e+00 1.0000000000e+00
1049 7.6919979648e+02 0.0000000000e+00 4.3322432309e+03 6.4278760969e+01 0.0000000000e+00 -7.6604444312e+01 2212 0.0000000000e+00 1.0000000000e+00
1050 7.1681401766e+02 0.0000000000e+00 4.3412184238e+03 6.4278760969e+01 0.0000000000e+00 -7.6604444312e+01 2212 0.0000000000e+00 1.0000000000e+00
1051 7.0134594521e+02 0.0000000000e+00 4.3437441918e+03 6.4278760969e+01 0.0000000000e+00 -7.6604444312e+01 2212 0.0000000000e+00 1.0000000000e+00
1052 7.4280610579e+02 0.0000000000e+00 4.3368466457e+03 6.4278760969e+01 0.0000000000e+00 -7.6604444312e+01 2212 0.0000000000e+00 1.0000000000e+00
1053 7.5422662167e+02 0.0000000000e+00 4.3348750780e+03 6.4278760969e+01 0.0000000000e+00 -7.6604444312e+01 2212 0.0000000000e+00 1.0000000000e+00
1054 7.6132680249e+02 0.0000000000e+00 4.3336337223e+03 6.4278760969e+01 0.0000000000e+00 -7.6604444312e+01 2212 0.0000000000e+00 1.0000000000e+00
1055 7.0952947119e+02 0.0000000000e+00 4.3424149581e+03 6.4278760969e+01 0.0000000000e+00 -7.6604444312e+01 2212 0.0000000000e+00 1.0000000000e+00
1056 8.3444385742e+02 0.0000000000e+00 4.3201508293e+03 6.4278760969e+01 0.0000000000e+00 -7.6604444312e+01 2212 0.0000000000e+00 1.0000000000e+00
1057 7.8575199952e+02 0.0000000000e+00 4.3292717094e+03 6.4278760969e+01 0.0000000000e+00 -7.6604444312e+01 2212 0.0000000000e+00 1.0000000000e+00
1058 7.7362657684e+02 0.0000000000e+00 4.3314549124e+03 6.4278760969e+01 0.0000000000e+00 -7.6604444312e+01 2212 0.0000000000e+00 1.0000000000e+00
1059 7.9373270004e+02 0.0000000000e+00 4.3278156314e+03 6.4278760969e+01 0.0000000000e+00 -7.6604444312e+01 2212 0.0000000000e+00 1.0000000000e+00
1060 8.1353791878e+02 0.0000000000e+00 4.3241364217e+03 6.4278760969e+01 0.0000000000e+00 -7.6604444312e+01 2212 0.0000000000e+00 1.0000000000e+00
1061 7.7416173799e+02 0.0000000000e+00 4.3313592950e+03 6.4278760969e+01 0.0000000000e+00 -7.6604444312e+01 2212 0.0000000000e+00 1.0000000000e+00
1062 6.9985457454e+02 0.0000000000e+00 4.3439847276e+03 6.4278760969e+01 0.0000000000e+00 -7.6604444312e+01 2212 0.0000000000e+00 1.0000000000e+00
1063 7.6235863841e+02 0.0000000000e+00 4.3334523241e+03 6.4278760969e+01 0.0000000000e+00 -7.6604444312e+01 2212 0.0000000000e+00 1.0000000000e+00
1064 7.7208807061e+02 0.0000000000e+00 4.3317294179e+03 6.4278760969e+01 0.0000000000e+00 -7.6604444312e+01 2212 0.0000000000e+00 1.0000000000e+00
1065 7.1710509304e+02 0.0000000000e+00 4.3411703519e+03 6.4278760969e+01 0.0000000000e+00 -7.6604444312e+01 2212 0.0000000000e+00 1.0000000000e+00
1066 7.7130216704e+02 0.0000000000e+00 4.3318694239e+03 6.4278760969e+01 0.0000000000e+00 -7.6604444312e+01 2212 0.0000000000e+00 1.0000000000e+00
1067 7.7732184675e+02 0.0000000000e+00 4.3307932859e+03 6.4278760969e+01 0.0000000000e+00 -7.6604444312e+01 2212 0.0000000000e+00 1.0000000000e+00
1068 8.2529903058e+02 0.0000000000e+00 4.3219071310e+03 6.4278760969e+01 0.0000000000e+00 -7.6604444312e+01 2212 0.0000000000e+00 1.0000000000e+00
1069 7.7066111755e+02 0.0000000000e+00 4.3319835158e+03 6.4278760969e+01 0.0000000000e+00 -7.6604444312e+01 2212 0.0000000000e+00 1.0000000000e+00
1070 7.4430354582e+02 0.0000000000e+00 4.3365899011e+03 6.4278760969e+01 0.0000000000e+00 -7.6604444312e+01 2212 0.0000000000e+00 1.0000000000e+00
1071 7.5319983415e+02 0.0000000000e+00 4.3350536039e+03 6.4278760969e+01 0.0000000000e+00 -7.6604444312e+01 2212 0.0000000000e+00 1.0000000000e+00
1072 8.2465318364e+02 0.0000000000e+00 4.3220304101e+03 6.4278760969e+01 0.0000000000e+00 -7.6604444312e+01 2212 0.0000000000e+00 1.0000000000e+00
1073 7.4284866021e+02 0.0000000000e+00 4.3368393568e+03 6.4278760969e+01 0.0000000000e+00 -7.6604444312e+01 2212 0.0000000000e+00 1.0000000000e+00
1074 7.0963671340e+02 0.0000000000e+00 4.3423974339e+03 6.4278760969e+01 0.0000000000e+00 -7.6604444312e+01 2212 0.0000000000e+00 1.0000000000e+00
1075 7.8715212306e+02 0.0000000000e+00 4.3290173566e+03 6.4278760969e+01 0.0000000000e+00 -7.6604444312e+01 2212 0.0000000000e+00 1.0000000000e+00
1076 7.0335194705e+02 0.0000000000e+00 4.3434198251e+03 6.4278760969e+01 0.0000000000e+00 -7.6604444312e+01 2212 0.0000000000e+00 1.0000000000e+00
1077 7.0169898409e+02 0.0000000000e+00 4.3436871750e+03 6.4278760969e+01 0.0000000000e+00 -7.6604444312e+01 2212 0.0000000000e+00 1.0000000000e+00
1078 8.3551612466e+02 0.0000000000e+00 4.3199435811e+03 6.4278760969e+01 0.0000000000e+00 -7.6604444312e+01 2212 0.0000000000e+00 1.0000000000e+00
1079 7.0199354901e+02 0.0000000000e+00 4.3436395794e+03 6.4278760969e+01 0.0000000000e+00 -7.6604444312e+01 2212 0.0000000000e+00 1.0000000000e+00
1080 8.3082015755e+02 0.0000000000e+00 4.3208491763e+03 6.4278760969e+01 0.0000000000e+00 -7.6604444312e+01 2212 0.0000000000e+00 1.0000000000e+00
1081 7.3445147653e+02 0.0000000000e+00 4.3382693286e+03 6.4278760969e+01 0.0000000000e+00 -7.6604444312e+01 2212 0.0000000000e+00 1.0000000000e+00
1082 7.7780434094e+02 0.0000000000e+00 4.3307066567e+03 6.4278760969e+01 0.0000000000e+00 -7.6604444312e+01 2212 0.0000000000e+00 1.0000000000e+00
1083 7.4466162167e+02 0.0000000000e+00 4.3365284281e+03 6.4278760969e+01 0.0000000000e+00 -7.6604444312e+01 2212 0.0000000000e+00 1.0000000000e+00
1084 6.9619241150e+02 0.0000000000e+00 4.3445731511e+03 6.4278760969e+01 0.0000000000e+00 -7.6604444312e+01 2212 0.0000000000e+00 1.0000000000e+00
1085 7.6764529868e+02 0.0000000000e+00 4.3325189479e+03 6.4278760969e+01 0.0000000000e+00 -7.6604444312e+01 2212 0.0000000000e+00 1.0000000000e+00
1086 6.9591849638e+02 0.0000000000e+00 4.3446170355e+03 6.4278760969e+01 0.0000000000e+00 -7.6604444312e+01 2212 0.0000000000e+00 1.0000000000e+00
1087 8.2786714485e+02 0.0000000000e+00 4.3214159403e+03 6.4278760969e+01 0.0000000000e+00 -7.6604444312e+01 2212 0.0000000000e+00 1.0000000000e+00
1088 7.3750791628e+02 0.0000000000e+00 4.3377507780e+03 6.4278760969e+01 0.0000000000e+00 -7.6604444312e+01 2212 0.0000000000e+00 1.0000000000e+00
1089 7.9581882228e+02 0.0000000000e+00 4.3274325114e+03 6.4278760969e+01 0.0000000000e+00 -7.6604444312e+01 2212 0.0000000000e+00 1.0000000000e+00
1090 7.4525130325e+02 0.0000000000e+00 4.3364271277e+03 6.4278760969e+01 0.0000000000e+00 -7.6604444312e+01 2212 0.0000000000e+00 1.0000000000e+00
1091 7.3889232381e+02 0.0000000000e+00 4.3375151726e+03 6.4278760969e+01 0.0000000000e+00 -7.6604444312e+01 2212 0.0000000000e+00 1.0000000000e+00
1092 8.0397299853e+02 0.0000000000e+00 4.3259250059e+03 6.4278760969e+01 0.0000000000e+00 -7.6604444312e+01 2212 0.0000000000e+00 1.0000000000e+00
1093 7.6447442238e+02 0.0000000000e+00 4.3330795742e+03 6.4278760969e+01 0.0000000000e+00 -7.6604444312e+01 2212 0.0000000000e+00 1.0000000000e+00
1094 8.1833144653e+02 0.0000000000e+00 4.3232318215e+03 6.4278760969e+01 0.0000000000e+00 -7.6604444312e+01 2212 0.0000000000e+00 1.0000000000e+00
1095 7.2756829975e+02 0.0000000000e+00 4.3394290071e+03 6.4278760969e+01 0.0000000000e+00 -7.6604444312e+01 2212 0.0000000000e+00 1.0000000000e+00
1096 7.7096463438e+02 0.0000000000e+00 4.3319295091e+03 6.4278760969e+01 0.0000000000e+00 -7.6604444312e+01 2212 0.0000000000e+00 1.0000000000e+00
1097 7.9581641335e+02 0.0000000000e+00 4.3274329544e+03 6.4278760969e+01 0.0000000000e+00 -7.6604444312e+01 2212 0.0000000000e+00 1.0000000000e+00
1098 7.3739478022e+02 0.0000000000e+00 4.3377700120e+03 6.4278760969e+01 0.0000000000e+00 -7.6604444312e+01 2212 0.0000000000e+00 1.0000000000e+00
1099 6.9471409397e+02 0.0000000000e+00 4.3448097848e+03 6.4278760969e+01 0.0000000000e+00 -7.6604444312e+01 2212 0.0000000000e+00 1.0000000000e+00
1100 7.4980184335e+02 0.0000000000e+00 4.3356426207e+03 6.4278760969e+01 0.0000000000e+00 -7.6604444312e+01 2212 0.0000000000e+00 1.0000000000e+00
1101 7.5983323575e+02 0.0000000000e+00 4.3338958447e+03 6.4278760969e+01 0.0000000000e+00 -7.6604444312e+01 2212 0.0000000000e+00 1.0000000000e+00
1102 7.0494294354e+02 0.0000000000e+00 4.3431618880e+03 6.4278760969e+01 0.0000000000e+00 -7.6604444312e+01 2212 0.0000000000e+00 1.0000000000e+00
1103 7.4121377315e+02 0.0000000000e+00 4.3371190762e+03 6.4278760969e+01 0.0000000000e+00 -7.6604444312e+01 2212 0.0000000000e+00 1.0000000000e+00
1104 7.0913048128e+02 0.0000000000e+00 4.3424801323e+03 6.4278760969e+01 0.0000000000e+00 -7.6604444312e+01 2212 0.0000000000e+00 1.0000000000e+00
1105 7.8529717746e+02 0.0000000000e+00 4.3293542338e+03 6.4278760969e+01 0.0000000000e+00 -7.6604444312e+01 2212 0.0000000000e+00 1.0000000000e+00
1106 8.0113995099e+02 0.0000000000e+00 4.3264505681e+03 6.4278760969e+01 0.0000000000e+00 -7.6604444312e+01 2212 0.0000000000e+00 1.0000000000e+00
1107 8.2130658106e+02 0.0000000000e+00 4.3226676068e+03 6.4278760969e+01 0.0000000000e+00 -7.6604444312e+01 2212 0.0000000000e+00 1.0000000000e+00
1108 8.2091934723e+02 0.0000000000e+00 4.3227411632e+03 6.4278760969e+01 0.0000000000e+00 -7.6604444312e+01 2212 0.0000000000e+00 1.0000000000e+00
1109 7.8458924992e+02 0.0000000000e+00 4.3294825843e+03 6.4278760969e+01 0.0000000000e+00 -7.6604444312e+01 2212 0.0000000000e+00 1.0000000000e+00
1110 7.2757115487e+02 0.0000000000e+00 4.3394285284e+03 6.4278760969e+01 0.0000000000e+00 -7.6604444312e+01 2212 0.0000000000e+00 1.0000000000e+00
1111 7.2610168546e+02 0.0000000000e+00 4.3396746515e+03 6.4278760969e+01 0.0000000000e+00 -7.6604444312e+01 2212 0.0000000000e+00 1.0000000000e+00
1112 7.9210903860e+02 0.0000000000e+00 4.3281131004e+03 6.4278760969e+01 0.0000000000e+00 -7.6604444312e+01 2212 0.0000000000e+00 1.0000000000e+00
1113 7.2503259881e+02 0.0000000000e+00 4.3398533926e+03 6.4278760969e+01 0.0000000000e+00 -7.6604444312e+01 2212 0.0000000000e+00 1.0000000000e+00
1114 7.4273264335e+02 0.0000000000e+00 4.3368592275e+03 6.4278760969e+01 0.0000000000e+00 -7.6604444312e+01 2212 0.0000000000e+00 1.0000000000e+00
1115 7.4030593840e+02 0.0000000000e+00 4.3372741274e+03 6.4278760969e+01 0.0000000000e+00 -7.6604444312e+01 2212 0.0000000000e+00 1.0000000000e+00
1116 6.8922441162e+02 0.0000000000e+00 4.3456840025e+03 6.4278760969e+01 0.0000000000e+00 -7.6604444312e+01 2212 0.0000000000e+00 1.0000000000e+00
1117 8.2568951472e+02 0.0000000000e+00 4.3218325470e+03 6.4278760969e+01 0.0000000000e+00 -7.6604444312e+01 2212 0.0000000000e+00 1.0000000000e+00
1118 8.0352474612e+02 0.0000000000e+00 4.3260082895e+03 6.4278760969e+01 0.0000000000e+00 -7.6604444312e+01 2212 0.0000000000e+00 1.0000000000e+00
1119 7.2591332371e+02 0.0000000000e+00 4.3397061635e+03 6.4278760969e+01 0.0000000000e+00 -7.6604444312e+01 2212 0.0000000000e+00 1.0000000000e+00
1120 7.5104395880e+02 0.0000000000e+00 4.3354276272e+03 6.4278760969e+01 0.0000000000e+00 -7.6604444312e+01 2212 0.0000000000e+00 1.0000000000e+00
1121 8.3749755590e+02 0.0000000000e+00 4.3195598830e+03 6.4278760969e+01 0.0000000000e+00 -7.6604444312e+01 2212 0.0000000000e+00 1.0000000000e+00
1122 7.3891450344e+02 0.0000000000e+00 4.3375113943e+03 6.4278760969e+01 0.0000000000e+00 -7.6604444312e+01 2212 0.0000000000e+00 1.0000000000e+00
1123 7.1652348809e+02 0.0000000000e+00 4.3412663855e+03 6.4278760969e+01 0.0000000000e+00 -7.6604444312e+01 2212 0.0000000000e+00 1.0000000000e+00
1124 7.3045715044e+02 0.0000000000e+00 4.3389436606e+03 6.4278760969e+01 0.0000000000e+00 -7.6604444312e+01 2212 0.0000000000e+00 1.0000000000e+00
1125 8.2398386522e+02 0.0000000000e+00 4.3221580638e+03 6.4278760969e+01 0.0000000000e+00 -7.6604444312e+01 2212 0.0000000000e+00 1.0000000000e+00
1126 7.7804125383e+02 0.0000000000e+00 4.3306640999e+03 6.4278760969e+01 0.0000000000e+00 -7.6604444312e+01 2212 0.0000000000e+00 1.0000000000e+00
1127 7.2029650967e+02 0.0000000000e+00 4.3406419660e+03 6.4278760969e+01 0.0000000000e+00 -7.6604444312e+01 2212 0.0000000000e+00 1.0000000000e+00
1128 7.3758339288e+02 0.0000000000e+00 4.3377379448e+03 6.4278760969e+01 0.0000000000e+00 -7.6604444312e+01 2212 0.0000000000e+00 1.0000000000e+00
1129 7.7484487176e+02 0.0000000000e+00 4.3312371401e+03 6.4278760969e+01 0.0000000000e+00 -7.6604444312e+01 2212 0.0000000000e+00 1.0000000000e+00
1130 8.3002986308e+02 0.0000000000e+00 4.3210010605e+03 6.4278760969e+01 0.0000000000e+00 -7.6604444312e+01 2212 0.0000000000e+00 1.0000000000e+00
1131 7.5622344631e+02 0.0000000000e+00 4.3345271758e+03 6.4278760969e+01 0.0000000000e+00 -7.6604444312e+01 2212 0.0000000000e+00 1.0000000000e+00
1132 7.0286817940e+02 0.0000000000e+00 4.3434981364e+03 6.4278760969e+01 0.0000000000e+00 -7.6604444312e+01 2212 0.0000000000e+00 1.0000000000e+00
1133 8.2292233690e+02 0.0000000000e+00 4.3223603004e+03 6.4278760969e+01 0.0000000000e+00 -7.6604444312e+01 2212 0.0000000000e+00 1.0000000000e+00
1134 8.2195749296e+02 0.0000000000e+00 4.3225438828e+03 6.4278760969e+01 0.0000000000e+00 -7.6604444312e+01 2212 0.0000000000e+00 1.0000000000e+00
1135 7.1335808444e+02 0.0000000000e+00 4.3417876482e+03 6.4278760969e+01 0.0000000000e+00 -7.6604444312e+01 2212 0.0000000000e+00 1.0000000000e+00
1136 7.7433787758e+02 0.0000000000e+00 4.3313278091e+03 6.4278760969e+01 0.0000000000e+00 -7.6604444312e+01 2212 0.0000000000e+00 1.0000000000e+00
1137 7.7520224335e+02 0.0000000000e+00 4.3311731922e+03 6.4278760969e+01 0.0000000000e+00 -7.6604444312e+01 2212 0.0000000000e+00 1.0000000000e+00
1138 6.9770369580e+02 0.0000000000e+00 4.3443307070e+03 6.4278760969e+01 0.0000000000e+00 -7.6604444312e+01 2212 0.0000000000e+00 1.0000000000e+00
1139 6.9775854578e+02 0.0000000000e+00 4.3443218977e+03 6.4278760969e+01 0.0000000000e+00 -7.6604444312e+01 2212 0.0000000000e+00 1.0000000000e+00
1140 8.2070404191e+02 0.0000000000e+00 4.3227820457e+03 6.4278760969e+01 0.0000000000e+00 -7.6604444312e+01 2212 0.0000000000e+00 1.0000000000e+00
1141 7.8955544450e+02 0.0000000000e+00 4.3285796676e+03 6.4278760969e+01 0.0000000000e+00 -7.6604444312e+01 2212 0.0000000000e+00 1.0000000000e+00
1142 7.2239981348e+02 0.0000000000e+00 4.3402924151e+03 6.4278760969e+01 0.0000000000e+00 -7.6604444312e+01 2212 0.0000000000e+00 1.0000000000e+00
1143 7.7081693530e+02 0.0000000000e+00 4.3319557928e+03 6.4278760969e+01 0.0000000000e+00 -7.6604444312e+01 2212 0.0000000000e+00 1.0000000000e+00
1144 8.0929283189e+02 0.0000000000e+00 4.3249329302e+03 6.4278760969e+01 0.0000000000e+00 -7.6604444312e+01 2212 0.0000000000e+00 1.0000000000e+00
1145 8.1379350927e+02 0.0000000000e+00 4.3240883274e+03 6.4278760969e+01 0.0000000000e+00 -7.6604444312e+01 2212 0.0000000000e+00 1.0000000000e+00
1146 8.0966899847e+02 0.0000000000e+00 4.3248625240e+03 6.4278760969e+01 0.0000000000e+00 -7.6604444312e+01 2212 0.0000000000e+00 1.0000000000e+00
1147 7.4082132966e+02 0.0000000000e+00 4.3371861266e+03 6.4278760969e+01 0.0000000000e+00 -7.6604444312e+01 2212 0.0000000000e+00 1.0000000000e+00
1148 6.9270363284e+02 0.0000000000e+00 4.3451307709e+03 6.4278760969e+01 0.0000000000e+00 -7.6604444312e+01 2212 0.0000000000e+00 1.0000000000e+00
1149 8.1593509086e+02 0.0000000000e+00 4.3236847325e+03 6.4278760969e+01 0.0000000000e+00 -7.6604444312e+01 2212 0.0000000000e+00 1.0000000000e+00
1150 7.8326883125e+02 0.0000000000e+00 4.3297216627e+03 6.4278760969e+01 0.0000000000e+00 -7.6604444312e+01 2212 0.0000000000e+00 1.0000000000e+00
1151 7.6067240805e+02 0.0000000000e+00 4.3337486344e+03 6.4278760969e+01 0.0000000000e+00 -7.6604444312e+01 2212 0.0000000000e+00 1.0000000000e+00
1152 7.7987411914e+02 0.0000000000e+00 4.3303344094e+03 6.4278760969e+01 0.0000000000e+00 -7.6604444312e+01 2212 0.0000000000e+00 1.0000000000e+00
1153 8.1615237302e+02 0.0000000000e+00 4.3236437229e+03 6.4278760969e+01 0.0000000000e+00 -7.6604444312e+01 2212 0.0000000000e+00 1.0000000000e+00
1154 7.0017299030e+02 0.0000000000e+00 4.3439334160e+03 6.4278760969e+01 0.0000000000e+00 -7.6604444312e+01 2212 0.0000000000e+00 1.0000000000e+00
1155 7.3356545949e+02 0.0000000000e+00 4.3384192346e+03 6.4278760969e+01 0.0000000000e+00 -7.6604444312e+01 2212 0.0000000000e+00 1.0000000000e+00
1156 8.0530243041e+02 0.0000000000e+00 4.3256777197e+03 6.4278760969e+01 0.0000000000e+00 -7.6604444312e+01 2212 0.0000000000e+00 1.0000000000e+00
1157 6.9375105024e+02 0.0000000000e+00 4.3449636614e+03 6.4278760969e+01 0.0000000000e+00 -7.6604444312e+01 2212 0.0000000000e+00 1.0000000000e+00
1158 7.1004378844e+02 0.0000000000e+00 4.3423308899e+03 6.4278760969e+01 0.0000000000e+00 -7.6604444312e+01 2212 0.0000000000e+00 1.0000000000e+00
1159 7.9339276324e+02 0.0000000000e+00 4.3278779629e+03 6.4278760969e+01 0.0000000000e+00 -7.6604444312e+01 2212 0.0000000000e+00 1.0000000000e+00
1160 7.5855845685e+02 0.0000000000e+00 4.3341191500e+03 6.4278760969e+01 0.0000000000e+00 -7.6604444312e+01 2212 0.0000000000e+00 1.0000000000e+00
1161 7.7483936363e+02 0.0000000000e+00 4.3312381255e+03 6.4278760969e+01 0.0000000000e+00 -7.6604444312e+01 2212 0.0000000000e+00 1.0000000000e+00
1162 7.0303915814e+02 0.0000000000e+00 4.3434704651e+03 6.4278760969e+01 0.0000000000e+00 -7.6604444312e+01 2212 0.0000000000e+00 1.0000000000e+00
1163 7.3255228429e+02 0.0000000000e+00 4.3385904266e+03 6.4278760969e+01 0.0000000000e+00 -7.6604444312e+01 2212 0.0000000000e+00 1.0000000000e+00
1164 7.7461553680e+02 0.0000000000e+00 4.3312781611e+03 6.4278760969e+01 0.0000000000e+00 -7.6604444312e+01 2212 0.0000000000e+00 1.0000000000e+00
1165 7.1141479120e+02 0.0000000000e+00 4.3421064858e+03 6.4278760969e+01 0.0000000000e+00 -7.6604444312e+01 2212 0.0000000000e+00 1.0000000000e+00
1166 7.4949190522e+02 0.0000000000e+00 4.3356962097e+03 6.4278760969e+01 0.0000000000e+00 -7.6604444312e+01 2212 0.0000000000e+00 1.0000000000e+00
1167 8.0543019398e+02 0.0000000000e+00 4.3256539322e+03 6.4278760969e+01 0.0000000000e+00 -7.6604444312e+01 2212 0.0000000000e+00 1.0000000000e+00
1168 7.7714398332e+02 0.0000000000e+00 4.3308252064e+03 6.4278760969e+01 0.0000000000e+00 -7.6604444312e+01 2212 0.0000000000e+00 1.0000000000e+00
1169 6.9461466057e+02 0.0000000000e+00 4.3448256826e+03 6.4278760969e+01 0.0000000000e+00 -7.6604444312e+01 2212 0.0000000000e+00 1.0000000000e+00
1170 8.0164094675e+02 0.0000000000e+00 4.3263577674e+03 6.4278760969e+01 0.0000000000e+00 -7.6604444312e+01 2212 0.0000000000e+00 1.0000000000e+00
1171 7.6896808341e+02 0.0000000000e+00 4.3322843657e+03 6.4278760969e+01 0.0000000000e+00 -7.6604444312e+01 2212 0.0000000000e+00 1.0000000000e+00
1172 8.2291077925e+02 0.0000000000e+00 4.3223625008e+03 6.4278760969e+01 0.0000000000e+00 -7.6604444312e+01 2212 0.0000000000e+00 1.0000000000e+00
1173 7.5903915661e+02 0.0000000000e+00 4.3340349904e+03 6.4278760969e+01 0.0000000000e+00 -7.6604444312e+01 2212 0.0000000000e+00 1.0000000000e+00
1174 7.4580234274e+02 0.0000000000e+00 4.3363323909e+03 6.4278760969e+01 0.0000000000e+00 -7.6604444312e+01 2212 0.0000000000e+00 1.0000000000e+00
1175 7.9228409050e+02 0.0000000000e+00 4.3280810596e+03 6.4278760969e+01 0.0000000000e+00 -7.6604444312e+01 2212 0.0000000000e+00 1.0000000000e+00
1176 7.3263701656e+02 0.0000000000e+00 4.3385761191e+03 6.4278760969e+01 0.0000000000e+00 -7.6604444312e+01 2212 0.0000000000e+00 1.0000000000e+00
1177 7.8550709037e+02 0.0000000000e+00 4.3293161527e+03 6.4278760969e+01 0.0000000000e+00 -7.6604444312e+01 2212 0.0000000000e+00 1.0000000000e+00
1178 7.6545713682e+02 0.0000000000e+00 4.3329060814e+03 6.4278760969e+01 0.0000000000e+00 -7.6604444312e+01 2212 0.0000000000e+00 1.0000000000e+00
1179 8.2475355156e+02 0.0000000000e+00 4.3220112584e+03 6.4278760969e+01 0.0000000000e+00 -7.6604444312e+01 2212 0.0000000000e+00 1.0000000000e+00
1180 7.6901471540e+02 0.0000000000e+00 4.3322760884e+03 6.4278760969e+01 0.0000000000e+00 -7.6604444312e+01 2212 0.0000000000e+00 1.0000000000e+00
1181 8.2342746669e+02 0.0000000000e+00 4.3222640995e+03 6.4278760969e+01 0.0000000000e+00 -7.6604444312e+01 2212 0.0000000000e+00 1.0000000000e+00
1182 7.0429919754e+02 0.0000000000e+00 4.3432663261e+03 6.4278760969e+01 0.0000000000e+00 -7.6604444312e+01 2212 0.0000000000e+00 1.0000000000e+00
1183 7.5063538030e+02 0.0000000000e+00 4.3354983871e+03 6.4278760969e+01 0.0000000000e+00 -7.6604444312e+01 2212 0.0000000000e+00 1.0000000000e+00
1184 6.9527991424e+02 0.0000000000e+00 4.3447192751e+03 6.4278760969e+01 0.0000000000e+00 -7.6604444312e+01 2212 0.0000000000e+00 1.0000000000e+00
1185 7.0439246932e+02 0.0000000000e+00 4.3432512002e+03 6.4278760969e+01 0.0000000000e+00 -7.6604444312e+01 2212 0.0000000000e+00 1.0000000000e+00
1186 7.8249714146e+02 0.0000000000e+00 4.3298611944e+03 6.4278760969e+01 0.0000000000e+00 -7.6604444312e+01 2212 0.0000000000e+00 1.0000000000e+00
1187 7.3620287559e+02 0.0000000000e+00 4.3379724601e+03 6.4278760969e+01 0.0000000000e+00 -7.6604444312e+01 2212 0.0000000000e+00 1.0000000000e+00
1188 8.1277415339e+02 0.0000000000e+00 4.3242800458e+03 6.4278760969e+01 0.0000000000e+00 -7.6604444312e+01 2212 0.0000000000e+00 1.0000000000e+00
1189 8.2011885842e+02 0.0000000000e+00 4.3228931050e+03 6.4278760969e+01 0.0000000000e+00 -7.6604444312e+01 2212 0.0000000000e+00 1.0000000000e+00
1190 6.9666340071e+02 0.0000000000e+00 4.3444976516e+03 6.4278760969e+01 0.0000000000e+00 -7.6604444312e+01 2212 0.0000000000e+00 1.0000000000e+00
1191 7.2594471353e+02 0.0000000000e+00 4.3397009127e+03 6.4278760969e+01 0.0000000000e+00 -7.6604444312e+01 2212 0.0000000000e+00 1.0000000000e+00
1192 8.0907998969e+02 0.0000000000e+00 4.3249727524e+03 6.4278760969e+01 0.0000000000e+00 -7.6604444312e+01 2212 0.0000000000e+00 1.0000000000e+00
1193 8.1429465356e+02 0.0000000000e+00 4.3239939820e+03 6.4278760969e+01 0.0000000000e+00 -7.6604444312e+01 2212 0.0000000000e+00 1.0000000000e+00
1194 7.2533765164e+02 0.0000000000e+00 4.3398024183e+03 6.4278760969e+01 0.0000000000e+00 -7.6604444312e+01 2212 0.0000000000e+00 1.0000000000e+00
1195 7.6068564295e+02 0.0000000000e+00 4.3337463114e+03 6.4278760969e+01 0.0000000000e+00 -7.6604444312e+01 2212 0.0000000000e+00 1.0000000000e+00
1196 8.0992001747e+02 0.0000000000e+00 4.3248155226e+03 6.4278760969e+01 0.0000000000e+00 -7.6604444312e+01 2212 0.0000000000e+00 1.0000000000e+00
1197 7.0268245520e+02 0.0000000000e+00 4.3435281864e+03 6.4278760969e+01 0.0000000000e+00 -7.6604444312e+01 2212 0.0000000000e+00 1.0000000000e+00
1198 7.3350611454e+02 0.0000000000e+00 4.3384292686e+03 6.4278760969e+01 0.0000000000e+00 -7.6604444312e+01 2212 0.0000000000e+00 1.0000000000e+00
1199 8.1430817006e+02 0.0000000000e+00 4.3239914365e+03 6.4278760969e+01 0.0000000000e+00 -7.6604444312e+01 2212 0.0000000000e+00 1.0000000000e+00
1200 7.5910102890e+02 0.0000000000e+00 4.3340241539e+03 6.4278760969e+01 0.0000000000e+00 -7.6604444312e+01 2212 0.0000000000e+00 1.0000000000e+00
1201 6.9349879824e+02 0.0000000000e+00 4.3450039305e+03 6.4278760969e+01 0.0000000000e+00 -7.6604444312e+01 2212 0.0000000000e+00 1.0000000000e+00
1202 8.2942868863e+02 0.0000000000e+00 4.3211164980e+03 6.4278760969e+01 0.0000000000e+00 -7.6604444312e+01 2212 0.0000000000e+00 1.0000000000e+00
1203 7.0518970423e+02 0.0000000000e+00 4.3431218288e+03 6.4278760969e+01 0.0000000000e+00 -7.6604444312e+01 2212 0.0000000000e+00 1.0000000000e+00
1204 8.2594972202e+02 0.0000000000e+00 4.3217828261e+03 6.4278760969e+01 0.0000000000e+00 -7.6604444312e+01 2212 0.0000000000e+00 1.0000000000e+00
1205 7.8796982526e+02 0.0000000000e+00 4.3288685928e+03 6.4278760969e+01 0.0000000000e+00 -7.6604444312e+01 2212 0.0000000000e+00 1.0000000000e+00
1206 7.0801427515e+02 0.0000000000e+00 4.3426622624e+03 6.4278760969e+01 0.0000000000e+00 -7.6604444312e+01 2212 0.0000000000e+00 1.0000000000e+00
1207 8.2187569826e+02 0.0000000000e+00 4.3225594357e+03 6.4278760969e+01 0.0000000000e+00 -7.6604444312e+01 2212 0.0000000000e+00 1.0000000000e+00
1208 7.6851326353e+02 0.0000000000e+00 4.3323650703e+03 6.4278760969e+01 0.0000000000e+00 -7.6604444312e+01 2212 0.0000000000e+00 1.0000000000e+00
1209 7.4940629253e+02 0.0000000000e+00 4.3357110083e+03 6.4278760969e+01 0.0000000000e+00 -7.6604444312e+01 2212 0.0000000000e+00 1.0000000000e+00
1210 7.8206980677e+02 0.0000000000e+00 4.3299384010e+03 6.4278760969e+01 0.0000000000e+00 -7.6604444312e+01 2212 0.0000000000e+00 1.0000000000e+00
1211 8.3782385781e+02 0.0000000000e+00 4.3194966052e+03 6.4278760969e+01 0.0000000000e+00 -7.6604444312e+01 2212 0.0000000000e+00 1.0000000000e+00
1212 7.8289343988e+02 0.0000000000e+00 4.3297895562e+03 6.4278760969e+01 0.0000000000e+00 -7.6604444312e+01 2212 0.0000000000e+00 1.0000000000e+00
1213 7.5697474141e+02 0.0000000000e+00 4.3343960340e+03 6.4278760969e+01 0.0000000000e+00 -7.6604444312e+01 2212 0.0000000000e+00 1.0000000000e+00
1214 7.8624750675e+02 0.0000000000e+00 4.3291817468e+03 6.4278760969e+01 0.0000000000e+00 -7.6604444312e+01 2212 0.0000000000e+00 1.0000000000e+00
1215 7.4945040663e+02 0.0000000000e+00 4.3357033832e+03 6.4278760969e+01 0.0000000000e+00 -7.6604444312e+01 2212 0.0000000000e+00 1.0000000000e+00
1216 7.3863962052e+02 0.0000000000e+00 4.3375582129e+03 6.4278760969e+01 0.0000000000e+00 -7.6604444312e+01 2212 0.0000000000e+00 1.0000000000e+00
1217 7.9553766659e+02 0.0000000000e+00 4.3274842068e+03 6.4278760969e+01 0.0000000000e+00 -7.6604444312e+01 2212 0.0000000000e+00 1.0000000000e+00
1218 7.0563342942e+02 0.0000000000e+00 4.3430497582e+03 6.4278760969e+01 0.0000000000e+00 -7.6604444312e+01 2212 0.0000000000e+00 1.0000000000e+00
1219 7.7401646043e+02 0.0000000000e+00 4.3313852585e+03 6.4278760969e+01 0.0000000000e+00 -7.6604444312e+01 2212 0.0000000000e+00 1.0000000000e+00
1220 7.7480456511e+02 0.0000000000e+00 4.3312443506e+03 6.4278760969e+01 0.0000000000e+00 -7.6604444312e+01 2212 0.0000000000e+00 1.0000000000e+00
1221 7.2649161005e+02 0.0000000000e+00 4.3396093925e+03 6.4278760969e+01 0.0000000000e+00 -7.6604444312e+01 2212 0.0000000000e+00 1.0000000000e+00
1222 7.3408406523e+02 0.0000000000e+00 4.3383315138e+03 6.4278760969e+01 0.0000000000e+00 -7.6604444312e+01 2212 0.0000000000e+00 1.0000000000e+00
1223 7.2514943333e+02 0.0000000000e+00 4.3398338722e+03 6.4278760969e+01 0.0000000000e+00 -7.6604444312e+01 2212 0.0000000000e+00 1.0000000000e+00
1224 7.1765013661e+02 0.0000000000e+00 4.3410802826e+03 6.4278760969e+01 0.0000000000e+00 -7.6604444312e+01 2212 0.0000000000e+00 1.0000000000e+00
1225 8.0938610765e+02 0.0000000000e+00 4.3249154752e+03 6.4278760969e+01 0.0000000000e+00 -7.6604444312e+01 2212 0.0000000000e+00 1.0000000000e+00
1226 7.7383711752e+02 0.0000000000e+00 4.3314173032e+03 6.4278760969e+01 0.0000000000e+00 -7.6604444312e+01 2212 0.0000000000e+00 1.0000000000e+00
1227 8.3220973247e+02 0.0000000000e+00 4.3205817548e+03 6.4278760969e+01 0.0000000000e+00 -7.6604444312e+01 2212 0.0000000000e+00 1.0000000000e+00
1228 7.8075737457e+02 0.0000000000e+00 4.3301752460e+03 6.4278760969e+01 0.0000000000e+00 -7.6604444312e+01 2212 0.0000000000e+00 1.0000000000e+00
1229 7.7240424372e+02 0.0000000000e+00 4.3316730513e+03 6.4278760969e+01 0.0000000000e+00 -7.6604444312e+01 2212 0.0000000000e+00 1.0000000000e+00
1230 6.9518721617e+02 0.0000000000e+00 4.3447341085e+03 6.4278760969e+01 0.0000000000e+00 -7.6604444312e+01 2212 0.0000000000e+00 1.0000000000e+00
1231 7.1257760555e+02 0.0000000000e+00 4.3419158093e+03 6.4278760969e+01 0.0000000000e+00 -7.6604444312e+01 2212 0.0000000000e+00 1.0000000000e+00
1232 8.3735459229e+02 0.0000000000e+00 4.3195875990e+03 6.4278760969e+01 0.0000000000e+00 -7.6604444312e+01 2212 0.0000000000e+00 1.0000000000e+00
1233 7.9588395271e+02 0.0000000000e+00 4.3274205334e+03 6.4278760969e+01 0.0000000000e+00 -7.6604444312e+01 2212 0.0000000000e+00 1.0000000000e+00
1234 7.0404228344e+02 0.0000000000e+00 4.3433079792e+03 6.4278760969e+01 0.0000000000e+00 -7.6604444312e+01 2212 0.0000000000e+00 1.0000000000e+00
1235 7.2175661948e+02 0.0000000000e+00 4.3403994195e+03 6.4278760969e+01 0.0000000000e+00 -7.6604444312e+01 2212 0.0000000000e+00 1.0000000000e+00
1236 7.4981432590e+02 0.0000000000e+00 4.3356404620e+03 6.4278760969e+01 0.0000000000e+00 -7.6604444312e+01 2212 0.0000000000e+00 1.0000000000e+00
1237 7.0293021030e+02 0.0000000000e+00 4.3434880981e+03 6.4278760969e+01 0.0000000000e+00 -7.6604444312e+01 2212 0.0000000000e+00 1.0000000000e+00
1238 7.8908081911e+02 0.0000000000e+00 4.3286662149e+03 6.4278760969e+01 0.0000000000e+00 -7.6604444312e+01 2212 0.0000000000e+00 1.0000000000e+00
1239 6.9824298329e+02 0.0000000000e+00 4.3442440626e+03 6.4278760969e+01 0.0000000000e+00 -7.6604444312e+01 2212 0.0000000000e+00 1.0000000000e+00
1240 7.1818147035e+02 0.0000000000e+00 4.3409924112e+03 6.4278760969e+01 0.0000000000e+00 -7.6604444312e+01 2212 0.0000000000e+00 1.0000000000e+00
1241 7.2346797192e+02 0.0000000000e+00 4.3401144953e+03 6.4278760969e+01 0.0000000000e+00 -7.6604444312e+01 2212 0.0000000000e+00 1.0000000000e+00
1242 7.2496431412e+02 0.0000000000e+00 4.3398648000e+03 6.4278760969e+01 0.0000000000e+00 -7.6604444312e+01 2212 0.0000000000e+00 1.0000000000e+00
1243 6.9224417429e+02 0.0000000000e+00 4.3452039931e+03 6.4278760969e+01 0.0000000000e+00 -7.6604444312e+01 2212 0.0000000000e+00 1.0000000000e+00
1244 7.8267538180e+02 0.0000000000e+00 4.3298289788e+03 6.4278760969e+01 0.0000000000e+00 -7.6604444312e+01 2212 0.0000000000e+00 1.0000000000e+00
1245 8.1467317671e+02 0.0000000000e+00 4.3239226813e+03 6.4278760969e+01 0.0000000000e+00 -7.6604444312e+01 2212 0.0000000000e+00 1.0000000000e+00
1246 8.0919546787e+02 0.0000000000e+00 4.3249511481e+03 6.4278760969e+01 0.0000000000e+00 -7.6604444312e+01 2212 0.0000000000e+00 1.0000000000e+00
1247 7.9895192510e+02 0.0000000000e+00 4.3268551582e+03 6.4278760969e+01 0.0000000000e+00 -7.6604444312e+01 2212 0.0000000000e+00 1.0000000000e+00
1248 7.7080254710e+02 0.0000000000e+00 4.3319583530e+03 6.4278760969e+01 0.0000000000e+00 -7.6604444312e+01 2212 0.0000000000e+00 1.0000000000e+00
1249 8.0506404242e+02 0.0000000000e+00 4.3257220931e+03 6.4278760969e+01 0.0000000000e+00 -7.6604444312e+01 2212 0.0000000000e+00 1.0000000000e+00
1250 7.1826864837e+02 0.0000000000e+00 4.3409779875e+03 6.4278760969e+01 0.0000000000e+00 -7.6604444312e+01 2212 0.0000000000e+00 1.0000000000e+00
1251 8.0288136249e+02 0.0000000000e+00 4.3261277439e+03 6.4278760969e+01 0.0000000000e+00 -7.6604444312e+01 2212 0.0000000000e+00 1.0000000000e+00
1252 8.0698870313e+02 0.0000000000e+00 4.3253634497e+03 6.4278760969e+01 0.0000000000e+00 -7.6604444312e+01 2212 0.0000000000e+00 1.0000000000e+00
1253 7.7461591219e+02 0.0000000000e+00 4.3312780940e+03 6.4278760969e+01 0.0000000000e+00 -7.6604444312e+01 2212 0.0000000000e+00 1.0000000000e+00
1254 8.1154978498e+02 0.0000000000e+00 4.3245099937e+03 6.4278760969e+01 0.0000000000e+00 -7.6604444312e+01 2212 0.0000000000e+00 1.0000000000e+00
1255 7.5461427773e+02 0.0000000000e+00 4.3348076117e+03 6.4278760969e+01 0.0000000000e+00 -7.6604444312e+01 2212 0.0000000000e+00 1.0000000000e+00
1256 7.9592913291e+02 0.0000000000e+00 4.3274122237e+03 6.4278760969e+01 0.0000000000e+00 -7.6604444312e+01 2212 0.0000000000e+00 1.0000000000e+00
1257 7.9622915603e+02 0.0000000000e+00 4.3273570306e+03 6.4278760969e+01 0.0000000000e+00 -7.6604444312e+01 2212 0.0000000000e+00 1.0000000000e+00
1258 8.3112146316e+02 0.0000000000e+00 4.3207912299e+03 6.4278760969e+01 0.0000000000e+00 -7.6604444312e+01 2212 0.0000000000e+00 1.0000000000e+00
1259 8.0403188206e+02 0.0000000000e+00 4.3259140620e+03 6.4278760969e+01 0.0000000000e+00 -7.6604444312e+01 2212 0.0000000000e+00 1.0000000000e+00
1260 8.1767977356e+02 0.0000000000e+00 4.3233551238e+03 6.4278760969e+01 0.0000000000e+00 -7.6604444312e+01 2212 0.0000000000e+00 1.0000000000e+00
1261 7.1650421118e+02 0.0000000000e+00 4.3412695671e+03 6.4278760969e+01 0.0000000000e+00 -7.6604444312e+01 2212 0.0000000000e+00 1.0000000000e+00
1262 8.3406740182e+02 0.0000000000e+00 4.3202235252e+03 6.4278760969e+01 0.0000000000e+00 -7.6604444312e+01 2212 0.0000000000e+00 1.0000000000e+00
1263 7.7217878663e+02 0.0000000000e+00 4.3317132477e+03 6.4278760969e+01 0.0000000000e+00 -7.6604444312e+01 2212 0.0000000000e+00 1.0000000000e+00
1264 7.5870287582e+02 0.0000000000e+00 4.3340938713e+03 6.4278760969e+01 0.0000000000e+00 -7.6604444312e+01 2212 0.0000000000e+00 1.0000000000e+00
1265 7.6230434298e+02 0.0000000000e+00 4.3334618756e+03 6.4278760969e+01 0.0000000000e+00 -7.6604444312e+01 2212 0.0000000000e+00 1.0000000000e+00
1266 7.6178231786e+02 0.0000000000e+00 4.3335536733e+03 6.4278760969e+01 0.0000000000e+00 -7.6604444312e+01 2212 0.0000000000e+00 1.0000000000e+00
1267 8.2214672799e+02 0.0000000000e+00 4.3225078943e+03 6.4278760969e+01 0.0000000000e+00 -7.6604444312e+01 2212 0.0000000000e+00 1.0000000000e+00
1268 7.7712735884e+02 0.0000000000e+00 4.3308281895e+03 6.4278760969e+01 0.0000000000e+00 -7.6604444312e+01 2212 0.0000000000e+00 1.0000000000e+00
1269 7.8686381568e+02 0.0000000000e+00 4.3290697701e+03 6.4278760969e+01 0.0000000000e+00 -7.6604444312e+01 2212 0.0000000000e+00 1.0000000000e+00
1270 8.3081168917e+02 0.0000000000e+00 4.3208508046e+03 6.4278760969e+01 0.0000000000e+00 -7.6604444312e+01 2212 0.0000000000e+00 1.0000000000e+00
1271 8.2117062601e+02 0.0000000000e+00 4.3226934360e+03 6.4278760969e+01 0.0000000000e+00 -7.6604444312e+01 2212 0.0000000000e+00 1.0000000000e+00
1272 7.4472657152e+02 0.0000000000e+00 4.3365172746e+03 6.4278760969e+01 0.0000000000e+00 -7.6604444312e+01 2212 0.0000000000e+00 1.0000000000e+00
1273 6.8886637063e+02 0.0000000000e+00 4.3457407726e+03 6.4278760969e+01 0.0000000000e+00 -7.6604444312e+01 2212 0.0000000000e+00 1.0000000000e+00
1274 7.7890714573e+02 0.0000000000e+00 4.3305084456e+03 6.4278760969e+01 0.0000000000e+00 -7.6604444312e+01 2212 0.0000000000e+00 1.0000000000e+00
1275 8.0984777146e+02 0.0000000000e+00 4.3248290516e+03 6.4278760969e+01 0.0000000000e+00 -7.6604444312e+01 2212 0.0000000000e+00 1.0000000000e+00
1276 7.8123042064e+02 0.0000000000e+00 4.3300899262e+03 6.4278760969e+01 0.0000000000e+00 -7.6604444312e+01 2212 0.0000000000e+00 1.0000000000e+00
1277 8.2464171040e+02 0.0000000000e+00 4.3220325992e+03 6.4278760969e+01 0.0000000000e+00 -7.6604444312e+01 2212 0.0000000000e+00 1.0000000000e+00
1278 7.7313532572e+02 0.0000000000e+00 4.3315426244e+03 6.4278760969e+01 0.0000000000e+00 -7.6604444312e+01 2212 0.0000000000e+00 1.0000000000e+00
1279 6.9778899382e+02 0.0000000000e+00 4.3443170072e+03 6.4278760969e+01 0.0000000000e+00 -7.6604444312e+01 2212 0.0000000000e+00 1.0000000000e+00
1280 7.0628462549e+02 0.0000000000e+00 4.3429439055e+03 6.4278760969e+01 0.0000000000e+00 -7.6604444312e+01 2212 0.0000000000e+00 1.0000000000e+00
1281 7.1523669496e+02 0.0000000000e+00 4.3414785741e+03 6.4278760969e+01 0.0000000000e+00 -7.6604444312e+01 2212 0.0000000000e+00 1.0000000000e+00
1282 7.4936251977e+02 0.0000000000e+00 4.3357185740e+03 6.4278760969e+01 0.0000000000e+00 -7.6604444312e+01 2212 0.0000000000e+00 1.0000000000e+00
1283 7.2808001871e+02 0.0000000000e+00 4.3393431790e+03 6.4278760969e+01 0.0000000000e+00 -7.6604444312e+01 2212 0.0000000000e+00 1.0000000000e+00
1284 7.2189167588e+02 0.0000000000e+00 4.3403769591e+03 6.4278760969e+01 0.0000000000e+00 -7.6604444312e+01 2212 0.0000000000e+00 1.0000000000e+00
1285 6.9199625434e+02 0.0000000000e+00 4.3452434826e+03 6.4278760969e+01 0.0000000000e+00 -7.6604444312e+01 2212 0.0000000000e+00 1.0000000000e+00
1286 8.0761632755e+02 0.0000000000e+00 4.3252463059e+03 6.4278760969e+01 0.0000000000e+00 -7.6604444312e+01 2212 0.0000000000e+00 1.0000000000e+00
1287 7.5625076223e+02 0.0000000000e+00 4.3345224101e+03 6.4278760969e+01 0.0000000000e+00 -7.6604444312e+01 2212 0.0000000000e+00 1.0000000000e+00
1288 8.0394858464e+02 0.0000000000e+00 4.3259295431e+03 6.4278760969e+01 0.0000000000e+00 -7.6604444312e+01 2212 0.0000000000e+00 1.0000000000e+00
1289 7.7960205638e+02 0.0000000000e+00 4.3303833979e+03 6.4278760969e+01 0.0000000000e+00 -7.6604444312e+01 2212 0.0000000000e+00 1.0000000000e+00
1290 7.1475152866e+02 0.0000000000e+00 4.3415584749e+03 6.4278760969e+01 0.0000000000e+00 -7.6604444312e+01 2212 0.0000000000e+00 1.0000000000e+00
1291 6.9376241174e+02 0.0000000000e+00 4.3449618474e+03 6.4278760969e+01 0.0000000000e+00 -7.6604444312e+01 2212 0.0000000000e+00 1.0000000000e+00
1292 7.9788744813e+02 0.0000000000e+00 4.3270515780e+03 6.4278760969e+01 0.0000000000e+00 -7.6604444312e+01 2212 0.0000000000e+00 1.0000000000e+00
1293 7.3826111025e+02 0.0000000000e+00 4.3376226521e+03 6.4278760969e+01 0.0000000000e+00 -7.6604444312e+01 2212 0.0000000000e+00 1.0000000000e+00
1294 8.2818312742e+02 0.0000000000e+00 4.3213553946e+03 6.4278760969e+01 0.0000000000e+00 -7.6604444312e+01 2212 0.0000000000e+00 1.0000000000e+00
1295 7.7456512003e+02 0.0000000000e+00 4.3312871775e+03 6.4278760969e+01 0.0000000000e+00 -7.6604444312e+01 2212 0.0000000000e+00 1.0000000000e+00
1296 7.6041173361e+02 0.0000000000e+00 4.3337943807e+03 6.4278760969e+01 0.0000000000e+00 -7.6604444312e+01 2212 0.0000000000e+00 1.0000000000e+00
1297 8.0884629022e+02 0.0000000000e+00 4.3250164644e+03 6.4278760969e+01 0.0000000000e+00 -7.6604444312e+01 2212 0.0000000000e+00 1.0000000000e+00
1298 8.2642976481e+02 0.0000000000e+00 4.3216910559e+03 6.4278760969e+01 0.0000000000e+00 -7.6604444312e+01 2212 0.0000000000e+00 1.0000000000e+00
1299 7.8860901509e+02 0.0000000000e+00 4.3287521944e+03 6.4278760969e+01 0.0000000000e+00 -7.6604444312e+01 2212 0.0000000000e+00 1.0000000000e+00
1300 7.5458488247e+02 0.0000000000e+00 4.3348127288e+03 6.4278760969e+01 0.0000000000e+00 -7.6604444312e+01 2212 0.0000000000e+00 1.0000000000e+00
1301 7.5920716581e+02 0.0000000000e+00 4.3340055628e+03 6.4278760969e+01 0.0000000000e+00 -7.6604444312e+01 2212 0.0000000000e+00 1.0000000000e+00
1302 6.9830072667e+02 0.0000000000e+00 4.3442347812e+03 6.4278760969e+01 0.0000000000e+00 -7.6604444312e+01 2212 0.0000000000e+00 1.0000000000e+00
1303 7.3690749591e+02 0.0000000000e+00 4.3378528192e+03 6.4278760969e+01 0.0000000000e+00 -7.6604444312e+01 2212 0.0000000000e+00 1.0000000000e+00
1304 7.4342812363e+02 0.0000000000e+00 4.3367400618e+03 6.4278760969e+01 0.0000000000e+00 -7.6604444312e+01 2212 0.0000000000e+00 1.0000000000e+00
1305 7.0408907831e+02 0.0000000000e+00 4.3433003936e+03 6.4278760969e+01 0.0000000000e+00 -7.6604444312e+01 2212 0.0000000000e+00 1.0000000000e+00
1306 7.1703540443e+02 0.0000000000e+00 4.3411818630e+03 6.4278760969e+01 0.0000000000e+00 -7.6604444312e+01 2212 0.0000000000e+00 1.0000000000e+00
1307 7.9068767961e+02 0.0000000000e+00 4.3283729890e+03 6.4278760969e+01 0.0000000000e+00 -7.6604444312e+01 2212 0.0000000000e+00 1.0000000000e+00
1308 7.1080407864e+02 0.0000000000e+00 4.3422065014e+03 6.4278760969e+01 0.0000000000e+00 -7.6604444312e+01 2212 0.0000000000e+00 1.0000000000e+00
1309 7.7621860136e+02 0.0000000000e+00 4.3309911593e+03 6.4278760969e+01 0.0000000000e+00 -7.6604444312e+01 2212 0.0000000000e+00 1.0000000000e+00
1310 7.2031318368e+02 0.0000000000e+00 4.3406391990e+03 6.4278760969e+01 0.0000000000e+00 -7.6604444312e+01 2212 0.0000000000e+00 1.0000000000e+00
1311 7.5822690194e+02 0.0000000000e+00 4.3341771657e+03 6.4278760969e+01 0.0000000000e+00 -7.6604444312e+01 2212 0.0000000000e+00 1.0000000000e+00
1312 8.2139375160e+02 0.0000000000e+00 4.3226510435e+03 6.4278760969e+01 0.0000000000e+00 -7.6604444312e+01 2212 0.0000000000e+00 1.0000000000e+00
1313 7.3765978272e+02 0.0000000000e+00 4.3377249548e+03 6.4278760969e+01 0.0000000000e+00 -7.6604444312e+01 2212 0.0000000000e+00 1.0000000000e+00
1314 8.1206487611e+02 0.0000000000e+00 4.3244132985e+03 6.4278760969e+01 0.0000000000e+00 -7.6604444312e+01 2212 0.0000000000e+00 1.0000000000e+00
1315 7.5820065013e+02 0.0000000000e+00 4.3341817582e+03 6.4278760969e+01 0.0000000000e+00 -7.6604444312e+01 2212 0.0000000000e+00 1.0000000000e+00
1316 7.8394359500e+02 0.0000000000e+00 4.3295995402e+03 6.4278760969e+01 0.0000000000e+00 -7.6604444312e+01 2212 0.0000000000e+00 1.0000000000e+00
1317 7.3397013261e+02 0.0000000000e+00 4.3383507907e+03 6.4278760969e+01 0.0000000000e+00 -7.6604444312e+01 2212 0.0000000000e+00 1.0000000000e+00
1318 8.3281662445e+02 0.0000000000e+00 4.3204648140e+03 6.4278760969e+01 0.0000000000e+00 -7.6604444312e+01 2212 0.0000000000e+00 1.0000000000e+00
1319 7.3547735814e+02 0.0000000000e+00 4.3380955262e+03 6.4278760969e+01 0.0000000000e+00 -7.6604444312e+01 2212 0.0000000000e+00 1.0000000000e+00
1320 7.0636534287e+02 0.0000000000e+00 4.3429307779e+03 6.4278760969e+01 0.0000000000e+00 -7.6604444312e+01 2212 0.0000000000e+00 1.0000000000e+00
1321 7.5484032821e+02 0.0000000000e+00 4.3347682542e+03 6.4278760969e+01 0.0000000000e+00 -7.6604444312e+01 2212 0.0000000000e+00 1.0000000000e+00
1322 7.7951631832e+02 0.0000000000e+00 4.3303988325e+03 6.4278760969e+01 0.0000000000e+00 -7.6604444312e+01 2212 0.0000000000e+00 1.0000000000e+00
1323 7.1378680469e+02 0.0000000000e+00 4.3417171875e+03 6.4278760969e+01 0.0000000000e+00 -7.6604444312e+01 2212 0.0000000000e+00 1.0000000000e+00
1324 7.3854092705e+02 0.0000000000e+00 4.3375750181e+03 6.4278760969e+01 0.0000000000e+00 -7.6604444312e+01 2212 0.0000000000e+00 1.0000000000e+00
1325 7.6967404819e+02 0.0000000000e+00 4.3321589997e+03 6.4278760969e+01 0.0000000000e+00 -7.6604444312e+01 2212 0.0000000000e+00 1.0000000000e+00
1326 8.1263614999e+02 0.0000000000e+00 4.3243059821e+03 6.4278760969e+01 0.0000000000e+00 -7.6604444312e+01 2212 0.0000000000e+00 1.0000000000e+00
1327 8.0402754840e+02 0.0000000000e+00 4.3259148674e+03 6.4278760969e+01 0.0000000000e+00 -7.6604444312e+01 2212 0.0000000000e+00 1.0000000000e+00
1328 7.8820890920e+02 0.0000000000e+00 4.3288250663e+03 6.4278760969e+01 0.0000000000e+00 -7.6604444312e+01 2212 0.0000000000e+00 1.0000000000e+00
1329 7.4465554741e+02 0.0000000000e+00 4.3365294712e+03 6.4278760969e+01 0.0000000000e+00 -7.6604444312e+01 2212 0.0000000000e+00 1.0000000000e+00
1330 7.5233763840e+02 0.0000000000e+00 4.3352033190e+03 6.4278760969e+01 0.0000000000e+00 -7.6604444312e+01 2212 0.0000000000e+00 1.0000000000e+00
1331 7.2826395905e+02 0.0000000000e+00 4.3393123124e+03 6.4278760969e+01 0.0000000000e+00 -7.6604444312e+01 2212 0.0000000000e+00 1.0000000000e+00
1332 7.9671368525e+02 0.0000000000e+00 4.3272678497e+03 6.4278760969e+01 0.0000000000e+00 -7.6604444312e+01 2212 0.0000000000e+00 1.0000000000e+00
1333 8.1960891929e+02 0.0000000000e+00 4.3229898170e+03 6.4278760969e+01 0.0000000000e+00 -7.6604444312e+01 2212 0.0000000000e+00 1.0000000000e+00
1334 7.2095079908e+02 0.0000000000e+00 4.3405333410e+03 6.4278760969e+01 0.0000000000e+00 -7.6604444312e+01 2212 0.0000000000e+00 1.0000000000e+00
1335 7.6701866482e+02 0.0000000000e+00 4.3326299296e+03 6.4278760969e+01 0.0000000000e+00 -7.6604444312e+01 2212 0.0000000000e+00 1.0000000000e+00
1336 6.9086503687e+02 0.0000000000e+00 4.3454234822e+03 6.4278760969e+01 0.0000000000e+00 -7.6604444312e+01 2212 0.0000000000e+00 1.0000000000e+00
1337 7.7558036984e+02 0.0000000000e+00 4.3311054973e+03 6.4278760969e+01 0.0000000000e+00 -7.6604444312e+01 2212 0.0000000000e+00 1.0000000000e+00
1338 7.3086419840e+02 0.0000000000e+00 4.3388751149e+03 6.4278760969e+01 0.0000000000e+00 -7.6604444312e+01 2212 0.0000000000e+00 1.0000000000e+00
1339 7.5516539051e+02 0.0000000000e+00 4.3347116365e+03 6.4278760969e+01 0.0000000000e+00 -7.6604444312e+01 2212 0.0000000000e+00 1.0000000000e+00
1340 7.7943301307e+02 0.0000000000e+00 4.3304138275e+03 6.4278760969e+01 0.0000000000e+00 -7.6604444312e+01 2212 0.0000000000e+00 1.0000000000e+00
1341 6.9670651875e+02 0.0000000000e+00 4.3444907372e+03 6.4278760969e+01 0.0000000000e+00 -7.6604444312e+01 2212 0.0000000000e+00 1.0000000000e+00
1342 7.5808511526e+02 0.0000000000e+00 4.3342019677e+03 6.4278760969e+01 0.0000000000e+00 -7.6604444312e+01 2212 0.0000000000e+00 1.0000000000e+00
1343 7.2874222539e+02 0.0000000000e+00 4.3392320182e+03 6.4278760969e+01 0.0000000000e+00 -7.6604444312e+01 2212 0.0000000000e+00 1.0000000000e+00
1344 7.9589556849e+02 0.0000000000e+00 4.3274183970e+03 6.4278760969e+01 0.0000000000e+00 -7.6604444312e+01 2212 0.0000000000e+00 1.0000000000e+00
1345 7.6162440637e+02 0.0000000000e+00 4.3335814291e+03 6.4278760969e+01 0.0000000000e+00 -7.6604444312e+01 2212 0.0000000000e+00 1.0000000000e+00
1346 7.1328113687e+02 0.0000000000e+00 4.3418002900e+03 6.4278760969e+01 0.0000000000e+00 -7.6604444312e+01 2212 0.0000000000e+00 1.0000000000e+00
1347 8.2267007857e+02 0.0000000000e+00 4.3224083195e+03 6.4278760969e+01 0.0000000000e+00 -7.6604444312e+01 2212 0.0000000000e+00 1.0000000000e+00
1348 8.3054731795e+02 0.0000000000e+00 4.3209016295e+03 6.4278760969e+01 0.0000000000e+00 -7.6604444312e+01 2212 0.0000000000e+00 1.0000000000e+00
1349 6.8879892285e+02 0.0000000000e+00 4.3457514635e+03 6.4278760969e+01 0.0000000000e+00 -7.6604444312e+01 2212 0.0000000000e+00 1.0000000000e+00
1350 8.3284164078e+02 0.0000000000e+00 4.3204599917e+03 6.4278760969e+01 0.0000000000e+00 -7.6604444312e+01 2212 0.0000000000e+00 1.0000000000e+00
1351 7.9700454202e+02 0.0000000000e+00 4.3272142885e+03 6.4278760969e+01 0.0000000000e+00 -7.6604444312e+01 2212 0.0000000000e+00 1.0000000000e+00
1352 8.3665422608e+02 0.0000000000e+00 4.3197233065e+03 6.4278760969e+01 0.0000000000e+00 -7.6604444312e+01 2212 0.0000000000e+00 1.0000000000e+00
1353 7.3992419848e+02 0.0000000000e+00 4.3373392673e+03 6.4278760969e+01 0.0000000000e+00 -7.6604444312e+01 2212 0.0000000000e+00 1.0000000000e+00
1354 6.9723456771e+02 0.0000000000e+00 4.3444060234e+03 6.4278760969e+01 0.0000000000e+00 -7.6604444312e+01 2212 0.0000000000e+00 1.0000000000e+00
1355 7.8885723272e+02 0.0000000000e+00 4.3287069669e+03 6.4278760969e+01 0.0000000000e+00 -7.6604444312e+01 2212 0.0000000000e+00 1.0000000000e+00
1356 8.0038198945e+02 0.0000000000e+00 4.3265908531e+03 6.4278760969e+01 0.0000000000e+00 -7.6604444312e+01 2212 0.0000000000e+00 1.0000000000e+00
1357 7.1278659517e+02 0.0000000000e+00 4.3418815056e+03 6.4278760969e+01 0.0000000000e+00 -7.6604444312e+01 2212 0.0000000000e+00 1.0000000000e+00
1358 7.7927142218e+02 0.0000000000e+00 4.3304429092e+03 6.4278760969e+01 0.0000000000e+00 -7.6604444312e+01 2212 0.0000000000e+00 1.0000000000e+00
1359 7.7413865703e+02 0.0000000000e+00 4.3313634203e+03 6.4278760969e+01 0.0000000000e+00 -7.6604444312e+01 2212 0.0000000000e+00 1.0000000000e+00
1360 7.0180234738e+02 0.0000000000e+00 4.3436704760e+03 6.4278760969e+01 0.0000000000e+00 -7.6604444312e+01 2212 0.0000000000e+00 1.0000000000e+00
1361 7.4228053310e+02 0.0000000000e+00 4.3369366319e+03 6.4278760969e+01 0.0000000000e+00 -7.6604444312e+01 2212 0.0000000000e+00 1.0000000000e+00
1362 8.3795249695e+02 0.0000000000e+00 4.3194716519e+03 6.4278760969e+01 0.0000000000e+00 -7.6604444312e+01 2212 0.0000000000e+00 1.0000000000e+00
1363 7.0924639674e+02 0.0000000000e+00 4.3424612016e+03 6.4278760969e+01 0.0000000000e+00 -7.6604444312e+01 2212 0.0000000000e+00 1.0000000000e+00
1364 7.7143853446e+02 0.0000000000e+00 4.3318451411e+03 6.4278760969e+01 0.0000000000e+00 -7.6604444312e+01 2212 0.0000000000e+00 1.0000000000e+00
1365 8.1610131091e+02 0.0000000000e+00 4.3236533614e+03 6.4278760969e+01 0.0000000000e+00 -7.6604444312e+01 2212 0.0000000000e+00 1.0000000000e+00
1366 7.9042689452e+02 0.0000000000e+00 4.3284206200e+03 6.4278760969e+01 0.0000000000e+00 -7.6604444312e+01 2212 0.0000000000e+00 1.0000000000e+00
1367 7.3412940099e+02 0.0000000000e+00 4.3383238424e+03 6.4278760969e+01 0.0000000000e+00 -7.6604444312e+01 2212 0.0000000000e+00 1.0000000000e+00
1368 7.9804440776e+02 0.0000000000e+00 4.3270226325e+03 6.4278760969e+01 0.0000000000e+00 -7.6604444312e+01 2212 0.0000000000e+00 1.0000000000e+00
1369 7.8917509857e+02 0.0000000000e+00 4.3286490274e+03 6.4278760969e+01 0.0000000000e+00 -7.6604444312e+01 2212 0.0000000000e+00 1.0000000000e+00
1370 7.7440995352e+02 0.0000000000e+00 4.3313149231e+03 6.4278760969e+01 0.0000000000e+00 -7.6604444312e+01 2212 0.0000000000e+00 1.0000000000e+00
1371 7.2826784875e+02 0.0000000000e+00 4.3393116596e+03 6.4278760969e+01 0.0000000000e+00 -7.6604444312e+01 2212 0.0000000000e+00 1.0000000000e+00
1372 7.6820931781e+02 0.0000000000e+00 4.3324189759e+03 6.4278760969e+01 0.0000000000e+00 -7.6604444312e+01 2212 0.0000000000e+00 1.0000000000e+00
1373 7.3167608891e+02 0.0000000000e+00 4.3387382774e+03 6.4278760969e+01 0.0000000000e+00 -7.6604444312e+01 2212 0.0000000000e+00 1.0000000000e+00
1374 7.1117093115e+02 0.0000000000e+00 4.3421464330e+03 6.4278760969e+01 0.0000000000e+00 -7.6604444312e+01 2212 0.0000000000e+00 1.0000000000e+00
1375 8.2482344128e+02 0.0000000000e+00 4.3219979211e+03 6.4278760969e+01 0.0000000000e+00 -7.6604444312e+01 2212 0.0000000000e+00 1.0000000000e+00
1376 7.2473769002e+02 0.0000000000e+00 4.3399026509e+03 6.4278760969e+01 0.0000000000e+00 -7.6604444312e+01 2212 0.0000000000e+00 1.0000000000e+00
1377 7.5016046412e+02 0.0000000000e+00 4.3355805859e+03 6.4278760969e+01 0.0000000000e+00 -7.6604444312e+01 2212 0.0000000000e+00 1.0000000000e+00
1378 7.4931246170e+02 0.0000000000e+00 4.3357272255e+03 6.4278760969e+01 0.0000000000e+00 -7.6604444312e+01 2212 0.0000000000e+00 1.0000000000e+00
1379 7.1862482215e+02 0.0000000000e+00 4.3409190391e+03 6.4278760969e+01 0.0000000000e+00 -7.6604444312e+01 2212 0.0000000000e+00 1.0000000000e+00
1380 6.9860048714e+02 0.0000000000e+00 4.3441865865e+03 6.4278760969e+01 0.0000000000e+00 -7.6604444312e+01 2212 0.0000000000e+00 1.0000000000e+00
1381 7.9443072303e+02 0.0000000000e+00 4.3276875540e+03 6.4278760969e+01 0.0000000000e+00 -7.6604444312e+01 2212 0.0000000000e+00 1.0000000000e+00
1382 8.0310253576e+02 0.0000000000e+00 4.3260866908e+03 6.4278760969e+01 0.0000000000e+00 -7.6604444312e+01 2212 0.0000000000e+00 1.0000000000e+00
1383 7.1748296555e+02 0.0000000000e+00 4.3411079154e+03 6.4278760969e+01 0.0000000000e+00 -7.6604444312e+01 2212 0.0000000000e+00 1.0000000000e+00
1384 7.4024687487e+02 0.0000000000e+00 4.3372842082e+03 6.4278760969e+01 0.0000000000e+00 -7.6604444312e+01 2212 0.0000000000e+00 1.0000000000e+00
1385 7.4993054959e+02 0.0000000000e+00 4.3356203604e+03 6.4278760969e+01 0.0000000000e+00 -7.6604444312e+01 2212 0.0000000000e+00 1.0000000000e+00
1386 8.3801247492e+02 0.0000000000e+00 4.3194600161e+03 6.4278760969e+01 0.0000000000e+00 -7.6604444312e+01 2212 0.0000000000e+00 1.0000000000e+00
1387 7.5522894192e+02 0.0000000000e+00 4.3347005645e+03 6.4278760969e+01 0.0000000000e+00 -7.6604444312e+01 2212 0.0000000000e+00 1.0000000000e+00
1388 8.2275195717e+02 0.0000000000e+00 4.3223927350e+03 6.4278760969e+01 0.0000000000e+00 -7.6604444312e+01 2212 0.0000000000e+00 1.0000000000e+00
1389 7.6289039479e+02 0.0000000000e+00 4.3333587417e+03 6.4278760969e+01 0.0000000000e+00 -7.6604444312e+01 2212 0.0000000000e+00 1.0000000000e+00
1390 8.3029168855e+02 0.0000000000e+00 4.3209507577e+03 6.4278760969e+01 0.0000000000e+00 -7.6604444312e+01 2212 0.0000000000e+00 1.0000000000e+00
1391 7.8689917282e+02 0.0000000000e+00 4.3290633433e+03 6.4278760969e+01 0.0000000000e+00 -7.6604444312e+01 2212 0.0000000000e+00 1.0000000000e+00
1392 8.0019028150e+02 0.0000000000e+00 4.3266263130e+03 6.4278760969e+01 0.0000000000e+00 -7.6604444312e+01 2212 0.0000000000e+00 1.0000000000e+00
1393 7.8517796148e+02 0.0000000000e+00 4.3293758566e+03 6.4278760969e+01 0.0000000000e+00 -7.6604444312e+01 2212 0.0000000000e+00 1.0000000000e+00
1394 6.9239911889e+02 0.0000000000e+00 4.3451793057e+03 6.4278760969e+01 0.0000000000e+00 -7.6604444312e+01 2212 0.0000000000e+00 1.0000000000e+00
1395 7.5047818383e+02 0.0000000000e+00 4.3355256007e+03 6.4278760969e+01 0.0000000000e+00 -7.6604444312e+01 2212 0.0000000000e+00 1.0000000000e+00
1396 7.4625730718e+02 0.0000000000e+00 4.3362541174e+03 6.4278760969e+01 0.0000000000e+00 -7.6604444312e+01 2212 0.0000000000e+00 1.0000000000e+00
1397 6.9801009492e+02 0.0000000000e+00 4.3442814879e+03 6.4278760969e+01 0.0000000000e+00 -7.6604444312e+01 2212 0.0000000000e+00 1.0000000000e+00
1398 6.8990842793e+02 0.0000000000e+00 4.3455754625e+03 6.4278760969e+01 0.0000000000e+00 -7.6604444312e+01 2212 0.0000000000e+00 1.0000000000e+00
1399 8.3258028404e+02 0.0000000000e+00 4.3205103645e+03 6.4278760969e+01 0.0000000000e+00 -7.6604444312e+01 2212 0.0000000000e+00 1.0000000000e+00
1400 6.9820542550e+02 0.0000000000e+00 4.3442500990e+03 6.4278760969e+01 0.0000000000e+00 -7.6604444312e+01 2212 0.0000000000e+00 1.0000000000e+00
1401 7.2726185855e+02 0.0000000000e+00 4.3394803753e+03 6.4278760969e+01 0.0000000000e+00 -7.6604444312e+01 2212 0.0000000000e+00 1.0000000000e+00
1402 7.9147314071e+02 0.0000000000e+00 4.3282294309e+03 6.4278760969e+01 0.0000000000e+00 -7.6604444312e+01 2212 0.0000000000e+00 1.0000000000e+00
1403 7.6080227842e+02 0.0000000000e+00 4.3337258372e+03 6.4278760969e+01 0.0000000000e+00 -7.6604444312e+01 2212 0.0000000000e+00 1.0000000000e+00
1404 8.3754817057e+02 0.0000000000e+00 4.3195500693e+03 6.4278760969e+01 0.0000000000e+00 -7.6604444312e+01 2212 0.0000000000e+00 1.0000000000e+00
1405 7.1377545375e+02 0.0000000000e+00 4.3417190536e+03 6.4278760969e+01 0.0000000000e+00 -7.6604444312e+01 2212 0.0000000000e+00 1.0000000000e+00
1406 7.8918531004e+02 0.0000000000e+00 4.3286471657e+03 6.4278760969e+01 0.0000000000e+00 -7.6604444312e+01 2212 0.0000000000e+00 1.0000000000e+00
1407 8.1552174615e+02 0.0000000000e+00 4.3237627156e+03 6.4278760969e+01 0.0000000000e+00 -7.6604444312e+01 2212 0.0000000000e+00 1.0000000000e+00
1408 7.5120749440e+02 0.0000000000e+00 4.3353992941e+03 6.4278760969e+01 0.0000000000e+00 -7.6604444312e+01 2212 0.0000000000e+00 1.0000000000e+00
1409 8.1030598687e+02 0.0000000000e+00 4.3247432232e+03 6.4278760969e+01 0.0000000000e+00 -7.6604444312e+01 2212 0.0000000000e+00 1.0000000000e+00
1410 6.9455492692e+02 0.0000000000e+00 4.3448352319e+03 6.4278760969e+01 0.0000000000e+00 -7.6604444312e+01 2212 0.0000000000e+00 1.0000000000e+00
1411 6.9755760086e+02 0.0000000000e+00 4.3443541675e+03 6.4278760969e+01 0.0000000000e+00 -7.6604444312e+01 2212 0.0000000000e+00 1.0000000000e+00
1412 8.2361582960e+02 0.0000000000e+00 4.3222282106e+03 6.4278760969e+01 0.0000000000e+00 -7.6604444312e+01 2212 0.0000000000e+00 1.0000000000e+00
1413 7.2444775034e+02 0.0000000000e+00 4.3399510592e+03 6.4278760969e+01 0.0000000000e+00 -7.6604444312e+01 2212 0.0000000000e+00 1.0000000000e+00
1414 7.9530949024e+02 0.0000000000e+00 4.3275261471e+03 6.4278760969e+01 0.0000000000e+00 -7.6604444312e+01 2212 0.0000000000e+00 1.0000000000e+00
1415 7.9916410706e+02 0.0000000000e+00 4.3268159735e+03 6.4278760969e+01 0.0000000000e+00 -7.6604444312e+01 2212 0.0000000000e+00 1.0000000000e+00
1416 7.6086017426e+02 0.0000000000e+00 4.3337156730e+03 6.4278760969e+01 0.0000000000e+00 -7.6604444312e+01 2212 0.0000000000e+00 1.0000000000e+00
1417 7.1195408697e+02 0.0000000000e+00 4.3420180927e+03 6.4278760969e+01 0.0000000000e+00 -7.6604444312e+01 2212 0.0000000000e+00 1.0000000000e+00
1418 7.2099983028e+02 0.0000000000e+00 4.3405251967e+03 6.4278760969e+01 0.0000000000e+00 -7.6604444312e+01 2212 0.0000000000e+00 1.0000000000e+00
1419 8.2094574001e+02 0.0000000000e+00 4.3227361510e+03 6.4278760969e+01 0.0000000000e+00 -7.6604444312e+01 2212 0.0000000000e+00 1.0000000000e+00
1420 7.0071257308e+02 0.0000000000e+00 4.3438464094e+03 6.4278760969e+01 0.0000000000e+00 -7.6604444312e+01 2212 0.0000000000e+00 1.0000000000e+00
1421 7.3666823444e+02 0.0000000000e+00 4.3378934578e+03 6.4278760969e+01 0.0000000000e+00 -7.6604444312e+01 2212 0.0000000000e+00 1.0000000000e+00
1422 7.9023565887e+02 0.0000000000e+00 4.3284555378e+03 6.4278760969e+01 0.0000000000e+00 -7.6604444312e+01 2212 0.0000000000e+00 1.0000000000e+00
1423 7.3920624909e+02 0.0000000000e+00 4.3374616840e+03 6.4278760969e+01 0.0000000000e+00 -7.6604444312e+01 2212 0.0000000000e+00 1.0000000000e+00
1424 8.3877243299e+02 0.0000000000e+00 4.3193125083e+03 6.4278760969e+01 0.0000000000e+00 -7.6604444312e+01 2212 0.0000000000e+00 1.0000000000e+00
1425 7.7636087204e+02 0.0000000000e+00 4.3309656585e+03 6.4278760969e+01 0.0000000000e+00 -7.6604444312e+01 2212 0.0000000000e+00 1.0000000000e+00
1426 7.7819516776e+02 0.0000000000e+00 4.3306364451e+03 6.4278760969e+01 0.0000000000e+00 -7.6604444312e+01 2212 0.0000000000e+00 1.0000000000e+00
1427 6.9346324667e+02 0.0000000000e+00 4.3450096046e+03 6.4278760969e+01 0.0000000000e+00 -7.6604444312e+01 2212 0.0000000000e+00 1.0000000000e+00
1428 8.1545140448e+02 0.0000000000e+00 4.3237759824e+03 6.4278760969e+01 0.0000000000e+00 -7.6604444312e+01 2212 0.0000000000e+00 1.0000000000e+00
1429 7.5309743747e+02 0.0000000000e+00 4.3350713937e+03 6.4278760969e+01 0.0000000000e+00 -7.6604444312e+01 2212 0.0000000000e+00 1.0000000000e+00
1430 7.1150818865e+02 0.0000000000e+00 4.3420911824e+03 6.4278760969e+01 0.0000000000e+00 -7.6604444312e+01 2212 0.0000000000e+00 1.0000000000e+00
1431 7.5272714509e+02 0.0000000000e+00 4.3351357054e+03 6.4278760969e+01 0.0000000000e+00 -7.6604444312e+01 2212 0.0000000000e+00 1.0000000000e+00
1432 8.2087800875e+02 0.0000000000e+00 4.3227490135e+03 6.4278760969e+01 0.0000000000e+00 -7.6604444312e+01 2212 0.0000000000e+00 1.0000000000e+00
1433 7.4790476673e+02 0.0000000000e+00 4.3359702719e+03 6.4278760969e+01 0.0000000000e+00 -7.6604444312e+01 2212 0.0000000000e+00 1.0000000000e+00
1434 7.7083267369e+02 0.0000000000e+00 4.3319529924e+03 6.4278760969e+01 0.0000000000e+00 -7.6604444312e+01 2212 0.0000000000e+00 1.0000000000e+00
1435 8.3144464752e+02 0.0000000000e+00 4.3207290516e+03 6.4278760969e+01 0.0000000000e+00 -7.6604444312e+01 2212 0.0000000000e+00 1.0000000000e+00
1436 8.3709323053e+02 0.0000000000e+00 4.3196382560e+03 6.4278760969e+01 0.0000000000e+00 -7.6604444312e+01 2212 0.0000000000e+00 1.0000000000e+00
1437 7.4913153197e+02 0.0000000000e+00 4.3357584904e+03 6.4278760969e+01 0.0000000000e+00 -7.6604444312e+01 2212 0.0000000000e+00 1.0000000000e+00
1438 7.9967698550e+02 0.0000000000e+00 4.3267212133e+03 6.4278760969e+01 0.0000000000e+00 -7.6604444312e+01 2212 0.0000000000e+00 1.0000000000e+00
1439 8.1522862699e+02 0.0000000000e+00 4.3238179916e+03 6.4278760969e+01 0.0000000000e+00 -7.6604444312e+01 2212 0.0000000000e+00 1.0000000000e+00
1440 7.0242852205e+02 0.0000000000e+00 4.3435692593e+03 6.4278760969e+01 0.0000000000e+00 -7.6604444312e+01 2212 0.0000000000e+00 1.0000000000e+00
1441 7.7362242974e+02 0.0000000000e+00 4.3314556531e+03 6.4278760969e+01 0.0000000000e+00 -7.6604444312e+01 2212 0.0000000000e+00 1.0000000000e+00
1442 7.3260487313e+02 0.0000000000e+00 4.3385815469e+03 6.4278760969e+01 0.0000000000e+00 -7.6604444312e+01 2212 0.0000000000e+00 1.0000000000e+00
1443 7.8696791174e+02 0.0000000000e+00 4.3290508480e+03 6.4278760969e+01 0.0000000000e+00 -7.6604444312e+01 2212 0.0000000000e+00 1.0000000000e+00
1444 7.2970062121e+02 0.0000000000e+00 4.3390709538e+03 6.4278760969e+01 0.0000000000e+00 -7.6604444312e+01 2212 0.0000000000e+00 1.0000000000e+00
1445 7.8510507119e+02 0.0000000000e+00 4.3293890754e+03 6.4278760969e+01 0.0000000000e+00 -7.6604444312e+01 2212 0.0000000000e+00 1.0000000000e+00
1446 6.9910531262e+02 0.0000000000e+00 4.3441053740e+03 6.4278760969e+01 0.0000000000e+00 -7.6604444312e+01 2212 0.0000000000e+00 1.0000000000e+00
1447 7.3527378300e+02 0.0000000000e+00 4.3381300353e+03 6.4278760969e+01 0.0000000000e+00 -7.6604444312e+01 2212 0.0000000000e+00 1.0000000000e+00
1448 7.9126618489e+02 0.0000000000e+00 4.3282672703e+03 6.4278760969e+01 0.0000000000e+00 -7.6604444312e+01 2212 0.0000000000e+00 1.0000000000e+00
1449 7.8591646682e+02 0.0000000000e+00 4.3292418558e+03 6.4278760969e+01 0.0000000000e+00 -7.6604444312e+01 2212 0.0000000000e+00 1.0000000000e+00
1450 7.2238016260e+02 0.0000000000e+00 4.3402956857e+03 6.4278760969e+01 0.0000000000e+00 -7.6604444312e+01 2212 0.0000000000e+00 1.0000000000e+00
1451 8.2939066770e+02 0.0000000000e+00 4.3211237959e+03 6.4278760969e+01 0.0000000000e+00 -7.6604444312e+01 2212 0.0000000000e+00 1.0000000000e+00
1452 7.7184036103e+02 0.0000000000e+00 4.3317735624e+03 6.4278760969e+01 0.0000000000e+00 -7.6604444312e+01 2212 0.0000000000e+00 1.0000000000e+00
1453 6.9268420298e+02 0.0000000000e+00 4.3451338683e+03 6.4278760969e+01 0.0000000000e+00 -7.6604444312e+01 2212 0.0000000000e+00 1.0000000000e+00
1454 8.0481754709e+02 0.0000000000e+00 4.3257679613e+03 6.4278760969e+01 0.0000000000e+00 -7.6604444312e+01 2212 0.0000000000e+00 1.0000000000e+00
1455 7.1162163176e+02 0.0000000000e+00 4.3420725918e+03 6.4278760969e+01 0.0000000000e+00 -7.6604444312e+01 2212 0.0000000000e+00 1.0000000000e+00
1456 7.2040976061e+02 0.0000000000e+00 4.3406231714e+03 6.4278760969e+01 0.0000000000e+00 -7.6604444312e+01 2212 0.0000000000e+00 1.0000000000e+00
1457 7.1420513227e+02 0.0000000000e+00 4.3416483929e+03 6.4278760969e+01 0.0000000000e+00 -7.6604444312e+01 2212 0.0000000000e+00 1.0000000000e+00
1458 7.3269036722e+02 0.0000000000e+00 4.3385671096e+03 6.4278760969e+01 0.0000000000e+00 -7.6604444312e+01 2212 0.0000000000e+00 1.0000000000e+00
1459 7.8673960343e+02 0.0000000000e+00 4.3290923454e+03 6.4278760969e+01 0.0000000000e+00 -7.6604444312e+01 2212 0.0000000000e+00 1.0000000000e+00
1460 7.4232478071e+02 0.0000000000e+00 4.3369290585e+03 6.4278760969e+01 0.0000000000e+00 -7.6604444312e+01 2212 0.0000000000e+00 1.0000000000e+00
1461 7.0426235635e+02 0.0000000000e+00 4.3432723000e+03 6.4278760969e+01 0.0000000000e+00 -7.6604444312e+01 2212 0.0000000000e+00 1.0000000000e+00
1462 8.3298025565e+02 0.0000000000e+00 4.3204332691e+03 6.4278760969e+01 0.0000000000e+00 -7.6604444312e+01 2212 0.0000000000e+00 1.0000000000e+00
1463 7.9165059651e+02 0.0000000000e+00 4.3281969770e+03 6.4278760969e+01 0.0000000000e+00 -7.6604444312e+01 2212 0.0000000000e+00 1.0000000000e+00
1464 7.8827768072e+02 0.0000000000e+00 4.3288125435e+03 6.4278760969e+01 0.0000000000e+00 -7.6604444312e+01 2212 0.0000000000e+00 1.0000000000e+00
1465 7.0362819534e+02 0.0000000000e+00 4.3433750818e+03 6.4278760969e+01 0.0000000000e+00 -7.6604444312e+01 2212 0.0000000000e+00 1.0000000000e+00
1466 8.3209722333e+02 0.0000000000e+00 4.3206034243e+03 6.4278760969e+01 0.0000000000e+00 -7.6604444312e+01 2212 0.0000000000e+00 1.0000000000e+00
1467 7.4137441814e+02 0.0000000000e+00 4.3370916189e+03 6.4278760969e+01 0.0000000000e+00 -7.6604444312e+01 2212 0.0000000000e+00 1.0000000000e+00
1468 7.0300230247e+02 0.0000000000e+00 4.3434764304e+03 6.4278760969e+01 0.0000000000e+00 -7.6604444312e+01 2212 0.0000000000e+00 1.0000000000e+00
1469 6.9023006702e+02 0.0000000000e+00 4.3455243865e+03 6.4278760969e+01 0.0000000000e+00 -7.6604444312e+01 2212 0.0000000000e+00 1.0000000000e+00
1470 7.2840987652e+02 0.0000000000e+00 4.3392878207e+03 6.4278760969e+01 0.0000000000e+00 -7.6604444312e+01 2212 0.0000000000e+00 1.0000000000e+00
1471 7.6618465467e+02 0.0000000000e+00 4.3327774942e+03 6.4278760969e+01 0.0000000000e+00 -7.6604444312e+01 2212 0.0000000000e+00 1.0000000000e+00
1472 7.2956276557e+02 0.0000000000e+00 4.3390941347e+03 6.4278760969e+01 0.0000000000e+00 -7.6604444312e+01 2212 0.0000000000e+00 1.0000000000e+00
1473 7.1495867949e+02 0.0000000000e+00 4.3415243666e+03 6.4278760969e+01 0.0000000000e+00 -7.6604444312e+01 2212 0.0000000000e+00 1.0000000000e+00
1474 8.1468237085e+02 0.0000000000e+00 4.3239209490e+03 6.4278760969e+01 0.0000000000e+00 -7.6604444312e+01 2212 0.0000000000e+00 1.0000000000e+00
1475 7.0750316710e+02 0.0000000000e+00 4.3427455610e+03 6.4278760969e+01 0.0000000000e+00 -7.6604444312e+01 2212 0.0000000000e+00 1.0000000000e+00
1476 8.1132615561e+02 0.0000000000e+00 4.3245519546e+03 6.4278760969e+01 0.0000000000e+00 -7.6604444312e+01 2212 0.0000000000e+00 1.0000000000e+00
1477 7.8755659419e+02 0.0000000000e+00 4.3289437915e+03 6.4278760969e+01 0.0000000000e+00 -7.6604444312e+01 2212 0.0000000000e+00 1.0000000000e+00
1478 7.3283509028e+02 0.0000000000e+00 4.3385426665e+03 6.4278760969e+01 0.0000000000e+00 -7.6604444312e+01 2212 0.0000000000e+00 1.0000000000e+00
1479 7.3697080668e+02 0.0000000000e+00 4.3378420636e+03 6.4278760969e+01 0.0000000000e+00 -7.6604444312e+01 2212 0.0000000000e+00 1.0000000000e+00
1480 7.8668590808e+02 0.0000000000e+00 4.3291021033e+03 6.4278760969e+01 0.0000000000e+00 -7.6604444312e+01 2212 0.0000000000e+00 1.0000000000e+00
1481 8.3125687345e+02 0.0000000000e+00 4.3207651810e+03 6.4278760969e+01 0.0000000000e+00 -7.6604444312e+01 2212 0.0000000000e+00 1.0000000000e+00
1482 7.5209908171e+02 0.0000000000e+00 4.3352447117e+03 6.4278760969e+01 0.0000000000e+00 -7.6604444312e+01 2212 0.0000000000e+00 1.0000000000e+00
1483 8.1827128053e+02 0.0000000000e+00 4.3232432097e+03 6.4278760969e+01 0.0000000000e+00 -7.6604444312e+01 2212 0.0000000000e+00 1.0000000000e+00
1484 6.9963380463e+02 0.0000000000e+00 4.3440202898e+03 6.4278760969e+01 0.0000000000e+00 -7.6604444312e+01 2212 0.0000000000e+00 1.0000000000e+00
1485 7.1349923225e+02 0.0000000000e+00 4.3417644552e+03 6.4278760969e+01 0.0000000000e+00 -7.6604444312e+01 2212 0.0000000000e+00 1.0000000000e+00
1486 8.0014588898e+02 0.0000000000e+00 4.3266345230e+03 6.4278760969e+01 0.0000000000e+00 -7.6604444312e+01 2212 0.0000000000e+00 1.0000000000e+00
1487 7.6398443853e+02 0.0000000000e+00 4.3331659923e+03 6.4278760969e+01 0.0000000000e+00 -7.6604444312e+01 2212 0.0000000000e+00 1.0000000000e+00
1488 7.7696126376e+02 0.0000000000e+00 4.3308579905e+03 6.4278760969e+01 0.0000000000e+00 -7.6604444312e+01 2212 0.0000000000e+00 1.0000000000e+00
1489 7.1414572233e+02 0.0000000000e+00 4.3416581655e+03 6.4278760969e+01 0.0000000000e+00 -7.6604444312e+01 2212 0.0000000000e+00 1.0000000000e+00
1490 7.4054641687e+02 0.0000000000e+00 4.3372330746e+03 6.4278760969e+01 0.0000000000e+00 -7.6604444312e+01 2212 0.0000000000e+00 1.0000000000e+00
1491 7.6644613173e+02 0.0000000000e+00 4.3327312478e+03 6.4278760969e+01 0.0000000000e+00 -7.6604444312e+01 2212 0.0000000000e+00 1.0000000000e+00
1492 7.2742177463e+02 0.0000000000e+00 4.3394535717e+03 6.4278760969e+01 0.0000000000e+00 -7.6604444312e+01 2212 0.0000000000e+00 1.0000000000e+00
1493 7.5080845831e+02 0.0000000000e+00 4.3354684173e+03 6.4278760969e+01 0.0000000000e+00 -7.6604444312e+01 2212 0.0000000000e+00 1.0000000000e+00
1494 7.3254338889e+02 0.0000000000e+00 4.3385919285e+03 6.4278760969e+01 0.0000000000e+00 -7.6604444312e+01 2212 0.0000000000e+00 1.0000000000e+00
1495 7.5512428979e+02 0.0000000000e+00 4.3347187966e+03 6.4278760969e+01 0.0000000000e+00 -7.6604444312e+01 2212 0.0000000000e+00 1.0000000000e+00
1496 8.0481574705e+02 0.0000000000e+00 4.3257682962e+03 6.4278760969e+01 0.0000000000e+00 -7.6604444312e+01 2212 0.0000000000e+00 1.0000000000e+00
1497 8.1931280299e+02 0.0000000000e+00 4.3230459481e+03 6.4278760969e+01 0.0000000000e+00 -7.6604444312e+01 2212 0.0000000000e+00 1.0000000000e+00
1498 7.5260160894e+02 0.0000000000e+00 4.3351575008e+03 6.4278760969e+01 0.0000000000e+00 -7.6604444312e+01 2212 0.0000000000e+00 1.0000000000e+00
1499 7.6340450843e+02 0.0000000000e+00 4.3332682003e+03 6.4278760969e+01 0.0000000000e+00 -7.6604444312e+01 2212 0.0000000000e+00 1.0000000000e+00
1500 7.3205176278e+02 0.0000000000e+00 4.3386749078e+03 6.4278760969e+01 0.0000000000e+00 -7.6604444312e+01 2212 0.0000000000e+00 1.0000000000e+00
1501 7.1292042475e+02 0.0000000000e+00 4.3418595333e+03 6.4278760969e+01 0.0000000000e+00 -7.6604444312e+01 2212 0.0000000000e+00 1.0000000000e+00
1502 7.2835763696e+02 0.0000000000e+00 4.3392965895e+03 6.4278760969e+01 0.0000000000e+00 -7.6604444312e+01 2212 0.0000000000e+00 1.0000000000e+00
1503 6.9692446178e+02 0.0000000000e+00 4.3444557810e+03 6.4278760969e+01 0.0000000000e+00 -7.6604444312e+01 2212 0.0000000000e+00 1.0000000000e+00
1504 7.3028689027e+02 0.0000000000e+00 4.3389723204e+03 6.4278760969e+01 0.0000000000e+00 -7.6604444312e+01 2212 0.0000000000e+00 1.0000000000e+00
1505 7.3628804393e+02 0.0000000000e+00 4.3379580052e+03 6.4278760969e+01 0.0000000000e+00 -7.6604444312e+01 2212 0.0000000000e+00 1.0000000000e+00
1506 8.1577945363e+02 0.0000000000e+00 4.3237141004e+03 6.4278760969e+01 0.0000000000e+00 -7.6604444312e+01 2212 0.0000000000e+00 1.0000000000e+00
1507 8.1338016120e+02 0.0000000000e+00 4.3241660991e+03 6.4278760969e+01 0.0000000000e+00 -7.6604444312e+01 2212 0.0000000000e+00 1.0000000000e+00
1508 7.1403079515e+02 0.0000000000e+00 4.3416770680e+03 6.4278760969e+01 0.0000000000e+00 -7.6604444312e+01 2212 0.0000000000e+00 1.0000000000e+00
1509 6.8980487542e+02 0.0000000000e+00 4.3455919013e+03 6.4278760969e+01 0.0000000000e+00 -7.6604444312e+01 2212 0.0000000000e+00 1.0000000000e+00
1510 7.2652554664e+02 0.0000000000e+00 4.3396037110e+03 6.4278760969e+01 0.0000000000e+00 -7.6604444312e+01 2212 0.0000000000e+00 1.0000000000e+00
1511 7.2694490888e+02 0.0000000000e+00 4.3395334816e+03 6.4278760969e+01 0.0000000000e+00 -7.6604444312e+01 2212 0.0000000000e+00 1.0000000000e+00
1512 7.7794466308e+02 0.0000000000e+00 4.3306814522e+03 6.4278760969e+01 0.0000000000e+00 -7.6604444312e+01 2212 0.0000000000e+00 1.0000000000e+00
1513 7.9001175081e+02 0.0000000000e+00 4.3284964101e+03 6.4278760969e+01 0.0000000000e+00 -7.6604444312e+01 2212 0.0000000000e+00 1.0000000000e+00
1514 8.3584432024e+02 0.0000000000e+00 4.3198800922e+03 6.4278760969e+01 0.0000000000e+00 -7.6604444312e+01 2212 0.0000000000e+00 1.0000000000e+00
1515 7.4056455723e+02 0.0000000000e+00 4.3372299772e+03 6.4278760969e+01 0.0000000000e+00 -7.6604444312e+01 2212 0.0000000000e+00 1.0000000000e+00
1516 6.8893832257e+02 0.0000000000e+00 4.3457293665e+03 6.4278760969e+01 0.0000000000e+00 -7.6604444312e+01 2212 0.0000000000e+00 1.0000000000e+00
1517 7.9701296136e+02 0.0000000000e+00 4.3272127378e+03 6.4278760969e+01 0.0000000000e+00 -7.6604444312e+01 2212 0.0000000000e+00 1.0000000000e+00
1518 7.2469703301e+02 0.0000000000e+00 4.3399094402e+03 6.4278760969e+01 0.0000000000e+00 -7.6604444312e+01 2212 0.0000000000e+00 1.0000000000e+00
1519 7.5918975042e+02 0.0000000000e+00 4.3340086135e+03 6.4278760969e+01 0.0000000000e+00 -7.6604444312e+01 2212 0.0000000000e+00 1.0000000000e+00
1520 7.9828956747e+02 0.0000000000e+00 4.3269774098e+03 6.4278760969e+01 0.0000000000e+00 -7.6604444312e+01 2212 0.0000000000e+00 1.0000000000e+00
1521 7.3584331434e+02 0.0000000000e+00 4.3380334664e+03 6.4278760969e+01 0.0000000000e+00 -7.6604444312e+01 2212 0.0000000000e+00 1.0000000000e+00
1522 7.2631921365e+02 0.0000000000e+00 4.3396382498e+03 6.4278760969e+01 0.0000000000e+00 -7.6604444312e+01 2212 0.0000000000e+00 1.0000000000e+00
1523 7.4435728890e+02 0.0000000000e+00 4.3365806767e+03 6.4278760969e+01 0.0000000000e+00 -7.6604444312e+01 2212 0.0000000000e+00 1.0000000000e+00
1524 8.2721710279e+02 0.0000000000e+00 4.3215404202e+03 6.4278760969e+01 0.0000000000e+00 -7.6604444312e+01 2212 0.0000000000e+00 1.0000000000e+00
1525 8.3606946529e+02 0.0000000000e+00 4.3198365233e+03 6.4278760969e+01 0.0000000000e+00 -7.6604444312e+01 2212 0.0000000000e+00 1.0000000000e+00
1526 7.6528496721e+02 0.0000000000e+00 4.3329364936e+03 6.4278760969e+01 0.0000000000e+00 -7.6604444312e+01 2212 0.0000000000e+00 1.0000000000e+00
1527 7.7789698394e+02 0.0000000000e+00 4.3306900168e+03 6.4278760969e+01 0.0000000000e+00 -7.6604444312e+01 2212 0.0000000000e+00 1.0000000000e+00
1528 7.6443496407e+02 0.0000000000e+00 4.3330865356e+03 6.4278760969e+01 0.0000000000e+00 -7.6604444312e+01 2212 0.0000000000e+00 1.0000000000e+00
1529 7.0179657971e+02 0.0000000000e+00 4.3436714079e+03 6.4278760969e+01 0.0000000000e+00 -7.6604444312e+01 2212 0.0000000000e+00 1.0000000000e+00
1530 7.9614285242e+02 0.0000000000e+00 4.3273729094e+03 6.4278760969e+01 0.0000000000e+00 -7.6604444312e+01 2212 0.0000000000e+00 1.0000000000e+00
1531 8.0851921277e+02 0.0000000000e+00 4.3250776203e+03 6.4278760969e+01 0.0000000000e+00 -7.6604444312e+01 2212 0.0000000000e+00 1.0000000000e+00
1532 7.8518349804e+02 0.0000000000e+00 4.3293748525e+03 6.4278760969e+01 0.0000000000e+00 -7.6604444312e+01 2212 0.0000000000e+00 1.0000000000e+00
1533 7.7581110458e+02 0.0000000000e+00 4.3310641728e+03 6.4278760969e+01 0.0000000000e+00 -7.6604444312e+01 2212 0.0000000000e+00 1.0000000000e+00
1534 7.3140519190e+02 0.0000000000e+00 4.3387839522e+03 6.4278760969e+01 0.0000000000e+00 -7.6604444312e+01 2212 0.0000000000e+00 1.0000000000e+00
1535 7.8751303277e+02 0.0000000000e+00 4.3289517163e+03 6.4278760969e+01 0.0000000000e+00 -7.6604444312e+01 2212 0.0000000000e+00 1.0000000000e+00
1536 6.8979571191e+02 0.0000000000e+00 4.3455933559e+03 6.4278760969e+01 0.0000000000e+00 -7.6604444312e+01 2212 0.0000000000e+00 1.0000000000e+00
1537 6.9775818204e+02 0.0000000000e+00 4.3443219561e+03 6.4278760969e+01 0.0000000000e+00 -7.6604444312e+01 2212 0.0000000000e+00 1.0000000000e+00
1538 7.7837766352e+02 0.0000000000e+00 4.3306036475e+03 6.4278760969e+01 0.0000000000e+00 -7.6604444312e+01 2212 0.0000000000e+00 1.0000000000e+00
1539 7.1892423238e+02 0.0000000000e+00 4.3408694621e+03 6.4278760969e+01 0.0000000000e+00 -7.6604444312e+01 2212 0.0000000000e+00 1.0000000000e+00
1540 8.1557705674e+02 0.0000000000e+00 4.3237522828e+03 6.4278760969e+01 0.0000000000e+00 -7.6604444312e+01 2212 0.0000000000e+00 1.0000000000e+00
1541 7.1195595450e+02 0.0000000000e+00 4.3420177864e+03 6.4278760969e+01 0.0000000000e+00 -7.6604444312e+01 2212 0.0000000000e+00 1.0000000000e+00
1542 7.6202359332e+02 0.0000000000e+00 4.3335112533e+03 6.4278760969e+01 0.0000000000e+00 -7.6604444312e+01 2212 0.0000000000e+00 1.0000000000e+00
1543 8.0375615409e+02 0.0000000000e+00 4.3259653008e+03 6.4278760969e+01 0.0000000000e+00 -7.6604444312e+01 2212 0.0000000000e+00 1.0000000000e+00
1544 8.0648643543e+02 0.0000000000e+00 4.3254571283e+03 6.4278760969e+01 0.0000000000e+00 -7.6604444312e+01 2212 0.0000000000e+00 1.0000000000e+00
1545 7.2894898229e+02 0.0000000000e+00 4.3391972898e+03 6.4278760969e+01 0.0000000000e+00 -7.6604444312e+01 2212 0.0000000000e+00 1.0000000000e+00
1546 7.5081884250e+02 0.0000000000e+00 4.3354666190e+03 6.4278760969e+01 0.0000000000e+00 -7.6604444312e+01 2212 0.0000000000e+00 1.0000000000e+00
1547 8.3564218671e+02 0.0000000000e+00 4.3199191977e+03 6.4278760969e+01 0.0000000000e+00 -7.6604444312e+01 2212 0.0000000000e+00 1.0000000000e+00
1548 7.4586522190e+02 0.0000000000e+00 4.3363215759e+03 6.4278760969e+01 0.0000000000e+00 -7.6604444312e+01 2212 0.0000000000e+00 1.0000000000e+00
1549 7.9599684748e+02 0.0000000000e+00 4.3273997686e+03 6.4278760969e+01 0.0000000000e+00 -7.6604444312e+01 2212 0.0000000000e+00 1.0000000000e+00
1550 8.2424325329e+02 0.0000000000e+00 4.3221086056e+03 6.4278760969e+01 0.0000000000e+00 -7.6604444312e+01 2212 0.0000000000e+00 1.0000000000e+00
1551 8.2692981305e+02 0.0000000000e+00 4.3215954025e+03 6.4278760969e+01 0.0000000000e+00 -7.6604444312e+01 2212 0.0000000000e+00 1.0000000000e+00
1552 8.2398384857e+02 0.0000000000e+00 4.3221580670e+03 6.4278760969e+01 0.0000000000e+00 -7.6604444312e+01 2212 0.0000000000e+00 1.0000000000e+00
1553 7.2794129161e+02 0.0000000000e+00 4.3393664532e+03 6.4278760969e+01 0.0000000000e+00 -7.6604444312e+01 2212 0.0000000000e+00 1.0000000000e+00
1554 7.9737283374e+02 0.0000000000e+00 4.3271464388e+03 6.4278760969e+01 0.0000000000e+00 -7.6604444312e+01 2212 0.0000000000e+00 1.0000000000e+00
1555 8.0936402101e+02 0.0000000000e+00 4.3249196085e+03 6.4278760969e+01 0.0000000000e+00 -7.6604444312e+01 2212 0.0000000000e+00 1.0000000000e+00
1556 7.3148835478e+02 0.0000000000e+00 4.3387699323e+03 6.4278760969e+01 0.0000000000e+00 -7.6604444312e+01 2212 0.0000000000e+00 1.0000000000e+00
1557 7.2864314794e+02 0.0000000000e+00 4.3392486564e+03 6.4278760969e+01 0.0000000000e+00 -7.6604444312e+01 2212 0.0000000000e+00 1.0000000000e+00
1558 7.3982402071e+02 0.0000000000e+00 4.3373563558e+03 6.4278760969e+01 0.0000000000e+00 -7.6604444312e+01 2212 0.0000000000e+00 1.0000000000e+00
1559 8.0953122893e+02 0.0000000000e+00 4.3248883140e+03 6.4278760969e+01 0.0000000000e+00 -7.6604444312e+01 2212 0.0000000000e+00 1.0000000000e+00
1560 7.3153671060e+02 0.0000000000e+00 4.3387617796e+03 6.4278760969e+01 0.0000000000e+00 -7.6604444312e+01 2212 0.0000000000e+00 1.0000000000e+00
1561 7.1275445908e+02 0.0000000000e+00 4.3418867811e+03 6.4278760969e+01 0.0000000000e+00 -7.6604444312e+01 2212 0.0000000000e+00 1.0000000000e+00
1562 8.0630761405e+02 0.0000000000e+00 4.3254904659e+03 6.4278760969e+01 0.0000000000e+00 -7.6604444312e+01 2212 0.0000000000e+00 1.0000000000e+00
1563 7.0732321402e+02 0.0000000000e+00 4.3427748744e+03 6.4278760969e+01 0.0000000000e+00 -7.6604444312e+01 2212 0.0000000000e+00 1.0000000000e+00
1564 6.8900532817e+02 0.0000000000e+00 4.3457187434e+03 6.4278760969e+01 0.0000000000e+00 -7.6604444312e+01 2212 0.0000000000e+00 1.0000000000e+00
1565 8.1078789166e+02 0.0000000000e+00 4.3246529033e+03 6.4278760969e+01 0.0000000000e+00 -7.6604444312e+01 2212 0.0000000000e+00 1.0000000000e+00
1566 7.0115555378e+02 0.0000000000e+00 4.3437749284e+03 6.4278760969e+01 0.0000000000e+00 -7.6604444312e+01 2212 0.0000000000e+00 1.0000000000e+00
1567 8.3770903686e+02 0.0000000000e+00 4.3195188746e+03 6.4278760969e+01 0.0000000000e+00 -7.6604444312e+01 2212 0.0000000000e+00 1.0000000000e+00
1568 7.5518033906e+02 0.0000000000e+00 4.3347090323e+03 6.4278760969e+01 0.0000000000e+00 -7.6604444312e+01 2212 0.0000000000e+00 1.0000000000e+00
1569 7.4547144832e+02 0.0000000000e+00 4.3363892882e+03 6.4278760969e+01 0.0000000000e+00 -7.6604444312e+01 2212 0.0000000000e+00 1.0000000000e+00
1570 7.2637114095e+02 0.0000000000e+00 4.3396295584e+03 6.4278760969e+01 0.0000000000e+00 -7.6604444312e+01 2212 0.0000000000e+00 1.0000000000e+00
1571 7.5256917892e+02 0.0000000000e+00 4.3351631307e+03 6.4278760969e+01 0.0000000000e+00 -7.6604444312e+01 2212 0.0000000000e+00 1.0000000000e+00
1572 8.2536375020e+02 0.0000000000e+00 4.3218947718e+03 6.4278760969e+01 0.0000000000e+00 -7.6604444312e+01 2212 0.0000000000e+00 1.0000000000e+00
1573 8.0528022270e+02 0.0000000000e+00 4.3256818540e+03 6.4278760969e+01 0.0000000000e+00 -7.6604444312e+01 2212 0.0000000000e+00 1.0000000000e+00
1574 8.2159339359e+02 0.0000000000e+00 4.3226131026e+03 6.4278760969e+01 0.0000000000e+00 -7.6604444312e+01 2212 0.0000000000e+00 1.0000000000e+00
1575 7.8561406797e+02 0.0000000000e+00 4.3292967414e+03 6.4278760969e+01 0.0000000000e+00 -7.6604444312e+01 2212 0.0000000000e+00 1.0000000000e+00
1576 7.9677976505e+02 0.0000000000e+00 4.3272556829e+03 6.4278760969e+01 0.0000000000e+00 -7.6604444312e+01 2212 0.0000000000e+00 1.0000000000e+00
1577 7.4774168113e+02 0.0000000000e+00 4.3359983991e+03 6.4278760969e+01 0.0000000000e+00 -7.6604444312e+01 2212 0.0000000000e+00 1.0000000000e+00
1578 7.2449406243e+02 0.0000000000e+00 4.3399433282e+03 6.4278760969e+01 0.0000000000e+00 -7.6604444312e+01 2212 0.0000000000e+00 1.0000000000e+00
1579 7.2672536545e+02 0.0000000000e+00 4.3395702532e+03 6.4278760969e+01 0.0000000000e+00 -7.6604444312e+01 2212 0.0000000000e+00 1.0000000000e+00
1580 8.2829306120e+02 0.0000000000e+00 4.3213343244e+03 6.4278760969e+01 0.0000000000e+00 -7.6604444312e+01 2212 0.0000000000e+00 1.0000000000e+00
1581 7.0788902129e+02 0.0000000000e+00 4.3426826815e+03 6.4278760969e+01 0.0000000000e+00 -7.6604444312e+01 2212 0.0000000000e+00 1.0000000000e+00
1582 8.3497856307e+02 0.0000000000e+00 4.3200475157e+03 6.4278760969e+01 0.0000000000e+00 -7.6604444312e+01 2212 0.0000000000e+00 1.0000000000e+00
1583 7.7637075276e+02 0.0000000000e+00 4.3309638873e+03 6.4278760969e+01 0.0000000000e+00 -7.6604444312e+01 2212 0.0000000000e+00 1.0000000000e+00
1584 7.7588320229e+02 0.0000000000e+00 4.3310512575e+03 6.4278760969e+01 0.0000000000e+00 -7.6604444312e+01 2212 0.0000000000e+00 1.0000000000e+00
1585 7.0575929614e+02 0.0000000000e+00 4.3430293062e+03 6.4278760969e+01 0.0000000000e+00 -7.6604444312e+01 2212 0.0000000000e+00 1.0000000000e+00
1586 7.2909165425e+02 0.0000000000e+00 4.3391733197e+03 6.4278760969e+01 0.0000000000e+00 -7.6604444312e+01 2212 0.0000000000e+00 1.0000000000e+00
1587 8.2067959059e+02 0.0000000000e+00 4.3227866878e+03 6.4278760969e+01 0.0000000000e+00 -7.6604444312e+01 2212 0.0000000000e+00 1.0000000000e+00
1588 7.3392020592e+02 0.0000000000e+00 4.3383592371e+03 6.4278760969e+01 0.0000000000e+00 -7.6604444312e+01 2212 0.0000000000e+00 1.0000000000e+00
1589 7.1368349243e+02 0.0000000000e+00 4.3417341710e+03 6.4278760969e+01 0.0000000000e+00 -7.6604444312e+01 2212 0.0000000000e+00 1.0000000000e+00
1590 7.8300181279e+02 0.0000000000e+00 4.3297699593e+03 6.4278760969e+01 0.0000000000e+00 -7.6604444312e+01 2212 0.0000000000e+00 1.0000000000e+00
1591 6.9935434094e+02 0.0000000000e+00 4.3440652901e+03 6.4278760969e+01 0.0000000000e+00 -7.6604444312e+01 2212 0.0000000000e+00 1.0000000000e+00
1592 8.0634283681e+02 0.0000000000e+00 4.3254838999e+03 6.4278760969e+01 0.0000000000e+00 -7.6604444312e+01 2212 0.0000000000e+00 1.0000000000e+00
1593 7.2691002026e+02 0.0000000000e+00 4.3395393259e+03 6.4278760969e+01 0.0000000000e+00 -7.6604444312e+01 2212 0.0000000000e+00 1.0000000000e+00
1594 7.5211553765e+02 0.0000000000e+00 4.3352418568e+03 6.4278760969e+01 0.0000000000e+00 -7.6604444312e+01 2212 0.0000000000e+00 1.0000000000e+00
1595 7.6315151396e+02 0.0000000000e+00 4.3333127634e+03 6.4278760969e+01 0.0000000000e+00 -7.6604444312e+01 2212 0.0000000000e+00 1.0000000000e+00
1596 7.8778445038e+02 0.0000000000e+00 4.3289023318e+03 6.4278760969e+01 0.0000000000e+00 -7.6604444312e+01 2212 0.0000000000e+00 1.0000000000e+00
1597 6.9591869238e+02 0.0000000000e+00 4.3446170041e+03 6.4278760969e+01 0.0000000000e+00 -7.6604444312e+01 2212 0.0000000000e+00 1.0000000000e+00
1598 7.5249635918e+02 0.0000000000e+00 4.3351757713e+03 6.4278760969e+01 0.0000000000e+00 -7.6604444312e+01 2212 0.0000000000e+00 1.0000000000e+00
1599 7.1179711673e+02 0.0000000000e+00 4.3420438279e+03 6.4278760969e+01 0.0000000000e+00 -7.6604444312e+01 2212 0.0000000000e+00 1.0000000000e+00
1600 7.4161454779e+02 0.0000000000e+00 4.3370505648e+03 6.4278760969e+01 0.0000000000e+00 -7.6604444312e+01 2212 0.0000000000e+00 1.0000000000e+00
1601 8.3708264230e+02 0.0000000000e+00 4.3196403078e+03 6.4278760969e+01 0.0000000000e+00 -7.6604444312e+01 2212 0.0000000000e+00 1.0000000000e+00
1602 7.8289542309e+02 0.0000000000e+00 4.3297891976e+03 6.4278760969e+01 0.0000000000e+00 -7.6604444312e+01 2212 0.0000000000e+00 1.0000000000e+00
1603 7.2182255090e+02 0.0000000000e+00 4.3403884554e+03 6.4278760969e+01 0.0000000000e+00 -7.6604444312e+01 2212 0.0000000000e+00 1.0000000000e+00
1604 8.1112175381e+02 0.0000000000e+00 4.3245902973e+03 6.4278760969e+01 0.0000000000e+00 -7.6604444312e+01 2212 0.0000000000e+00 1.0000000000e+00
1605 7.8317430375e+02 0.0000000000e+00 4.3297387622e+03 6.4278760969e+01 0.0000000000e+00 -7.6604444312e+01 2212 0.0000000000e+00 1.0000000000e+00
1606 7.6310178757e+02 0.0000000000e+00 4.3333215206e+03 6.4278760969e+01 0.0000000000e+00 -7.6604444312e+01 2212 0.0000000000e+00 1.0000000000e+00
1607 8.2861099714e+02 0.0000000000e+00 4.3212733719e+03 6.4278760969e+01 0.0000000000e+00 -7.6604444312e+01 2212 0.0000000000e+00 1.0000000000e+00
1608 6.9637330532e+02 0.0000000000e+00 4.3445441600e+03 6.4278760969e+01 0.0000000000e+00 -7.6604444312e+01 2212 0.0000000000e+00 1.0000000000e+00
1609 6.8993813814e+02 0.0000000000e+00 4.3455707455e+03 6.4278760969e+01 0.0000000000e+00 -7.6604444312e+01 2212 0.0000000000e+00 1.0000000000e+00
1610 7.6150081540e+02 0.0000000000e+00 4.3336031483e+03 6.4278760969e+01 0.0000000000e+00 -7.6604444312e+01 2212 0.0000000000e+00 1.0000000000e+00
1611 7.8374938252e+02 0.0000000000e+00 4.3296347010e+03 6.4278760969e+01 0.0000000000e+00 -7.6604444312e+01 2212 0.0000000000e+00 1.0000000000e+00
1612 7.6475290155e+02 0.0000000000e+00 4.3330304336e+03 6.4278760969e+01 0.0000000000e+00 -7.6604444312e+01 2212 0.0000000000e+00 1.0000000000e+00
1613 7.0077663917e+02 0.0000000000e+00 4.3438360744e+03 6.4278760969e+01 0.0000000000e+00 -7.6604444312e+01 2212 0.0000000000e+00 1.0000000000e+00
1614 7.5450859648e+02 0.0000000000e+00 4.3348260077e+03 6.4278760969e+01 0.0000000000e+00 -7.6604444312e+01 2212 0.0000000000e+00 1.0000000000e+00
1615 7.6308909978e+02 0.0000000000e+00 4.3333237549e+03 6.4278760969e+01 0.0000000000e+00 -7.6604444312e+01 2212 0.0000000000e+00 1.0000000000e+00
1616 7.4529156089e+02 0.0000000000e+00 4.3364202089e+03 6.4278760969e+01 0.0000000000e+00 -7.6604444312e+01 2212 0.0000000000e+00 1.0000000000e+00
1617 8.2664235377e+02 0.0000000000e+00 4.3216503975e+03 6.4278760969e+01 0.0000000000e+00 -7.6604444312e+01 2212 0.0000000000e+00 1.0000000000e+00
1618 8.0604598649e+02 0.0000000000e+00 4.3255392273e+03 6.4278760969e+01 0.0000000000e+00 -7.6604444312e+01 2212 0.0000000000e+00 1.0000000000e+00
1619 8.3050603707e+02 0.0000000000e+00 4.3209095641e+03 6.4278760969e+01 0.0000000000e+00 -7.6604444312e+01 2212 0.0000000000e+00 1.0000000000e+00
1620 7.0348900206e+02 0.0000000000e+00 4.3433976289e+03 6.4278760969e+01 0.0000000000e+00 -7.6604444312e+01 2212 0.0000000000e+00 1.0000000000e+00
1621 8.3423855915e+02 0.0000000000e+00 4.3201904779e+03 6.4278760969e+01 0.0000000000e+00 -7.6604444312e+01 2212 0.0000000000e+00 1.0000000000e+00
1622 6.9081142511e+02 0.0000000000e+00 4.3454320054e+03 6.4278760969e+01 0.0000000000e+00 -7.6604444312e+01 2212 0.0000000000e+00 1.0000000000e+00
1623 7.2203071806e+02 0.0000000000e+00 4.3403538313e+03 6.4278760969e+01 0.0000000000e+00 -7.6604444312e+01 2212 0.0000000000e+00 1.0000000000e+00
1624 8.0672512405e+02 0.0000000000e+00 4.3254126177e+03 6.4278760969e+01 0.0000000000e+00 -7.6604444312e+01 2212 0.0000000000e+00 1.0000000000e+00
1625 7.9144185582e+02 0.0000000000e+00 4.3282351516e+03 6.4278760969e+01 0.0000000000e+00 -7.6604444312e+01 2212 0.0000000000e+00 1.0000000000e+00
1626 8.1740980406e+02 0.0000000000e+00 4.3234061747e+03 6.4278760969e+01 0.0000000000e+00 -7.6604444312e+01 2212 0.0000000000e+00 1.0000000000e+00
1627 7.7709529344e+02 0.0000000000e+00 4.3308339432e+03 6.4278760969e+01 0.0000000000e+00 -7.6604444312e+01 2212 0.0000000000e+00 1.0000000000e+00
1628 7.2222542945e+02 0.0000000000e+00 4.3403214360e+03 6.4278760969e+01 0.0000000000e+00 -7.6604444312e+01 2212 0.0000000000e+00 1.0000000000e+00
1629 7.2537538457e+02 0.0000000000e+00 4.3397961116e+03 6.4278760969e+01 0.0000000000e+00 -7.6604444312e+01 2212 0.0000000000e+00 1.0000000000e+00
1630 7.8324216554e+02 0.0000000000e+00 4.3297264866e+03 6.4278760969e+01 0.0000000000e+00 -7.6604444312e+01 2212 0.0000000000e+00 1.0000000000e+00
1631 7.9952129103e+02 0.0000000000e+00 4.3267499863e+03 6.4278760969e+01 0.0000000000e+00 -7.6604444312e+01 2212 0.0000000000e+00 1.0000000000e+00
1632 6.9812023543e+02 0.0000000000e+00 4.3442637898e+03 6.4278760969e+01 0.0000000000e+00 -7.6604444312e+01 2212 0.0000000000e+00 1.0000000000e+00
1633 7.5842191700e+02 0.0000000000e+00 4.3341430450e+03 6.4278760969e+01 0.0000000000e+00 -7.6604444312e+01 2212 0.0000000000e+00 1.0000000000e+00
1634 7.2453110120e+02 0.0000000000e+00 4.3399371450e+03 6.4278760969e+01 0.0000000000e+00 -7.6604444312e+01 2212 0.0000000000e+00 1.0000000000e+00
1635 7.2513839368e+02 0.0000000000e+00 4.3398357168e+03 6.4278760969e+01 0.0000000000e+00 -7.6604444312e+01 2212 0.0000000000e+00 1.0000000000e+00
1636 7.5796667202e+02 0.0000000000e+00 4.3342226827e+03 6.4278760969e+01 0.0000000000e+00 -7.6604444312e+01 2212 0.0000000000e+00 1.0000000000e+00
1637 7.3369821148e+02 0.0000000000e+00 4.3383967861e+03 6.4278760969e+01 0.0000000000e+00 -7.6604444312e+01 2212 0.0000000000e+00 1.0000000000e+00
1638 7.8864617654e+02 0.0000000000e+00 4.3287454242e+03 6.4278760969e+01 0.0000000000e+00 -7.6604444312e+01 2212 0.0000000000e+00 1.0000000000e+00
1639 8.2076975697e+02 0.0000000000e+00 4.3227695688e+03 6.4278760969e+01 0.0000000000e+00 -7.6604444312e+01 2212 0.0000000000e+00 1.0000000000e+00
1640 7.2131635775e+02 0.0000000000e+00 4.3404726069e+03 6.4278760969e+01 0.0000000000e+00 -7.6604444312e+01 2212 0.0000000000e+00 1.0000000000e+00
1641 8.1747438797e+02 0.0000000000e+00 4.3233939635e+03 6.4278760969e+01 0.0000000000e+00 -7.6604444312e+01 2212 0.0000000000e+00 1.0000000000e+00
1642 7.5950587345e+02 0.0000000000e+00 4.3339532262e+03 6.4278760969e+01 0.0000000000e+00 -7.6604444312e+01 2212 0.0000000000e+00 1.0000000000e+00
1643 8.1467133615e+02 0.0000000000e+00 4.3239230281e+03 6.4278760969e+01 0.0000000000e+00 -7.6604444312e+01 2212 0.0000000000e+00 1.0000000000e+00
1644 8.3628632793e+02 0.0000000000e+00 4.3197945456e+03 6.4278760969e+01 0.0000000000e+00 -7.6604444312e+01 2212 0.0000000000e+00 1.0000000000e+00
1645 7.2979158480e+02 0.0000000000e+00 4.3390556555e+03 6.4278760969e+01 0.0000000000e+00 -7.6604444312e+01 2212 0.0000000000e+00 1.0000000000e+00
1646 7.6602634864e+02 0.0000000000e+00 4.3328054851e+03 6.4278760969e+01 0.0000000000e+00 -7.6604444312e+01 2212 0.0000000000e+00 1.0000000000e+00
1647 7.1299752634e+02 0.0000000000e+00 4.3418468727e+03 6.4278760969e+01 0.0000000000e+00 -7.6604444312e+01 2212 0.0000000000e+00 1.0000000000e+00
1648 7.5953375673e+02 0.0000000000e+00 4.3339483397e+03 6.4278760969e+01 0.0000000000e+00 -7.6604444312e+01 2212 0.0000000000e+00 1.0000000000e+00
1649 8.1428562945e+02 0.0000000000e+00 4.3239956814e+03 6.4278760969e+01 0.0000000000e+00 -7.6604444312e+01 2212 0.0000000000e+00 1.0000000000e+00
1650 7.8916874901e+02 0.0000000000e+00 4.3286501850e+03 6.4278760969e+01 0.0000000000e+00 -7.6604444312e+01 2212 0.0000000000e+00 1.0000000000e+00
1651 6.9372199231e+02 0.0000000000e+00 4.3449683010e+03 6.4278760969e+01 0.0000000000e+00 -7.6604444312e+01 2212 0.0000000000e+00 1.0000000000e+00
1652 7.6726148210e+02 0.0000000000e+00 4.3325869359e+03 6.4278760969e+01 0.0000000000e+00 -7.6604444312e+01 2212 0.0000000000e+00 1.0000000000e+00
1653 7.5128663487e+02 0.0000000000e+00 4.3353855804e+03 6.4278760969e+01 0.0000000000e+00 -7.6604444312e+01 2212 0.0000000000e+00 1.0000000000e+00
1654 7.2731058089e+02 0.0000000000e+00 4.3394722096e+03 6.4278760969e+01 0.0000000000e+00 -7.6604444312e+01 2212 0.0000000000e+00 1.0000000000e+00
1655 7.1250289782e+02 0.0000000000e+00 4.3419280694e+03 6.4278760969e+01 0.0000000000e+00 -7.6604444312e+01 2212 0.0000000000e+00 1.0000000000e+00
1656 8.1303423040e+02 0.0000000000e+00 4.3242311547e+03 6.4278760969e+01 0.0000000000e+00 -7.6604444312e+01 2212 0.0000000000e+00 1.0000000000e+00
1657 8.1541168970e+02 0.0000000000e+00 4.3237834723e+03 6.4278760969e+01 0.0000000000e+00 -7.6604444312e+01 2212 0.0000000000e+00 1.0000000000e+00
1658 7.0784107252e+02 0.0000000000e+00 4.3426904973e+03 6.4278760969e+01 0.0000000000e+00 -7.6604444312e+01 2212 0.0000000000e+00 1.0000000000e+00
1659 7.9864365032e+02 0.0000000000e+00 4.3269120697e+03 6.4278760969e+01 0.0000000000e+00 -7.6604444312e+01 2212 0.0000000000e+00 1.0000000000e+00
1660 7.1438262112e+02 0.0000000000e+00 4.3416191921e+03 6.4278760969e+01 0.0000000000e+00 -7.6604444312e+01 2212 0.0000000000e+00 1.0000000000e+00
1661 7.9449262517e+02 0.0000000000e+00 4.3276761902e+03 6.4278760969e+01 0.0000000000e+00 -7.6604444312e+01 2212 0.0000000000e+00 1.0000000000e+00
1662 7.1483244322e+02 0.0000000000e+00 4.3415451532e+03 6.4278760969e+01 0.0000000000e+00 -7.6604444312e+01 2212 0.0000000000e+00 1.0000000000e+00
1663 7.1458038108e+02 0.0000000000e+00 4.3415866475e+03 6.4278760969e+01 0.0000000000e+00 -7.6604444312e+01 2212 0.0000000000e+00 1.0000000000e+00
1664 7.4618838541e+02 0.0000000000e+00 4.3362659780e+03 6.4278760969e+01 0.0000000000e+00 -7.6604444312e+01 2212 0.0000000000e+00 1.0000000000e+00
1665 7.9176153251e+02 0.0000000000e+00 4.3281766848e+03 6.4278760969e+01 0.0000000000e+00 -7.6604444312e+01 2212 0.0000000000e+00 1.0000000000e+00
1666 7.0371877774e+02 0.0000000000e+00 4.3433604065e+03 6.4278760969e+01 0.0000000000e+00 -7.6604444312e+01 2212 0.0000000000e+00 1.0000000000e+00
1667 7.2253870254e+02 0.0000000000e+00 4.3402692960e+03 6.4278760969e+01 0.0000000000e+00 -7.6604444312e+01 2212 0.0000000000e+00 1.0000000000e+00
1668 7.4737748335e+02 0.0000000000e+00 4.3360611892e+03 6.4278760969e+01 0.0000000000e+00 -7.6604444312e+01 2212 0.0000000000e+00 1.0000000000e+00
1669 7.1446614237e+02 0.0000000000e+00 4.3416054485e+03 6.4278760969e+01 0.0000000000e+00 -7.6604444312e+01 2212 0.0000000000e+00 1.0000000000e+00
1670 8.1088264940e+02 0.0000000000e+00 4.3246351370e+03 6.4278760969e+01 0.0000000000e+00 -7.6604444312e+01 2212 0.0000000000e+00 1.0000000000e+00
1671 8.3435670313e+02 0.0000000000e+00 4.3201676624e+03 6.4278760969e+01 0.0000000000e+00 -7.6604444312e+01 2212 0.0000000000e+00 1.0000000000e+00
1672 7.4192125518e+02 0.0000000000e+00 4.3369981081e+03 6.4278760969e+01 0.0000000000e+00 -7.6604444312e+01 2212 0.0000000000e+00 1.0000000000e+00
1673 7.1556297815e+02 0.0000000000e+00 4.3414248080e+03 6.4278760969e+01 0.0000000000e+00 -7.6604444312e+01 2212 0.0000000000e+00 1.0000000000e+00
1674 8.2093477920e+02 0.0000000000e+00 4.3227382326e+03 6.4278760969e+01 0.0000000000e+00 -7.6604444312e+01 2212 0.0000000000e+00 1.0000000000e+00
1675 6.9789087100e+02 0.0000000000e+00 4.3443006423e+03 6.4278760969e+01 0.0000000000e+00 -7.6604444312e+01 2212 0.0000000000e+00 1.0000000000e+00
1676 8.3335198791e+02 0.0000000000e+00 4.3203615825e+03 6.4278760969e+01 0.0000000000e+00 -7.6604444312e+01 2212 0.0000000000e+00 1.0000000000e+00
1677 7.5568327444e+02 0.0000000000e+00 4.3346213823e+03 6.4278760969e+01 0.0000000000e+00 -7.6604444312e+01 2212 0.0000000000e+00 1.0000000000e+00
1678 8.1523195032e+02 0.0000000000e+00 4.3238173650e+03 6.4278760969e+01 0.0000000000e+00 -7.6604444312e+01 2212 0.0000000000e+00 1.0000000000e+00
1679 7.2596511409e+02 0.0000000000e+00 4.3396975001e+03 6.4278760969e+01 0.0000000000e+00 -7.6604444312e+01 2212 0.0000000000e+00 1.0000000000e+00
1680 7.0575820295e+02 0.0000000000e+00 4.3430294839e+03 6.4278760969e+01 0.0000000000e+00 -7.6604444312e+01 2212 0.0000000000e+00 1.0000000000e+00
1681 8.3113492301e+02 0.0000000000e+00 4.3207886408e+03 6.4278760969e+01 0.0000000000e+00 -7.6604444312e+01 2212 0.0000000000e+00 1.0000000000e+00
1682 7.7349027036e+02 0.0000000000e+00 4.3314792555e+03 6.4278760969e+01 0.0000000000e+00 -7.6604444312e+01 2212 0.0000000000e+00 1.0000000000e+00
1683 8.0805735753e+02 0.0000000000e+00 4.3251639328e+03 6.4278760969e+01 0.0000000000e+00 -7.6604444312e+01 2212 0.0000000000e+00 1.0000000000e+00
1684 7.0475650505e+02 0.0000000000e+00 4.3431921449e+03 6.4278760969e+01 0.0000000000e+00 -7.6604444312e+01 2212 0.0000000000e+00 1.0000000000e+00
1685 7.4171087426e+02 0.0000000000e+00 4.3370340923e+03 6.4278760969e+01 0.0000000000e+00 -7.6604444312e+01 2212 0.0000000000e+00 1.0000000000e+00
1686 8.2083679124e+02 0.0000000000e+00 4.3227568404e+03 6.4278760969e+01 0.0000000000e+00 -7.6604444312e+01 2212 0.0000000000e+00 1.0000000000e+00
1687 8.0348067367e+02 0.0000000000e+00 4.3260164755e+03 6.4278760969e+01 0.0000000000e+00 -7.6604444312e+01 2212 0.0000000000e+00 1.0000000000e+00
1688 7.4135444820e+02 0.0000000000e+00 4.3370950325e+03 6.4278760969e+01 0.0000000000e+00 -7.6604444312e+01 2212 0.0000000000e+00 1.0000000000e+00
1689 7.5910229989e+02 0.0000000000e+00 4.3340239313e+03 6.4278760969e+01 0.0000000000e+00 -7.6604444312e+01 2212 0.0000000000e+00 1.0000000000e+00
1690 8.2413305421e+02 0.0000000000e+00 4.3221296195e+03 6.4278760969e+01 0.0000000000e+00 -7.6604444312e+01 2212 0.0000000000e+00 1.0000000000e+00
1691 7.1638485074e+02 0.0000000000e+00 4.3412892652e+03 6.4278760969e+01 0.0000000000e+00 -7.6604444312e+01 2212 0.0000000000e+00 1.0000000000e+00
1692 7.0714258298e+02 0.0000000000e+00 4.3428042906e+03 6.4278760969e+01 0.0000000000e+00 -7.6604444312e+01 2212 0.0000000000e+00 1.0000000000e+00
1693 7.5421400321e+02 0.0000000000e+00 4.3348772735e+03 6.4278760969e+01 0.0000000000e+00 -7.6604444312e+01 2212 0.0000000000e+00 1.0000000000e+00
1694 7.8489542431e+02 0.0000000000e+00 4.3294270882e+03 6.4278760969e+01 0.0000000000e+00 -7.6604444312e+01 2212 0.0000000000e+00 1.0000000000e+00
1695 7.4917420606e+02 0.0000000000e+00 4.3357511169e+03 6.4278760969e+01 0.0000000000e+00 -7.6604444312e+01 2212 0.0000000000e+00 1.0000000000e+00
1696 8.2033231147e+02 0.0000000000e+00 4.3228526042e+03 6.4278760969e+01 0.0000000000e+00 -7.6604444312e+01 2212 0.0000000000e+00 1.0000000000e+00
1697 7.3567323189e+02 0.0000000000e+00 4.3380623134e+03 6.4278760969e+01 0.0000000000e+00 -7.6604444312e+01 2212 0.0000000000e+00 1.0000000000e+00
1698 6.8847328490e+02 0.0000000000e+00 4.3458030644e+03 6.4278760969e+01 0.0000000000e+00 -7.6604444312e+01 2212 0.0000000000e+00 1.0000000000e+00
1699 7.8875816025e+02 0.0000000000e+00 4.3287250205e+03 6.4278760969e+01 0.0000000000e+00 -7.6604444312e+01 2212 0.0000000000e+00 1.0000000000e+00
1700 7.3449723520e+02 0.0000000000e+00 4.3382615816e+03 6.4278760969e+01 0.0000000000e+00 -7.6604444312e+01 2212 0.0000000000e+00 1.0000000000e+00
1701 8.2856874506e+02 0.0000000000e+00 4.3212814735e+03 6.4278760969e+01 0.0000000000e+00 -7.6604444312e+01 2212 0.0000000000e+00 1.0000000000e+00
1702 6.9268393841e+02 0.0000000000e+00 4.3451339105e+03 6.4278760969e+01 0.0000000000e+00 -7.6604444312e+01 2212 0.0000000000e+00 1.0000000000e+00
1703 8.2017413052e+02 0.0000000000e+00 4.3228826186e+03 6.4278760969e+01 0.0000000000e+00 -7.6604444312e+01 2212 0.0000000000e+00 1.0000000000e+00
1704 7.7157268771e+02 0.0000000000e+00 4.3318212482e+03 6.4278760969e+01 0.0000000000e+00 -7.6604444312e+01 2212 0.0000000000e+00 1.0000000000e+00
1705 8.2647159961e+02 0.0000000000e+00 4.3216830557e+03 6.4278760969e+01 0.0000000000e+00 -7.6604444312e+01 2212 0.0000000000e+00 1.0000000000e+00
1706 7.1487479502e+02 0.0000000000e+00 4.3415381798e+03 6.4278760969e+01 0.0000000000e+00 -7.6604444312e+01 2212 0.0000000000e+00 1.0000000000e+00
1707 7.8957484138e+02 0.0000000000e+00 4.3285761295e+03 6.4278760969e+01 0.0000000000e+00 -7.6604444312e+01 2212 0.0000000000e+00 1.0000000000e+00
1708 7.7766504800e+02 0.0000000000e+00 4.3307316717e+03 6.4278760969e+01 0.0000000000e+00 -7.6604444312e+01 2212 0.0000000000e+00 1.0000000000e+00
1709 8.2920062792e+02 0.0000000000e+00 4.3211602675e+03 6.4278760969e+01 0.0000000000e+00 -7.6604444312e+01 2212 0.0000000000e+00 1.0000000000e+00
1710 6.8908841764e+02 0.0000000000e+00 4.3457055689e+03 6.4278760969e+01 0.0000000000e+00 -7.6604444312e+01 2212 0.0000000000e+00 1.0000000000e+00
1711 6.9310321180e+02 0.0000000000e+00 4.3450670509e+03 6.4278760969e+01 0.0000000000e+00 -7.6604444312e+01 2212 0.0000000000e+00 1.0000000000e+00
1712 7.3105989891e+02 0.0000000000e+00 4.3388421454e+03 6.4278760969e+01 0.0000000000e+00 -7.6604444312e+01 2212 0.0000000000e+00 1.0000000000e+00
1713 8.2528765251e+02 0.0000000000e+00 4.3219093037e+03 6.4278760969e+01 0.0000000000e+00 -7.6604444312e+01 2212 0.0000000000e+00 1.0000000000e+00
1714 8.0331591380e+02 0.0000000000e+00 4.3260470734e+03 6.4278760969e+01 0.0000000000e+00 -7.6604444312e+01 2212 0.0000000000e+00 1.0000000000e+00
1715 7.5931208750e+02 0.0000000000e+00 4.3339871819e+03 6.4278760969e+01 0.0000000000e+00 -7.6604444312e+01 2212 0.0000000000e+00 1.0000000000e+00
1716 8.2024476975e+02 0.0000000000e+00 4.3228692158e+03 6.4278760969e+01 0.0000000000e+00 -7.6604444312e+01 2212 0.0000000000e+00 1.0000000000e+00
1717 7.9281781782e+02 0.0000000000e+00 4.3279833233e+03 6.4278760969e+01 0.0000000000e+00 -7.6604444312e+01 2212 0.0000000000e+00 1.0000000000e+00
1718 7.6487195430e+02 0.0000000000e+00 4.3330094198e+03 6.4278760969e+01 0.0000000000e+00 -7.6604444312e+01 2212 0.0000000000e+00 1.0000000000e+00
1719 7.1090280077e+02 0.0000000000e+00 4.3421903398e+03 6.4278760969e+01 0.0000000000e+00 -7.6604444312e+01 2212 0.0000000000e+00 1.0000000000e+00
1720 7.6159314323e+02 0.0000000000e+00 4.3335869234e+03 6.4278760969e+01 0.0000000000e+00 -7.6604444312e+01 2212 0.0000000000e+00 1.0000000000e+00
1721 7.5647193951e+02 0.0000000000e+00 4.3344838151e+03 6.4278760969e+01 0.0000000000e+00 -7.6604444312e+01 2212 0.0000000000e+00 1.0000000000e+00
1722 6.9555550964e+02 0.0000000000e+00 4.3446751630e+03 6.4278760969e+01 0.0000000000e+00 -7.6604444312e+01 2212 0.0000000000e+00 1.0000000000e+00
1723 7.1880645648e+02 0.0000000000e+00 4.3408889662e+03 6.4278760969e+01 0.0000000000e+00 -7.6604444312e+01 2212 0.0000000000e+00 1.0000000000e+00
1724 8.0195786268e+02 0.0000000000e+00 4.3262990333e+03 6.4278760969e+01 0.0000000000e+00 -7.6604444312e+01 2212 0.0000000000e+00 1.0000000000e+00
1725 7.3252296154e+02 0.0000000000e+00 4.3385953775e+03 6.4278760969e+01 0.0000000000e+00 -7.6604444312e+01 2212 0.0000000000e+00 1.0000000000e+00
1726 8.1411593135e+02 0.0000000000e+00 4.3240276351e+03 6.4278760969e+01 0.0000000000e+00 -7.6604444312e+01 2212 0.0000000000e+00 1.0000000000e+00
1727 8.3519033172e+02 0.0000000000e+00 4.3200065797e+03 6.4278760969e+01 0.0000000000e+00 -7.6604444312e+01 2212 0.0000000000e+00 1.0000000000e+00
1728 8.1935277876e+02 0.0000000000e+00 4.3230383717e+03 6.4278760969e+01 0.0000000000e+00 -7.6604444312e+01 2212 0.0000000000e+00 1.0000000000e+00
1729 7.1447016744e+02 0.0000000000e+00 4.3416047861e+03 6.4278760969e+01 0.0000000000e+00 -7.6604444312e+01 2212 0.0000000000e+00 1.0000000000e+00
1730 8.1342880553e+02 0.0000000000e+00 4.3241569487e+03 6.4278760969e+01 0.0000000000e+00 -7.6604444312e+01 2212 0.0000000000e+00 1.0000000000e+00
1731 8.1973539973e+02 0.0000000000e+00 4.3229658353e+03 6.4278760969e+01 0.0000000000e+00 -7.6604444312e+01 2212 0.0000000000e+00 1.0000000000e+00
1732 7.6398848458e+02 0.0000000000e+00 4.3331652789e+03 6.4278760969e+01 0.0000000000e+00 -7.6604444312e+01 2212 0.0000000000e+00 1.0000000000e+00
1733 6.8976717891e+02 0.0000000000e+00 4.3455978850e+03 6.4278760969e+01 0.0000000000e+00 -7.6604444312e+01 2212 0.0000000000e+00 1.0000000000e+00
1734 6.8964139870e+02 0.0000000000e+00 4.3456178479e+03 6.4278760969e+01 0.0000000000e+00 -7.6604444312e+01 2212 0.0000000000e+00 1.0000000000e+00
1735 7.5000313704e+02 0.0000000000e+00 4.3356078044e+03 6.4278760969e+01 0.0000000000e+00 -7.6604444312e+01 2212 0.0000000000e+00 1.0000000000e+00
1736 7.4002007290e+02 0.0000000000e+00 4.3373229106e+03 6.4278760969e+01 0.0000000000e+00 -7.6604444312e+01 2212 0.0000000000e+00 1.0000000000e+00
1737 8.3106856857e+02 0.0000000000e+00 4.3208014040e+03 6.4278760969e+01 0.0000000000e+00 -7.6604444312e+01 2212 0.0000000000e+00 1.0000000000e+00
1738 8.0034464188e+02 0.0000000000e+00 4.3265977619e+03 6.4278760969e+01 0.0000000000e+00 -7.6604444312e+01 2212 0.0000000000e+00 1.0000000000e+00
1739 7.0353181785e+02 0.0000000000e+00 4.3433906939e+03 6.4278760969e+01 0.0000000000e+00 -7.6604444312e+01 2212 0.0000000000e+00 1.0000000000e+00
1740 8.2610531024e+02 0.0000000000e+00 4.3217530882e+03 6.4278760969e+01 0.0000000000e+00 -7.6604444312e+01 2212 0.0000000000e+00 1.0000000000e+00
1741 8.1495767840e+02 0.0000000000e+00 4.3238690685e+03 6.4278760969e+01 0.0000000000e+00 -7.6604444312e+01 2212 0.0000000000e+00 1.0000000000e+00
1742 7.3286748168e+02 0.0000000000e+00 4.3385371951e+03 6.4278760969e+01 0.0000000000e+00 -7.6604444312e+01 2212 0.0000000000e+00 1.0000000000e+00
1743 7.8294298301e+02 0.0000000000e+00 4.3297805977e+03 6.4278760969e+01 0.0000000000e+00 -7.6604444312e+01 2212 0.0000000000e+00 1.0000000000e+00
1744 7.1661995221e+02 0.0000000000e+00 4.3412504631e+03 6.4278760969e+01 0.0000000000e+00 -7.6604444312e+01 2212 0.0000000000e+00 1.0000000000e+00
1745 7.3200702657e+02 0.0000000000e+00 4.3386824558e+03 6.4278760969e+01 0.0000000000e+00 -7.6604444312e+01 2212 0.0000000000e+00 1.0000000000e+00
1746 8.2209649010e+02 0.0000000000e+00 4.3225174493e+03 6.4278760969e+01 0.0000000000e+00 -7.6604444312e+01 2212 0.0000000000e+00 1.0000000000e+00
1747 7.5242485552e+02 0.0000000000e+00 4.3351881823e+03 6.4278760969e+01 0.0000000000e+00 -7.6604444312e+01 2212 0.0000000000e+00 1.0000000000e+00
1748 7.4651037070e+02 0.0000000000e+00 4.3362105582e+03 6.4278760969e+01 0.0000000000e+00 -7.6604444312e+01 2212 0.0000000000e+00 1.0000000000e+00
1749 7.6737168599e+02 0.0000000000e+00 4.3325674183e+03 6.4278760969e+01 0.0000000000e+00 -7.6604444312e+01 2212 0.0000000000e+00 1.0000000000e+00
1750 7.8172828108e+02 0.0000000000e+00 4.3300000731e+03 6.4278760969e+01 0.0000000000e+00 -7.6604444312e+01 2212 0.0000000000e+00 1.0000000000e+00
1751 8.3953886060e+02 0.0000000000e+00 4.3191636043e+03 6.4278760969e+01 0.0000000000e+00 -7.6604444312e+01 2212 0.0000000000e+00 1.0000000000e+00
1752 7.7871567798e+02 0.0000000000e+00 4.3305428796e+03 6.4278760969e+01 0.0000000000e+00 -7.6604444312e+01 2212 0.0000000000e+00 1.0000000000e+00
1753 6.8946191799e+02 0.0000000000e+00 4.3456463274e+03 6.4278760969e+01 0.0000000000e+00 -7.6604444312e+01 2212 0.0000000000e+00 1.0000000000e+00
1754 7.3731083813e+02 0.0000000000e+00 4.3377842808e+03 6.4278760969e+01 0.0000000000e+00 -7.6604444312e+01 2212 0.0000000000e+00 1.0000000000e+00
1755 7.9784858255e+02 0.0000000000e+00 4.3270587445e+03 6.4278760969e+01 0.0000000000e+00 -7.6604444312e+01 2212 0.0000000000e+00 1.0000000000e+00
1756 7.8522408264e+02 0.0000000000e+00 4.3293674918e+03 6.4278760969e+01 0.0000000000e+00 -7.6604444312e+01 2212 0.0000000000e+00 1.0000000000e+00
1757 7.0264497463e+02 0.0000000000e+00 4.3435342497e+03 6.4278760969e+01 0.0000000000e+00 -7.6604444312e+01 2212 0.0000000000e+00 1.0000000000e+00
1758 7.5627479248e+02 0.0000000000e+00 4.3345182174e+03 6.4278760969e+01 0.0000000000e+00 -7.6604444312e+01 2212 0.0000000000e+00 1.0000000000e+00
1759 7.2166063237e+02 0.0000000000e+00 4.3404153800e+03 6.4278760969e+01 0.0000000000e+00 -7.6604444312e+01 2212 0.0000000000e+00 1.0000000000e+00
1760 7.9405158639e+02 0.0000000000e+00 4.3277571347e+03 6.4278760969e+01 0.0000000000e+00 -7.6604444312e+01 2212 0.0000000000e+00 1.0000000000e+00
1761 7.0488061112e+02 0.0000000000e+00 4.3431720048e+03 6.4278760969e+01 0.0000000000e+00 -7.6604444312e+01 2212 0.0000000000e+00 1.0000000000e+00
1762 7.1286614806e+02 0.0000000000e+00 4.3418684450e+03 6.4278760969e+01 0.0000000000e+00 -7.6604444312e+01 2212 0.0000000000e+00 1.0000000000e+00
1763 7.8262970743e+02 0.0000000000e+00 4.3298372348e+03 6.4278760969e+01 0.0000000000e+00 -7.6604444312e+01 2212 0.0000000000e+00 1.0000000000e+00
1764 7.1793084928e+02 0.0000000000e+00 4.3410338670e+03 6.4278760969e+01 0.0000000000e+00 -7.6604444312e+01 2212 0.0000000000e+00 1.0000000000e+00
1765 7.6622071334e+02 0.0000000000e+00 4.3327711176e+03 6.4278760969e+01 0.0000000000e+00 -7.6604444312e+01 2212 0.0000000000e+00 1.0000000000e+00
1766 7.6144903217e+02 0.0000000000e+00 4.3336122473e+03 6.4278760969e+01 0.0000000000e+00 -7.6604444312e+01 2212 0.0000000000e+00 1.0000000000e+00
1767 8.0014692896e+02 0.0000000000e+00 4.3266343306e+03 6.4278760969e+01 0.0000000000e+00 -7.6604444312e+01 2212 0.0000000000e+00 1.0000000000e+00
1768 7.6406145392e+02 0.0000000000e+00 4.3331524129e+03 6.4278760969e+01 0.0000000000e+00 -7.6604444312e+01 2212 0.0000000000e+00 1.0000000000e+00
1769 8.2261944371e+02 0.0000000000e+00 4.3224179564e+03 6.4278760969e+01 0.0000000000e+00 -7.6604444312e+01 2212 0.0000000000e+00 1.0000000000e+00
1770 8.0456870109e+02 0.0000000000e+00 4.3258142522e+03 6.4278760969e+01 0.0000000000e+00 -7.6604444312e+01 2212 0.0000000000e+00 1.0000000000e+00
1771 7.3658185705e+02 0.0000000000e+00 4.3379081257e+03 6.4278760969e+01 0.0000000000e+00 -7.6604444312e+01 2212 0.0000000000e+00 1.0000000000e+00
1772 7.1755232782e+02 0.0000000000e+00 4.3410964509e+03 6.4278760969e+01 0.0000000000e+00 -7.6604444312e+01 2212 0.0000000000e+00 1.0000000000e+00
1773 7.4526851150e+02 0.0000000000e+00 4.3364241703e+03 6.4278760969e+01 0.0000000000e+00 -7.6604444312e+01 2212 0.0000000000e+00 1.0000000000e+00
1774 8.3837893917e+02 0.0000000000e+00 4.3193889028e+03 6.4278760969e+01 0.0000000000e+00 -7.6604444312e+01 2212 0.0000000000e+00 1.0000000000e+00
1775 8.0111183247e+02 0.0000000000e+00 4.3264557747e+03 6.4278760969e+01 0.0000000000e+00 -7.6604444312e+01 2212 0.0000000000e+00 1.0000000000e+00
1776 7.3761351595e+02 0.0000000000e+00 4.3377328226e+03 6.4278760969e+01 0.0000000000e+00 -7.6604444312e+01 2212 0.0000000000e+00 1.0000000000e+00
1777 8.3772748800e+02 0.0000000000e+00 4.3195152963e+03 6.4278760969e+01 0.0000000000e+00 -7.6604444312e+01 2212 0.0000000000e+00 1.0000000000e+00
1778 8.1632949063e+02 0.0000000000e+00 4.3236102856e+03 6.4278760969e+01 0.0000000000e+00 -7.6604444312e+01 2212 0.0000000000e+00 1.0000000000e+00
1779 8.0405606189e+02 0.0000000000e+00 4.3259095677e+03 6.4278760969e+01 0.0000000000e+00 -7.6604444312e+01 2212 0.0000000000e+00 1.0000000000e+00
1780 8.1212465423e+02 0.0000000000e+00 4.3244020725e+03 6.4278760969e+01 0.0000000000e+00 -7.6604444312e+01 2212 0.0000000000e+00 1.0000000000e+00
1781 7.7518038495e+02 0.0000000000e+00 4.3311771044e+03 6.4278760969e+01 0.0000000000e+00 -7.6604444312e+01 2212 0.0000000000e+00 1.0000000000e+00
1782 8.2546926121e+02 0.0000000000e+00 4.3218746208e+03 6.4278760969e+01 0.0000000000e+00 -7.6604444312e+01 2212 0.0000000000e+00 1.0000000000e+00
1783 7.0474657769e+02 0.0000000000e+00 4.3431937558e+03 6.4278760969e+01 0.0000000000e+00 -7.6604444312e+01 2212 0.0000000000e+00 1.0000000000e+00
1784 8.0024240836e+02 0.0000000000e+00 4.3266166720e+03 6.4278760969e+01 0.0000000000e+00 -7.6604444312e+01 2212 0.0000000000e+00 1.0000000000e+00
1785 7.8501882649e+02 0.0000000000e+00 4.3294047144e+03 6.4278760969e+01 0.0000000000e+00 -7.6604444312e+01 2212 0.0000000000e+00 1.0000000000e+00
1786 7.3630540475e+02 0.0000000000e+00 4.3379550585e+03 6.4278760969e+01 0.0000000000e+00 -7.6604444312e+01 2212 0.0000000000e+00 1.0000000000e+00
1787 7.4668175059e+02 0.0000000000e+00 4.3361810504e+03 6.4278760969e+01 0.0000000000e+00 -7.6604444312e+01 2212 0.0000000000e+00 1.0000000000e+00
1788 6.9249183271e+02 0.0000000000e+00 4.3451645309e+03 6.4278760969e+01 0.0000000000e+00 -7.6604444312e+01 2212 0.0000000000e+00 1.0000000000e+00
1789 7.8357001295e+02 0.0000000000e+00 4.3296671666e+03 6.4278760969e+01 0.0000000000e+00 -7.6604444312e+01 2212 0.0000000000e+00 1.0000000000e+00
1790 7.7358506798e+02 0.0000000000e+00 4.3314623260e+03 6.4278760969e+01 0.0000000000e+00 -7.6604444312e+01 2212 0.0000000000e+00 1.0000000000e+00
1791 7.6315710739e+02 0.0000000000e+00 4.3333117783e+03 6.4278760969e+01 0.0000000000e+00 -7.6604444312e+01 2212 0.0000000000e+00 1.0000000000e+00
1792 8.3302643509e+02 0.0000000000e+00 4.3204243654e+03 6.4278760969e+01 0.0000000000e+00 -7.6604444312e+01 2212 0.0000000000e+00 1.0000000000e+00
1793 7.0887439567e+02 0.0000000000e+00 4.3425219435e+03 6.4278760969e+01 0.0000000000e+00 -7.6604444312e+01 2212 0.0000000000e+00 1.0000000000e+00
1794 7.1196750461e+02 0.0000000000e+00 4.3420158926e+03 6.4278760969e+01 0.0000000000e+00 -7.6604444312e+01 2212 0.0000000000e+00 1.0000000000e+00
1795 7.5527850567e+02 0.0000000000e+00 4.3346919288e+03 6.4278760969e+01 0.0000000000e+00 -7.6604444312e+01 2212 0.0000000000e+00 1.0000000000e+00
1796 8.0300434635e+02 0.0000000000e+00 4.3261049177e+03 6.4278760969e+01 0.0000000000e+00 -7.6604444312e+01 2212 0.0000000000e+00 1.0000000000e+00
1797 8.1869741687e+02 0.0000000000e+00 4.3231625320e+03 6.4278760969e+01 0.0000000000e+00 -7.6604444312e+01 2212 0.0000000000e+00 1.0000000000e+00
1798 6.9458256131e+02 0.0000000000e+00 4.3448308142e+03 6.4278760969e+01 0.0000000000e+00 -7.6604444312e+01 2212 0.0000000000e+00 1.0000000000e+00
1799 7.9425895842e+02 0.0000000000e+00 4.3277190812e+03 6.4278760969e+01 0.0000000000e+00 -7.6604444312e+01 2212 0.0000000000e+00 1.0000000000e+00
1800 7.1780819158e+02 0.0000000000e+00 4.3410541507e+03 6.4278760969e+01 0.0000000000e+00 -7.6604444312e+01 2212 0.0000000000e+00 1.0000000000e+00
1801 7.9587878257e+02 0.0000000000e+00 4.3274214842e+03 6.4278760969e+01 0.0000000000e+00 -7.6604444312e+01 2212 0.0000000000e+00 1.0000000000e+00
1802 7.6711565941e+02 0.0000000000e+00 4.3326127572e+03 6.4278760969e+01 0.0000000000e+00 -7.6604444312e+01 2212 0.0000000000e+00 1.0000000000e+00
1803 7.1534568388e+02 0.0000000000e+00 4.3414606173e+03 6.4278760969e+01 0.0000000000e+00 -7.6604444312e+01 2212 0.0000000000e+00 1.0000000000e+00
1804 7.5874199378e+02 0.0000000000e+00 4.3340870233e+03 6.4278760969e+01 0.0000000000e+00 -7.6604444312e+01 2212 0.0000000000e+00 1.0000000000e+00
1805 7.6831877349e+02 0.0000000000e+00 4.3323995662e+03 6.4278760969e+01 0.0000000000e+00 -7.6604444312e+01 2212 0.0000000000e+00 1.0000000000e+00
1806 8.0780217814e+02 0.0000000000e+00 4.3252115994e+03 6.4278760969e+01 0.0000000000e+00 -7.6604444312e+01 2212 0.0000000000e+00 1.0000000000e+00
1807 8.1033853278e+02 0.0000000000e+00 4.3247371251e+03 6.4278760969e+01 0.0000000000e+00 -7.6604444312e+01 2212 0.0000000000e+00 1.0000000000e+00
1808 7.0773091751e+02 0.0000000000e+00 4.3427084506e+03 6.4278760969e+01 0.0000000000e+00 -7.6604444312e+01 2212 0.0000000000e+00 1.0000000000e+00
1809 7.7288158117e+02 0.0000000000e+00 4.3315879075e+03 6.4278760969e+01 0.0000000000e+00 -7.6604444312e+01 2212 0.0000000000e+00 1.0000000000e+00
1810 8.2333346140e+02 0.0000000000e+00 4.3222820073e+03 6.4278760969e+01 0.0000000000e+00 -7.6604444312e+01 2212 0.0000000000e+00 1.0000000000e+00
1811 7.9686650618e+02 0.0000000000e+00 4.3272397103e+03 6.4278760969e+01 0.0000000000e+00 -7.6604444312e+01 2212 0.0000000000e+00 1.0000000000e+00
1812 7.1505676012e+02 0.0000000000e+00 4.3415082136e+03 6.4278760969e+01 0.0000000000e+00 -7.6604444312e+01 2212 0.0000000000e+00 1.0000000000e+00
1813 7.3734517031e+02 0.0000000000e+00 4.3377784451e+03 6.4278760969e+01 0.0000000000e+00 -7.6604444312e+01 2212 0.0000000000e+00 1.0000000000e+00
1814 7.5420035009e+02 0.0000000000e+00 4.3348796489e+03 6.4278760969e+01 0.0000000000e+00 -7.6604444312e+01 2212 0.0000000000e+00 1.0000000000e+00
1815 8.2923711189e+02 0.0000000000e+00 4.3211532663e+03 6.4278760969e+01 0.0000000000e+00 -7.6604444312e+01 2212 0.0000000000e+00 1.0000000000e+00
1816 7.1095879914e+02 0.0000000000e+00 4.3421811713e+03 6.4278760969e+01 0.0000000000e+00 -7.6604444312e+01 2212 0.0000000000e+00 1.0000000000e+00
1817 7.4348248519e+02 0.0000000000e+00 4.3367307425e+03 6.4278760969e+01 0.0000000000e+00 -7.6604444312e+01 2212 0.0000000000e+00 1.0000000000e+00
1818 7.9258688492e+02 0.0000000000e+00 4.3280256202e+03 6.4278760969e+01 0.0000000000e+00 -7.6604444312e+01 2212 0.0000000000e+00 1.0000000000e+00
1819 7.2492210499e+02 0.0000000000e+00 4.3398718507e+03 6.4278760969e+01 0.0000000000e+00 -7.6604444312e+01 2212 0.0000000000e+00 1.0000000000e+00
1820 8.1149993603e+02 0.0000000000e+00 4.3245193482e+03 6.4278760969e+01 0.0000000000e+00 -7.6604444312e+01 2212 0.0000000000e+00 1.0000000000e+00
1821 8.2155319768e+02 0.0000000000e+00 4.3226207424e+03 6.4278760969e+01 0.0000000000e+00 -7.6604444312e+01 2212 0.0000000000e+00 1.0000000000e+00
1822 7.1750528023e+02 0.0000000000e+00 4.3411042272e+03 6.4278760969e+01 0.0000000000e+00 -7.6604444312e+01 2212 0.0000000000e+00 1.0000000000e+00
1823 7.1612183705e+02 0.0000000000e+00 4.3413326587e+03 6.4278760969e+01 0.0000000000e+00 -7.6604444312e+01 2212 0.0000000000e+00 1.0000000000e+00
1824 7.7586808053e+02 0.0000000000e+00 4.3310539665e+03 6.4278760969e+01 0.0000000000e+00 -7.6604444312e+01 2212 0.0000000000e+00 1.0000000000e+00
1825 7.6008817987e+02 0.0000000000e+00 4.3338511393e+03 6.4278760969e+01 0.0000000000e+00 -7.6604444312e+01 2212 0.0000000000e+00 1.0000000000e+00
1826 7.9743624652e+02 0.0000000000e+00 4.3271347531e+03 6.4278760969e+01 0.0000000000e+00 -7.6604444312e+01 2212 0.0000000000e+00 1.0000000000e+00
1827 7.8032598432e+02 0.0000000000e+00 4.3302530061e+03 6.4278760969e+01 0.0000000000e+00 -7.6604444312e+01 2212 0.0000000000e+00 1.0000000000e+00
1828 7.6029033765e+02 0.0000000000e+00 4.3338156792e+03 6.4278760969e+01 0.0000000000e+00 -7.6604444312e+01 2212 0.0000000000e+00 1.0000000000e+00
1829 8.2186970754e+02 0.0000000000e+00 4.3225605748e+03 6.4278760969e+01 0.0000000000e+00 -7.6604444312e+01 2212 0.0000000000e+00 1.0000000000e+00
1830 7.2801978840e+02 0.0000000000e+00 4.3393532844e+03 6.4278760969e+01 0.0000000000e+00 -7.6604444312e+01 2212 0.0000000000e+00 1.0000000000e+00
1831 7.0934951470e+02 0.0000000000e+00 4.3424443583e+03 6.4278760969e+01 0.0000000000e+00 -7.6604444312e+01 2212 0.0000000000e+00 1.0000000000e+00
1832 7.9943945712e+02 0.0000000000e+00 4.3267651072e+03 6.4278760969e+01 0.0000000000e+00 -7.6604444312e+01 2212 0.0000000000e+00 1.0000000000e+00
1833 7.6363101547e+02 0.0000000000e+00 4.3332282897e+03 6.4278760969e+01 0.0000000000e+00 -7.6604444312e+01 2212 0.0000000000e+00 1.0000000000e+00
1834 7.4123320199e+02 0.0000000000e+00 4.3371157558e+03 6.4278760969e+01 0.0000000000e+00 -7.6604444312e+01 2212 0.0000000000e+00 1.0000000000e+00
1835 8.0271360345e+02 0.0000000000e+00 4.3261588748e+03 6.4278760969e+01 0.0000000000e+00 -7.6604444312e+01 2212 0.0000000000e+00 1.0000000000e+00
1836 7.8997309230e+02 0.0000000000e+00 4.3285034657e+03 6.4278760969e+01 0.0000000000e+00 -7.6604444312e+01 2212 0.0000000000e+00 1.0000000000e+00
1837 7.8946112529e+02 0.0000000000e+00 4.3285968709e+03 6.4278760969e+01 0.0000000000e+00 -7.6604444312e+01 2212 0.0000000000e+00 1.0000000000e+00
1838 6.9666260968e+02 0.0000000000e+00 4.3444977785e+03 6.4278760969e+01 0.0000000000e+00 -7.6604444312e+01 2212 0.0000000000e+00 1.0000000000e+00
1839 7.1954305798e+02 0.0000000000e+00 4.3407669284e+03 6.4278760969e+01 0.0000000000e+00 -7.6604444312e+01 2212 0.0000000000e+00 1.0000000000e+00
1840 8.2403203108e+02 0.0000000000e+00 4.3221488811e+03 6.4278760969e+01 0.0000000000e+00 -7.6604444312e+01 2212 0.0000000000e+00 1.0000000000e+00
1841 8.2296837306e+02 0.0000000000e+00 4.3223515354e+03 6.4278760969e+01 0.0000000000e+00 -7.6604444312e+01 2212 0.0000000000e+00 1.0000000000e+00
1842 7.6732570970e+02 0.0000000000e+00 4.3325755613e+03 6.4278760969e+01 0.0000000000e+00 -7.6604444312e+01 2212 0.0000000000e+00 1.0000000000e+00
1843 7.2165504801e+02 0.0000000000e+00 4.3404163084e+03 6.4278760969e+01 0.0000000000e+00 -7.6604444312e+01 2212 0.0000000000e+00 1.0000000000e+00
1844 7.3003003204e+02 0.0000000000e+00 4.3390155440e+03 6.4278760969e+01 0.0000000000e+00 -7.6604444312e+01 2212 0.0000000000e+00 1.0000000000e+00
1845 7.6762867749e+02 0.0000000000e+00 4.3325218929e+03 6.4278760969e+01 0.0000000000e+00 -7.6604444312e+01 2212 0.0000000000e+00 1.0000000000e+00
1846 8.1595221678e+02 0.0000000000e+00 4.3236815006e+03 6.4278760969e+01 0.0000000000e+00 -7.6604444312e+01 2212 0.0000000000e+00 1.0000000000e+00
1847 7.0587678205e+02 0.0000000000e+00 4.3430102127e+03 6.4278760969e+01 0.0000000000e+00 -7.6604444312e+01 2212 0.0000000000e+00 1.0000000000e+00
1848 7.5534924124e+02 0.0000000000e+00 4.3346796032e+03 6.4278760969e+01 0.0000000000e+00 -7.6604444312e+01 2212 0.0000000000e+00 1.0000000000e+00
1849 7.1618015503e+02 0.0000000000e+00 4.3413230385e+03 6.4278760969e+01 0.0000000000e+00 -7.6604444312e+01 2212 0.0000000000e+00 1.0000000000e+00
1850 7.8963848889e+02 0.0000000000e+00 4.3285645191e+03 6.4278760969e+01 0.0000000000e+00 -7.6604444312e+01 2212 0.0000000000e+00 1.0000000000e+00
1851 7.5079715982e+02 0.0000000000e+00 4.3354703740e+03 6.4278760969e+01 0.0000000000e+00 -7.6604444312e+01 2212 0.0000000000e+00 1.0000000000e+00
1852 8.3845091006e+02 0.0000000000e+00 4.3193749328e+03 6.4278760969e+01 0.0000000000e+00 -7.6604444312e+01 2212 0.0000000000e+00 1.0000000000e+00
1853 7.6454437327e+02 0.0000000000e+00 4.3330672324e+03 6.4278760969e+01 0.0000000000e+00 -7.6604444312e+01 2212 0.0000000000e+00 1.0000000000e+00
1854 8.1733590774e+02 0.0000000000e+00 4.3234201453e+03 6.4278760969e+01 0.0000000000e+00 -7.6604444312e+01 2212 0.0000000000e+00 1.0000000000e+00
1855 7.2866716754e+02 0.0000000000e+00 4.3392446230e+03 6.4278760969e+01 0.0000000000e+00 -7.6604444312e+01 2212 0.0000000000e+00 1.0000000000e+00
1856 8.2953856660e+02 0.0000000000e+00 4.3210954057e+03 6.4278760969e+01 0.0000000000e+00 -7.6604444312e+01 2212 0.0000000000e+00 1.0000000000e+00
1857 6.9695577992e+02 0.0000000000e+00 4.3444507570e+03 6.4278760969e+01 0.0000000000e+00 -7.6604444312e+01 2212 0.0000000000e+00 1.0000000000e+00
1858 8.1876335158e+02 0.0000000000e+00 4.3231500452e+03 6.4278760969e+01 0.0000000000e+00 -7.6604444312e+01 2212 0.0000000000e+00 1.0000000000e+00
1859 8.3847482604e+02 0.0000000000e+00 4.3193702903e+03 6.4278760969e+01 0.0000000000e+00 -7.6604444312e+01 2212 0.0000000000e+00 1.0000000000e+00
1860 6.9848101102e+02 0.0000000000e+00 4.3442057981e+03 6.4278760969e+01 0.0000000000e+00 -7.6604444312e+01 2212 0.0000000000e+00 1.0000000000e+00
1861 7.5792095348e+02 0.0000000000e+00 4.3342306777e+03 6.4278760969e+01 0.0000000000e+00 -7.6604444312e+01 2212 0.0000000000e+00 1.0000000000e+00
1862 7.3254292976e+02 0.0000000000e+00 4.3385920060e+03 6.4278760969e+01 0.0000000000e+00 -7.6604444312e+01 2212 0.0000000000e+00 1.0000000000e+00
1863 7.6279094619e+02 0.0000000000e+00 4.3333762485e+03 6.4278760969e+01 0.0000000000e+00 -7.6604444312e+01 2212 0.0000000000e+00 1.0000000000e+00
1864 7.1807799558e+02 0.0000000000e+00 4.3410095290e+03 6.4278760969e+01 0.0000000000e+00 -7.6604444312e+01 2212 0.0000000000e+00 1.0000000000e+00
1865 7.6849872725e+02 0.0000000000e+00 4.3323676489e+03 6.4278760969e+01 0.0000000000e+00 -7.6604444312e+01 2212 0.0000000000e+00 1.0000000000e+00
1866 7.5058817262e+02 0.0000000000e+00 4.3355065603e+03 6.4278760969e+01 0.0000000000e+00 -7.6604444312e+01 2212 0.0000000000e+00 1.0000000000e+00
1867 7.8702620018e+02 0.0000000000e+00 4.3290402515e+03 6.4278760969e+01 0.0000000000e+00 -7.6604444312e+01 2212 0.0000000000e+00 1.0000000000e+00
1868 7.5182492639e+02 0.0000000000e+00 4.3352922645e+03 6.4278760969e+01 0.0000000000e+00 -7.6604444312e+01 2212 0.0000000000e+00 1.0000000000e+00
1869 7.0926478968e+02 0.0000000000e+00 4.3424581975e+03 6.4278760969e+01 0.0000000000e+00 -7.6604444312e+01 2212 0.0000000000e+00 1.0000000000e+00
1870 8.3326680638e+02 0.0000000000e+00 4.3203780122e+03 6.4278760969e+01 0.0000000000e+00 -7.6604444312e+01 2212 0.0000000000e+00 1.0000000000e+00
1871 8.2783830246e+02 0.0000000000e+00 4.3214214657e+03 6.4278760969e+01 0.0000000000e+00 -7.6604444312e+01 2212 0.0000000000e+00 1.0000000000e+00
1872 8.2811070816e+02 0.0000000000e+00 4.3213692730e+03 6.4278760969e+01 0.0000000000e+00 -7.6604444312e+01 2212 0.0000000000e+00 1.0000000000e+00
1873 8.1114489759e+02 0.0000000000e+00 4.3245859564e+03 6.4278760969e+01 0.0000000000e+00 -7.6604444312e+01 2212 0.0000000000e+00 1.0000000000e+00
1874 8.3709727132e+02 0.0000000000e+00 4.3196374729e+03 6.4278760969e+01 0.0000000000e+00 -7.6604444312e+01 2212 0.0000000000e+00 1.0000000000e+00
1875 7.0735236373e+02 0.0000000000e+00 4.3427701266e+03 6.4278760969e+01 0.0000000000e+00 -7.6604444312e+01 2212 0.0000000000e+00 1.0000000000e+00
1876 7.4609632379e+02 0.0000000000e+00 4.3362818191e+03 6.4278760969e+01 0.0000000000e+00 -7.6604444312e+01 2212 0.0000000000e+00 1.0000000000e+00
1877 7.1110203300e+02 0.0000000000e+00 4.3421577168e+03 6.4278760969e+01 0.0000000000e+00 -7.6604444312e+01 2212 0.0000000000e+00 1.0000000000e+00
1878 8.3414446701e+02 0.0000000000e+00 4.3202086462e+03 6.4278760969e+01 0.0000000000e+00 -7.6604444312e+01 2212 0.0000000000e+00 1.0000000000e+00
1879 8.2926821969e+02 0.0000000000e+00 4.3211472966e+03 6.4278760969e+01 0.0000000000e+00 -7.6604444312e+01 2212 0.0000000000e+00 1.0000000000e+00
1880 7.7770882462e+02 0.0000000000e+00 4.3307238105e+03 6.4278760969e+01 0.0000000000e+00 -7.6604444312e+01 2212 0.0000000000e+00 1.0000000000e+00
1881 6.9649988620e+02 0.0000000000e+00 4.3445238689e+03 6.4278760969e+01 0.0000000000e+00 -7.6604444312e+01 2212 0.0000000000e+00 1.0000000000e+00
1882 7.6421316759e+02 0.0000000000e+00 4.3331256586e+03 6.4278760969e+01 0.0000000000e+00 -7.6604444312e+01 2212 0.0000000000e+00 1.0000000000e+00
1883 7.1483803479e+02 0.0000000000e+00 4.3415442325e+03 6.4278760969e+01 0.0000000000e+00 -7.6604444312e+01 2212 0.0000000000e+00 1.0000000000e+00
1884 7.3107114899e+02 0.0000000000e+00 4.3388402499e+03 6.4278760969e+01 0.0000000000e+00 -7.6604444312e+01 2212 0.0000000000e+00 1.0000000000e+00
1885 7.6854363872e+02 0.0000000000e+00 4.3323596820e+03 6.4278760969e+01 0.0000000000e+00 -7.6604444312e+01 2212 0.0000000000e+00 1.0000000000e+00
1886 7.1293107394e+02 0.0000000000e+00 4.3418577847e+03 6.4278760969e+01 0.0000000000e+00 -7.6604444312e+01 2212 0.0000000000e+00 1.0000000000e+00
1887 8.3288146155e+02 0.0000000000e+00 4.3204523154e+03 6.4278760969e+01 0.0000000000e+00 -7.6604444312e+01 2212 0.0000000000e+00 1.0000000000e+00
1888 7.5630458534e+02 0.0000000000e+00 4.3345130191e+03 6.4278760969e+01 0.0000000000e+00 -7.6604444312e+01 2212 0.0000000000e+00 1.0000000000e+00
1889 6.8935188509e+02 0.0000000000e+00 4.3456637833e+03 6.4278760969e+01 0.0000000000e+00 -7.6604444312e+01 2212 0.0000000000e+00 1.0000000000e+00
1890 7.4094408722e+02 0.0000000000e+00 4.3371651569e+03 6.4278760969e+01 0.0000000000e+00 -7.6604444312e+01 2212 0.0000000000e+00 1.0000000000e+00
1891 7.0337851184e+02 0.0000000000e+00 4.3434155233e+03 6.4278760969e+01 0.0000000000e+00 -7.6604444312e+01 2212 0.0000000000e+00 1.0000000000e+00
1892 7.6766001263e+02 0.0000000000e+00 4.3325163409e+03 6.4278760969e+01 0.0000000000e+00 -7.6604444312e+01 2212 0.0000000000e+00 1.0000000000e+00
1893 7.9443623337e+02 0.0000000000e+00 4.3276865425e+03 6.4278760969e+01 0.0000000000e+00 -7.6604444312e+01 2212 0.0000000000e+00 1.0000000000e+00
1894 7.7068057049e+02 0.0000000000e+00 4.3319800550e+03 6.4278760969e+01 0.0000000000e+00 -7.6604444312e+01 2212 0.0000000000e+00 1.0000000000e+00
1895 7.3193389754e+02 0.0000000000e+00 4.3386947932e+03 6.4278760969e+01 0.0000000000e+00 -7.6604444312e+01 2212 0.0000000000e+00 1.0000000000e+00
1896 6.8994828993e+02 0.0000000000e+00 4.3455691337e+03 6.4278760969e+01 0.0000000000e+00 -7.6604444312e+01 2212 0.0000000000e+00 1.0000000000e+00
1897 8.0880834771e+02 0.0000000000e+00 4.3250235601e+03 6.4278760969e+01 0.0000000000e+00 -7.6604444312e+01 2212 0.0000000000e+00 1.0000000000e+00
1898 7.3326094180e+02 0.0000000000e+00 4.3384707133e+03 6.4278760969e+01 0.0000000000e+00 -7.6604444312e+01 2212 0.0000000000e+00 1.0000000000e+00
1899 8.3846861155e+02 0.0000000000e+00 4.3193714967e+03 6.4278760969e+01 0.0000000000e+00 -7.6604444312e+01 2212 0.0000000000e+00 1.0000000000e+00
1900 7.1382746763e+02 0.0000000000e+00 4.3417105022e+03 6.4278760969e+01 0.0000000000e+00 -7.6604444312e+01 2212 0.0000000000e+00 1.0000000000e+00
1901 8.0025083603e+02 0.0000000000e+00 4.3266151133e+03 6.4278760969e+01 0.0000000000e+00 -7.6604444312e+01 2212 0.0000000000e+00 1.0000000000e+00
1902 8.3330311432e+02 0.0000000000e+00 4.3203710094e+03 6.4278760969e+01 0.0000000000e+00 -7.6604444312e+01 2212 0.0000000000e+00 1.0000000000e+00
1903 8.1678521239e+02 0.0000000000e+00 4.3235242171e+03 6.4278760969e+01 0.0000000000e+00 -7.6604444312e+01 2212 0.0000000000e+00 1.0000000000e+00
1904 7.2415402142e+02 0.0000000000e+00 4.3400000797e+03 6.4278760969e+01 0.0000000000e+00 -7.6604444312e+01 2212 0.0000000000e+00 1.0000000000e+00
1905 8.2471800693e+02 0.0000000000e+00 4.3220180411e+03 6.4278760969e+01 0.0000000000e+00 -7.6604444312e+01 2212 0.0000000000e+00 1.0000000000e+00
1906 8.1431532043e+02 0.0000000000e+00 4.3239900899e+03 6.4278760969e+01 0.0000000000e+00 -7.6604444312e+01 2212 0.0000000000e+00 1.0000000000e+00
1907 7.9355870416e+02 0.0000000000e+00 4.3278475391e+03 6.4278760969e+01 0.0000000000e+00 -7.6604444312e+01 2212 0.0000000000e+00 1.0000000000e+00
1908 7.9545575439e+02 0.0000000000e+00 4.3274992642e+03 6.4278760969e+01 0.0000000000e+00 -7.6604444312e+01 2212 0.0000000000e+00 1.0000000000e+00
1909 8.0849962111e+02 0.0000000000e+00 4.3250812827e+03 6.4278760969e+01 0.0000000000e+00 -7.6604444312e+01 2212 0.0000000000e+00 1.0000000000e+00
1910 7.7322525060e+02 0.0000000000e+00 4.3315265728e+03 6.4278760969e+01 0.0000000000e+00 -7.6604444312e+01 2212 0.0000000000e+00 1.0000000000e+00
1911 7.9160823379e+02 0.0000000000e+00 4.3282047252e+03 6.4278760969e+01 0.0000000000e+00 -7.6604444312e+01 2212 0.0000000000e+00 1.0000000000e+00
1912 7.9445312573e+02 0.0000000000e+00 4.3276834415e+03 6.4278760969e+01 0.0000000000e+00 -7.6604444312e+01 2212 0.0000000000e+00 1.0000000000e+00
1913 7.8297682078e+02 0.0000000000e+00 4.3297744788e+03 6.4278760969e+01 0.0000000000e+00 -7.6604444312e+01 2212 0.0000000000e+00 1.0000000000e+00
1914 7.2045313109e+02 0.0000000000e+00 4.3406159730e+03 6.4278760969e+01 0.0000000000e+00 -7.6604444312e+01 2212 0.0000000000e+00 1.0000000000e+00
1915 7.0784386209e+02 0.0000000000e+00 4.3426900426e+03 6.4278760969e+01 0.0000000000e+00 -7.6604444312e+01 2212 0.0000000000e+00 1.0000000000e+00
1916 7.9293058855e+02 0.0000000000e+00 4.3279626640e+03 6.4278760969e+01 0.0000000000e+00 -7.6604444312e+01 2212 0.0000000000e+00 1.0000000000e+00
1917 8.2949241574e+02 0.0000000000e+00 4.3211042652e+03 6.4278760969e+01 0.0000000000e+00 -7.6604444312e+01 2212 0.0000000000e+00 1.0000000000e+00
1918 7.8243859781e+02 0.0000000000e+00 4.3298717740e+03 6.4278760969e+01 0.0000000000e+00 -7.6604444312e+01 2212 0.0000000000e+00 1.0000000000e+00
1919 7.6567949691e+02 0.0000000000e+00 4.3328667931e+03 6.4278760969e+01 0.0000000000e+00 -7.6604444312e+01 2212 0.0000000000e+00 1.0000000000e+00
1920 7.9692007963e+02 0.0000000000e+00 4.3272298443e+03 6.4278760969e+01 0.0000000000e+00 -7.6604444312e+01 2212 0.0000000000e+00 1.0000000000e+00
1921 7.1075997718e+02 0.0000000000e+00 4.3422137204e+03 6.4278760969e+01 0.0000000000e+00 -7.6604444312e+01 2212 0.0000000000e+00 1.0000000000e+00
1922 7.1146562991e+02 0.0000000000e+00 4.3420981560e+03 6.4278760969e+01 0.0000000000e+00 -7.6604444312e+01 2212 0.0000000000e+00 1.0000000000e+00
1923 7.6379610829e+02 0.0000000000e+00 4.3331991927e+03 6.4278760969e+01 0.0000000000e+00 -7.6604444312e+01 2212 0.0000000000e+00 1.0000000000e+00
1924 7.0260594167e+02 0.0000000000e+00 4.3435405638e+03 6.4278760969e+01 0.0000000000e+00 -7.6604444312e+01 2212 0.0000000000e+00 1.0000000000e+00
1925 7.8747598023e+02 0.0000000000e+00 4.3289584567e+03 6.4278760969e+01 0.0000000000e+00 -7.6604444312e+01 2212 0.0000000000e+00 1.0000000000e+00
1926 8.3219857893e+02 0.0000000000e+00 4.3205839031e+03 6.4278760969e+01 0.0000000000e+00 -7.6604444312e+01 2212 0.0000000000e+00 1.0000000000e+00
1927 8.1436523926e+02 0.0000000000e+00 4.3239806887e+03 6.4278760969e+01 0.0000000000e+00 -7.6604444312e+01 2212 0.0000000000e+00 1.0000000000e+00
1928 7.4951930593e+02 0.0000000000e+00 4.3356914730e+03 6.4278760969e+01 0.0000000000e+00 -7.6604444312e+01 2212 0.0000000000e+00 1.0000000000e+00
1929 7.1335468964e+02 0.0000000000e+00 4.3417882060e+03 6.4278760969e+01 0.0000000000e+00 -7.6604444312e+01 2212 0.0000000000e+00 1.0000000000e+00
1930 7.8573610899e+02 0.0000000000e+00 4.3292745935e+03 6.4278760969e+01 0.0000000000e+00 -7.6604444312e+01 2212 0.0000000000e+00 1.0000000000e+00
1931 8.2617978023e+02 0.0000000000e+00 4.3217388525e+03 6.4278760969e+01 0.0000000000e+00 -7.6604444312e+01 2212 0.0000000000e+00 1.0000000000e+00
1932 8.3360220429e+02 0.0000000000e+00 4.3203133108e+03 6.4278760969e+01 0.0000000000e+00 -7.6604444312e+01 2212 0.0000000000e+00 1.0000000000e+00
1933 7.2308374366e+02 0.0000000000e+00 4.3401785261e+03 6.4278760969e+01 0.0000000000e+00 -7.6604444312e+01 2212 0.0000000000e+00 1.0000000000e+00
1934 8.1501898720e+02 0.0000000000e+00 4.3238575126e+03 6.4278760969e+01 0.0000000000e+00 -7.6604444312e+01 2212 0.0000000000e+00 1.0000000000e+00
1935 8.1458814693e+02 0.0000000000e+00 4.3239387010e+03 6.4278760969e+01 0.0000000000e+00 -7.6604444312e+01 2212 0.0000000000e+00 1.0000000000e+00
1936 7.0812129883e+02 0.0000000000e+00 4.3426448122e+03 6.4278760969e+01 0.0000000000e+00 -7.6604444312e+01 2212 0.0000000000e+00 1.0000000000e+00
1937 7.5924590766e+02 0.0000000000e+00 4.3339987760e+03 6.4278760969e+01 0.0000000000e+00 -7.6604444312e+01 2212 0.0000000000e+00 1.0000000000e+00
1938 7.6419935312e+02 0.0000000000e+00 4.3331280950e+03 6.4278760969e+01 0.0000000000e+00 -7.6604444312e+01 2212 0.0000000000e+00 1.0000000000e+00
1939 7.4611328488e+02 0.0000000000e+00 4.3362789007e+03 6.4278760969e+01 0.0000000000e+00 -7.6604444312e+01 2212 0.0000000000e+00 1.0000000000e+00
1940 7.1586453236e+02 0.0000000000e+00 4.3413750944e+03 6.4278760969e+01 0.0000000000e+00 -7.6604444312e+01 2212 0.0000000000e+00 1.0000000000e+00
1941 8.2095479099e+02 0.0000000000e+00 4.3227344320e+03 6.4278760969e+01 0.0000000000e+00 -7.6604444312e+01 2212 0.0000000000e+00 1.0000000000e+00
1942 6.9595263092e+02 0.0000000000e+00 4.3446115677e+03 6.4278760969e+01 0.0000000000e+00 -7.6604444312e+01 2212 0.0000000000e+00 1.0000000000e+00
1943 7.4858267799e+02 0.0000000000e+00 4.3358532855e+03 6.4278760969e+01 0.0000000000e+00 -7.6604444312e+01 2212 0.0000000000e+00 1.0000000000e+00
1944 8.2373361754e+02 0.0000000000e+00 4.3222057640e+03 6.4278760969e+01 0.0000000000e+00 -7.6604444312e+01 2212 0.0000000000e+00 1.0000000000e+00
1945 8.0336869779e+02 0.0000000000e+00 4.3260372715e+03 6.4278760969e+01 0.0000000000e+00 -7.6604444312e+01 2212 0.0000000000e+00 1.0000000000e+00
1946 7.2863866638e+02 0.0000000000e+00 4.3392494089e+03 6.4278760969e+01 0.0000000000e+00 -7.6604444312e+01 2212 0.0000000000e+00 1.0000000000e+00
1947 7.7254203642e+02 0.0000000000e+00 4.3316484784e+03 6.4278760969e+01 0.0000000000e+00 -7.6604444312e+01 2212 0.0000000000e+00 1.0000000000e+00
1948 6.9646625544e+02 0.0000000000e+00 4.3445292603e+03 6.4278760969e+01 0.0000000000e+00 -7.6604444312e+01 2212 0.0000000000e+00 1.0000000000e+00
1949 7.1263456187e+02 0.0000000000e+00 4.3419064615e+03 6.4278760969e+01 0.0000000000e+00 -7.6604444312e+01 2212 0.0000000000e+00 1.0000000000e+00
1950 7.6395317663e+02 0.0000000000e+00 4.3331715040e+03 6.4278760969e+01 0.0000000000e+00 -7.6604444312e+01 2212 0.0000000000e+00 1.0000000000e+00
1951 6.9937192200e+02 0.0000000000e+00 4.3440624597e+03 6.4278760969e+01 0.0000000000e+00 -7.6604444312e+01 2212 0.0000000000e+00 1.0000000000e+00
1952 8.0638315795e+02 0.0000000000e+00 4.3254763832e+03 6.4278760969e+01 0.0000000000e+00 -7.6604444312e+01 2212 0.0000000000e+00 1.0000000000e+00
1953 7.6763237381e+02 0.0000000000e+00 4.3325212380e+03 6.4278760969e+01 0.0000000000e+00 -7.6604444312e+01 2212 0.0000000000e+00 1.0000000000e+00
1954 7.7266416236e+02 0.0000000000e+00 4.3316266957e+03 6.4278760969e+01 0.0000000000e+00 -7.6604444312e+01 2212 0.0000000000e+00 1.0000000000e+00
1955 7.4061687804e+02 0.0000000000e+00 4.3372210433e+03 6.4278760969e+01 0.0000000000e+00 -7.6604444312e+01 2212 0.0000000000e+00 1.0000000000e+00
1956 7.0879126711e+02 0.0000000000e+00 4.3425355126e+03 6.4278760969e+01 0.0000000000e+00 -7.6604444312e+01 2212 0.0000000000e+00 1.0000000000e+00
1957 8.0626669132e+02 0.0000000000e+00 4.3254980940e+03 6.4278760969e+01 0.0000000000e+00 -7.6604444312e+01 2212 0.0000000000e+00 1.0000000000e+00
1958 7.4719284619e+02 0.0000000000e+00 4.3360930098e+03 6.4278760969e+01 0.0000000000e+00 -7.6604444312e+01 2212 0.0000000000e+00 1.0000000000e+00
1959 8.2461829049e+02 0.0000000000e+00 4.3220370676e+03 6.4278760969e+01 0.0000000000e+00 -7.6604444312e+01 2212 0.0000000000e+00 1.0000000000e+00
1960 7.2737178566e+02 0.0000000000e+00 4.3394619510e+03 6.4278760969e+01 0.0000000000e+00 -7.6604444312e+01 2212 0.0000000000e+00 1.0000000000e+00
1961 7.0480812298e+02 0.0000000000e+00 4.3431837687e+03 6.4278760969e+01 0.0000000000e+00 -7.6604444312e+01 2212 0.0000000000e+00 1.0000000000e+00
1962 7.6818462878e+02 0.0000000000e+00 4.3324233536e+03 6.4278760969e+01 0.0000000000e+00 -7.6604444312e+01 2212 0.0000000000e+00 1.0000000000e+00
1963 7.3302572420e+02 0.0000000000e+00 4.3385104617e+03 6.4278760969e+01 0.0000000000e+00 -7.6604444312e+01 2212 0.0000000000e+00 1.0000000000e+00
1964 8.2488072099e+02 0.0000000000e+00 4.3219869892e+03 6.4278760969e+01 0.0000000000e+00 -7.6604444312e+01 2212 0.0000000000e+00 1.0000000000e+00
1965 7.0485552460e+02 0.0000000000e+00 4.3431760761e+03 6.4278760969e+01 0.0000000000e+00 -7.6604444312e+01 2212 0.0000000000e+00 1.0000000000e+00
1966 8.1740302143e+02 0.0000000000e+00 4.3234074570e+03 6.4278760969e+01 0.0000000000e+00 -7.6604444312e+01 2212 0.0000000000e+00 1.0000000000e+00
1967 7.2823692551e+02 0.0000000000e+00 4.3393168494e+03 6.4278760969e+01 0.0000000000e+00 -7.6604444312e+01 2212 0.0000000000e+00 1.0000000000e+00
1968 8.1494440248e+02 0.0000000000e+00 4.3238715707e+03 6.4278760969e+01 0.0000000000e+00 -7.6604444312e+01 2212 0.0000000000e+00 1.0000000000e+00
1969 7.3457542444e+02 0.0000000000e+00 4.3382483429e+03 6.4278760969e+01 0.0000000000e+00 -7.6604444312e+01 2212 0.0000000000e+00 1.0000000000e+00
1970 7.2104013447e+02 0.0000000000e+00 4.3405185017e+03 6.4278760969e+01 0.0000000000e+00 -7.6604444312e+01 2212 0.0000000000e+00 1.0000000000e+00
1971 8.0592665098e+02 0.0000000000e+00 4.3255614632e+03 6.4278760969e+01 0.0000000000e+00 -7.6604444312e+01 2212 0.0000000000e+00 1.0000000000e+00
1972 7.0856333457e+02 0.0000000000e+00 4.3425727098e+03 6.4278760969e+01 0.0000000000e+00 -7.6604444312e+01 2212 0.0000000000e+00 1.0000000000e+00
1973 7.7363981800e+02 0.0000000000e+00 4.3314525475e+03 6.4278760969e+01 0.0000000000e+00 -7.6604444312e+01 2212 0.0000000000e+00 1.0000000000e+00
1974 7.0654600339e+02 0.0000000000e+00 4.3429013901e+03 6.4278760969e+01 0.0000000000e+00 -7.6604444312e+01 2212 0.0000000000e+00 1.0000000000e+00
1975 8.2324777753e+02 0.0000000000e+00 4.3222983279e+03 6.4278760969e+01 0.0000000000e+00 -7.6604444312e+01 2212 0.0000000000e+00 1.0000000000e+00
1976 8.2064907419e+02 0.0000000000e+00 4.3227924812e+03 6.4278760969e+01 0.0000000000e+00 -7.6604444312e+01 2212 0.0000000000e+00 1.0000000000e+00
1977 7.3450051047e+02 0.0000000000e+00 4.3382610271e+03 6.4278760969e+01 0.0000000000e+00 -7.6604444312e+01 2212 0.0000000000e+00 1.0000000000e+00
1978 7.0044909156e+02 0.0000000000e+00 4.3438889039e+03 6.4278760969e+01 0.0000000000e+00 -7.6604444312e+01 2212 0.0000000000e+00 1.0000000000e+00
1979 8.0615239033e+02 0.0000000000e+00 4.3255193980e+03 6.4278760969e+01 0.0000000000e+00 -7.6604444312e+01 2212 0.0000000000e+00 1.0000000000e+00
1980 7.4731956622e+02 0.0000000000e+00 4.3360711716e+03 6.4278760969e+01 0.0000000000e+00 -7.6604444312e+01 2212 0.0000000000e+00 1.0000000000e+00
1981 7.0714561274e+02 0.0000000000e+00 4.3428037972e+03 6.4278760969e+01 0.0000000000e+00 -7.6604444312e+01 2212 0.0000000000e+00 1.0000000000e+00
1982 7.1587913824e+02 0.0000000000e+00 4.3413726859e+03 6.4278760969e+01 0.0000000000e+00 -7.6604444312e+01 2212 0.0000000000e+00 1.0000000000e+00
1983 7.0616915710e+02 0.0000000000e+00 4.3429626824e+03 6.4278760969e+01 0.0000000000e+00 -7.6604444312e+01 2212 0.0000000000e+00 1.0000000000e+00
1984 7.5060976168e+02 0.0000000000e+00 4.3355028226e+03 6.4278760969e+01 0.0000000000e+00 -7.6604444312e+01 2212 0.0000000000e+00 1.0000000000e+00
1985 7.2029660816e+02 0.0000000000e+00 4.3406419497e+03 6.4278760969e+01 0.0000000000e+00 -7.6604444312e+01 2212 0.0000000000e+00 1.0000000000e+00
1986 8.1442518738e+02 0.0000000000e+00 4.3239693978e+03 6.4278760969e+01 0.0000000000e+00 -7.6604444312e+01 2212 0.0000000000e+00 1.0000000000e+00
1987 7.6257523317e+02 0.0000000000e+00 4.3334142143e+03 6.4278760969e+01 0.0000000000e+00 -7.6604444312e+01 2212 0.0000000000e+00 1.0000000000e+00
1988 8.3631002747e+02 0.0000000000e+00 4.3197899575e+03 6.4278760969e+01 0.0000000000e+00 -7.6604444312e+01 2212 0.0000000000e+00 1.0000000000e+00
1989 8.0714251945e+02 0.0000000000e+00 4.3253347491e+03 6.4278760969e+01 0.0000000000e+00 -7.6604444312e+01 2212 0.0000000000e+00 1.0000000000e+00
1990 6.8895625215e+02 0.0000000000e+00 4.3457265240e+03 6.4278760969e+01 0.0000000000e+00 -7.6604444312e+01 2212 0.0000000000e+00 1.0000000000e+00
1991 8.1206985369e+02 0.0000000000e+00 4.3244123637e+03 6.4278760969e+01 0.0000000000e+00 -7.6604444312e+01 2212 0.0000000000e+00 1.0000000000e+00
1992 7.7310392183e+02 0.0000000000e+00 4.3315482296e+03 6.4278760969e+01 0.0000000000e+00 -7.6604444312e+01 2212 0.0000000000e+00 1.0000000000e+00
1993 7.9030749037e+02 0.0000000000e+00 4.3284424230e+03 6.4278760969e+01 0.0000000000e+00 -7.6604444312e+01 2212 0.0000000000e+00 1.0000000000e+00
1994 8.0210508691e+02 0.0000000000e+00 4.3262717400e+03 6.4278760969e+01 0.0000000000e+00 -7.6604444312e+01 2212 0.0000000000e+00 1.0000000000e+00
1995 7.3899435740e+02 0.0000000000e+00 4.3374977900e+03 6.4278760969e+01 0.0000000000e+00 -7.6604444312e+01 2212 0.0000000000e+00 1.0000000000e+00
1996 7.4741505075e+02 0.0000000000e+00 4.3360547138e+03 6.4278760969e+01 0.0000000000e+00 -7.6604444312e+01 2212 0.0000000000e+00 1.0000000000e+00
1997 8.0570203654e+02 0.0000000000e+00 4.3256033067e+03 6.4278760969e+01 0.0000000000e+00 -7.6604444312e+01 2212 0.0000000000e+00 1.0000000000e+00
1998 7.3508560231e+02 0.0000000000e+00 4.3381619260e+03 6.4278760969e+01 0.0000000000e+00 -7.6604444312e+01 2212 0.0000000000e+00 1.0000000000e+00
1999 8.0722683189e+02 0.0000000000e+00 4.3253190149e+03 6.4278760969e+01 0.0000000000e+00 -7.6604444312e+01 2212 0.0000000000e+00 1.0000000000e+00
