# EvtID pe_px[MeV/c] pe_py[MeV/c] pe_pz[MeV/c] prec_px[MeV/c] prec_py[MeV/c] prec_pz[MeV/c] pidrec zvtx[cm] weight
0 2.8784924479e+03 0.0000000000e+00 3.3278042259e+03 6.4278760969e+01 0.0000000000e+00 -7.6604444312e+01 2212 0.0000000000e+00 1.0000000000e+00
1 2.8739057954e+03 0.0000000000e+00 3.3317660810e+03 6.4278760969e+01 0.0000000000e+00 -7.6604444312e+01 2212 0.0000000000e+00 1.0000000000e+00
2 2.8066029998e+03 0.0000000000e+00 3.3886545030e+03 6.4278760969e+01 0.0000000000e+00 -7.6604444312e+01 2212 0.0000000000e+00 1.0000000000e+00
3 2.7845821868e+03 0.0000000000e+00 3.4067729282e+03 6.4278760969e+01 0.0000000000e+00 -7.6604444312e+01 2212 0.0000000000e+00 1.0000000000e+00
4 2.7909052300e+03 0.0000000000e+00 3.4015948812e+03 6.4278760969e+01 0.0000000000e+00 -7.6604444312e+01 2212 0.0000000000e+00 1.0000000000e+00
5 2.7737527689e+03 0.0000000000e+00 3.4155958947e+03 6.4278760969e+01 0.0000000000e+00 -7.6604444312e+01 2212 0.0000000000e+00 1.0000000000e+00
6 2.7933554331e+03 0.0000000000e+00 3.3995830867e+03 6.4278760969e+01 0.0000000000e+00 -7.6604444312e+01 2212 0.0000000000e+00 1.0000000000e+00
7 2.8664881851e+03 0.0000000000e+00 3.3381499702e+03 6.4278760969e+01 0.0000000000e+00 -7.6604444312e+01 2212 0.0000000000e+00 1.0000000000e+00
8 2.8362258072e+03 0.0000000000e+00 3.3638999553e+03 6.4278760969e+01 0.0000000000e+00 -7.6604444312e+01 2212 0.0000000000e+00 1.0000000000e+00
9 2.8320378484e+03 0.0000000000e+00 3.3674265195e+03 6.4278760969e+01 0.0000000000e+00 -7.6604444312e+01 2212 0.0000000000e+00 1.0000000000e+00
10 2.8394911187e+03 0.0000000000e+00 3.3611441394e+03 6.4278760969e+01 0.0000000000e+00 -7.6604444312e+01 2212 0.0000000000e+00 1.0000000000e+00
11 2.8815920208e+03 0.0000000000e+00 3.3251206241e+03 6.4278760969e+01 0.0000000000e+00 -7.6604444312e+01 2212 0.0000000000e+00 1.0000000000e+00
12 2.8825441929e+03 0.0000000000e+00 3.3242952208e+03 6.4278760969e+01 0.0000000000e+00 -7.6604444312e+01 2212 0.0000000000e+00 1.0000000000e+00
13 2.8237833695e+03 0.0000000000e+00 3.3743513778e+03 6.4278760969e+01 0.0000000000e+00 -7.6604444312e+01 2212 0.0000000000e+00 1.0000000000e+00
14 2.8462471501e+03 0.0000000000e+00 3.3554249954e+03 6.4278760969e+01 0.0000000000e+00 -7.6604444312e+01 2212 0.0000000000e+00 1.0000000000e+00
15 2.8778095934e+03 0.0000000000e+00 3.3283947607e+03 6.4278760969e+01 0.0000000000e+00 -7.6604444312e+01 2212 0.0000000000e+00 1.0000000000e+00
16 2.8574436974e+03 0.0000000000e+00 3.3458952845e+03 6.4278760969e+01 0.0000000000e+00 -7.6604444312e+01 2212 0.0000000000e+00 1.0000000000e+00
17 2.8134041943e+03 0.0000000000e+00 3.3830099879e+03 6.4278760969e+01 0.0000000000e+00 -7.6604444312e+01 2212 0.0000000000e+00 1.0000000000e+00
18 2.8462931546e+03 0.0000000000e+00 3.3553859714e+03 6.4278760969e+01 0.0000000000e+00 -7.6604444312e+01 2212 0.0000000000e+00 1.0000000000e+00
19 2.7874668786e+03 0.0000000000e+00 3.4044130389e+03 6.4278760969e+01 0.0000000000e+00 -7.6604444312e+01 2212 0.0000000000e+00 1.0000000000e+00
20 2.8573044966e+03 0.0000000000e+00 3.3460141591e+03 6.4278760969e+01 0.0000000000e+00 -7.6604444312e+01 2212 0.0000000000e+00 1.0000000000e+00
21 2.8741603705e+03 0.0000000000e+00 3.3315464733e+03 6.4278760969e+01 0.0000000000e+00 -7.6604444312e+01 2212 0.0000000000e+00 1.0000000000e+00
22 2.8821719443e+03 0.0000000000e+00 3.3246179664e+03 6.4278760969e+01 0.0000000000e+00 -7.6604444312e+01 2212 0.0000000000e+00 1.0000000000e+00
23 2.7722061407e+03 0.0000000000e+00 3.4168513067e+03 6.4278760969e+01 0.0000000000e+00 -7.6604444312e+01 2212 0.0000000000e+00 1.0000000000e+00
24 2.7700108194e+03 0.0000000000e+00 3.4186312757e+03 6.4278760969e+01 0.0000000000e+00 -7.6604444312e+01 2212 0.0000000000e+00 1.0000000000e+00
25 2.8036597854e+03 0.0000000000e+00 3.3910900234e+03 6.4278760969e+01 0.0000000000e+00 -7.6604444312e+01 2212 0.0000000000e+00 1.0000000000e+00
26 2.7816958713e+03 0.0000000000e+00 3.4091300677e+03 6.4278760969e+01 0.0000000000e+00 -7.6604444312e+01 2212 0.0000000000e+00 1.0000000000e+00
27 2.8163344524e+03 0.0000000000e+00 3.3805709564e+03 6.4278760969e+01 0.0000000000e+00 -7.6604444312e+01 2212 0.0000000000e+00 1.0000000000e+00
28 2.8045121270e+03 0.0000000000e+00 3.3903851504e+03 6.4278760969e+01 0.0000000000e+00 -7.6604444312e+01 2212 0.0000000000e+00 1.0000000000e+00
29 2.8642564218e+03 0.0000000000e+00 3.3400651026e+03 6.4278760969e+01 0.0000000000e+00 -7.6604444312e+01 2212 0.0000000000e+00 1.0000000000e+00
30 2.8466259287e+03 0.0000000000e+00 3.3551036587e+03 6.4278760969e+01 0.0000000000e+00 -7.6604444312e+01 2212 0.0000000000e+00 1.0000000000e+00
31 2.8431909887e+03 0.0000000000e+00 3.3580150000e+03 6.4278760969e+01 0.0000000000e+00 -7.6604444312e+01 2212 0.0000000000e+00 1.0000000000e+00
32 2.8645506662e+03 0.0000000000e+00 3.3398127522e+03 6.4278760969e+01 0.0000000000e+00 -7.6604444312e+01 2212 0.0000000000e+00 1.0000000000e+00
33 2.8759719250e+03 0.0000000000e+00 3.3299827666e+03 6.4278760969e+01 0.0000000000e+00 -7.6604444312e+01 2212 0.0000000000e+00 1.0000000000e+00
34 2.8718142850e+03 0.0000000000e+00 3.3335690260e+03 6.4278760969e+01 0.0000000000e+00 -7.6604444312e+01 2212 0.0000000000e+00 1.0000000000e+00
35 2.8348954585e+03 0.0000000000e+00 3.3650211705e+03 6.4278760969e+01 0.0000000000e+00 -7.6604444312e+01 2212 0.0000000000e+00 1.0000000000e+00
36 2.8825596351e+03 0.0000000000e+00 3.3242818306e+03 6.4278760969e+01 0.0000000000e+00 -7.6604444312e+01 2212 0.0000000000e+00 1.0000000000e+00
37 2.8680589669e+03 0.0000000000e+00 3.3368004886e+03 6.4278760969e+01 0.0000000000e+00 -7.6604444312e+01 2212 0.0000000000e+00 1.0000000000e+00
38 2.8544969007e+03 0.0000000000e+00 3.3484096498e+03 6.4278760969e+01 0.0000000000e+00 -7.6604444312e+01 2212 0.0000000000e+00 1.0000000000e+00
39 2.7750316942e+03 0.0000000000e+00 3.4145569017e+03 6.4278760969e+01 0.0000000000e+00 -7.6604444312e+01 2212 0.0000000000e+00 1.0000000000e+00
40 2.8449934915e+03 0.0000000000e+00 3.3564880116e+03 6.4278760969e+01 0.0000000000e+00 -7.6604444312e+01 2212 0.0000000000e+00 1.0000000000e+00
41 2.8641335497e+03 0.0000000000e+00 3.3401704670e+03 6.4278760969e+01 0.0000000000e+00 -7.6604444312e+01 2212 0.0000000000e+00 1.0000000000e+00
42 2.8537684586e+03 0.0000000000e+00 3.3490305050e+03 6.4278760969e+01 0.0000000000e+00 -7.6604444312e+01 2212 0.0000000000e+00 1.0000000000e+00
43 2.8786317944e+03 0.0000000000e+00 3.3276836886e+03 6.4278760969e+01 0.0000000000e+00 -7.6604444312e+01 2212 0.0000000000e+00 1.0000000000e+00
44 2.8244514847e+03 0.0000000000e+00 3.3737921616e+03 6.4278760969e+01 0.0000000000e+00 -7.6604444312e+01 2212 0.0000000000e+00 1.0000000000e+00
45 2.8122359352e+03 0.0000000000e+00 3.3839812032e+03 6.4278760969e+01 0.0000000000e+00 -7.6604444312e+01 2212 0.0000000000e+00 1.0000000000e+00
46 2.8076921678e+03 0.0000000000e+00 3.3877521205e+03 6.4278760969e+01 0.0000000000e+00 -7.6604444312e+01 2212 0.0000000000e+00 1.0000000000e+00
47 2.8506686368e+03 0.0000000000e+00 3.3516694440e+03 6.4278760969e+01 0.0000000000e+00 -7.6604444312e+01 2212 0.0000000000e+00 1.0000000000e+00
48 2.8211580193e+03 0.0000000000e+00 3.3765466336e+03 6.4278760969e+01 0.0000000000e+00 -7.6604444312e+01 2212 0.0000000000e+00 1.0000000000e+00
49 2.7844165623e+03 0.0000000000e+00 3.4069082973e+03 6.4278760969e+01 0.0000000000e+00 -7.6604444312e+01 2212 0.0000000000e+00 1.0000000000e+00
50 2.8551985635e+03 0.0000000000e+00 3.3478113599e+03 6.4278760969e+01 0.0000000000e+00 -7.6604444312e+01 2212 0.0000000000e+00 1.0000000000e+00
51 2.8672164192e+03 0.0000000000e+00 3.3375244935e+03 6.4278760969e+01 0.0000000000e+00 -7.6604444312e+01 2212 0.0000000000e+00 1.0000000000e+00
52 2.8859658456e+03 0.0000000000e+00 3.3213251688e+03 6.4278760969e+01 0.0000000000e+00 -7.6604444312e+01 2212 0.0000000000e+00 1.0000000000e+00
53 2.8068369837e+03 0.0000000000e+00 3.3884606956e+03 6.4278760969e+01 0.0000000000e+00 -7.6604444312e+01 2212 0.0000000000e+00 1.0000000000e+00
54 2.8490216757e+03 0.0000000000e+00 3.3530695237e+03 6.4278760969e+01 0.0000000000e+00 -7.6604444312e+01 2212 0.0000000000e+00 1.0000000000e+00
55 2.8560764604e+03 0.0000000000e+00 3.3470624421e+03 6.4278760969e+01 0.0000000000e+00 -7.6604444312e+01 2212 0.0000000000e+00 1.0000000000e+00
56 2.8623361508e+03 0.0000000000e+00 3.3417108640e+03 6.4278760969e+01 0.0000000000e+00 -7.6604444312e+01 2212 0.0000000000e+00 1.0000000000e+00
57 2.8396348335e+03 0.0000000000e+00 3.3610227240e+03 6.4278760969e+01 0.0000000000e+00 -7.6604444312e+01 2212 0.0000000000e+00 1.0000000000e+00
58 2.7893608071e+03 0.0000000000e+00 3.4028614469e+03 6.4278760969e+01 0.0000000000e+00 -7.6604444312e+01 2212 0.0000000000e+00 1.0000000000e+00
59 2.8121978117e+03 0.0000000000e+00 3.3840128851e+03 6.4278760969e+01 0.0000000000e+00 -7.6604444312e+01 2212 0.0000000000e+00 1.0000000000e+00
60 2.7722132426e+03 0.0000000000e+00 3.4168455448e+03 6.4278760969e+01 0.0000000000e+00 -7.6604444312e+01 2212 0.0000000000e+00 1.0000000000e+00
61 2.8628199815e+03 0.0000000000e+00 3.3412963791e+03 6.4278760969e+01 0.0000000000e+00 -7.6604444312e+01 2212 0.0000000000e+00 1.0000000000e+00
62 2.8634497124e+03 0.0000000000e+00 3.3407567232e+03 6.4278760969e+01 0.0000000000e+00 -7.6604444312e+01 2212 0.0000000000e+00 1.0000000000e+00
63 2.8515498901e+03 0.0000000000e+00 3.3509197190e+03 6.4278760969e+01 0.0000000000e+00 -7.6604444312e+01 2212 0.0000000000e+00 1.0000000000e+00
64 2.8754834189e+03 0.0000000000e+00 3.3304046070e+03 6.4278760969e+01 0.0000000000e+00 -7.6604444312e+01 2212 0.0000000000e+00 1.0000000000e+00
65 2.8659571280e+03 0.0000000000e+00 3.3386059185e+03 6.4278760969e+01 0.0000000000e+00 -7.6604444312e+01 2212 0.0000000000e+00 1.0000000000e+00
66 2.7719540523e+03 0.0000000000e+00 3.4170558191e+03 6.4278760969e+01 0.0000000000e+00 -7.6604444312e+01 2212 0.0000000000e+00 1.0000000000e+00
67 2.8749885390e+03 0.0000000000e+00 3.3308318239e+03 6.4278760969e+01 0.0000000000e+00 -7.6604444312e+01 2212 0.0000000000e+00 1.0000000000e+00
68 2.8272943689e+03 0.0000000000e+00 3.3714101338e+03 6.4278760969e+01 0.0000000000e+00 -7.6604444312e+01 2212 0.0000000000e+00 1.0000000000e+00
69 2.8671247204e+03 0.0000000000e+00 3.3376032683e+03 6.4278760969e+01 0.0000000000e+00 -7.6604444312e+01 2212 0.0000000000e+00 1.0000000000e+00
70 2.8313533527e+03 0.0000000000e+00 3.3680020681e+03 6.4278760969e+01 0.0000000000e+00 -7.6604444312e+01 2212 0.0000000000e+00 1.0000000000e+00
71 2.8762082092e+03 0.0000000000e+00 3.3297786828e+03 6.4278760969e+01 0.0000000000e+00 -7.6604444312e+01 2212 0.0000000000e+00 1.0000000000e+00
72 2.8395874781e+03 0.0000000000e+00 3.3610627327e+03 6.4278760969e+01 0.0000000000e+00 -7.6604444312e+01 2212 0.0000000000e+00 1.0000000000e+00
73 2.8837507087e+03 0.0000000000e+00 3.3232486499e+03 6.4278760969e+01 0.0000000000e+00 -7.6604444312e+01 2212 0.0000000000e+00 1.0000000000e+00
74 2.7752068513e+03 0.0000000000e+00 3.4144145430e+03 6.4278760969e+01 0.0000000000e+00 -7.6604444312e+01 2212 0.0000000000e+00 1.0000000000e+00
75 2.8465917784e+03 0.0000000000e+00 3.3551326331e+03 6.4278760969e+01 0.0000000000e+00 -7.6604444312e+01 2212 0.0000000000e+00 1.0000000000e+00
76 2.8744796741e+03 0.0000000000e+00 3.3312709800e+03 6.4278760969e+01 0.0000000000e+00 -7.6604444312e+01 2212 0.0000000000e+00 1.0000000000e+00
77 2.8648044572e+03 0.0000000000e+00 3.3395950594e+03 6.4278760969e+01 0.0000000000e+00 -7.6604444312e+01 2212 0.0000000000e+00 1.0000000000e+00
78 2.8550322796e+03 0.0000000000e+00 3.3479531689e+03 6.4278760969e+01 0.0000000000e+00 -7.6604444312e+01 2212 0.0000000000e+00 1.0000000000e+00
79 2.7812554975e+03 0.0000000000e+00 3.4094893454e+03 6.4278760969e+01 0.0000000000e+00 -7.6604444312e+01 2212 0.0000000000e+00 1.0000000000e+00
80 2.8655458490e+03 0.0000000000e+00 3.3389589285e+03 6.4278760969e+01 0.0000000000e+00 -7.6604444312e+01 2212 0.0000000000e+00 1.0000000000e+00
81 2.7972658450e+03 0.0000000000e+00 3.3963662246e+03 6.4278760969e+01 0.0000000000e+00 -7.6604444312e+01 2212 0.0000000000e+00 1.0000000000e+00
82 2.8282916716e+03 0.0000000000e+00 3.3705735357e+03 6.4278760969e+01 0.0000000000e+00 -7.6604444312e+01 2212 0.0000000000e+00 1.0000000000e+00
83 2.8140446645e+03 0.0000000000e+00 3.3824772527e+03 6.4278760969e+01 0.0000000000e+00 -7.6604444312e+01 2212 0.0000000000e+00 1.0000000000e+00
84 2.8645946004e+03 0.0000000000e+00 3.3397750694e+03 6.4278760969e+01 0.0000000000e+00 -7.6604444312e+01 2212 0.0000000000e+00 1.0000000000e+00
85 2.8516381904e+03 0.0000000000e+00 3.3508445756e+03 6.4278760969e+01 0.0000000000e+00 -7.6604444312e+01 2212 0.0000000000e+00 1.0000000000e+00
86 2.7804490478e+03 0.0000000000e+00 3.4101470395e+03 6.4278760969e+01 0.0000000000e+00 -7.6604444312e+01 2212 0.0000000000e+00 1.0000000000e+00
87 2.8264937916e+03 0.0000000000e+00 3.3720813432e+03 6.4278760969e+01 0.0000000000e+00 -7.6604444312e+01 2212 0.0000000000e+00 1.0000000000e+00
88 2.7950626832e+03 0.0000000000e+00 3.3981795620e+03 6.4278760969e+01 0.0000000000e+00 -7.6604444312e+01 2212 0.0000000000e+00 1.0000000000e+00
89 2.8182784827e+03 0.0000000000e+00 3.3789504484e+03 6.4278760969e+01 0.0000000000e+00 -7.6604444312e+01 2212 0.0000000000e+00 1.0000000000e+00
90 2.7997773431e+03 0.0000000000e+00 3.3942961815e+03 6.4278760969e+01 0.0000000000e+00 -7.6604444312e+01 2212 0.0000000000e+00 1.0000000000e+00
91 2.8445466604e+03 0.0000000000e+00 3.3568666991e+03 6.4278760969e+01 0.0000000000e+00 -7.6604444312e+01 2212 0.0000000000e+00 1.0000000000e+00
92 2.8245111626e+03 0.0000000000e+00 3.3737421999e+03 6.4278760969e+01 0.0000000000e+00 -7.6604444312e+01 2212 0.0000000000e+00 1.0000000000e+00
93 2.8586562213e+03 0.0000000000e+00 3.3448593912e+03 6.4278760969e+01 0.0000000000e+00 -7.6604444312e+01 2212 0.0000000000e+00 1.0000000000e+00
94 2.8234826358e+03 0.0000000000e+00 3.3746030203e+03 6.4278760969e+01 0.0000000000e+00 -7.6604444312e+01 2212 0.0000000000e+00 1.0000000000e+00
95 2.8350276698e+03 0.0000000000e+00 3.3649097834e+03 6.4278760969e+01 0.0000000000e+00 -7.6604444312e+01 2212 0.0000000000e+00 1.0000000000e+00
96 2.8528396893e+03 0.0000000000e+00 3.3498217036e+03 6.4278760969e+01 0.0000000000e+00 -7.6604444312e+01 2212 0.0000000000e+00 1.0000000000e+00
97 2.8509619867e+03 0.0000000000e+00 3.3514199214e+03 6.4278760969e+01 0.0000000000e+00 -7.6604444312e+01 2212 0.0000000000e+00 1.0000000000e+00
98 2.7902086769e+03 0.0000000000e+00 3.4021662626e+03 6.4278760969e+01 0.0000000000e+00 -7.6604444312e+01 2212 0.0000000000e+00 1.0000000000e+00
99 2.8765919165e+03 0.0000000000e+00 3.3294472041e+03 6.4278760969e+01 0.0000000000e+00 -7.6604444312e+01 2212 0.0000000000e+00 1.0000000000e+00
100 2.8319640262e+03 0.0000000000e+00 3.3674886033e+03 6.4278760969e+01 0.0000000000e+00 -7.6604444312e+01 2212 0.0000000000e+00 1.0000000000e+00
101 2.7719464922e+03 0.0000000000e+00 3.4170619519e+03 6.4278760969e+01 0.0000000000e+00 -7.6604444312e+01 2212 0.0000000000e+00 1.0000000000e+00
102 2.7889840091e+03 0.0000000000e+00 3.4031702772e+03 6.4278760969e+01 0.0000000000e+00 -7.6604444312e+01 2212 0.0000000000e+00 1.0000000000e+00
103 2.8677629967e+03 0.0000000000e+00 3.3370548593e+03 6.4278760969e+01 0.0000000000e+00 -7.6604444312e+01 2212 0.0000000000e+00 1.0000000000e+00
104 2.8597680537e+03 0.0000000000e+00 3.3439088531e+03 6.4278760969e+01 0.0000000000e+00 -7.6604444312e+01 2212 0.0000000000e+00 1.0000000000e+00
105 2.8145003947e+03 0.0000000000e+00 3.3820980570e+03 6.4278760969e+01 0.0000000000e+00 -7.6604444312e+01 2212 0.0000000000e+00 1.0000000000e+00
106 2.8783245271e+03 0.0000000000e+00 3.3279494671e+03 6.4278760969e+01 0.0000000000e+00 -7.6604444312e+01 2212 0.0000000000e+00 1.0000000000e+00
107 2.8045200936e+03 0.0000000000e+00 3.3903785605e+03 6.4278760969e+01 0.0000000000e+00 -7.6604444312e+01 2212 0.0000000000e+00 1.0000000000e+00
108 2.8411273581e+03 0.0000000000e+00 3.3597611632e+03 6.4278760969e+01 0.0000000000e+00 -7.6604444312e+01 2212 0.0000000000e+00 1.0000000000e+00
109 2.7697612627e+03 0.0000000000e+00 3.4188334687e+03 6.4278760969e+01 0.0000000000e+00 -7.6604444312e+01 2212 0.0000000000e+00 1.0000000000e+00
110 2.7868976300e+03 0.0000000000e+00 3.4048790491e+03 6.4278760969e+01 0.0000000000e+00 -7.6604444312e+01 2212 0.0000000000e+00 1.0000000000e+00
111 2.8209120090e+03 0.0000000000e+00 3.3767521639e+03 6.4278760969e+01 0.0000000000e+00 -7.6604444312e+01 2212 0.0000000000e+00 1.0000000000e+00
112 2.8270447975e+03 0.0000000000e+00 3.3716194109e+03 6.4278760969e+01 0.0000000000e+00 -7.6604444312e+01 2212 0.0000000000e+00 1.0000000000e+00
113 2.8561623354e+03 0.0000000000e+00 3.3469891623e+03 6.4278760969e+01 0.0000000000e+00 -7.6604444312e+01 2212 0.0000000000e+00 1.0000000000e+00
114 2.8138084855e+03 0.0000000000e+00 3.3826737273e+03 6.4278760969e+01 0.0000000000e+00 -7.6604444312e+01 2212 0.0000000000e+00 1.0000000000e+00
115 2.8136213865e+03 0.0000000000e+00 3.3828293531e+03 6.4278760969e+01 0.0000000000e+00 -7.6604444312e+01 2212 0.0000000000e+00 1.0000000000e+00
116 2.8690701014e+03 0.0000000000e+00 3.3359311282e+03 6.4278760969e+01 0.0000000000e+00 -7.6604444312e+01 2212 0.0000000000e+00 1.0000000000e+00
117 2.8274711444e+03 0.0000000000e+00 3.3712618805e+03 6.4278760969e+01 0.0000000000e+00 -7.6604444312e+01 2212 0.0000000000e+00 1.0000000000e+00
118 2.8763406544e+03 0.0000000000e+00 3.3296642742e+03 6.4278760969e+01 0.0000000000e+00 -7.6604444312e+01 2212 0.0000000000e+00 1.0000000000e+00
119 2.7706851568e+03 0.0000000000e+00 3.4180847708e+03 6.4278760969e+01 0.0000000000e+00 -7.6604444312e+01 2212 0.0000000000e+00 1.0000000000e+00
120 2.8145763621e+03 0.0000000000e+00 3.3820348373e+03 6.4278760969e+01 0.0000000000e+00 -7.6604444312e+01 2212 0.0000000000e+00 1.0000000000e+00
121 2.7986774029e+03 0.0000000000e+00 3.3952031653e+03 6.4278760969e+01 0.0000000000e+00 -7.6604444312e+01 2212 0.0000000000e+00 1.0000000000e+00
122 2.8064989475e+03 0.0000000000e+00 3.3887406801e+03 6.4278760969e+01 0.0000000000e+00 -7.6604444312e+01 2212 0.0000000000e+00 1.0000000000e+00
123 2.8102398317e+03 0.0000000000e+00 3.3856390574e+03 6.4278760969e+01 0.0000000000e+00 -7.6604444312e+01 2212 0.0000000000e+00 1.0000000000e+00
124 2.8363043766e+03 0.0000000000e+00 3.3638337091e+03 6.4278760969e+01 0.0000000000e+00 -7.6604444312e+01 2212 0.0000000000e+00 1.0000000000e+00
125 2.8630201321e+03 0.0000000000e+00 3.3411248798e+03 6.4278760969e+01 0.0000000000e+00 -7.6604444312e+01 2212 0.0000000000e+00 1.0000000000e+00
126 2.7913681903e+03 0.0000000000e+00 3.4012149836e+03 6.4278760969e+01 0.0000000000e+00 -7.6604444312e+01 2212 0.0000000000e+00 1.0000000000e+00
127 2.8795125982e+03 0.0000000000e+00 3.3269215404e+03 6.4278760969e+01 0.0000000000e+00 -7.6604444312e+01 2212 0.0000000000e+00 1.0000000000e+00
128 2.7840035175e+03 0.0000000000e+00 3.4072458311e+03 6.4278760969e+01 0.0000000000e+00 -7.6604444312e+01 2212 0.0000000000e+00 1.0000000000e+00
129 2.7809910507e+03 0.0000000000e+00 3.4097050480e+03 6.4278760969e+01 0.0000000000e+00 -7.6604444312e+01 2212 0.0000000000e+00 1.0000000000e+00
130 2.8502764348e+03 0.0000000000e+00 3.3520029809e+03 6.4278760969e+01 0.0000000000e+00 -7.6604444312e+01 2212 0.0000000000e+00 1.0000000000e+00
131 2.8558661989e+03 0.0000000000e+00 3.3472418486e+03 6.4278760969e+01 0.0000000000e+00 -7.6604444312e+01 2212 0.0000000000e+00 1.0000000000e+00
132 2.8633606732e+03 0.0000000000e+00 3.3408330390e+03 6.4278760969e+01 0.0000000000e+00 -7.6604444312e+01 2212 0.0000000000e+00 1.0000000000e+00
133 2.8839274390e+03 0.0000000000e+00 3.3230952839e+03 6.4278760969e+01 0.0000000000e+00 -7.6604444312e+01 2212 0.0000000000e+00 1.0000000000e+00
134 2.8369081525e+03 0.0000000000e+00 3.3633245269e+03 6.4278760969e+01 0.0000000000e+00 -7.6604444312e+01 2212 0.0000000000e+00 1.0000000000e+00
135 2.8524159061e+03 0.0000000000e+00 3.3501825678e+03 6.4278760969e+01 0.0000000000e+00 -7.6604444312e+01 2212 0.0000000000e+00 1.0000000000e+00
136 2.8835553994e+03 0.0000000000e+00 3.3234181196e+03 6.4278760969e+01 0.0000000000e+00 -7.6604444312e+01 2212 0.0000000000e+00 1.0000000000e+00
137 2.8810644178e+03 0.0000000000e+00 3.3255777783e+03 6.4278760969e+01 0.0000000000e+00 -7.6604444312e+01 2212 0.0000000000e+00 1.0000000000e+00
138 2.8440067403e+03 0.0000000000e+00 3.3573241428e+03 6.4278760969e+01 0.0000000000e+00 -7.6604444312e+01 2212 0.0000000000e+00 1.0000000000e+00
139 2.8782870031e+03 0.0000000000e+00 3.3279819210e+03 6.4278760969e+01 0.0000000000e+00 -7.6604444312e+01 2212 0.0000000000e+00 1.0000000000e+00
140 2.8737042424e+03 0.0000000000e+00 3.3319399254e+03 6.4278760969e+01 0.0000000000e+00 -7.6604444312e+01 2212 0.0000000000e+00 1.0000000000e+00
141 2.8176661350e+03 0.0000000000e+00 3.3794610947e+03 6.4278760969e+01 0.0000000000e+00 -7.6604444312e+01 2212 0.0000000000e+00 1.0000000000e+00
142 2.8277259463e+03 0.0000000000e+00 3.3710481621e+03 6.4278760969e+01 0.0000000000e+00 -7.6604444312e+01 2212 0.0000000000e+00 1.0000000000e+00
143 2.8091713038e+03 0.0000000000e+00 3.3865257012e+03 6.4278760969e+01 0.0000000000e+00 -7.6604444312e+01 2212 0.0000000000e+00 1.0000000000e+00
144 2.8107694005e+03 0.0000000000e+00 3.3851994204e+03 6.4278760969e+01 0.0000000000e+00 -7.6604444312e+01 2212 0.0000000000e+00 1.0000000000e+00
145 2.8598024236e+03 0.0000000000e+00 3.3438794591e+03 6.4278760969e+01 0.0000000000e+00 -7.6604444312e+01 2212 0.0000000000e+00 1.0000000000e+00
146 2.8533916329e+03 0.0000000000e+00 3.3493515684e+03 6.4278760969e+01 0.0000000000e+00 -7.6604444312e+01 2212 0.0000000000e+00 1.0000000000e+00
147 2.8087638359e+03 0.0000000000e+00 3.3868636602e+03 6.4278760969e+01 0.0000000000e+00 -7.6604444312e+01 2212 0.0000000000e+00 1.0000000000e+00
148 2.8287277212e+03 0.0000000000e+00 3.3702075927e+03 6.4278760969e+01 0.0000000000e+00 -7.6604444312e+01 2212 0.0000000000e+00 1.0000000000e+00
149 2.7788677208e+03 0.0000000000e+00 3.4114357577e+03 6.4278760969e+01 0.0000000000e+00 -7.6604444312e+01 2212 0.0000000000e+00 1.0000000000e+00
150 2.7958558769e+03 0.0000000000e+00 3.3975269910e+03 6.4278760969e+01 0.0000000000e+00 -7.6604444312e+01 2212 0.0000000000e+00 1.0000000000e+00
151 2.8748830041e+03 0.0000000000e+00 3.3309229129e+03 6.4278760969e+01 0.0000000000e+00 -7.6604444312e+01 2212 0.0000000000e+00 1.0000000000e+00
152 2.7981485125e+03 0.0000000000e+00 3.3956390622e+03 6.4278760969e+01 0.0000000000e+00 -7.6604444312e+01 2212 0.0000000000e+00 1.0000000000e+00
153 2.8619292924e+03 0.0000000000e+00 3.3420593149e+03 6.4278760969e+01 0.0000000000e+00 -7.6604444312e+01 2212 0.0000000000e+00 1.0000000000e+00
154 2.8625668947e+03 0.0000000000e+00 3.3415132069e+03 6.4278760969e+01 0.0000000000e+00 -7.6604444312e+01 2212 0.0000000000e+00 1.0000000000e+00
155 2.8537698535e+03 0.0000000000e+00 3.3490293164e+03 6.4278760969e+01 0.0000000000e+00 -7.6604444312e+01 2212 0.0000000000e+00 1.0000000000e+00
156 2.8276974291e+03 0.0000000000e+00 3.3710720829e+03 6.4278760969e+01 0.0000000000e+00 -7.6604444312e+01 2212 0.0000000000e+00 1.0000000000e+00
157 2.8216701735e+03 0.0000000000e+00 3.3761186548e+03 6.4278760969e+01 0.0000000000e+00 -7.6604444312e+01 2212 0.0000000000e+00 1.0000000000e+00
158 2.8768051208e+03 0.0000000000e+00 3.3292629869e+03 6.4278760969e+01 0.0000000000e+00 -7.6604444312e+01 2212 0.0000000000e+00 1.0000000000e+00
159 2.8576755731e+03 0.0000000000e+00 3.3456972454e+03 6.4278760969e+01 0.0000000000e+00 -7.6604444312e+01 2212 0.0000000000e+00 1.0000000000e+00
160 2.8803222359e+03 0.0000000000e+00 3.3262206114e+03 6.4278760969e+01 0.0000000000e+00 -7.6604444312e+01 2212 0.0000000000e+00 1.0000000000e+00
161 2.8468000926e+03 0.0000000000e+00 3.3549558822e+03 6.4278760969e+01 0.0000000000e+00 -7.6604444312e+01 2212 0.0000000000e+00 1.0000000000e+00
162 2.8321735306e+03 0.0000000000e+00 3.3673124048e+03 6.4278760969e+01 0.0000000000e+00 -7.6604444312e+01 2212 0.0000000000e+00 1.0000000000e+00
163 2.8118422941e+03 0.0000000000e+00 3.3843082974e+03 6.4278760969e+01 0.0000000000e+00 -7.6604444312e+01 2212 0.0000000000e+00 1.0000000000e+00
164 2.7990395449e+03 0.0000000000e+00 3.3949046180e+03 6.4278760969e+01 0.0000000000e+00 -7.6604444312e+01 2212 0.0000000000e+00 1.0000000000e+00
165 2.8139239667e+03 0.0000000000e+00 3.3825776634e+03 6.4278760969e+01 0.0000000000e+00 -7.6604444312e+01 2212 0.0000000000e+00 1.0000000000e+00
166 2.8541668960e+03 0.0000000000e+00 3.3486909485e+03 6.4278760969e+01 0.0000000000e+00 -7.6604444312e+01 2212 0.0000000000e+00 1.0000000000e+00
167 2.8458318949e+03 0.0000000000e+00 3.3557771923e+03 6.4278760969e+01 0.0000000000e+00 -7.6604444312e+01 2212 0.0000000000e+00 1.0000000000e+00
168 2.8126386186e+03 0.0000000000e+00 3.3836465153e+03 6.4278760969e+01 0.0000000000e+00 -7.6604444312e+01 2212 0.0000000000e+00 1.0000000000e+00
169 2.7756453456e+03 0.0000000000e+00 3.4140580919e+03 6.4278760969e+01 0.0000000000e+00 -7.6604444312e+01 2212 0.0000000000e+00 1.0000000000e+00
170 2.8281064418e+03 0.0000000000e+00 3.3707289557e+03 6.4278760969e+01 0.0000000000e+00 -7.6604444312e+01 2212 0.0000000000e+00 1.0000000000e+00
171 2.7783404690e+03 0.0000000000e+00 3.4118651757e+03 6.4278760969e+01 0.0000000000e+00 -7.6604444312e+01 2212 0.0000000000e+00 1.0000000000e+00
172 2.7959670530e+03 0.0000000000e+00 3.3974355001e+03 6.4278760969e+01 0.0000000000e+00 -7.6604444312e+01 2212 0.0000000000e+00 1.0000000000e+00
173 2.7799650722e+03 0.0000000000e+00 3.4105415899e+03 6.4278760969e+01 0.0000000000e+00 -7.6604444312e+01 2212 0.0000000000e+00 1.0000000000e+00
174 2.8109997127e+03 0.0000000000e+00 3.3850081764e+03 6.4278760969e+01 0.0000000000e+00 -7.6604444312e+01 2212 0.0000000000e+00 1.0000000000e+00
175 2.8640018176e+03 0.0000000000e+00 3.3402834203e+03 6.4278760969e+01 0.0000000000e+00 -7.6604444312e+01 2212 0.0000000000e+00 1.0000000000e+00
176 2.8459747858e+03 0.0000000000e+00 3.3556560100e+03 6.4278760969e+01 0.0000000000e+00 -7.6604444312e+01 2212 0.0000000000e+00 1.0000000000e+00
177 2.7767976669e+03 0.0000000000e+00 3.4131209261e+03 6.4278760969e+01 0.0000000000e+00 -7.6604444312e+01 2212 0.0000000000e+00 1.0000000000e+00
178 2.8061957590e+03 0.0000000000e+00 3.3889917529e+03 6.4278760969e+01 0.0000000000e+00 -7.6604444312e+01 2212 0.0000000000e+00 1.0000000000e+00
179 2.7956995376e+03 0.0000000000e+00 3.3976556380e+03 6.4278760969e+01 0.0000000000e+00 -7.6604444312e+01 2212 0.0000000000e+00 1.0000000000e+00
180 2.8597588947e+03 0.0000000000e+00 3.3439166861e+03 6.4278760969e+01 0.0000000000e+00 -7.6604444312e+01 2212 0.0000000000e+00 1.0000000000e+00
181 2.7871293046e+03 0.0000000000e+00 3.4046894099e+03 6.4278760969e+01 0.0000000000e+00 -7.6604444312e+01 2212 0.0000000000e+00 1.0000000000e+00
182 2.8612878823e+03 0.0000000000e+00 3.3426084715e+03 6.4278760969e+01 0.0000000000e+00 -7.6604444312e+01 2212 0.0000000000e+00 1.0000000000e+00
183 2.8494567270e+03 0.0000000000e+00 3.3526998225e+03 6.4278760969e+01 0.0000000000e+00 -7.6604444312e+01 2212 0.0000000000e+00 1.0000000000e+00
184 2.8695135101e+03 0.0000000000e+00 3.3355497230e+03 6.4278760969e+01 0.0000000000e+00 -7.6604444312e+01 2212 0.0000000000e+00 1.0000000000e+00
185 2.7840174727e+03 0.0000000000e+00 3.4072344285e+03 6.4278760969e+01 0.0000000000e+00 -7.6604444312e+01 2212 0.0000000000e+00 1.0000000000e+00
186 2.8808486186e+03 0.0000000000e+00 3.3257647204e+03 6.4278760969e+01 0.0000000000e+00 -7.6604444312e+01 2212 0.0000000000e+00 1.0000000000e+00
187 2.7996160905e+03 0.0000000000e+00 3.3944291839e+03 6.4278760969e+01 0.0000000000e+00 -7.6604444312e+01 2212 0.0000000000e+00 1.0000000000e+00
188 2.7818004164e+03 0.0000000000e+00 3.4090447609e+03 6.4278760969e+01 0.0000000000e+00 -7.6604444312e+01 2212 0.0000000000e+00 1.0000000000e+00
189 2.8209603603e+03 0.0000000000e+00 3.3767117710e+03 6.4278760969e+01 0.0000000000e+00 -7.6604444312e+01 2212 0.0000000000e+00 1.0000000000e+00
190 2.8762974319e+03 0.0000000000e+00 3.3297016116e+03 6.4278760969e+01 0.0000000000e+00 -7.6604444312e+01 2212 0.0000000000e+00 1.0000000000e+00
191 2.7820794220e+03 0.0000000000e+00 3.4088170718e+03 6.4278760969e+01 0.0000000000e+00 -7.6604444312e+01 2212 0.0000000000e+00 1.0000000000e+00
192 2.8089301661e+03 0.0000000000e+00 3.3867257138e+03 6.4278760969e+01 0.0000000000e+00 -7.6604444312e+01 2212 0.0000000000e+00 1.0000000000e+00
193 2.8063889528e+03 0.0000000000e+00 3.3888317728e+03 6.4278760969e+01 0.0000000000e+00 -7.6604444312e+01 2212 0.0000000000e+00 1.0000000000e+00
194 2.8664816941e+03 0.0000000000e+00 3.3381555441e+03 6.4278760969e+01 0.0000000000e+00 -7.6604444312e+01 2212 0.0000000000e+00 1.0000000000e+00
195 2.8106648630e+03 0.0000000000e+00 3.3852862164e+03 6.4278760969e+01 0.0000000000e+00 -7.6604444312e+01 2212 0.0000000000e+00 1.0000000000e+00
196 2.8748298000e+03 0.0000000000e+00 3.3309688320e+03 6.4278760969e+01 0.0000000000e+00 -7.6604444312e+01 2212 0.0000000000e+00 1.0000000000e+00
197 2.8588725520e+03 0.0000000000e+00 3.3446744939e+03 6.4278760969e+01 0.0000000000e+00 -7.6604444312e+01 2212 0.0000000000e+00 1.0000000000e+00
198 2.7741051663e+03 0.0000000000e+00 3.4153096880e+03 6.4278760969e+01 0.0000000000e+00 -7.6604444312e+01 2212 0.0000000000e+00 1.0000000000e+00
199 2.7807921753e+03 0.0000000000e+00 3.4098672433e+03 6.4278760969e+01 0.0000000000e+00 -7.6604444312e+01 2212 0.0000000000e+00 1.0000000000e+00
200 2.7923151451e+03 0.0000000000e+00 3.4004375997e+03 6.4278760969e+01 0.0000000000e+00 -7.6604444312e+01 2212 0.0000000000e+00 1.0000000000e+00
201 2.8787066731e+03 0.0000000000e+00 3.3276189129e+03 6.4278760969e+01 0.0000000000e+00 -7.6604444312e+01 2212 0.0000000000e+00 1.0000000000e+00
202 2.8040147584e+03 0.0000000000e+00 3.3907965102e+03 6.4278760969e+01 0.0000000000e+00 -7.6604444312e+01 2212 0.0000000000e+00 1.0000000000e+00
203 2.8077506319e+03 0.0000000000e+00 3.3877036659e+03 6.4278760969e+01 0.0000000000e+00 -7.6604444312e+01 2212 0.0000000000e+00 1.0000000000e+00
204 2.8431799188e+03 0.0000000000e+00 3.3580243728e+03 6.4278760969e+01 0.0000000000e+00 -7.6604444312e+01 2212 0.0000000000e+00 1.0000000000e+00
205 2.8196244450e+03 0.0000000000e+00 3.3778273680e+03 6.4278760969e+01 0.0000000000e+00 -7.6604444312e+01 2212 0.0000000000e+00 1.0000000000e+00
206 2.7792888255e+03 0.0000000000e+00 3.4110926935e+03 6.4278760969e+01 0.0000000000e+00 -7.6604444312e+01 2212 0.0000000000e+00 1.0000000000e+00
207 2.8011943837e+03 0.0000000000e+00 3.3931268416e+03 6.4278760969e+01 0.0000000000e+00 -7.6604444312e+01 2212 0.0000000000e+00 1.0000000000e+00
208 2.7860372281e+03 0.0000000000e+00 3.4055831076e+03 6.4278760969e+01 0.0000000000e+00 -7.6604444312e+01 2212 0.0000000000e+00 1.0000000000e+00
209 2.8620197026e+03 0.0000000000e+00 3.3419818912e+03 6.4278760969e+01 0.0000000000e+00 -7.6604444312e+01 2212 0.0000000000e+00 1.0000000000e+00
210 2.8301271163e+03 0.0000000000e+00 3.3690325383e+03 6.4278760969e+01 0.0000000000e+00 -7.6604444312e+01 2212 0.0000000000e+00 1.0000000000e+00
211 2.8227699975e+03 0.0000000000e+00 3.3751991467e+03 6.4278760969e+01 0.0000000000e+00 -7.6604444312e+01 2212 0.0000000000e+00 1.0000000000e+00
212 2.8504806685e+03 0.0000000000e+00 3.3518293061e+03 6.4278760969e+01 0.0000000000e+00 -7.6604444312e+01 2212 0.0000000000e+00 1.0000000000e+00
213 2.7789331119e+03 0.0000000000e+00 3.4113824908e+03 6.4278760969e+01 0.0000000000e+00 -7.6604444312e+01 2212 0.0000000000e+00 1.0000000000e+00
214 2.8700043980e+03 0.0000000000e+00 3.3351273581e+03 6.4278760969e+01 0.0000000000e+00 -7.6604444312e+01 2212 0.0000000000e+00 1.0000000000e+00
215 2.7774015831e+03 0.0000000000e+00 3.4126295119e+03 6.4278760969e+01 0.0000000000e+00 -7.6604444312e+01 2212 0.0000000000e+00 1.0000000000e+00
216 2.8455659528e+03 0.0000000000e+00 3.3560027037e+03 6.4278760969e+01 0.0000000000e+00 -7.6604444312e+01 2212 0.0000000000e+00 1.0000000000e+00
217 2.8081846194e+03 0.0000000000e+00 3.3873439274e+03 6.4278760969e+01 0.0000000000e+00 -7.6604444312e+01 2212 0.0000000000e+00 1.0000000000e+00
218 2.8378568979e+03 0.0000000000e+00 3.3625240469e+03 6.4278760969e+01 0.0000000000e+00 -7.6604444312e+01 2212 0.0000000000e+00 1.0000000000e+00
219 2.7918771413e+03 0.0000000000e+00 3.4007972252e+03 6.4278760969e+01 0.0000000000e+00 -7.6604444312e+01 2212 0.0000000000e+00 1.0000000000e+00
220 2.8530274953e+03 0.0000000000e+00 3.3496617516e+03 6.4278760969e+01 0.0000000000e+00 -7.6604444312e+01 2212 0.0000000000e+00 1.0000000000e+00
221 2.8678197204e+03 0.0000000000e+00 3.3370061118e+03 6.4278760969e+01 0.0000000000e+00 -7.6604444312e+01 2212 0.0000000000e+00 1.0000000000e+00
222 2.7990305695e+03 0.0000000000e+00 3.3949120180e+03 6.4278760969e+01 0.0000000000e+00 -7.6604444312e+01 2212 0.0000000000e+00 1.0000000000e+00
223 2.7763661064e+03 0.0000000000e+00 3.4134719835e+03 6.4278760969e+01 0.0000000000e+00 -7.6604444312e+01 2212 0.0000000000e+00 1.0000000000e+00
224 2.8750692036e+03 0.0000000000e+00 3.3307621970e+03 6.4278760969e+01 0.0000000000e+00 -7.6604444312e+01 2212 0.0000000000e+00 1.0000000000e+00
225 2.8346414301e+03 0.0000000000e+00 3.3652351629e+03 6.4278760969e+01 0.0000000000e+00 -7.6604444312e+01 2212 0.0000000000e+00 1.0000000000e+00
226 2.8214702382e+03 0.0000000000e+00 3.3762857453e+03 6.4278760969e+01 0.0000000000e+00 -7.6604444312e+01 2212 0.0000000000e+00 1.0000000000e+00
227 2.8365646893e+03 0.0000000000e+00 3.3636142023e+03 6.4278760969e+01 0.0000000000e+00 -7.6604444312e+01 2212 0.0000000000e+00 1.0000000000e+00
228 2.7714583789e+03 0.0000000000e+00 3.4174578553e+03 6.4278760969e+01 0.0000000000e+00 -7.6604444312e+01 2212 0.0000000000e+00 1.0000000000e+00
229 2.8238050389e+03 0.0000000000e+00 3.3743332440e+03 6.4278760969e+01 0.0000000000e+00 -7.6604444312e+01 2212 0.0000000000e+00 1.0000000000e+00
230 2.8819809507e+03 0.0000000000e+00 3.3247835326e+03 6.4278760969e+01 0.0000000000e+00 -7.6604444312e+01 2212 0.0000000000e+00 1.0000000000e+00
231 2.8807235956e+03 0.0000000000e+00 3.3258730139e+03 6.4278760969e+01 0.0000000000e+00 -7.6604444312e+01 2212 0.0000000000e+00 1.0000000000e+00
232 2.8461356821e+03 0.0000000000e+00 3.3555195452e+03 6.4278760969e+01 0.0000000000e+00 -7.6604444312e+01 2212 0.0000000000e+00 1.0000000000e+00
233 2.8099607602e+03 0.0000000000e+00 3.3858706805e+03 6.4278760969e+01 0.0000000000e+00 -7.6604444312e+01 2212 0.0000000000e+00 1.0000000000e+00
234 2.8298189572e+03 0.0000000000e+00 3.3692913807e+03 6.4278760969e+01 0.0000000000e+00 -7.6604444312e+01 2212 0.0000000000e+00 1.0000000000e+00
235 2.8732421697e+03 0.0000000000e+00 3.3323383942e+03 6.4278760969e+01 0.0000000000e+00 -7.6604444312e+01 2212 0.0000000000e+00 1.0000000000e+00
236 2.8496633391e+03 0.0000000000e+00 3.3525242121e+03 6.4278760969e+01 0.0000000000e+00 -7.6604444312e+01 2212 0.0000000000e+00 1.0000000000e+00
237 2.8201437376e+03 0.0000000000e+00 3.3773938234e+03 6.4278760969e+01 0.0000000000e+00 -7.6604444312e+01 2212 0.0000000000e+00 1.0000000000e+00
238 2.8270346393e+03 0.0000000000e+00 3.3716279283e+03 6.4278760969e+01 0.0000000000e+00 -7.6604444312e+01 2212 0.0000000000e+00 1.0000000000e+00
239 2.8860197848e+03 0.0000000000e+00 3.3212782992e+03 6.4278760969e+01 0.0000000000e+00 -7.6604444312e+01 2212 0.0000000000e+00 1.0000000000e+00
240 2.8781293174e+03 0.0000000000e+00 3.3281182929e+03 6.4278760969e+01 0.0000000000e+00 -7.6604444312e+01 2212 0.0000000000e+00 1.0000000000e+00
241 2.8634652476e+03 0.0000000000e+00 3.3407434075e+03 6.4278760969e+01 0.0000000000e+00 -7.6604444312e+01 2212 0.0000000000e+00 1.0000000000e+00
242 2.8301333791e+03 0.0000000000e+00 3.3690272773e+03 6.4278760969e+01 0.0000000000e+00 -7.6604444312e+01 2212 0.0000000000e+00 1.0000000000e+00
243 2.8798882110e+03 0.0000000000e+00 3.3265964034e+03 6.4278760969e+01 0.0000000000e+00 -7.6604444312e+01 2212 0.0000000000e+00 1.0000000000e+00
244 2.7776139883e+03 0.0000000000e+00 3.4124566328e+03 6.4278760969e+01 0.0000000000e+00 -7.6604444312e+01 2212 0.0000000000e+00 1.0000000000e+00
245 2.8140605334e+03 0.0000000000e+00 3.3824640505e+03 6.4278760969e+01 0.0000000000e+00 -7.6604444312e+01 2212 0.0000000000e+00 1.0000000000e+00
246 2.8362003582e+03 0.0000000000e+00 3.3639214121e+03 6.4278760969e+01 0.0000000000e+00 -7.6604444312e+01 2212 0.0000000000e+00 1.0000000000e+00
247 2.8171227357e+03 0.0000000000e+00 3.3799140863e+03 6.4278760969e+01 0.0000000000e+00 -7.6604444312e+01 2212 0.0000000000e+00 1.0000000000e+00
248 2.8418015922e+03 0.0000000000e+00 3.3591908921e+03 6.4278760969e+01 0.0000000000e+00 -7.6604444312e+01 2212 0.0000000000e+00 1.0000000000e+00
249 2.8031134835e+03 0.0000000000e+00 3.3915416166e+03 6.4278760969e+01 0.0000000000e+00 -7.6604444312e+01 2212 0.0000000000e+00 1.0000000000e+00
250 2.8798780389e+03 0.0000000000e+00 3.3266052095e+03 6.4278760969e+01 0.0000000000e+00 -7.6604444312e+01 2212 0.0000000000e+00 1.0000000000e+00
251 2.8224412868e+03 0.0000000000e+00 3.3754740292e+03 6.4278760969e+01 0.0000000000e+00 -7.6604444312e+01 2212 0.0000000000e+00 1.0000000000e+00
252 2.8182951272e+03 0.0000000000e+00 3.3789365657e+03 6.4278760969e+01 0.0000000000e+00 -7.6604444312e+01 2212 0.0000000000e+00 1.0000000000e+00
253 2.8593358211e+03 0.0000000000e+00 3.3442784575e+03 6.4278760969e+01 0.0000000000e+00 -7.6604444312e+01 2212 0.0000000000e+00 1.0000000000e+00
254 2.8004551199e+03 0.0000000000e+00 3.3937370052e+03 6.4278760969e+01 0.0000000000e+00 -7.6604444312e+01 2212 0.0000000000e+00 1.0000000000e+00
255 2.8376550656e+03 0.0000000000e+00 3.3626943762e+03 6.4278760969e+01 0.0000000000e+00 -7.6604444312e+01 2212 0.0000000000e+00 1.0000000000e+00
256 2.7806186285e+03 0.0000000000e+00 3.4100087656e+03 6.4278760969e+01 0.0000000000e+00 -7.6604444312e+01 2212 0.0000000000e+00 1.0000000000e+00
257 2.8139003666e+03 0.0000000000e+00 3.3825972958e+03 6.4278760969e+01 0.0000000000e+00 -7.6604444312e+01 2212 0.0000000000e+00 1.0000000000e+00
258 2.8265996066e+03 0.0000000000e+00 3.3719926458e+03 6.4278760969e+01 0.0000000000e+00 -7.6604444312e+01 2212 0.0000000000e+00 1.0000000000e+00
259 2.8426399105e+03 0.0000000000e+00 3.3584815137e+03 6.4278760969e+01 0.0000000000e+00 -7.6604444312e+01 2212 0.0000000000e+00 1.0000000000e+00
260 2.8241056876e+03 0.0000000000e+00 3.3740816238e+03 6.4278760969e+01 0.0000000000e+00 -7.6604444312e+01 2212 0.0000000000e+00 1.0000000000e+00
261 2.8563066693e+03 0.0000000000e+00 3.3468659892e+03 6.4278760969e+01 0.0000000000e+00 -7.6604444312e+01 2212 0.0000000000e+00 1.0000000000e+00
262 2.7725603104e+03 0.0000000000e+00 3.4165639265e+03 6.4278760969e+01 0.0000000000e+00 -7.6604444312e+01 2212 0.0000000000e+00 1.0000000000e+00
263 2.8766063031e+03 0.0000000000e+00 3.3294347742e+03 6.4278760969e+01 0.0000000000e+00 -7.6604444312e+01 2212 0.0000000000e+00 1.0000000000e+00
264 2.8510581581e+03 0.0000000000e+00 3.3513381086e+03 6.4278760969e+01 0.0000000000e+00 -7.6604444312e+01 2212 0.0000000000e+00 1.0000000000e+00
265 2.8320408676e+03 0.0000000000e+00 3.3674239803e+03 6.4278760969e+01 0.0000000000e+00 -7.6604444312e+01 2212 0.0000000000e+00 1.0000000000e+00
266 2.8537092464e+03 0.0000000000e+00 3.3490809599e+03 6.4278760969e+01 0.0000000000e+00 -7.6604444312e+01 2212 0.0000000000e+00 1.0000000000e+00
267 2.8303617040e+03 0.0000000000e+00 3.3688354610e+03 6.4278760969e+01 0.0000000000e+00 -7.6604444312e+01 2212 0.0000000000e+00 1.0000000000e+00
268 2.8552128610e+03 0.0000000000e+00 3.3477991662e+03 6.4278760969e+01 0.0000000000e+00 -7.6604444312e+01 2212 0.0000000000e+00 1.0000000000e+00
269 2.7812368192e+03 0.0000000000e+00 3.4095045819e+03 6.4278760969e+01 0.0000000000e+00 -7.6604444312e+01 2212 0.0000000000e+00 1.0000000000e+00
270 2.8181757242e+03 0.0000000000e+00 3.3790361535e+03 6.4278760969e+01 0.0000000000e+00 -7.6604444312e+01 2212 0.0000000000e+00 1.0000000000e+00
271 2.7835073176e+03 0.0000000000e+00 3.4076512074e+03 6.4278760969e+01 0.0000000000e+00 -7.6604444312e+01 2212 0.0000000000e+00 1.0000000000e+00
272 2.7708115308e+03 0.0000000000e+00 3.4179823288e+03 6.4278760969e+01 0.0000000000e+00 -7.6604444312e+01 2212 0.0000000000e+00 1.0000000000e+00
273 2.8451365852e+03 0.0000000000e+00 3.3563667187e+03 6.4278760969e+01 0.0000000000e+00 -7.6604444312e+01 2212 0.0000000000e+00 1.0000000000e+00
274 2.8760940036e+03 0.0000000000e+00 3.3298773282e+03 6.4278760969e+01 0.0000000000e+00 -7.6604444312e+01 2212 0.0000000000e+00 1.0000000000e+00
275 2.8219028308e+03 0.0000000000e+00 3.3759241924e+03 6.4278760969e+01 0.0000000000e+00 -7.6604444312e+01 2212 0.0000000000e+00 1.0000000000e+00
276 2.8621677323e+03 0.0000000000e+00 3.3418551152e+03 6.4278760969e+01 0.0000000000e+00 -7.6604444312e+01 2212 0.0000000000e+00 1.0000000000e+00
277 2.7781100935e+03 0.0000000000e+00 3.4120527615e+03 6.4278760969e+01 0.0000000000e+00 -7.6604444312e+01 2212 0.0000000000e+00 1.0000000000e+00
278 2.7886819004e+03 0.0000000000e+00 3.4034178405e+03 6.4278760969e+01 0.0000000000e+00 -7.6604444312e+01 2212 0.0000000000e+00 1.0000000000e+00
279 2.7871811701e+03 0.0000000000e+00 3.4046469514e+03 6.4278760969e+01 0.0000000000e+00 -7.6604444312e+01 2212 0.0000000000e+00 1.0000000000e+00
280 2.8061783771e+03 0.0000000000e+00 3.3890061456e+03 6.4278760969e+01 0.0000000000e+00 -7.6604444312e+01 2212 0.0000000000e+00 1.0000000000e+00
281 2.7784891805e+03 0.0000000000e+00 3.4117440720e+03 6.4278760969e+01 0.0000000000e+00 -7.6604444312e+01 2212 0.0000000000e+00 1.0000000000e+00
282 2.8412976001e+03 0.0000000000e+00 3.3596171934e+03 6.4278760969e+01 0.0000000000e+00 -7.6604444312e+01 2212 0.0000000000e+00 1.0000000000e+00
283 2.8726514819e+03 0.0000000000e+00 3.3328476116e+03 6.4278760969e+01 0.0000000000e+00 -7.6604444312e+01 2212 0.0000000000e+00 1.0000000000e+00
284 2.8122903546e+03 0.0000000000e+00 3.3839359776e+03 6.4278760969e+01 0.0000000000e+00 -7.6604444312e+01 2212 0.0000000000e+00 1.0000000000e+00
285 2.7882393019e+03 0.0000000000e+00 3.4037804474e+03 6.4278760969e+01 0.0000000000e+00 -7.6604444312e+01 2212 0.0000000000e+00 1.0000000000e+00
286 2.7875934647e+03 0.0000000000e+00 3.4043093888e+03 6.4278760969e+01 0.0000000000e+00 -7.6604444312e+01 2212 0.0000000000e+00 1.0000000000e+00
287 2.8777180921e+03 0.0000000000e+00 3.3284738727e+03 6.4278760969e+01 0.0000000000e+00 -7.6604444312e+01 2212 0.0000000000e+00 1.0000000000e+00
288 2.7901197035e+03 0.0000000000e+00 3.4022392301e+03 6.4278760969e+01 0.0000000000e+00 -7.6604444312e+01 2212 0.0000000000e+00 1.0000000000e+00
289 2.7694369031e+03 0.0000000000e+00 3.4190962225e+03 6.4278760969e+01 0.0000000000e+00 -7.6604444312e+01 2212 0.0000000000e+00 1.0000000000e+00
290 2.8713154905e+03 0.0000000000e+00 3.3339986642e+03 6.4278760969e+01 0.0000000000e+00 -7.6604444312e+01 2212 0.0000000000e+00 1.0000000000e+00
291 2.8637099493e+03 0.0000000000e+00 3.3405336498e+03 6.4278760969e+01 0.0000000000e+00 -7.6604444312e+01 2212 0.0000000000e+00 1.0000000000e+00
292 2.8034931487e+03 0.0000000000e+00 3.3912277871e+03 6.4278760969e+01 0.0000000000e+00 -7.6604444312e+01 2212 0.0000000000e+00 1.0000000000e+00
293 2.8050836449e+03 0.0000000000e+00 3.3899123122e+03 6.4278760969e+01 0.0000000000e+00 -7.6604444312e+01 2212 0.0000000000e+00 1.0000000000e+00
294 2.8382748390e+03 0.0000000000e+00 3.3621712743e+03 6.4278760969e+01 0.0000000000e+00 -7.6604444312e+01 2212 0.0000000000e+00 1.0000000000e+00
295 2.7981224120e+03 0.0000000000e+00 3.3956605700e+03 6.4278760969e+01 0.0000000000e+00 -7.6604444312e+01 2212 0.0000000000e+00 1.0000000000e+00
296 2.8228490406e+03 0.0000000000e+00 3.3751330393e+03 6.4278760969e+01 0.0000000000e+00 -7.6604444312e+01 2212 0.0000000000e+00 1.0000000000e+00
297 2.8596976622e+03 0.0000000000e+00 3.3439690519e+03 6.4278760969e+01 0.0000000000e+00 -7.6604444312e+01 2212 0.0000000000e+00 1.0000000000e+00
298 2.8178014623e+03 0.0000000000e+00 3.3793482594e+03 6.4278760969e+01 0.0000000000e+00 -7.6604444312e+01 2212 0.0000000000e+00 1.0000000000e+00
299 2.8521347788e+03 0.0000000000e+00 3.3504219051e+03 6.4278760969e+01 0.0000000000e+00 -7.6604444312e+01 2212 0.0000000000e+00 1.0000000000e+00
300 2.8730310842e+03 0.0000000000e+00 3.3325203867e+03 6.4278760969e+01 0.0000000000e+00 -7.6604444312e+01 2212 0.0000000000e+00 1.0000000000e+00
301 2.8734430722e+03 0.0000000000e+00 3.3321651594e+03 6.4278760969e+01 0.0000000000e+00 -7.6604444312e+01 2212 0.0000000000e+00 1.0000000000e+00
302 2.8508745541e+03 0.0000000000e+00 3.3514942959e+03 6.4278760969e+01 0.0000000000e+00 -7.6604444312e+01 2212 0.0000000000e+00 1.0000000000e+00
303 2.8765782583e+03 0.0000000000e+00 3.3294590046e+03 6.4278760969e+01 0.0000000000e+00 -7.6604444312e+01 2212 0.0000000000e+00 1.0000000000e+00
304 2.8022119626e+03 0.0000000000e+00 3.3922865232e+03 6.4278760969e+01 0.0000000000e+00 -7.6604444312e+01 2212 0.0000000000e+00 1.0000000000e+00
305 2.7958170987e+03 0.0000000000e+00 3.3975589015e+03 6.4278760969e+01 0.0000000000e+00 -7.6604444312e+01 2212 0.0000000000e+00 1.0000000000e+00
306 2.7766943440e+03 0.0000000000e+00 3.4132049835e+03 6.4278760969e+01 0.0000000000e+00 -7.6604444312e+01 2212 0.0000000000e+00 1.0000000000e+00
307 2.8190169181e+03 0.0000000000e+00 3.3783344053e+03 6.4278760969e+01 0.0000000000e+00 -7.6604444312e+01 2212 0.0000000000e+00 1.0000000000e+00
308 2.7926508819e+03 0.0000000000e+00 3.4001618771e+03 6.4278760969e+01 0.0000000000e+00 -7.6604444312e+01 2212 0.0000000000e+00 1.0000000000e+00
309 2.7887606745e+03 0.0000000000e+00 3.4033532933e+03 6.4278760969e+01 0.0000000000e+00 -7.6604444312e+01 2212 0.0000000000e+00 1.0000000000e+00
310 2.8787325081e+03 0.0000000000e+00 3.3275965629e+03 6.4278760969e+01 0.0000000000e+00 -7.6604444312e+01 2212 0.0000000000e+00 1.0000000000e+00
311 2.7940999459e+03 0.0000000000e+00 3.3989712018e+03 6.4278760969e+01 0.0000000000e+00 -7.6604444312e+01 2212 0.0000000000e+00 1.0000000000e+00
312 2.8697468433e+03 0.0000000000e+00 3.3353489764e+03 6.4278760969e+01 0.0000000000e+00 -7.6604444312e+01 2212 0.0000000000e+00 1.0000000000e+00
313 2.8680565241e+03 0.0000000000e+00 3.3368025883e+03 6.4278760969e+01 0.0000000000e+00 -7.6604444312e+01 2212 0.0000000000e+00 1.0000000000e+00
314 2.8814091805e+03 0.0000000000e+00 3.3252790670e+03 6.4278760969e+01 0.0000000000e+00 -7.6604444312e+01 2212 0.0000000000e+00 1.0000000000e+00
315 2.8768465855e+03 0.0000000000e+00 3.3292271569e+03 6.4278760969e+01 0.0000000000e+00 -7.6604444312e+01 2212 0.0000000000e+00 1.0000000000e+00
316 2.7752421067e+03 0.0000000000e+00 3.4143858874e+03 6.4278760969e+01 0.0000000000e+00 -7.6604444312e+01 2212 0.0000000000e+00 1.0000000000e+00
317 2.8495738232e+03 0.0000000000e+00 3.3526002991e+03 6.4278760969e+01 0.0000000000e+00 -7.6604444312e+01 2212 0.0000000000e+00 1.0000000000e+00
318 2.8376048874e+03 0.0000000000e+00 3.3627367190e+03 6.4278760969e+01 0.0000000000e+00 -7.6604444312e+01 2212 0.0000000000e+00 1.0000000000e+00
319 2.8175748212e+03 0.0000000000e+00 3.3795372266e+03 6.4278760969e+01 0.0000000000e+00 -7.6604444312e+01 2212 0.0000000000e+00 1.0000000000e+00
320 2.8259700777e+03 0.0000000000e+00 3.3725202533e+03 6.4278760969e+01 0.0000000000e+00 -7.6604444312e+01 2212 0.0000000000e+00 1.0000000000e+00
321 2.7954396701e+03 0.0000000000e+00 3.3978694486e+03 6.4278760969e+01 0.0000000000e+00 -7.6604444312e+01 2212 0.0000000000e+00 1.0000000000e+00
322 2.7716001127e+03 0.0000000000e+00 3.4173429085e+03 6.4278760969e+01 0.0000000000e+00 -7.6604444312e+01 2212 0.0000000000e+00 1.0000000000e+00
323 2.8675208972e+03 0.0000000000e+00 3.3372628969e+03 6.4278760969e+01 0.0000000000e+00 -7.6604444312e+01 2212 0.0000000000e+00 1.0000000000e+00
324 2.8133686824e+03 0.0000000000e+00 3.3830395203e+03 6.4278760969e+01 0.0000000000e+00 -7.6604444312e+01 2212 0.0000000000e+00 1.0000000000e+00
325 2.8606927490e+03 0.0000000000e+00 3.3431178164e+03 6.4278760969e+01 0.0000000000e+00 -7.6604444312e+01 2212 0.0000000000e+00 1.0000000000e+00
326 2.8181451485e+03 0.0000000000e+00 3.3790616539e+03 6.4278760969e+01 0.0000000000e+00 -7.6604444312e+01 2212 0.0000000000e+00 1.0000000000e+00
327 2.8560931966e+03 0.0000000000e+00 3.3470481609e+03 6.4278760969e+01 0.0000000000e+00 -7.6604444312e+01 2212 0.0000000000e+00 1.0000000000e+00
328 2.8404721404e+03 0.0000000000e+00 3.3603151279e+03 6.4278760969e+01 0.0000000000e+00 -7.6604444312e+01 2212 0.0000000000e+00 1.0000000000e+00
329 2.8702461204e+03 0.0000000000e+00 3.3349193314e+03 6.4278760969e+01 0.0000000000e+00 -7.6604444312e+01 2212 0.0000000000e+00 1.0000000000e+00
330 2.8484217799e+03 0.0000000000e+00 3.3535791481e+03 6.4278760969e+01 0.0000000000e+00 -7.6604444312e+01 2212 0.0000000000e+00 1.0000000000e+00
331 2.8834720402e+03 0.0000000000e+00 3.3234904442e+03 6.4278760969e+01 0.0000000000e+00 -7.6604444312e+01 2212 0.0000000000e+00 1.0000000000e+00
332 2.8679362511e+03 0.0000000000e+00 3.3369059619e+03 6.4278760969e+01 0.0000000000e+00 -7.6604444312e+01 2212 0.0000000000e+00 1.0000000000e+00
333 2.8176577010e+03 0.0000000000e+00 3.3794681266e+03 6.4278760969e+01 0.0000000000e+00 -7.6604444312e+01 2212 0.0000000000e+00 1.0000000000e+00
334 2.8610182402e+03 0.0000000000e+00 3.3428392675e+03 6.4278760969e+01 0.0000000000e+00 -7.6604444312e+01 2212 0.0000000000e+00 1.0000000000e+00
335 2.8396634981e+03 0.0000000000e+00 3.3609985058e+03 6.4278760969e+01 0.0000000000e+00 -7.6604444312e+01 2212 0.0000000000e+00 1.0000000000e+00
336 2.8165653808e+03 0.0000000000e+00 3.3803785579e+03 6.4278760969e+01 0.0000000000e+00 -7.6604444312e+01 2212 0.0000000000e+00 1.0000000000e+00
337 2.8562213020e+03 0.0000000000e+00 3.3469388421e+03 6.4278760969e+01 0.0000000000e+00 -7.6604444312e+01 2212 0.0000000000e+00 1.0000000000e+00
338 2.8627685071e+03 0.0000000000e+00 3.3413404816e+03 6.4278760969e+01 0.0000000000e+00 -7.6604444312e+01 2212 0.0000000000e+00 1.0000000000e+00
339 2.8007239734e+03 0.0000000000e+00 3.3935151339e+03 6.4278760969e+01 0.0000000000e+00 -7.6604444312e+01 2212 0.0000000000e+00 1.0000000000e+00
340 2.8742511458e+03 0.0000000000e+00 3.3314681583e+03 6.4278760969e+01 0.0000000000e+00 -7.6604444312e+01 2212 0.0000000000e+00 1.0000000000e+00
341 2.8591049027e+03 0.0000000000e+00 3.3444758774e+03 6.4278760969e+01 0.0000000000e+00 -7.6604444312e+01 2212 0.0000000000e+00 1.0000000000e+00
342 2.8002240752e+03 0.0000000000e+00 3.3939276462e+03 6.4278760969e+01 0.0000000000e+00 -7.6604444312e+01 2212 0.0000000000e+00 1.0000000000e+00
343 2.8785954494e+03 0.0000000000e+00 3.3277151287e+03 6.4278760969e+01 0.0000000000e+00 -7.6604444312e+01 2212 0.0000000000e+00 1.0000000000e+00
344 2.8854072730e+03 0.0000000000e+00 3.3218104413e+03 6.4278760969e+01 0.0000000000e+00 -7.6604444312e+01 2212 0.0000000000e+00 1.0000000000e+00
345 2.8721066613e+03 0.0000000000e+00 3.3333171264e+03 6.4278760969e+01 0.0000000000e+00 -7.6604444312e+01 2212 0.0000000000e+00 1.0000000000e+00
346 2.8696180211e+03 0.0000000000e+00 3.3354598112e+03 6.4278760969e+01 0.0000000000e+00 -7.6604444312e+01 2212 0.0000000000e+00 1.0000000000e+00
347 2.7828522839e+03 0.0000000000e+00 3.4081861605e+03 6.4278760969e+01 0.0000000000e+00 -7.6604444312e+01 2212 0.0000000000e+00 1.0000000000e+00
348 2.8554075133e+03 0.0000000000e+00 3.3476331448e+03 6.4278760969e+01 0.0000000000e+00 -7.6604444312e+01 2212 0.0000000000e+00 1.0000000000e+00
349 2.8828661562e+03 0.0000000000e+00 3.3240160144e+03 6.4278760969e+01 0.0000000000e+00 -7.6604444312e+01 2212 0.0000000000e+00 1.0000000000e+00
350 2.8112360225e+03 0.0000000000e+00 3.3848119245e+03 6.4278760969e+01 0.0000000000e+00 -7.6604444312e+01 2212 0.0000000000e+00 1.0000000000e+00
351 2.8050190616e+03 0.0000000000e+00 3.3899657525e+03 6.4278760969e+01 0.0000000000e+00 -7.6604444312e+01 2212 0.0000000000e+00 1.0000000000e+00
352 2.8731072835e+03 0.0000000000e+00 3.3324546924e+03 6.4278760969e+01 0.0000000000e+00 -7.6604444312e+01 2212 0.0000000000e+00 1.0000000000e+00
353 2.8410713184e+03 0.0000000000e+00 3.3598085515e+03 6.4278760969e+01 0.0000000000e+00 -7.6604444312e+01 2212 0.0000000000e+00 1.0000000000e+00
354 2.8713235696e+03 0.0000000000e+00 3.3339917063e+03 6.4278760969e+01 0.0000000000e+00 -7.6604444312e+01 2212 0.0000000000e+00 1.0000000000e+00
355 2.7889857691e+03 0.0000000000e+00 3.4031688349e+03 6.4278760969e+01 0.0000000000e+00 -7.6604444312e+01 2212 0.0000000000e+00 1.0000000000e+00
356 2.8815289333e+03 0.0000000000e+00 3.3251752955e+03 6.4278760969e+01 0.0000000000e+00 -7.6604444312e+01 2212 0.0000000000e+00 1.0000000000e+00
357 2.8702139597e+03 0.0000000000e+00 3.3349470107e+03 6.4278760969e+01 0.0000000000e+00 -7.6604444312e+01 2212 0.0000000000e+00 1.0000000000e+00
358 2.7690225035e+03 0.0000000000e+00 3.4194318408e+03 6.4278760969e+01 0.0000000000e+00 -7.6604444312e+01 2212 0.0000000000e+00 1.0000000000e+00
359 2.8548132794e+03 0.0000000000e+00 3.3481399132e+03 6.4278760969e+01 0.0000000000e+00 -7.6604444312e+01 2212 0.0000000000e+00 1.0000000000e+00
360 2.7709835972e+03 0.0000000000e+00 3.4178428348e+03 6.4278760969e+01 0.0000000000e+00 -7.6604444312e+01 2212 0.0000000000e+00 1.0000000000e+00
361 2.7767750405e+03 0.0000000000e+00 3.4131393340e+03 6.4278760969e+01 0.0000000000e+00 -7.6604444312e+01 2212 0.0000000000e+00 1.0000000000e+00
362 2.8063302813e+03 0.0000000000e+00 3.3888803595e+03 6.4278760969e+01 0.0000000000e+00 -7.6604444312e+01 2212 0.0000000000e+00 1.0000000000e+00
363 2.8303942998e+03 0.0000000000e+00 3.3688080750e+03 6.4278760969e+01 0.0000000000e+00 -7.6604444312e+01 2212 0.0000000000e+00 1.0000000000e+00
364 2.8861167435e+03 0.0000000000e+00 3.3211940446e+03 6.4278760969e+01 0.0000000000e+00 -7.6604444312e+01 2212 0.0000000000e+00 1.0000000000e+00
365 2.8394841878e+03 0.0000000000e+00 3.3611499946e+03 6.4278760969e+01 0.0000000000e+00 -7.6604444312e+01 2212 0.0000000000e+00 1.0000000000e+00
366 2.7867384505e+03 0.0000000000e+00 3.4050093315e+03 6.4278760969e+01 0.0000000000e+00 -7.6604444312e+01 2212 0.0000000000e+00 1.0000000000e+00
367 2.8233116920e+03 0.0000000000e+00 3.3747460391e+03 6.4278760969e+01 0.0000000000e+00 -7.6604444312e+01 2212 0.0000000000e+00 1.0000000000e+00
368 2.7889406364e+03 0.0000000000e+00 3.4032058218e+03 6.4278760969e+01 0.0000000000e+00 -7.6604444312e+01 2212 0.0000000000e+00 1.0000000000e+00
369 2.8391035777e+03 0.0000000000e+00 3.3614714953e+03 6.4278760969e+01 0.0000000000e+00 -7.6604444312e+01 2212 0.0000000000e+00 1.0000000000e+00
370 2.8585723938e+03 0.0000000000e+00 3.3449310319e+03 6.4278760969e+01 0.0000000000e+00 -7.6604444312e+01 2212 0.0000000000e+00 1.0000000000e+00
371 2.8069672697e+03 0.0000000000e+00 3.3883527688e+03 6.4278760969e+01 0.0000000000e+00 -7.6604444312e+01 2212 0.0000000000e+00 1.0000000000e+00
372 2.7773006720e+03 0.0000000000e+00 3.4127116368e+03 6.4278760969e+01 0.0000000000e+00 -7.6604444312e+01 2212 0.0000000000e+00 1.0000000000e+00
373 2.8657185443e+03 0.0000000000e+00 3.3388107110e+03 6.4278760969e+01 0.0000000000e+00 -7.6604444312e+01 2212 0.0000000000e+00 1.0000000000e+00
374 2.8523676882e+03 0.0000000000e+00 3.3502236210e+03 6.4278760969e+01 0.0000000000e+00 -7.6604444312e+01 2212 0.0000000000e+00 1.0000000000e+00
375 2.7800645924e+03 0.0000000000e+00 3.4104604676e+03 6.4278760969e+01 0.0000000000e+00 -7.6604444312e+01 2212 0.0000000000e+00 1.0000000000e+00
376 2.8246359372e+03 0.0000000000e+00 3.3736377342e+03 6.4278760969e+01 0.0000000000e+00 -7.6604444312e+01 2212 0.0000000000e+00 1.0000000000e+00
377 2.7900681847e+03 0.0000000000e+00 3.4022814792e+03 6.4278760969e+01 0.0000000000e+00 -7.6604444312e+01 2212 0.0000000000e+00 1.0000000000e+00
378 2.7702256033e+03 0.0000000000e+00 3.4184572318e+03 6.4278760969e+01 0.0000000000e+00 -7.6604444312e+01 2212 0.0000000000e+00 1.0000000000e+00
379 2.7952717326e+03 0.0000000000e+00 3.3980076044e+03 6.4278760969e+01 0.0000000000e+00 -7.6604444312e+01 2212 0.0000000000e+00 1.0000000000e+00
380 2.8604694988e+03 0.0000000000e+00 3.3433088378e+03 6.4278760969e+01 0.0000000000e+00 -7.6604444312e+01 2212 0.0000000000e+00 1.0000000000e+00
381 2.8252162258e+03 0.0000000000e+00 3.3731517926e+03 6.4278760969e+01 0.0000000000e+00 -7.6604444312e+01 2212 0.0000000000e+00 1.0000000000e+00
382 2.8627302238e+03 0.0000000000e+00 3.3413732813e+03 6.4278760969e+01 0.0000000000e+00 -7.6604444312e+01 2212 0.0000000000e+00 1.0000000000e+00
383 2.8770791618e+03 0.0000000000e+00 3.3290261693e+03 6.4278760969e+01 0.0000000000e+00 -7.6604444312e+01 2212 0.0000000000e+00 1.0000000000e+00
384 2.7868246478e+03 0.0000000000e+00 3.4049387837e+03 6.4278760969e+01 0.0000000000e+00 -7.6604444312e+01 2212 0.0000000000e+00 1.0000000000e+00
385 2.8856784439e+03 0.0000000000e+00 3.3215748761e+03 6.4278760969e+01 0.0000000000e+00 -7.6604444312e+01 2212 0.0000000000e+00 1.0000000000e+00
386 2.7718380440e+03 0.0000000000e+00 3.4171499231e+03 6.4278760969e+01 0.0000000000e+00 -7.6604444312e+01 2212 0.0000000000e+00 1.0000000000e+00
387 2.8405081604e+03 0.0000000000e+00 3.3602846798e+03 6.4278760969e+01 0.0000000000e+00 -7.6604444312e+01 2212 0.0000000000e+00 1.0000000000e+00
388 2.8589800671e+03 0.0000000000e+00 3.3445825920e+03 6.4278760969e+01 0.0000000000e+00 -7.6604444312e+01 2212 0.0000000000e+00 1.0000000000e+00
389 2.8774400435e+03 0.0000000000e+00 3.3287142465e+03 6.4278760969e+01 0.0000000000e+00 -7.6604444312e+01 2212 0.0000000000e+00 1.0000000000e+00
390 2.7956225418e+03 0.0000000000e+00 3.3977189911e+03 6.4278760969e+01 0.0000000000e+00 -7.6604444312e+01 2212 0.0000000000e+00 1.0000000000e+00
391 2.8125437980e+03 0.0000000000e+00 3.3837253321e+03 6.4278760969e+01 0.0000000000e+00 -7.6604444312e+01 2212 0.0000000000e+00 1.0000000000e+00
392 2.8001867227e+03 0.0000000000e+00 3.3939584642e+03 6.4278760969e+01 0.0000000000e+00 -7.6604444312e+01 2212 0.0000000000e+00 1.0000000000e+00
393 2.7699408433e+03 0.0000000000e+00 3.4186879740e+03 6.4278760969e+01 0.0000000000e+00 -7.6604444312e+01 2212 0.0000000000e+00 1.0000000000e+00
394 2.8231876991e+03 0.0000000000e+00 3.3748497677e+03 6.4278760969e+01 0.0000000000e+00 -7.6604444312e+01 2212 0.0000000000e+00 1.0000000000e+00
395 2.8464626007e+03 0.0000000000e+00 3.3552422270e+03 6.4278760969e+01 0.0000000000e+00 -7.6604444312e+01 2212 0.0000000000e+00 1.0000000000e+00
396 2.7987354891e+03 0.0000000000e+00 3.3951552838e+03 6.4278760969e+01 0.0000000000e+00 -7.6604444312e+01 2212 0.0000000000e+00 1.0000000000e+00
397 2.7890209433e+03 0.0000000000e+00 3.4031400084e+03 6.4278760969e+01 0.0000000000e+00 -7.6604444312e+01 2212 0.0000000000e+00 1.0000000000e+00
398 2.8362913912e+03 0.0000000000e+00 3.3638446580e+03 6.4278760969e+01 0.0000000000e+00 -7.6604444312e+01 2212 0.0000000000e+00 1.0000000000e+00
399 2.8278487171e+03 0.0000000000e+00 3.3709451749e+03 6.4278760969e+01 0.0000000000e+00 -7.6604444312e+01 2212 0.0000000000e+00 1.0000000000e+00
400 2.8688769802e+03 0.0000000000e+00 3.3360972125e+03 6.4278760969e+01 0.0000000000e+00 -7.6604444312e+01 2212 0.0000000000e+00 1.0000000000e+00
401 2.8623339842e+03 0.0000000000e+00 3.3417127198e+03 6.4278760969e+01 0.0000000000e+00 -7.6604444312e+01 2212 0.0000000000e+00 1.0000000000e+00
402 2.8138975837e+03 0.0000000000e+00 3.3825996108e+03 6.4278760969e+01 0.0000000000e+00 -7.6604444312e+01 2212 0.0000000000e+00 1.0000000000e+00
403 2.8655004893e+03 0.0000000000e+00 3.3389978564e+03 6.4278760969e+01 0.0000000000e+00 -7.6604444312e+01 2212 0.0000000000e+00 1.0000000000e+00
404 2.8203117294e+03 0.0000000000e+00 3.3772535421e+03 6.4278760969e+01 0.0000000000e+00 -7.6604444312e+01 2212 0.0000000000e+00 1.0000000000e+00
405 2.8125588540e+03 0.0000000000e+00 3.3837128176e+03 6.4278760969e+01 0.0000000000e+00 -7.6604444312e+01 2212 0.0000000000e+00 1.0000000000e+00
406 2.8672085882e+03 0.0000000000e+00 3.3375312209e+03 6.4278760969e+01 0.0000000000e+00 -7.6604444312e+01 2212 0.0000000000e+00 1.0000000000e+00
407 2.7843485589e+03 0.0000000000e+00 3.4069638744e+03 6.4278760969e+01 0.0000000000e+00 -7.6604444312e+01 2212 0.0000000000e+00 1.0000000000e+00
408 2.8130748011e+03 0.0000000000e+00 3.3832838932e+03 6.4278760969e+01 0.0000000000e+00 -7.6604444312e+01 2212 0.0000000000e+00 1.0000000000e+00
409 2.7924720392e+03 0.0000000000e+00 3.4003087580e+03 6.4278760969e+01 0.0000000000e+00 -7.6604444312e+01 2212 0.0000000000e+00 1.0000000000e+00
410 2.7738474072e+03 0.0000000000e+00 3.4155190382e+03 6.4278760969e+01 0.0000000000e+00 -7.6604444312e+01 2212 0.0000000000e+00 1.0000000000e+00
411 2.7715030963e+03 0.0000000000e+00 3.4174215904e+03 6.4278760969e+01 0.0000000000e+00 -7.6604444312e+01 2212 0.0000000000e+00 1.0000000000e+00
412 2.8346927366e+03 0.0000000000e+00 3.3651919452e+03 6.4278760969e+01 0.0000000000e+00 -7.6604444312e+01 2212 0.0000000000e+00 1.0000000000e+00
413 2.8439469232e+03 0.0000000000e+00 3.3573748133e+03 6.4278760969e+01 0.0000000000e+00 -7.6604444312e+01 2212 0.0000000000e+00 1.0000000000e+00
414 2.8225251999e+03 0.0000000000e+00 3.3754038625e+03 6.4278760969e+01 0.0000000000e+00 -7.6604444312e+01 2212 0.0000000000e+00 1.0000000000e+00
415 2.8257489618e+03 0.0000000000e+00 3.3727055228e+03 6.4278760969e+01 0.0000000000e+00 -7.6604444312e+01 2212 0.0000000000e+00 1.0000000000e+00
416 2.8546857335e+03 0.0000000000e+00 3.3482486619e+03 6.4278760969e+01 0.0000000000e+00 -7.6604444312e+01 2212 0.0000000000e+00 1.0000000000e+00
417 2.7942907204e+03 0.0000000000e+00 3.3988143681e+03 6.4278760969e+01 0.0000000000e+00 -7.6604444312e+01 2212 0.0000000000e+00 1.0000000000e+00
418 2.8139390270e+03 0.0000000000e+00 3.3825651348e+03 6.4278760969e+01 0.0000000000e+00 -7.6604444312e+01 2212 0.0000000000e+00 1.0000000000e+00
419 2.8005781267e+03 0.0000000000e+00 3.3936354983e+03 6.4278760969e+01 0.0000000000e+00 -7.6604444312e+01 2212 0.0000000000e+00 1.0000000000e+00
420 2.8681455366e+03 0.0000000000e+00 3.3367260780e+03 6.4278760969e+01 0.0000000000e+00 -7.6604444312e+01 2212 0.0000000000e+00 1.0000000000e+00
421 2.7914917973e+03 0.0000000000e+00 3.4011135359e+03 6.4278760969e+01 0.0000000000e+00 -7.6604444312e+01 2212 0.0000000000e+00 1.0000000000e+00
422 2.8246535317e+03 0.0000000000e+00 3.3736230028e+03 6.4278760969e+01 0.0000000000e+00 -7.6604444312e+01 2212 0.0000000000e+00 1.0000000000e+00
423 2.8738657331e+03 0.0000000000e+00 3.3318006373e+03 6.4278760969e+01 0.0000000000e+00 -7.6604444312e+01 2212 0.0000000000e+00 1.0000000000e+00
424 2.8356290699e+03 0.0000000000e+00 3.3644029956e+03 6.4278760969e+01 0.0000000000e+00 -7.6604444312e+01 2212 0.0000000000e+00 1.0000000000e+00
425 2.8536152694e+03 0.0000000000e+00 3.3491610342e+03 6.4278760969e+01 0.0000000000e+00 -7.6604444312e+01 2212 0.0000000000e+00 1.0000000000e+00
426 2.8471866556e+03 0.0000000000e+00 3.3546278314e+03 6.4278760969e+01 0.0000000000e+00 -7.6604444312e+01 2212 0.0000000000e+00 1.0000000000e+00
427 2.7771867147e+03 0.0000000000e+00 3.4128043733e+03 6.4278760969e+01 0.0000000000e+00 -7.6604444312e+01 2212 0.0000000000e+00 1.0000000000e+00
428 2.8238205386e+03 0.0000000000e+00 3.3743202730e+03 6.4278760969e+01 0.0000000000e+00 -7.6604444312e+01 2212 0.0000000000e+00 1.0000000000e+00
429 2.7982272092e+03 0.0000000000e+00 3.3955742114e+03 6.4278760969e+01 0.0000000000e+00 -7.6604444312e+01 2212 0.0000000000e+00 1.0000000000e+00
430 2.8427857051e+03 0.0000000000e+00 3.3583581069e+03 6.4278760969e+01 0.0000000000e+00 -7.6604444312e+01 2212 0.0000000000e+00 1.0000000000e+00
431 2.8774165528e+03 0.0000000000e+00 3.3287345525e+03 6.4278760969e+01 0.0000000000e+00 -7.6604444312e+01 2212 0.0000000000e+00 1.0000000000e+00
432 2.7954102910e+03 0.0000000000e+00 3.3978936187e+03 6.4278760969e+01 0.0000000000e+00 -7.6604444312e+01 2212 0.0000000000e+00 1.0000000000e+00
433 2.7933963387e+03 0.0000000000e+00 3.3995494752e+03 6.4278760969e+01 0.0000000000e+00 -7.6604444312e+01 2212 0.0000000000e+00 1.0000000000e+00
434 2.8555694664e+03 0.0000000000e+00 3.3474949980e+03 6.4278760969e+01 0.0000000000e+00 -7.6604444312e+01 2212 0.0000000000e+00 1.0000000000e+00
435 2.8242492188e+03 0.0000000000e+00 3.3739614830e+03 6.4278760969e+01 0.0000000000e+00 -7.6604444312e+01 2212 0.0000000000e+00 1.0000000000e+00
436 2.8143205715e+03 0.0000000000e+00 3.3822476934e+03 6.4278760969e+01 0.0000000000e+00 -7.6604444312e+01 2212 0.0000000000e+00 1.0000000000e+00
437 2.8590976644e+03 0.0000000000e+00 3.3444820652e+03 6.4278760969e+01 0.0000000000e+00 -7.6604444312e+01 2212 0.0000000000e+00 1.0000000000e+00
438 2.7922011402e+03 0.0000000000e+00 3.4005312132e+03 6.4278760969e+01 0.0000000000e+00 -7.6604444312e+01 2212 0.0000000000e+00 1.0000000000e+00
439 2.8320717426e+03 0.0000000000e+00 3.3673980139e+03 6.4278760969e+01 0.0000000000e+00 -7.6604444312e+01 2212 0.0000000000e+00 1.0000000000e+00
440 2.8012514508e+03 0.0000000000e+00 3.3930797291e+03 6.4278760969e+01 0.0000000000e+00 -7.6604444312e+01 2212 0.0000000000e+00 1.0000000000e+00
441 2.8342640322e+03 0.0000000000e+00 3.3655530206e+03 6.4278760969e+01 0.0000000000e+00 -7.6604444312e+01 2212 0.0000000000e+00 1.0000000000e+00
442 2.7986523077e+03 0.0000000000e+00 3.3952238512e+03 6.4278760969e+01 0.0000000000e+00 -7.6604444312e+01 2212 0.0000000000e+00 1.0000000000e+00
443 2.7969815606e+03 0.0000000000e+00 3.3966003428e+03 6.4278760969e+01 0.0000000000e+00 -7.6604444312e+01 2212 0.0000000000e+00 1.0000000000e+00
444 2.7871300474e+03 0.0000000000e+00 3.4046888019e+03 6.4278760969e+01 0.0000000000e+00 -7.6604444312e+01 2212 0.0000000000e+00 1.0000000000e+00
445 2.8018218832e+03 0.0000000000e+00 3.3926087121e+03 6.4278760969e+01 0.0000000000e+00 -7.6604444312e+01 2212 0.0000000000e+00 1.0000000000e+00
446 2.8600668323e+03 0.0000000000e+00 3.3436533094e+03 6.4278760969e+01 0.0000000000e+00 -7.6604444312e+01 2212 0.0000000000e+00 1.0000000000e+00
447 2.7710199884e+03 0.0000000000e+00 3.4178133306e+03 6.4278760969e+01 0.0000000000e+00 -7.6604444312e+01 2212 0.0000000000e+00 1.0000000000e+00
448 2.7993854611e+03 0.0000000000e+00 3.3946193865e+03 6.4278760969e+01 0.0000000000e+00 -7.6604444312e+01 2212 0.0000000000e+00 1.0000000000e+00
449 2.8191293640e+03 0.0000000000e+00 3.3782405728e+03 6.4278760969e+01 0.0000000000e+00 -7.6604444312e+01 2212 0.0000000000e+00 1.0000000000e+00
450 2.7842059243e+03 0.0000000000e+00 3.4070804378e+03 6.4278760969e+01 0.0000000000e+00 -7.6604444312e+01 2212 0.0000000000e+00 1.0000000000e+00
451 2.7746157081e+03 0.0000000000e+00 3.4148949342e+03 6.4278760969e+01 0.0000000000e+00 -7.6604444312e+01 2212 0.0000000000e+00 1.0000000000e+00
452 2.8476512540e+03 0.0000000000e+00 3.3542334556e+03 6.4278760969e+01 0.0000000000e+00 -7.6604444312e+01 2212 0.0000000000e+00 1.0000000000e+00
453 2.7760699139e+03 0.0000000000e+00 3.4137128720e+03 6.4278760969e+01 0.0000000000e+00 -7.6604444312e+01 2212 0.0000000000e+00 1.0000000000e+00
454 2.8179933597e+03 0.0000000000e+00 3.3791882403e+03 6.4278760969e+01 0.0000000000e+00 -7.6604444312e+01 2212 0.0000000000e+00 1.0000000000e+00
455 2.8069115180e+03 0.0000000000e+00 3.3883989536e+03 6.4278760969e+01 0.0000000000e+00 -7.6604444312e+01 2212 0.0000000000e+00 1.0000000000e+00
456 2.8479557339e+03 0.0000000000e+00 3.3539749368e+03 6.4278760969e+01 0.0000000000e+00 -7.6604444312e+01 2212 0.0000000000e+00 1.0000000000e+00
457 2.8215607449e+03 0.0000000000e+00 3.3762101092e+03 6.4278760969e+01 0.0000000000e+00 -7.6604444312e+01 2212 0.0000000000e+00 1.0000000000e+00
458 2.8470243745e+03 0.0000000000e+00 3.3547655581e+03 6.4278760969e+01 0.0000000000e+00 -7.6604444312e+01 2212 0.0000000000e+00 1.0000000000e+00
459 2.7890837416e+03 0.0000000000e+00 3.4030885415e+03 6.4278760969e+01 0.0000000000e+00 -7.6604444312e+01 2212 0.0000000000e+00 1.0000000000e+00
460 2.8053018934e+03 0.0000000000e+00 3.3897317041e+03 6.4278760969e+01 0.0000000000e+00 -7.6604444312e+01 2212 0.0000000000e+00 1.0000000000e+00
461 2.8048226353e+03 0.0000000000e+00 3.3901282754e+03 6.4278760969e+01 0.0000000000e+00 -7.6604444312e+01 2212 0.0000000000e+00 1.0000000000e+00
462 2.7929595336e+03 0.0000000000e+00 3.3999083491e+03 6.4278760969e+01 0.0000000000e+00 -7.6604444312e+01 2212 0.0000000000e+00 1.0000000000e+00
463 2.8223080444e+03 0.0000000000e+00 3.3755854368e+03 6.4278760969e+01 0.0000000000e+00 -7.6604444312e+01 2212 0.0000000000e+00 1.0000000000e+00
464 2.7954276664e+03 0.0000000000e+00 3.3978793240e+03 6.4278760969e+01 0.0000000000e+00 -7.6604444312e+01 2212 0.0000000000e+00 1.0000000000e+00
465 2.8250970668e+03 0.0000000000e+00 3.3732515918e+03 6.4278760969e+01 0.0000000000e+00 -7.6604444312e+01 2212 0.0000000000e+00 1.0000000000e+00
466 2.7833052277e+03 0.0000000000e+00 3.4078162727e+03 6.4278760969e+01 0.0000000000e+00 -7.6604444312e+01 2212 0.0000000000e+00 1.0000000000e+00
467 2.8522212079e+03 0.0000000000e+00 3.3503483281e+03 6.4278760969e+01 0.0000000000e+00 -7.6604444312e+01 2212 0.0000000000e+00 1.0000000000e+00
468 2.7734410917e+03 0.0000000000e+00 3.4158489794e+03 6.4278760969e+01 0.0000000000e+00 -7.6604444312e+01 2212 0.0000000000e+00 1.0000000000e+00
469 2.8518024040e+03 0.0000000000e+00 3.3507048195e+03 6.4278760969e+01 0.0000000000e+00 -7.6604444312e+01 2212 0.0000000000e+00 1.0000000000e+00
470 2.7730817171e+03 0.0000000000e+00 3.4161407362e+03 6.4278760969e+01 0.0000000000e+00 -7.6604444312e+01 2212 0.0000000000e+00 1.0000000000e+00
471 2.8392687592e+03 0.0000000000e+00 3.3613319759e+03 6.4278760969e+01 0.0000000000e+00 -7.6604444312e+01 2212 0.0000000000e+00 1.0000000000e+00
472 2.7964320882e+03 0.0000000000e+00 3.3970527395e+03 6.4278760969e+01 0.0000000000e+00 -7.6604444312e+01 2212 0.0000000000e+00 1.0000000000e+00
473 2.8835211588e+03 0.0000000000e+00 3.3234478280e+03 6.4278760969e+01 0.0000000000e+00 -7.6604444312e+01 2212 0.0000000000e+00 1.0000000000e+00
474 2.7961779841e+03 0.0000000000e+00 3.3972619004e+03 6.4278760969e+01 0.0000000000e+00 -7.6604444312e+01 2212 0.0000000000e+00 1.0000000000e+00
475 2.8473012534e+03 0.0000000000e+00 3.3545305649e+03 6.4278760969e+01 0.0000000000e+00 -7.6604444312e+01 2212 0.0000000000e+00 1.0000000000e+00
476 2.8429350135e+03 0.0000000000e+00 3.3582317144e+03 6.4278760969e+01 0.0000000000e+00 -7.6604444312e+01 2212 0.0000000000e+00 1.0000000000e+00
477 2.8724704021e+03 0.0000000000e+00 3.3330036796e+03 6.4278760969e+01 0.0000000000e+00 -7.6604444312e+01 2212 0.0000000000e+00 1.0000000000e+00
478 2.8741856595e+03 0.0000000000e+00 3.3315246560e+03 6.4278760969e+01 0.0000000000e+00 -7.6604444312e+01 2212 0.0000000000e+00 1.0000000000e+00
479 2.8181738727e+03 0.0000000000e+00 3.3790376977e+03 6.4278760969e+01 0.0000000000e+00 -7.6604444312e+01 2212 0.0000000000e+00 1.0000000000e+00
480 2.8610417885e+03 0.0000000000e+00 3.3428191131e+03 6.4278760969e+01 0.0000000000e+00 -7.6604444312e+01 2212 0.0000000000e+00 1.0000000000e+00
481 2.8631820245e+03 0.0000000000e+00 3.3409861469e+03 6.4278760969e+01 0.0000000000e+00 -7.6604444312e+01 2212 0.0000000000e+00 1.0000000000e+00
482 2.8542357701e+03 0.0000000000e+00 3.3486322443e+03 6.4278760969e+01 0.0000000000e+00 -7.6604444312e+01 2212 0.0000000000e+00 1.0000000000e+00
483 2.7854467030e+03 0.0000000000e+00 3.4060661185e+03 6.4278760969e+01 0.0000000000e+00 -7.6604444312e+01 2212 0.0000000000e+00 1.0000000000e+00
484 2.8059010989e+03 0.0000000000e+00 3.3892357194e+03 6.4278760969e+01 0.0000000000e+00 -7.6604444312e+01 2212 0.0000000000e+00 1.0000000000e+00
485 2.8000625494e+03 0.0000000000e+00 3.3940609096e+03 6.4278760969e+01 0.0000000000e+00 -7.6604444312e+01 2212 0.0000000000e+00 1.0000000000e+00
486 2.8121241697e+03 0.0000000000e+00 3.3840740821e+03 6.4278760969e+01 0.0000000000e+00 -7.6604444312e+01 2212 0.0000000000e+00 1.0000000000e+00
487 2.7959933836e+03 0.0000000000e+00 3.3974138308e+03 6.4278760969e+01 0.0000000000e+00 -7.6604444312e+01 2212 0.0000000000e+00 1.0000000000e+00
488 2.7923491861e+03 0.0000000000e+00 3.4004096462e+03 6.4278760969e+01 0.0000000000e+00 -7.6604444312e+01 2212 0.0000000000e+00 1.0000000000e+00
489 2.8320818204e+03 0.0000000000e+00 3.3673895381e+03 6.4278760969e+01 0.0000000000e+00 -7.6604444312e+01 2212 0.0000000000e+00 1.0000000000e+00
490 2.8791749235e+03 0.0000000000e+00 3.3272137742e+03 6.4278760969e+01 0.0000000000e+00 -7.6604444312e+01 2212 0.0000000000e+00 1.0000000000e+00
491 2.8511094084e+03 0.0000000000e+00 3.3512945081e+03 6.4278760969e+01 0.0000000000e+00 -7.6604444312e+01 2212 0.0000000000e+00 1.0000000000e+00
492 2.8355222653e+03 0.0000000000e+00 3.3644930111e+03 6.4278760969e+01 0.0000000000e+00 -7.6604444312e+01 2212 0.0000000000e+00 1.0000000000e+00
493 2.7980302913e+03 0.0000000000e+00 3.3957364780e+03 6.4278760969e+01 0.0000000000e+00 -7.6604444312e+01 2212 0.0000000000e+00 1.0000000000e+00
494 2.8654224801e+03 0.0000000000e+00 3.3390648017e+03 6.4278760969e+01 0.0000000000e+00 -7.6604444312e+01 2212 0.0000000000e+00 1.0000000000e+00
495 2.7922325801e+03 0.0000000000e+00 3.4005053974e+03 6.4278760969e+01 0.0000000000e+00 -7.6604444312e+01 2212 0.0000000000e+00 1.0000000000e+00
496 2.8104500393e+03 0.0000000000e+00 3.3854645642e+03 6.4278760969e+01 0.0000000000e+00 -7.6604444312e+01 2212 0.0000000000e+00 1.0000000000e+00
497 2.8622568151e+03 0.0000000000e+00 3.3417788172e+03 6.4278760969e+01 0.0000000000e+00 -7.6604444312e+01 2212 0.0000000000e+00 1.0000000000e+00
498 2.8633732154e+03 0.0000000000e+00 3.3408222892e+03 6.4278760969e+01 0.0000000000e+00 -7.6604444312e+01 2212 0.0000000000e+00 1.0000000000e+00
499 2.8171174706e+03 0.0000000000e+00 3.3799184747e+03 6.4278760969e+01 0.0000000000e+00 -7.6604444312e+01 2212 0.0000000000e+00 1.0000000000e+00
500 2.7814174097e+03 0.0000000000e+00 3.4093572608e+03 6.4278760969e+01 0.0000000000e+00 -7.6604444312e+01 2212 0.0000000000e+00 1.0000000000e+00
501 2.8206200918e+03 0.0000000000e+00 3.3769960078e+03 6.4278760969e+01 0.0000000000e+00 -7.6604444312e+01 2212 0.0000000000e+00 1.0000000000e+00
502 2.8531449116e+03 0.0000000000e+00 3.3495617403e+03 6.4278760969e+01 0.0000000000e+00 -7.6604444312e+01 2212 0.0000000000e+00 1.0000000000e+00
503 2.8431076979e+03 0.0000000000e+00 3.3580855196e+03 6.4278760969e+01 0.0000000000e+00 -7.6604444312e+01 2212 0.0000000000e+00 1.0000000000e+00
504 2.8770787735e+03 0.0000000000e+00 3.3290265049e+03 6.4278760969e+01 0.0000000000e+00 -7.6604444312e+01 2212 0.0000000000e+00 1.0000000000e+00
505 2.8492491369e+03 0.0000000000e+00 3.3528762421e+03 6.4278760969e+01 0.0000000000e+00 -7.6604444312e+01 2212 0.0000000000e+00 1.0000000000e+00
506 2.8638246247e+03 0.0000000000e+00 3.3404353396e+03 6.4278760969e+01 0.0000000000e+00 -7.6604444312e+01 2212 0.0000000000e+00 1.0000000000e+00
507 2.8201924737e+03 0.0000000000e+00 3.3773531279e+03 6.4278760969e+01 0.0000000000e+00 -7.6604444312e+01 2212 0.0000000000e+00 1.0000000000e+00
508 2.8078729130e+03 0.0000000000e+00 3.3876023148e+03 6.4278760969e+01 0.0000000000e+00 -7.6604444312e+01 2212 0.0000000000e+00 1.0000000000e+00
509 2.8040948186e+03 0.0000000000e+00 3.3907303030e+03 6.4278760969e+01 0.0000000000e+00 -7.6604444312e+01 2212 0.0000000000e+00 1.0000000000e+00
510 2.7993493725e+03 0.0000000000e+00 3.3946491467e+03 6.4278760969e+01 0.0000000000e+00 -7.6604444312e+01 2212 0.0000000000e+00 1.0000000000e+00
511 2.8863449619e+03 0.0000000000e+00 3.3209957091e+03 6.4278760969e+01 0.0000000000e+00 -7.6604444312e+01 2212 0.0000000000e+00 1.0000000000e+00
512 2.8276773963e+03 0.0000000000e+00 3.3710888866e+03 6.4278760969e+01 0.0000000000e+00 -7.6604444312e+01 2212 0.0000000000e+00 1.0000000000e+00
513 2.7924908023e+03 0.0000000000e+00 3.4002933488e+03 6.4278760969e+01 0.0000000000e+00 -7.6604444312e+01 2212 0.0000000000e+00 1.0000000000e+00
514 2.8180884318e+03 0.0000000000e+00 3.3791089550e+03 6.4278760969e+01 0.0000000000e+00 -7.6604444312e+01 2212 0.0000000000e+00 1.0000000000e+00
515 2.8350789796e+03 0.0000000000e+00 3.3648665528e+03 6.4278760969e+01 0.0000000000e+00 -7.6604444312e+01 2212 0.0000000000e+00 1.0000000000e+00
516 2.8194241659e+03 0.0000000000e+00 3.3779945399e+03 6.4278760969e+01 0.0000000000e+00 -7.6604444312e+01 2212 0.0000000000e+00 1.0000000000e+00
517 2.8251007656e+03 0.0000000000e+00 3.3732484942e+03 6.4278760969e+01 0.0000000000e+00 -7.6604444312e+01 2212 0.0000000000e+00 1.0000000000e+00
518 2.7778782322e+03 0.0000000000e+00 3.4122415310e+03 6.4278760969e+01 0.0000000000e+00 -7.6604444312e+01 2212 0.0000000000e+00 1.0000000000e+00
519 2.7795904398e+03 0.0000000000e+00 3.4108469221e+03 6.4278760969e+01 0.0000000000e+00 -7.6604444312e+01 2212 0.0000000000e+00 1.0000000000e+00
520 2.8404115466e+03 0.0000000000e+00 3.3603663468e+03 6.4278760969e+01 0.0000000000e+00 -7.6604444312e+01 2212 0.0000000000e+00 1.0000000000e+00
521 2.8061469327e+03 0.0000000000e+00 3.3890321821e+03 6.4278760969e+01 0.0000000000e+00 -7.6604444312e+01 2212 0.0000000000e+00 1.0000000000e+00
522 2.8572443367e+03 0.0000000000e+00 3.3460655313e+03 6.4278760969e+01 0.0000000000e+00 -7.6604444312e+01 2212 0.0000000000e+00 1.0000000000e+00
523 2.8398588033e+03 0.0000000000e+00 3.3608334853e+03 6.4278760969e+01 0.0000000000e+00 -7.6604444312e+01 2212 0.0000000000e+00 1.0000000000e+00
524 2.8631238763e+03 0.0000000000e+00 3.3410359782e+03 6.4278760969e+01 0.0000000000e+00 -7.6604444312e+01 2212 0.0000000000e+00 1.0000000000e+00
525 2.7748815511e+03 0.0000000000e+00 3.4146789185e+03 6.4278760969e+01 0.0000000000e+00 -7.6604444312e+01 2212 0.0000000000e+00 1.0000000000e+00
526 2.8142991355e+03 0.0000000000e+00 3.3822655299e+03 6.4278760969e+01 0.0000000000e+00 -7.6604444312e+01 2212 0.0000000000e+00 1.0000000000e+00
527 2.8127028791e+03 0.0000000000e+00 3.3835930980e+03 6.4278760969e+01 0.0000000000e+00 -7.6604444312e+01 2212 0.0000000000e+00 1.0000000000e+00
528 2.8630751192e+03 0.0000000000e+00 3.3410777603e+03 6.4278760969e+01 0.0000000000e+00 -7.6604444312e+01 2212 0.0000000000e+00 1.0000000000e+00
529 2.7842878355e+03 0.0000000000e+00 3.4070134999e+03 6.4278760969e+01 0.0000000000e+00 -7.6604444312e+01 2212 0.0000000000e+00 1.0000000000e+00
530 2.8249458860e+03 0.0000000000e+00 3.3733781999e+03 6.4278760969e+01 0.0000000000e+00 -7.6604444312e+01 2212 0.0000000000e+00 1.0000000000e+00
531 2.7721110865e+03 0.0000000000e+00 3.4169284252e+03 6.4278760969e+01 0.0000000000e+00 -7.6604444312e+01 2212 0.0000000000e+00 1.0000000000e+00
532 2.8542296799e+03 0.0000000000e+00 3.3486374353e+03 6.4278760969e+01 0.0000000000e+00 -7.6604444312e+01 2212 0.0000000000e+00 1.0000000000e+00
533 2.8554821148e+03 0.0000000000e+00 3.3475695110e+03 6.4278760969e+01 0.0000000000e+00 -7.6604444312e+01 2212 0.0000000000e+00 1.0000000000e+00
534 2.7915337673e+03 0.0000000000e+00 3.4010790883e+03 6.4278760969e+01 0.0000000000e+00 -7.6604444312e+01 2212 0.0000000000e+00 1.0000000000e+00
535 2.8003074767e+03 0.0000000000e+00 3.3938588325e+03 6.4278760969e+01 0.0000000000e+00 -7.6604444312e+01 2212 0.0000000000e+00 1.0000000000e+00
536 2.8205628935e+03 0.0000000000e+00 3.3770437816e+03 6.4278760969e+01 0.0000000000e+00 -7.6604444312e+01 2212 0.0000000000e+00 1.0000000000e+00
537 2.8530700120e+03 0.0000000000e+00 3.3496255381e+03 6.4278760969e+01 0.0000000000e+00 -7.6604444312e+01 2212 0.0000000000e+00 1.0000000000e+00
538 2.8661423252e+03 0.0000000000e+00 3.3384469309e+03 6.4278760969e+01 0.0000000000e+00 -7.6604444312e+01 2212 0.0000000000e+00 1.0000000000e+00
539 2.8490873376e+03 0.0000000000e+00 3.3530137312e+03 6.4278760969e+01 0.0000000000e+00 -7.6604444312e+01 2212 0.0000000000e+00 1.0000000000e+00
540 2.8664691329e+03 0.0000000000e+00 3.3381663303e+03 6.4278760969e+01 0.0000000000e+00 -7.6604444312e+01 2212 0.0000000000e+00 1.0000000000e+00
541 2.8658131600e+03 0.0000000000e+00 3.3387294995e+03 6.4278760969e+01 0.0000000000e+00 -7.6604444312e+01 2212 0.0000000000e+00 1.0000000000e+00
542 2.7915709012e+03 0.0000000000e+00 3.4010486093e+03 6.4278760969e+01 0.0000000000e+00 -7.6604444312e+01 2212 0.0000000000e+00 1.0000000000e+00
543 2.8623575169e+03 0.0000000000e+00 3.3416925628e+03 6.4278760969e+01 0.0000000000e+00 -7.6604444312e+01 2212 0.0000000000e+00 1.0000000000e+00
544 2.7714084358e+03 0.0000000000e+00 3.4174983571e+03 6.4278760969e+01 0.0000000000e+00 -7.6604444312e+01 2212 0.0000000000e+00 1.0000000000e+00
545 2.8406894427e+03 0.0000000000e+00 3.3601314303e+03 6.4278760969e+01 0.0000000000e+00 -7.6604444312e+01 2212 0.0000000000e+00 1.0000000000e+00
546 2.8521358901e+03 0.0000000000e+00 3.3504209591e+03 6.4278760969e+01 0.0000000000e+00 -7.6604444312e+01 2212 0.0000000000e+00 1.0000000000e+00
547 2.8287364241e+03 0.0000000000e+00 3.3702002881e+03 6.4278760969e+01 0.0000000000e+00 -7.6604444312e+01 2212 0.0000000000e+00 1.0000000000e+00
548 2.8102557721e+03 0.0000000000e+00 3.3856258261e+03 6.4278760969e+01 0.0000000000e+00 -7.6604444312e+01 2212 0.0000000000e+00 1.0000000000e+00
549 2.8201034846e+03 0.0000000000e+00 3.3774274344e+03 6.4278760969e+01 0.0000000000e+00 -7.6604444312e+01 2212 0.0000000000e+00 1.0000000000e+00
550 2.8187834545e+03 0.0000000000e+00 3.3785292030e+03 6.4278760969e+01 0.0000000000e+00 -7.6604444312e+01 2212 0.0000000000e+00 1.0000000000e+00
551 2.7810290677e+03 0.0000000000e+00 3.4096740407e+03 6.4278760969e+01 0.0000000000e+00 -7.6604444312e+01 2212 0.0000000000e+00 1.0000000000e+00
552 2.8596834264e+03 0.0000000000e+00 3.3439812260e+03 6.4278760969e+01 0.0000000000e+00 -7.6604444312e+01 2212 0.0000000000e+00 1.0000000000e+00
553 2.8266797831e+03 0.0000000000e+00 3.3719254355e+03 6.4278760969e+01 0.0000000000e+00 -7.6604444312e+01 2212 0.0000000000e+00 1.0000000000e+00
554 2.8823542947e+03 0.0000000000e+00 3.3244598747e+03 6.4278760969e+01 0.0000000000e+00 -7.6604444312e+01 2212 0.0000000000e+00 1.0000000000e+00
555 2.8165292426e+03 0.0000000000e+00 3.3804086683e+03 6.4278760969e+01 0.0000000000e+00 -7.6604444312e+01 2212 0.0000000000e+00 1.0000000000e+00
556 2.8741861389e+03 0.0000000000e+00 3.3315242425e+03 6.4278760969e+01 0.0000000000e+00 -7.6604444312e+01 2212 0.0000000000e+00 1.0000000000e+00
557 2.8385085909e+03 0.0000000000e+00 3.3619739319e+03 6.4278760969e+01 0.0000000000e+00 -7.6604444312e+01 2212 0.0000000000e+00 1.0000000000e+00
558 2.7850857739e+03 0.0000000000e+00 3.4063612508e+03 6.4278760969e+01 0.0000000000e+00 -7.6604444312e+01 2212 0.0000000000e+00 1.0000000000e+00
559 2.8216900572e+03 0.0000000000e+00 3.3761020364e+03 6.4278760969e+01 0.0000000000e+00 -7.6604444312e+01 2212 0.0000000000e+00 1.0000000000e+00
560 2.8631505238e+03 0.0000000000e+00 3.3410131423e+03 6.4278760969e+01 0.0000000000e+00 -7.6604444312e+01 2212 0.0000000000e+00 1.0000000000e+00
561 2.7968384269e+03 0.0000000000e+00 3.3967182033e+03 6.4278760969e+01 0.0000000000e+00 -7.6604444312e+01 2212 0.0000000000e+00 1.0000000000e+00
562 2.8496322358e+03 0.0000000000e+00 3.3525506498e+03 6.4278760969e+01 0.0000000000e+00 -7.6604444312e+01 2212 0.0000000000e+00 1.0000000000e+00
563 2.8440251735e+03 0.0000000000e+00 3.3573085279e+03 6.4278760969e+01 0.0000000000e+00 -7.6604444312e+01 2212 0.0000000000e+00 1.0000000000e+00
564 2.8317998090e+03 0.0000000000e+00 3.3676266985e+03 6.4278760969e+01 0.0000000000e+00 -7.6604444312e+01 2212 0.0000000000e+00 1.0000000000e+00
565 2.7962821852e+03 0.0000000000e+00 3.3971761331e+03 6.4278760969e+01 0.0000000000e+00 -7.6604444312e+01 2212 0.0000000000e+00 1.0000000000e+00
566 2.8710934324e+03 0.0000000000e+00 3.3341898928e+03 6.4278760969e+01 0.0000000000e+00 -7.6604444312e+01 2212 0.0000000000e+00 1.0000000000e+00
567 2.7989161219e+03 0.0000000000e+00 3.3950063743e+03 6.4278760969e+01 0.0000000000e+00 -7.6604444312e+01 2212 0.0000000000e+00 1.0000000000e+00
568 2.8579507193e+03 0.0000000000e+00 3.3454622140e+03 6.4278760969e+01 0.0000000000e+00 -7.6604444312e+01 2212 0.0000000000e+00 1.0000000000e+00
569 2.8841749058e+03 0.0000000000e+00 3.3228805052e+03 6.4278760969e+01 0.0000000000e+00 -7.6604444312e+01 2212 0.0000000000e+00 1.0000000000e+00
570 2.7801197871e+03 0.0000000000e+00 3.4104154744e+03 6.4278760969e+01 0.0000000000e+00 -7.6604444312e+01 2212 0.0000000000e+00 1.0000000000e+00
571 2.8219780392e+03 0.0000000000e+00 3.3758613249e+03 6.4278760969e+01 0.0000000000e+00 -7.6604444312e+01 2212 0.0000000000e+00 1.0000000000e+00
572 2.8081479863e+03 0.0000000000e+00 3.3873742967e+03 6.4278760969e+01 0.0000000000e+00 -7.6604444312e+01 2212 0.0000000000e+00 1.0000000000e+00
573 2.7786535033e+03 0.0000000000e+00 3.4116102426e+03 6.4278760969e+01 0.0000000000e+00 -7.6604444312e+01 2212 0.0000000000e+00 1.0000000000e+00
574 2.8179411934e+03 0.0000000000e+00 3.3792317425e+03 6.4278760969e+01 0.0000000000e+00 -7.6604444312e+01 2212 0.0000000000e+00 1.0000000000e+00
575 2.7832846014e+03 0.0000000000e+00 3.4078331190e+03 6.4278760969e+01 0.0000000000e+00 -7.6604444312e+01 2212 0.0000000000e+00 1.0000000000e+00
576 2.7691248370e+03 0.0000000000e+00 3.4193489696e+03 6.4278760969e+01 0.0000000000e+00 -7.6604444312e+01 2212 0.0000000000e+00 1.0000000000e+00
577 2.8238837144e+03 0.0000000000e+00 3.3742674029e+03 6.4278760969e+01 0.0000000000e+00 -7.6604444312e+01 2212 0.0000000000e+00 1.0000000000e+00
578 2.8397279760e+03 0.0000000000e+00 3.3609440283e+03 6.4278760969e+01 0.0000000000e+00 -7.6604444312e+01 2212 0.0000000000e+00 1.0000000000e+00
579 2.8608968416e+03 0.0000000000e+00 3.3429431644e+03 6.4278760969e+01 0.0000000000e+00 -7.6604444312e+01 2212 0.0000000000e+00 1.0000000000e+00
580 2.8496873472e+03 0.0000000000e+00 3.3525038049e+03 6.4278760969e+01 0.0000000000e+00 -7.6604444312e+01 2212 0.0000000000e+00 1.0000000000e+00
581 2.8163049889e+03 0.0000000000e+00 3.3805955020e+03 6.4278760969e+01 0.0000000000e+00 -7.6604444312e+01 2212 0.0000000000e+00 1.0000000000e+00
582 2.8125018428e+03 0.0000000000e+00 3.3837602048e+03 6.4278760969e+01 0.0000000000e+00 -7.6604444312e+01 2212 0.0000000000e+00 1.0000000000e+00
583 2.8428847845e+03 0.0000000000e+00 3.3582742355e+03 6.4278760969e+01 0.0000000000e+00 -7.6604444312e+01 2212 0.0000000000e+00 1.0000000000e+00
584 2.8160695032e+03 0.0000000000e+00 3.3807916665e+03 6.4278760969e+01 0.0000000000e+00 -7.6604444312e+01 2212 0.0000000000e+00 1.0000000000e+00
585 2.8632251868e+03 0.0000000000e+00 3.3409491568e+03 6.4278760969e+01 0.0000000000e+00 -7.6604444312e+01 2212 0.0000000000e+00 1.0000000000e+00
586 2.8253652735e+03 0.0000000000e+00 3.3730269507e+03 6.4278760969e+01 0.0000000000e+00 -7.6604444312e+01 2212 0.0000000000e+00 1.0000000000e+00
587 2.8276241633e+03 0.0000000000e+00 3.3711335378e+03 6.4278760969e+01 0.0000000000e+00 -7.6604444312e+01 2212 0.0000000000e+00 1.0000000000e+00
588 2.8377936593e+03 0.0000000000e+00 3.3625774171e+03 6.4278760969e+01 0.0000000000e+00 -7.6604444312e+01 2212 0.0000000000e+00 1.0000000000e+00
589 2.7734691045e+03 0.0000000000e+00 3.4158262346e+03 6.4278760969e+01 0.0000000000e+00 -7.6604444312e+01 2212 0.0000000000e+00 1.0000000000e+00
590 2.7853467449e+03 0.0000000000e+00 3.4061478608e+03 6.4278760969e+01 0.0000000000e+00 -7.6604444312e+01 2212 0.0000000000e+00 1.0000000000e+00
591 2.8539733511e+03 0.0000000000e+00 3.3488559016e+03 6.4278760969e+01 0.0000000000e+00 -7.6604444312e+01 2212 0.0000000000e+00 1.0000000000e+00
592 2.8865918012e+03 0.0000000000e+00 3.3207811600e+03 6.4278760969e+01 0.0000000000e+00 -7.6604444312e+01 2212 0.0000000000e+00 1.0000000000e+00
593 2.8509487838e+03 0.0000000000e+00 3.3514311526e+03 6.4278760969e+01 0.0000000000e+00 -7.6604444312e+01 2212 0.0000000000e+00 1.0000000000e+00
594 2.8291274611e+03 0.0000000000e+00 3.3698720373e+03 6.4278760969e+01 0.0000000000e+00 -7.6604444312e+01 2212 0.0000000000e+00 1.0000000000e+00
595 2.8064948824e+03 0.0000000000e+00 3.3887440467e+03 6.4278760969e+01 0.0000000000e+00 -7.6604444312e+01 2212 0.0000000000e+00 1.0000000000e+00
596 2.8274496367e+03 0.0000000000e+00 3.3712799188e+03 6.4278760969e+01 0.0000000000e+00 -7.6604444312e+01 2212 0.0000000000e+00 1.0000000000e+00
597 2.8676695939e+03 0.0000000000e+00 3.3371351245e+03 6.4278760969e+01 0.0000000000e+00 -7.6604444312e+01 2212 0.0000000000e+00 1.0000000000e+00
598 2.7912561982e+03 0.0000000000e+00 3.4013068922e+03 6.4278760969e+01 0.0000000000e+00 -7.6604444312e+01 2212 0.0000000000e+00 1.0000000000e+00
599 2.7738289462e+03 0.0000000000e+00 3.4155340309e+03 6.4278760969e+01 0.0000000000e+00 -7.6604444312e+01 2212 0.0000000000e+00 1.0000000000e+00
600 2.8042025562e+03 0.0000000000e+00 3.3906412023e+03 6.4278760969e+01 0.0000000000e+00 -7.6604444312e+01 2212 0.0000000000e+00 1.0000000000e+00
601 2.8434849696e+03 0.0000000000e+00 3.3577660679e+03 6.4278760969e+01 0.0000000000e+00 -7.6604444312e+01 2212 0.0000000000e+00 1.0000000000e+00
602 2.8632333660e+03 0.0000000000e+00 3.3409421472e+03 6.4278760969e+01 0.0000000000e+00 -7.6604444312e+01 2212 0.0000000000e+00 1.0000000000e+00
603 2.7716046792e+03 0.0000000000e+00 3.4173392048e+03 6.4278760969e+01 0.0000000000e+00 -7.6604444312e+01 2212 0.0000000000e+00 1.0000000000e+00
604 2.8040475403e+03 0.0000000000e+00 3.3907694010e+03 6.4278760969e+01 0.0000000000e+00 -7.6604444312e+01 2212 0.0000000000e+00 1.0000000000e+00
605 2.8566098361e+03 0.0000000000e+00 3.3466072347e+03 6.4278760969e+01 0.0000000000e+00 -7.6604444312e+01 2212 0.0000000000e+00 1.0000000000e+00
606 2.8513908615e+03 0.0000000000e+00 3.3510550419e+03 6.4278760969e+01 0.0000000000e+00 -7.6604444312e+01 2212 0.0000000000e+00 1.0000000000e+00
607 2.8161246321e+03 0.0000000000e+00 3.3807457454e+03 6.4278760969e+01 0.0000000000e+00 -7.6604444312e+01 2212 0.0000000000e+00 1.0000000000e+00
608 2.8014642188e+03 0.0000000000e+00 3.3929040614e+03 6.4278760969e+01 0.0000000000e+00 -7.6604444312e+01 2212 0.0000000000e+00 1.0000000000e+00
609 2.8305686990e+03 0.0000000000e+00 3.3686615412e+03 6.4278760969e+01 0.0000000000e+00 -7.6604444312e+01 2212 0.0000000000e+00 1.0000000000e+00
610 2.8765069972e+03 0.0000000000e+00 3.3295205712e+03 6.4278760969e+01 0.0000000000e+00 -7.6604444312e+01 2212 0.0000000000e+00 1.0000000000e+00
611 2.8240513745e+03 0.0000000000e+00 3.3741270832e+03 6.4278760969e+01 0.0000000000e+00 -7.6604444312e+01 2212 0.0000000000e+00 1.0000000000e+00
612 2.8044926613e+03 0.0000000000e+00 3.3904012523e+03 6.4278760969e+01 0.0000000000e+00 -7.6604444312e+01 2212 0.0000000000e+00 1.0000000000e+00
613 2.8486987552e+03 0.0000000000e+00 3.3533438745e+03 6.4278760969e+01 0.0000000000e+00 -7.6604444312e+01 2212 0.0000000000e+00 1.0000000000e+00
614 2.8738714930e+03 0.0000000000e+00 3.3317956691e+03 6.4278760969e+01 0.0000000000e+00 -7.6604444312e+01 2212 0.0000000000e+00 1.0000000000e+00
615 2.8692739843e+03 0.0000000000e+00 3.3357557677e+03 6.4278760969e+01 0.0000000000e+00 -7.6604444312e+01 2212 0.0000000000e+00 1.0000000000e+00
616 2.8804790306e+03 0.0000000000e+00 3.3260848295e+03 6.4278760969e+01 0.0000000000e+00 -7.6604444312e+01 2212 0.0000000000e+00 1.0000000000e+00
617 2.8065644642e+03 0.0000000000e+00 3.3886864192e+03 6.4278760969e+01 0.0000000000e+00 -7.6604444312e+01 2212 0.0000000000e+00 1.0000000000e+00
618 2.7891230653e+03 0.0000000000e+00 3.4030563124e+03 6.4278760969e+01 0.0000000000e+00 -7.6604444312e+01 2212 0.0000000000e+00 1.0000000000e+00
619 2.8065379222e+03 0.0000000000e+00 3.3887084015e+03 6.4278760969e+01 0.0000000000e+00 -7.6604444312e+01 2212 0.0000000000e+00 1.0000000000e+00
620 2.8116762078e+03 0.0000000000e+00 3.3844462828e+03 6.4278760969e+01 0.0000000000e+00 -7.6604444312e+01 2212 0.0000000000e+00 1.0000000000e+00
621 2.7889386511e+03 0.0000000000e+00 3.4032074487e+03 6.4278760969e+01 0.0000000000e+00 -7.6604444312e+01 2212 0.0000000000e+00 1.0000000000e+00
622 2.8496423816e+03 0.0000000000e+00 3.3525420259e+03 6.4278760969e+01 0.0000000000e+00 -7.6604444312e+01 2212 0.0000000000e+00 1.0000000000e+00
623 2.8499194363e+03 0.0000000000e+00 3.3523065113e+03 6.4278760969e+01 0.0000000000e+00 -7.6604444312e+01 2212 0.0000000000e+00 1.0000000000e+00
624 2.8775369971e+03 0.0000000000e+00 3.3286304345e+03 6.4278760969e+01 0.0000000000e+00 -7.6604444312e+01 2212 0.0000000000e+00 1.0000000000e+00
625 2.8655320733e+03 0.0000000000e+00 3.3389707510e+03 6.4278760969e+01 0.0000000000e+00 -7.6604444312e+01 2212 0.0000000000e+00 1.0000000000e+00
626 2.7862725186e+03 0.0000000000e+00 3.4053906077e+03 6.4278760969e+01 0.0000000000e+00 -7.6604444312e+01 2212 0.0000000000e+00 1.0000000000e+00
627 2.7907727723e+03 0.0000000000e+00 3.4017035545e+03 6.4278760969e+01 0.0000000000e+00 -7.6604444312e+01 2212 0.0000000000e+00 1.0000000000e+00
628 2.7809139620e+03 0.0000000000e+00 3.4097679210e+03 6.4278760969e+01 0.0000000000e+00 -7.6604444312e+01 2212 0.0000000000e+00 1.0000000000e+00
629 2.7731237871e+03 0.0000000000e+00 3.4161065850e+03 6.4278760969e+01 0.0000000000e+00 -7.6604444312e+01 2212 0.0000000000e+00 1.0000000000e+00
630 2.8178515538e+03 0.0000000000e+00 3.3793064910e+03 6.4278760969e+01 0.0000000000e+00 -7.6604444312e+01 2212 0.0000000000e+00 1.0000000000e+00
631 2.8294346647e+03 0.0000000000e+00 3.3696141050e+03 6.4278760969e+01 0.0000000000e+00 -7.6604444312e+01 2212 0.0000000000e+00 1.0000000000e+00
632 2.8837752761e+03 0.0000000000e+00 3.3232273314e+03 6.4278760969e+01 0.0000000000e+00 -7.6604444312e+01 2212 0.0000000000e+00 1.0000000000e+00
633 2.8608746269e+03 0.0000000000e+00 3.3429621757e+03 6.4278760969e+01 0.0000000000e+00 -7.6604444312e+01 2212 0.0000000000e+00 1.0000000000e+00
634 2.7739610578e+03 0.0000000000e+00 3.4154267360e+03 6.4278760969e+01 0.0000000000e+00 -7.6604444312e+01 2212 0.0000000000e+00 1.0000000000e+00
635 2.8419560640e+03 0.0000000000e+00 3.3590602062e+03 6.4278760969e+01 0.0000000000e+00 -7.6604444312e+01 2212 0.0000000000e+00 1.0000000000e+00
636 2.7912608922e+03 0.0000000000e+00 3.4013030401e+03 6.4278760969e+01 0.0000000000e+00 -7.6604444312e+01 2212 0.0000000000e+00 1.0000000000e+00
637 2.8797204607e+03 0.0000000000e+00 3.3267416201e+03 6.4278760969e+01 0.0000000000e+00 -7.6604444312e+01 2212 0.0000000000e+00 1.0000000000e+00
638 2.8410422527e+03 0.0000000000e+00 3.3598331294e+03 6.4278760969e+01 0.0000000000e+00 -7.6604444312e+01 2212 0.0000000000e+00 1.0000000000e+00
639 2.7961313982e+03 0.0000000000e+00 3.3973002433e+03 6.4278760969e+01 0.0000000000e+00 -7.6604444312e+01 2212 0.0000000000e+00 1.0000000000e+00
640 2.7794073696e+03 0.0000000000e+00 3.4109961027e+03 6.4278760969e+01 0.0000000000e+00 -7.6604444312e+01 2212 0.0000000000e+00 1.0000000000e+00
641 2.8614127721e+03 0.0000000000e+00 3.3425015612e+03 6.4278760969e+01 0.0000000000e+00 -7.6604444312e+01 2212 0.0000000000e+00 1.0000000000e+00
642 2.8065926609e+03 0.0000000000e+00 3.3886630659e+03 6.4278760969e+01 0.0000000000e+00 -7.6604444312e+01 2212 0.0000000000e+00 1.0000000000e+00
643 2.8178248828e+03 0.0000000000e+00 3.3793287305e+03 6.4278760969e+01 0.0000000000e+00 -7.6604444312e+01 2212 0.0000000000e+00 1.0000000000e+00
644 2.8412026631e+03 0.0000000000e+00 3.3596974813e+03 6.4278760969e+01 0.0000000000e+00 -7.6604444312e+01 2212 0.0000000000e+00 1.0000000000e+00
645 2.8510603136e+03 0.0000000000e+00 3.3513362748e+03 6.4278760969e+01 0.0000000000e+00 -7.6604444312e+01 2212 0.0000000000e+00 1.0000000000e+00
646 2.7929560300e+03 0.0000000000e+00 3.3999112273e+03 6.4278760969e+01 0.0000000000e+00 -7.6604444312e+01 2212 0.0000000000e+00 1.0000000000e+00
647 2.7988388834e+03 0.0000000000e+00 3.3950700499e+03 6.4278760969e+01 0.0000000000e+00 -7.6604444312e+01 2212 0.0000000000e+00 1.0000000000e+00
648 2.8507797565e+03 0.0000000000e+00 3.3515749311e+03 6.4278760969e+01 0.0000000000e+00 -7.6604444312e+01 2212 0.0000000000e+00 1.0000000000e+00
649 2.8291274745e+03 0.0000000000e+00 3.3698720261e+03 6.4278760969e+01 0.0000000000e+00 -7.6604444312e+01 2212 0.0000000000e+00 1.0000000000e+00
650 2.7981073277e+03 0.0000000000e+00 3.3956729998e+03 6.4278760969e+01 0.0000000000e+00 -7.6604444312e+01 2212 0.0000000000e+00 1.0000000000e+00
651 2.8024116511e+03 0.0000000000e+00 3.3921215598e+03 6.4278760969e+01 0.0000000000e+00 -7.6604444312e+01 2212 0.0000000000e+00 1.0000000000e+00
652 2.8494310737e+03 0.0000000000e+00 3.3527216250e+03 6.4278760969e+01 0.0000000000e+00 -7.6604444312e+01 2212 0.0000000000e+00 1.0000000000e+00
653 2.7950155285e+03 0.0000000000e+00 3.3982183471e+03 6.4278760969e+01 0.0000000000e+00 -7.6604444312e+01 2212 0.0000000000e+00 1.0000000000e+00
654 2.8266106123e+03 0.0000000000e+00 3.3719834200e+03 6.4278760969e+01 0.0000000000e+00 -7.6604444312e+01 2212 0.0000000000e+00 1.0000000000e+00
655 2.8778125525e+03 0.0000000000e+00 3.3283922022e+03 6.4278760969e+01 0.0000000000e+00 -7.6604444312e+01 2212 0.0000000000e+00 1.0000000000e+00
656 2.7999877345e+03 0.0000000000e+00 3.3941226298e+03 6.4278760969e+01 0.0000000000e+00 -7.6604444312e+01 2212 0.0000000000e+00 1.0000000000e+00
657 2.8608637161e+03 0.0000000000e+00 3.3429715130e+03 6.4278760969e+01 0.0000000000e+00 -7.6604444312e+01 2212 0.0000000000e+00 1.0000000000e+00
658 2.8026224759e+03 0.0000000000e+00 3.3919473753e+03 6.4278760969e+01 0.0000000000e+00 -7.6604444312e+01 2212 0.0000000000e+00 1.0000000000e+00
659 2.7998411271e+03 0.0000000000e+00 3.3942435684e+03 6.4278760969e+01 0.0000000000e+00 -7.6604444312e+01 2212 0.0000000000e+00 1.0000000000e+00
660 2.8756844247e+03 0.0000000000e+00 3.3302310473e+03 6.4278760969e+01 0.0000000000e+00 -7.6604444312e+01 2212 0.0000000000e+00 1.0000000000e+00
661 2.7960322657e+03 0.0000000000e+00 3.3973818314e+03 6.4278760969e+01 0.0000000000e+00 -7.6604444312e+01 2212 0.0000000000e+00 1.0000000000e+00
662 2.8018057062e+03 0.0000000000e+00 3.3926220720e+03 6.4278760969e+01 0.0000000000e+00 -7.6604444312e+01 2212 0.0000000000e+00 1.0000000000e+00
663 2.8626373332e+03 0.0000000000e+00 3.3414528633e+03 6.4278760969e+01 0.0000000000e+00 -7.6604444312e+01 2212 0.0000000000e+00 1.0000000000e+00
664 2.8682020891e+03 0.0000000000e+00 3.3366774664e+03 6.4278760969e+01 0.0000000000e+00 -7.6604444312e+01 2212 0.0000000000e+00 1.0000000000e+00
665 2.7900884132e+03 0.0000000000e+00 3.4022648905e+03 6.4278760969e+01 0.0000000000e+00 -7.6604444312e+01 2212 0.0000000000e+00 1.0000000000e+00
666 2.7923898501e+03 0.0000000000e+00 3.4003762533e+03 6.4278760969e+01 0.0000000000e+00 -7.6604444312e+01 2212 0.0000000000e+00 1.0000000000e+00
667 2.8039713336e+03 0.0000000000e+00 3.3908324198e+03 6.4278760969e+01 0.0000000000e+00 -7.6604444312e+01 2212 0.0000000000e+00 1.0000000000e+00
668 2.8082832514e+03 0.0000000000e+00 3.3872621568e+03 6.4278760969e+01 0.0000000000e+00 -7.6604444312e+01 2212 0.0000000000e+00 1.0000000000e+00
669 2.8654080937e+03 0.0000000000e+00 3.3390771473e+03 6.4278760969e+01 0.0000000000e+00 -7.6604444312e+01 2212 0.0000000000e+00 1.0000000000e+00
670 2.8804683018e+03 0.0000000000e+00 3.3260941209e+03 6.4278760969e+01 0.0000000000e+00 -7.6604444312e+01 2212 0.0000000000e+00 1.0000000000e+00
671 2.8219306656e+03 0.0000000000e+00 3.3759009253e+03 6.4278760969e+01 0.0000000000e+00 -7.6604444312e+01 2212 0.0000000000e+00 1.0000000000e+00
672 2.8289797891e+03 0.0000000000e+00 3.3699960077e+03 6.4278760969e+01 0.0000000000e+00 -7.6604444312e+01 2212 0.0000000000e+00 1.0000000000e+00
673 2.8692149416e+03 0.0000000000e+00 3.3358065528e+03 6.4278760969e+01 0.0000000000e+00 -7.6604444312e+01 2212 0.0000000000e+00 1.0000000000e+00
674 2.8168857089e+03 0.0000000000e+00 3.3801116315e+03 6.4278760969e+01 0.0000000000e+00 -7.6604444312e+01 2212 0.0000000000e+00 1.0000000000e+00
675 2.8796500138e+03 0.0000000000e+00 3.3268025996e+03 6.4278760969e+01 0.0000000000e+00 -7.6604444312e+01 2212 0.0000000000e+00 1.0000000000e+00
676 2.7722385601e+03 0.0000000000e+00 3.4168250035e+03 6.4278760969e+01 0.0000000000e+00 -7.6604444312e+01 2212 0.0000000000e+00 1.0000000000e+00
677 2.7924732581e+03 0.0000000000e+00 3.4003077569e+03 6.4278760969e+01 0.0000000000e+00 -7.6604444312e+01 2212 0.0000000000e+00 1.0000000000e+00
678 2.8425672715e+03 0.0000000000e+00 3.3585429945e+03 6.4278760969e+01 0.0000000000e+00 -7.6604444312e+01 2212 0.0000000000e+00 1.0000000000e+00
679 2.8780633102e+03 0.0000000000e+00 3.3281753742e+03 6.4278760969e+01 0.0000000000e+00 -7.6604444312e+01 2212 0.0000000000e+00 1.0000000000e+00
680 2.8102650354e+03 0.0000000000e+00 3.3856181370e+03 6.4278760969e+01 0.0000000000e+00 -7.6604444312e+01 2212 0.0000000000e+00 1.0000000000e+00
681 2.8166196931e+03 0.0000000000e+00 3.3803333035e+03 6.4278760969e+01 0.0000000000e+00 -7.6604444312e+01 2212 0.0000000000e+00 1.0000000000e+00
682 2.8019189832e+03 0.0000000000e+00 3.3925285188e+03 6.4278760969e+01 0.0000000000e+00 -7.6604444312e+01 2212 0.0000000000e+00 1.0000000000e+00
683 2.8245090218e+03 0.0000000000e+00 3.3737439922e+03 6.4278760969e+01 0.0000000000e+00 -7.6604444312e+01 2212 0.0000000000e+00 1.0000000000e+00
684 2.7766484192e+03 0.0000000000e+00 3.4132423434e+03 6.4278760969e+01 0.0000000000e+00 -7.6604444312e+01 2212 0.0000000000e+00 1.0000000000e+00
685 2.7957597852e+03 0.0000000000e+00 3.3976060634e+03 6.4278760969e+01 0.0000000000e+00 -7.6604444312e+01 2212 0.0000000000e+00 1.0000000000e+00
686 2.8087333681e+03 0.0000000000e+00 3.3868889273e+03 6.4278760969e+01 0.0000000000e+00 -7.6604444312e+01 2212 0.0000000000e+00 1.0000000000e+00
687 2.8533183687e+03 0.0000000000e+00 3.3494139824e+03 6.4278760969e+01 0.0000000000e+00 -7.6604444312e+01 2212 0.0000000000e+00 1.0000000000e+00
688 2.7770838897e+03 0.0000000000e+00 3.4128880451e+03 6.4278760969e+01 0.0000000000e+00 -7.6604444312e+01 2212 0.0000000000e+00 1.0000000000e+00
689 2.8447810382e+03 0.0000000000e+00 3.3566680777e+03 6.4278760969e+01 0.0000000000e+00 -7.6604444312e+01 2212 0.0000000000e+00 1.0000000000e+00
690 2.7694661432e+03 0.0000000000e+00 3.4190725380e+03 6.4278760969e+01 0.0000000000e+00 -7.6604444312e+01 2212 0.0000000000e+00 1.0000000000e+00
691 2.8765809694e+03 0.0000000000e+00 3.3294566622e+03 6.4278760969e+01 0.0000000000e+00 -7.6604444312e+01 2212 0.0000000000e+00 1.0000000000e+00
692 2.7738968289e+03 0.0000000000e+00 3.4154789007e+03 6.4278760969e+01 0.0000000000e+00 -7.6604444312e+01 2212 0.0000000000e+00 1.0000000000e+00
693 2.8277292597e+03 0.0000000000e+00 3.3710453828e+03 6.4278760969e+01 0.0000000000e+00 -7.6604444312e+01 2212 0.0000000000e+00 1.0000000000e+00
694 2.8104548719e+03 0.0000000000e+00 3.3854605524e+03 6.4278760969e+01 0.0000000000e+00 -7.6604444312e+01 2212 0.0000000000e+00 1.0000000000e+00
695 2.7973761710e+03 0.0000000000e+00 3.3962753565e+03 6.4278760969e+01 0.0000000000e+00 -7.6604444312e+01 2212 0.0000000000e+00 1.0000000000e+00
696 2.7799711815e+03 0.0000000000e+00 3.4105366101e+03 6.4278760969e+01 0.0000000000e+00 -7.6604444312e+01 2212 0.0000000000e+00 1.0000000000e+00
697 2.8494190242e+03 0.0000000000e+00 3.3527318657e+03 6.4278760969e+01 0.0000000000e+00 -7.6604444312e+01 2212 0.0000000000e+00 1.0000000000e+00
698 2.8306550190e+03 0.0000000000e+00 3.3685890077e+03 6.4278760969e+01 0.0000000000e+00 -7.6604444312e+01 2212 0.0000000000e+00 1.0000000000e+00
699 2.8456379269e+03 0.0000000000e+00 3.3559416752e+03 6.4278760969e+01 0.0000000000e+00 -7.6604444312e+01 2212 0.0000000000e+00 1.0000000000e+00
700 2.7946830574e+03 0.0000000000e+00 3.3984917754e+03 6.4278760969e+01 0.0000000000e+00 -7.6604444312e+01 2212 0.0000000000e+00 1.0000000000e+00
701 2.8597410885e+03 0.0000000000e+00 3.3439319141e+03 6.4278760969e+01 0.0000000000e+00 -7.6604444312e+01 2212 0.0000000000e+00 1.0000000000e+00
702 2.8856936125e+03 0.0000000000e+00 3.3215616980e+03 6.4278760969e+01 0.0000000000e+00 -7.6604444312e+01 2212 0.0000000000e+00 1.0000000000e+00
703 2.8420927760e+03 0.0000000000e+00 3.3589445353e+03 6.4278760969e+01 0.0000000000e+00 -7.6604444312e+01 2212 0.0000000000e+00 1.0000000000e+00
704 2.8007805490e+03 0.0000000000e+00 3.3934684403e+03 6.4278760969e+01 0.0000000000e+00 -7.6604444312e+01 2212 0.0000000000e+00 1.0000000000e+00
705 2.8525573813e+03 0.0000000000e+00 3.3500621076e+03 6.4278760969e+01 0.0000000000e+00 -7.6604444312e+01 2212 0.0000000000e+00 1.0000000000e+00
706 2.8494072409e+03 0.0000000000e+00 3.3527418801e+03 6.4278760969e+01 0.0000000000e+00 -7.6604444312e+01 2212 0.0000000000e+00 1.0000000000e+00
707 2.8482499514e+03 0.0000000000e+00 3.3537250861e+03 6.4278760969e+01 0.0000000000e+00 -7.6604444312e+01 2212 0.0000000000e+00 1.0000000000e+00
708 2.8313522886e+03 0.0000000000e+00 3.3680029627e+03 6.4278760969e+01 0.0000000000e+00 -7.6604444312e+01 2212 0.0000000000e+00 1.0000000000e+00
709 2.8263341889e+03 0.0000000000e+00 3.3722151165e+03 6.4278760969e+01 0.0000000000e+00 -7.6604444312e+01 2212 0.0000000000e+00 1.0000000000e+00
710 2.8211908396e+03 0.0000000000e+00 3.3765192115e+03 6.4278760969e+01 0.0000000000e+00 -7.6604444312e+01 2212 0.0000000000e+00 1.0000000000e+00
711 2.8766790394e+03 0.0000000000e+00 3.3293719292e+03 6.4278760969e+01 0.0000000000e+00 -7.6604444312e+01 2212 0.0000000000e+00 1.0000000000e+00
712 2.8472283314e+03 0.0000000000e+00 3.3545924593e+03 6.4278760969e+01 0.0000000000e+00 -7.6604444312e+01 2212 0.0000000000e+00 1.0000000000e+00
713 2.7723318646e+03 0.0000000000e+00 3.4167492989e+03 6.4278760969e+01 0.0000000000e+00 -7.6604444312e+01 2212 0.0000000000e+00 1.0000000000e+00
714 2.7850670951e+03 0.0000000000e+00 3.4063765227e+03 6.4278760969e+01 0.0000000000e+00 -7.6604444312e+01 2212 0.0000000000e+00 1.0000000000e+00
715 2.8754442961e+03 0.0000000000e+00 3.3304383854e+03 6.4278760969e+01 0.0000000000e+00 -7.6604444312e+01 2212 0.0000000000e+00 1.0000000000e+00
716 2.8619892823e+03 0.0000000000e+00 3.3420079424e+03 6.4278760969e+01 0.0000000000e+00 -7.6604444312e+01 2212 0.0000000000e+00 1.0000000000e+00
717 2.8219015787e+03 0.0000000000e+00 3.3759252390e+03 6.4278760969e+01 0.0000000000e+00 -7.6604444312e+01 2212 0.0000000000e+00 1.0000000000e+00
718 2.7854466855e+03 0.0000000000e+00 3.4060661328e+03 6.4278760969e+01 0.0000000000e+00 -7.6604444312e+01 2212 0.0000000000e+00 1.0000000000e+00
719 2.8335030877e+03 0.0000000000e+00 3.3661936948e+03 6.4278760969e+01 0.0000000000e+00 -7.6604444312e+01 2212 0.0000000000e+00 1.0000000000e+00
720 2.8438741844e+03 0.0000000000e+00 3.3574364272e+03 6.4278760969e+01 0.0000000000e+00 -7.6604444312e+01 2212 0.0000000000e+00 1.0000000000e+00
721 2.7713393166e+03 0.0000000000e+00 3.4175544079e+03 6.4278760969e+01 0.0000000000e+00 -7.6604444312e+01 2212 0.0000000000e+00 1.0000000000e+00
722 2.7944357718e+03 0.0000000000e+00 3.3986951108e+03 6.4278760969e+01 0.0000000000e+00 -7.6604444312e+01 2212 0.0000000000e+00 1.0000000000e+00
723 2.8707316266e+03 0.0000000000e+00 3.3345014121e+03 6.4278760969e+01 0.0000000000e+00 -7.6604444312e+01 2212 0.0000000000e+00 1.0000000000e+00
724 2.7717988820e+03 0.0000000000e+00 3.4171816892e+03 6.4278760969e+01 0.0000000000e+00 -7.6604444312e+01 2212 0.0000000000e+00 1.0000000000e+00
725 2.8440915971e+03 0.0000000000e+00 3.3572522583e+03 6.4278760969e+01 0.0000000000e+00 -7.6604444312e+01 2212 0.0000000000e+00 1.0000000000e+00
726 2.8431721930e+03 0.0000000000e+00 3.3580309141e+03 6.4278760969e+01 0.0000000000e+00 -7.6604444312e+01 2212 0.0000000000e+00 1.0000000000e+00
727 2.8282401982e+03 0.0000000000e+00 3.3706167269e+03 6.4278760969e+01 0.0000000000e+00 -7.6604444312e+01 2212 0.0000000000e+00 1.0000000000e+00
728 2.8449569832e+03 0.0000000000e+00 3.3565189561e+03 6.4278760969e+01 0.0000000000e+00 -7.6604444312e+01 2212 0.0000000000e+00 1.0000000000e+00
729 2.8146256056e+03 0.0000000000e+00 3.3819938556e+03 6.4278760969e+01 0.0000000000e+00 -7.6604444312e+01 2212 0.0000000000e+00 1.0000000000e+00
730 2.8449499076e+03 0.0000000000e+00 3.3565249533e+03 6.4278760969e+01 0.0000000000e+00 -7.6604444312e+01 2212 0.0000000000e+00 1.0000000000e+00
731 2.7695023169e+03 0.0000000000e+00 3.4190432368e+03 6.4278760969e+01 0.0000000000e+00 -7.6604444312e+01 2212 0.0000000000e+00 1.0000000000e+00
732 2.8709350570e+03 0.0000000000e+00 3.3343262644e+03 6.4278760969e+01 0.0000000000e+00 -7.6604444312e+01 2212 0.0000000000e+00 1.0000000000e+00
733 2.8558879912e+03 0.0000000000e+00 3.3472232553e+03 6.4278760969e+01 0.0000000000e+00 -7.6604444312e+01 2212 0.0000000000e+00 1.0000000000e+00
734 2.8090656715e+03 0.0000000000e+00 3.3866133219e+03 6.4278760969e+01 0.0000000000e+00 -7.6604444312e+01 2212 0.0000000000e+00 1.0000000000e+00
735 2.7989428279e+03 0.0000000000e+00 3.3949843571e+03 6.4278760969e+01 0.0000000000e+00 -7.6604444312e+01 2212 0.0000000000e+00 1.0000000000e+00
736 2.8177755401e+03 0.0000000000e+00 3.3793698739e+03 6.4278760969e+01 0.0000000000e+00 -7.6604444312e+01 2212 0.0000000000e+00 1.0000000000e+00
737 2.8833984250e+03 0.0000000000e+00 3.3235543115e+03 6.4278760969e+01 0.0000000000e+00 -7.6604444312e+01 2212 0.0000000000e+00 1.0000000000e+00
738 2.8412241141e+03 0.0000000000e+00 3.3596793407e+03 6.4278760969e+01 0.0000000000e+00 -7.6604444312e+01 2212 0.0000000000e+00 1.0000000000e+00
739 2.7800053931e+03 0.0000000000e+00 3.4105087235e+03 6.4278760969e+01 0.0000000000e+00 -7.6604444312e+01 2212 0.0000000000e+00 1.0000000000e+00
740 2.8797963926e+03 0.0000000000e+00 3.3266758899e+03 6.4278760969e+01 0.0000000000e+00 -7.6604444312e+01 2212 0.0000000000e+00 1.0000000000e+00
741 2.8241718340e+03 0.0000000000e+00 3.3740262582e+03 6.4278760969e+01 0.0000000000e+00 -7.6604444312e+01 2212 0.0000000000e+00 1.0000000000e+00
742 2.7871227035e+03 0.0000000000e+00 3.4046948137e+03 6.4278760969e+01 0.0000000000e+00 -7.6604444312e+01 2212 0.0000000000e+00 1.0000000000e+00
743 2.8437658548e+03 0.0000000000e+00 3.3575281833e+03 6.4278760969e+01 0.0000000000e+00 -7.6604444312e+01 2212 0.0000000000e+00 1.0000000000e+00
744 2.7909217577e+03 0.0000000000e+00 3.4015813207e+03 6.4278760969e+01 0.0000000000e+00 -7.6604444312e+01 2212 0.0000000000e+00 1.0000000000e+00
745 2.8149304318e+03 0.0000000000e+00 3.3817401442e+03 6.4278760969e+01 0.0000000000e+00 -7.6604444312e+01 2212 0.0000000000e+00 1.0000000000e+00
746 2.7874032931e+03 0.0000000000e+00 3.4044651005e+03 6.4278760969e+01 0.0000000000e+00 -7.6604444312e+01 2212 0.0000000000e+00 1.0000000000e+00
747 2.7878118538e+03 0.0000000000e+00 3.4041305508e+03 6.4278760969e+01 0.0000000000e+00 -7.6604444312e+01 2212 0.0000000000e+00 1.0000000000e+00
748 2.8532272427e+03 0.0000000000e+00 3.3494916093e+03 6.4278760969e+01 0.0000000000e+00 -7.6604444312e+01 2212 0.0000000000e+00 1.0000000000e+00
749 2.8257580003e+03 0.0000000000e+00 3.3726979501e+03 6.4278760969e+01 0.0000000000e+00 -7.6604444312e+01 2212 0.0000000000e+00 1.0000000000e+00
750 2.8783027589e+03 0.0000000000e+00 3.3279682942e+03 6.4278760969e+01 0.0000000000e+00 -7.6604444312e+01 2212 0.0000000000e+00 1.0000000000e+00
751 2.8327516383e+03 0.0000000000e+00 3.3668260862e+03 6.4278760969e+01 0.0000000000e+00 -7.6604444312e+01 2212 0.0000000000e+00 1.0000000000e+00
752 2.8191588592e+03 0.0000000000e+00 3.3782159590e+03 6.4278760969e+01 0.0000000000e+00 -7.6604444312e+01 2212 0.0000000000e+00 1.0000000000e+00
753 2.8810763205e+03 0.0000000000e+00 3.3255674665e+03 6.4278760969e+01 0.0000000000e+00 -7.6604444312e+01 2212 0.0000000000e+00 1.0000000000e+00
754 2.8335773196e+03 0.0000000000e+00 3.3661312085e+03 6.4278760969e+01 0.0000000000e+00 -7.6604444312e+01 2212 0.0000000000e+00 1.0000000000e+00
755 2.8498826053e+03 0.0000000000e+00 3.3523378223e+03 6.4278760969e+01 0.0000000000e+00 -7.6604444312e+01 2212 0.0000000000e+00 1.0000000000e+00
756 2.8073142419e+03 0.0000000000e+00 3.3880653013e+03 6.4278760969e+01 0.0000000000e+00 -7.6604444312e+01 2212 0.0000000000e+00 1.0000000000e+00
757 2.8232950516e+03 0.0000000000e+00 3.3747599604e+03 6.4278760969e+01 0.0000000000e+00 -7.6604444312e+01 2212 0.0000000000e+00 1.0000000000e+00
758 2.7881479137e+03 0.0000000000e+00 3.4038553069e+03 6.4278760969e+01 0.0000000000e+00 -7.6604444312e+01 2212 0.0000000000e+00 1.0000000000e+00
759 2.8238738767e+03 0.0000000000e+00 3.3742756360e+03 6.4278760969e+01 0.0000000000e+00 -7.6604444312e+01 2212 0.0000000000e+00 1.0000000000e+00
760 2.8520962017e+03 0.0000000000e+00 3.3504547445e+03 6.4278760969e+01 0.0000000000e+00 -7.6604444312e+01 2212 0.0000000000e+00 1.0000000000e+00
761 2.7903540961e+03 0.0000000000e+00 3.4020469951e+03 6.4278760969e+01 0.0000000000e+00 -7.6604444312e+01 2212 0.0000000000e+00 1.0000000000e+00
762 2.8552639257e+03 0.0000000000e+00 3.3477556144e+03 6.4278760969e+01 0.0000000000e+00 -7.6604444312e+01 2212 0.0000000000e+00 1.0000000000e+00
763 2.8849102799e+03 0.0000000000e+00 3.3222420767e+03 6.4278760969e+01 0.0000000000e+00 -7.6604444312e+01 2212 0.0000000000e+00 1.0000000000e+00
764 2.8820672414e+03 0.0000000000e+00 3.3247087324e+03 6.4278760969e+01 0.0000000000e+00 -7.6604444312e+01 2212 0.0000000000e+00 1.0000000000e+00
765 2.8865158564e+03 0.0000000000e+00 3.3208471735e+03 6.4278760969e+01 0.0000000000e+00 -7.6604444312e+01 2212 0.0000000000e+00 1.0000000000e+00
766 2.8129990556e+03 0.0000000000e+00 3.3833468714e+03 6.4278760969e+01 0.0000000000e+00 -7.6604444312e+01 2212 0.0000000000e+00 1.0000000000e+00
767 2.8463147519e+03 0.0000000000e+00 3.3553676508e+03 6.4278760969e+01 0.0000000000e+00 -7.6604444312e+01 2212 0.0000000000e+00 1.0000000000e+00
768 2.8536801692e+03 0.0000000000e+00 3.3491057360e+03 6.4278760969e+01 0.0000000000e+00 -7.6604444312e+01 2212 0.0000000000e+00 1.0000000000e+00
769 2.8647014510e+03 0.0000000000e+00 3.3396834184e+03 6.4278760969e+01 0.0000000000e+00 -7.6604444312e+01 2212 0.0000000000e+00 1.0000000000e+00
770 2.8850436517e+03 0.0000000000e+00 3.3221262569e+03 6.4278760969e+01 0.0000000000e+00 -7.6604444312e+01 2212 0.0000000000e+00 1.0000000000e+00
771 2.8076612177e+03 0.0000000000e+00 3.3877777710e+03 6.4278760969e+01 0.0000000000e+00 -7.6604444312e+01 2212 0.0000000000e+00 1.0000000000e+00
772 2.7822103037e+03 0.0000000000e+00 3.4087102495e+03 6.4278760969e+01 0.0000000000e+00 -7.6604444312e+01 2212 0.0000000000e+00 1.0000000000e+00
773 2.7763620612e+03 0.0000000000e+00 3.4134752737e+03 6.4278760969e+01 0.0000000000e+00 -7.6604444312e+01 2212 0.0000000000e+00 1.0000000000e+00
774 2.8585322875e+03 0.0000000000e+00 3.3449653063e+03 6.4278760969e+01 0.0000000000e+00 -7.6604444312e+01 2212 0.0000000000e+00 1.0000000000e+00
775 2.7856038688e+03 0.0000000000e+00 3.4059375839e+03 6.4278760969e+01 0.0000000000e+00 -7.6604444312e+01 2212 0.0000000000e+00 1.0000000000e+00
776 2.7877735565e+03 0.0000000000e+00 3.4041619140e+03 6.4278760969e+01 0.0000000000e+00 -7.6604444312e+01 2212 0.0000000000e+00 1.0000000000e+00
777 2.7931309500e+03 0.0000000000e+00 3.3997675266e+03 6.4278760969e+01 0.0000000000e+00 -7.6604444312e+01 2212 0.0000000000e+00 1.0000000000e+00
778 2.8653226742e+03 0.0000000000e+00 3.3391504476e+03 6.4278760969e+01 0.0000000000e+00 -7.6604444312e+01 2212 0.0000000000e+00 1.0000000000e+00
779 2.7737822880e+03 0.0000000000e+00 3.4155719225e+03 6.4278760969e+01 0.0000000000e+00 -7.6604444312e+01 2212 0.0000000000e+00 1.0000000000e+00
780 2.8346263739e+03 0.0000000000e+00 3.3652478451e+03 6.4278760969e+01 0.0000000000e+00 -7.6604444312e+01 2212 0.0000000000e+00 1.0000000000e+00
781 2.8522627081e+03 0.0000000000e+00 3.3503129977e+03 6.4278760969e+01 0.0000000000e+00 -7.6604444312e+01 2212 0.0000000000e+00 1.0000000000e+00
782 2.8378676429e+03 0.0000000000e+00 3.3625149785e+03 6.4278760969e+01 0.0000000000e+00 -7.6604444312e+01 2212 0.0000000000e+00 1.0000000000e+00
783 2.7925921284e+03 0.0000000000e+00 3.4002101322e+03 6.4278760969e+01 0.0000000000e+00 -7.6604444312e+01 2212 0.0000000000e+00 1.0000000000e+00
784 2.8792508543e+03 0.0000000000e+00 3.3271480666e+03 6.4278760969e+01 0.0000000000e+00 -7.6604444312e+01 2212 0.0000000000e+00 1.0000000000e+00
785 2.7992715277e+03 0.0000000000e+00 3.3947133388e+03 6.4278760969e+01 0.0000000000e+00 -7.6604444312e+01 2212 0.0000000000e+00 1.0000000000e+00
786 2.8205336637e+03 0.0000000000e+00 3.3770681946e+03 6.4278760969e+01 0.0000000000e+00 -7.6604444312e+01 2212 0.0000000000e+00 1.0000000000e+00
787 2.8694229389e+03 0.0000000000e+00 3.3356276376e+03 6.4278760969e+01 0.0000000000e+00 -7.6604444312e+01 2212 0.0000000000e+00 1.0000000000e+00
788 2.8269860081e+03 0.0000000000e+00 3.3716687039e+03 6.4278760969e+01 0.0000000000e+00 -7.6604444312e+01 2212 0.0000000000e+00 1.0000000000e+00
789 2.8467362685e+03 0.0000000000e+00 3.3550100382e+03 6.4278760969e+01 0.0000000000e+00 -7.6604444312e+01 2212 0.0000000000e+00 1.0000000000e+00
790 2.8477640408e+03 0.0000000000e+00 3.3541376994e+03 6.4278760969e+01 0.0000000000e+00 -7.6604444312e+01 2212 0.0000000000e+00 1.0000000000e+00
791 2.8641352454e+03 0.0000000000e+00 3.3401690130e+03 6.4278760969e+01 0.0000000000e+00 -7.6604444312e+01 2212 0.0000000000e+00 1.0000000000e+00
792 2.8435496186e+03 0.0000000000e+00 3.3577113196e+03 6.4278760969e+01 0.0000000000e+00 -7.6604444312e+01 2212 0.0000000000e+00 1.0000000000e+00
793 2.8064806385e+03 0.0000000000e+00 3.3887558432e+03 6.4278760969e+01 0.0000000000e+00 -7.6604444312e+01 2212 0.0000000000e+00 1.0000000000e+00
794 2.7845224244e+03 0.0000000000e+00 3.4068217751e+03 6.4278760969e+01 0.0000000000e+00 -7.6604444312e+01 2212 0.0000000000e+00 1.0000000000e+00
795 2.8642779348e+03 0.0000000000e+00 3.3400466540e+03 6.4278760969e+01 0.0000000000e+00 -7.6604444312e+01 2212 0.0000000000e+00 1.0000000000e+00
796 2.8110325996e+03 0.0000000000e+00 3.3849808660e+03 6.4278760969e+01 0.0000000000e+00 -7.6604444312e+01 2212 0.0000000000e+00 1.0000000000e+00
797 2.8733397743e+03 0.0000000000e+00 3.3322542341e+03 6.4278760969e+01 0.0000000000e+00 -7.6604444312e+01 2212 0.0000000000e+00 1.0000000000e+00
798 2.8441320182e+03 0.0000000000e+00 3.3572180153e+03 6.4278760969e+01 0.0000000000e+00 -7.6604444312e+01 2212 0.0000000000e+00 1.0000000000e+00
799 2.8500347905e+03 0.0000000000e+00 3.3522084410e+03 6.4278760969e+01 0.0000000000e+00 -7.6604444312e+01 2212 0.0000000000e+00 1.0000000000e+00
800 2.8772539325e+03 0.0000000000e+00 3.3288751174e+03 6.4278760969e+01 0.0000000000e+00 -7.6604444312e+01 2212 0.0000000000e+00 1.0000000000e+00
801 2.8630379137e+03 0.0000000000e+00 3.3411096426e+03 6.4278760969e+01 0.0000000000e+00 -7.6604444312e+01 2212 0.0000000000e+00 1.0000000000e+00
802 2.7798893226e+03 0.0000000000e+00 3.4106033327e+03 6.4278760969e+01 0.0000000000e+00 -7.6604444312e+01 2212 0.0000000000e+00 1.0000000000e+00
803 2.8721611684e+03 0.0000000000e+00 3.3332701603e+03 6.4278760969e+01 0.0000000000e+00 -7.6604444312e+01 2212 0.0000000000e+00 1.0000000000e+00
804 2.7774856066e+03 0.0000000000e+00 3.4125611267e+03 6.4278760969e+01 0.0000000000e+00 -7.6604444312e+01 2212 0.0000000000e+00 1.0000000000e+00
805 2.8067447554e+03 0.0000000000e+00 3.3885370910e+03 6.4278760969e+01 0.0000000000e+00 -7.6604444312e+01 2212 0.0000000000e+00 1.0000000000e+00
806 2.8181003070e+03 0.0000000000e+00 3.3790990513e+03 6.4278760969e+01 0.0000000000e+00 -7.6604444312e+01 2212 0.0000000000e+00 1.0000000000e+00
807 2.8691565737e+03 0.0000000000e+00 3.3358567557e+03 6.4278760969e+01 0.0000000000e+00 -7.6604444312e+01 2212 0.0000000000e+00 1.0000000000e+00
808 2.7946701692e+03 0.0000000000e+00 3.3985023737e+03 6.4278760969e+01 0.0000000000e+00 -7.6604444312e+01 2212 0.0000000000e+00 1.0000000000e+00
809 2.8639750389e+03 0.0000000000e+00 3.3403063804e+03 6.4278760969e+01 0.0000000000e+00 -7.6604444312e+01 2212 0.0000000000e+00 1.0000000000e+00
810 2.8305824565e+03 0.0000000000e+00 3.3686499812e+03 6.4278760969e+01 0.0000000000e+00 -7.6604444312e+01 2212 0.0000000000e+00 1.0000000000e+00
811 2.8366468612e+03 0.0000000000e+00 3.3635449044e+03 6.4278760969e+01 0.0000000000e+00 -7.6604444312e+01 2212 0.0000000000e+00 1.0000000000e+00
812 2.8351440843e+03 0.0000000000e+00 3.3648116976e+03 6.4278760969e+01 0.0000000000e+00 -7.6604444312e+01 2212 0.0000000000e+00 1.0000000000e+00
813 2.7816715932e+03 0.0000000000e+00 3.4091498774e+03 6.4278760969e+01 0.0000000000e+00 -7.6604444312e+01 2212 0.0000000000e+00 1.0000000000e+00
814 2.8251699389e+03 0.0000000000e+00 3.3731905602e+03 6.4278760969e+01 0.0000000000e+00 -7.6604444312e+01 2212 0.0000000000e+00 1.0000000000e+00
815 2.8581525843e+03 0.0000000000e+00 3.3452897548e+03 6.4278760969e+01 0.0000000000e+00 -7.6604444312e+01 2212 0.0000000000e+00 1.0000000000e+00
816 2.7946975673e+03 0.0000000000e+00 3.3984798434e+03 6.4278760969e+01 0.0000000000e+00 -7.6604444312e+01 2212 0.0000000000e+00 1.0000000000e+00
817 2.8526218242e+03 0.0000000000e+00 3.3500072339e+03 6.4278760969e+01 0.0000000000e+00 -7.6604444312e+01 2212 0.0000000000e+00 1.0000000000e+00
818 2.7974923307e+03 0.0000000000e+00 3.3961796770e+03 6.4278760969e+01 0.0000000000e+00 -7.6604444312e+01 2212 0.0000000000e+00 1.0000000000e+00
819 2.7904121660e+03 0.0000000000e+00 3.4019993655e+03 6.4278760969e+01 0.0000000000e+00 -7.6604444312e+01 2212 0.0000000000e+00 1.0000000000e+00
820 2.7948003142e+03 0.0000000000e+00 3.3983953482e+03 6.4278760969e+01 0.0000000000e+00 -7.6604444312e+01 2212 0.0000000000e+00 1.0000000000e+00
821 2.8693457152e+03 0.0000000000e+00 3.3356940666e+03 6.4278760969e+01 0.0000000000e+00 -7.6604444312e+01 2212 0.0000000000e+00 1.0000000000e+00
822 2.8465415107e+03 0.0000000000e+00 3.3551752811e+03 6.4278760969e+01 0.0000000000e+00 -7.6604444312e+01 2212 0.0000000000e+00 1.0000000000e+00
823 2.8662752663e+03 0.0000000000e+00 3.3383327930e+03 6.4278760969e+01 0.0000000000e+00 -7.6604444312e+01 2212 0.0000000000e+00 1.0000000000e+00
824 2.8688129841e+03 0.0000000000e+00 3.3361522449e+03 6.4278760969e+01 0.0000000000e+00 -7.6604444312e+01 2212 0.0000000000e+00 1.0000000000e+00
825 2.8764650693e+03 0.0000000000e+00 3.3295567939e+03 6.4278760969e+01 0.0000000000e+00 -7.6604444312e+01 2212 0.0000000000e+00 1.0000000000e+00
826 2.8785909877e+03 0.0000000000e+00 3.3277189882e+03 6.4278760969e+01 0.0000000000e+00 -7.6604444312e+01 2212 0.0000000000e+00 1.0000000000e+00
827 2.8699050051e+03 0.0000000000e+00 3.3352128869e+03 6.4278760969e+01 0.0000000000e+00 -7.6604444312e+01 2212 0.0000000000e+00 1.0000000000e+00
828 2.8634421646e+03 0.0000000000e+00 3.3407631926e+03 6.4278760969e+01 0.0000000000e+00 -7.6604444312e+01 2212 0.0000000000e+00 1.0000000000e+00
829 2.7945934883e+03 0.0000000000e+00 3.3985654288e+03 6.4278760969e+01 0.0000000000e+00 -7.6604444312e+01 2212 0.0000000000e+00 1.0000000000e+00
830 2.8494725201e+03 0.0000000000e+00 3.3526863999e+03 6.4278760969e+01 0.0000000000e+00 -7.6604444312e+01 2212 0.0000000000e+00 1.0000000000e+00
831 2.8091228092e+03 0.0000000000e+00 3.3865659276e+03 6.4278760969e+01 0.0000000000e+00 -7.6604444312e+01 2212 0.0000000000e+00 1.0000000000e+00
832 2.7936754304e+03 0.0000000000e+00 3.3993201274e+03 6.4278760969e+01 0.0000000000e+00 -7.6604444312e+01 2212 0.0000000000e+00 1.0000000000e+00
833 2.7737141527e+03 0.0000000000e+00 3.4156272539e+03 6.4278760969e+01 0.0000000000e+00 -7.6604444312e+01 2212 0.0000000000e+00 1.0000000000e+00
834 2.8565972120e+03 0.0000000000e+00 3.3466180104e+03 6.4278760969e+01 0.0000000000e+00 -7.6604444312e+01 2212 0.0000000000e+00 1.0000000000e+00
835 2.7969755388e+03 0.0000000000e+00 3.3966053015e+03 6.4278760969e+01 0.0000000000e+00 -7.6604444312e+01 2212 0.0000000000e+00 1.0000000000e+00
836 2.8513654774e+03 0.0000000000e+00 3.3510766409e+03 6.4278760969e+01 0.0000000000e+00 -7.6604444312e+01 2212 0.0000000000e+00 1.0000000000e+00
837 2.7838881969e+03 0.0000000000e+00 3.4073400543e+03 6.4278760969e+01 0.0000000000e+00 -7.6604444312e+01 2212 0.0000000000e+00 1.0000000000e+00
838 2.8143297088e+03 0.0000000000e+00 3.3822400904e+03 6.4278760969e+01 0.0000000000e+00 -7.6604444312e+01 2212 0.0000000000e+00 1.0000000000e+00
839 2.8019943453e+03 0.0000000000e+00 3.3924662751e+03 6.4278760969e+01 0.0000000000e+00 -7.6604444312e+01 2212 0.0000000000e+00 1.0000000000e+00
840 2.8692468284e+03 0.0000000000e+00 3.3357791258e+03 6.4278760969e+01 0.0000000000e+00 -7.6604444312e+01 2212 0.0000000000e+00 1.0000000000e+00
841 2.8210491309e+03 0.0000000000e+00 3.3766376086e+03 6.4278760969e+01 0.0000000000e+00 -7.6604444312e+01 2212 0.0000000000e+00 1.0000000000e+00
842 2.8315715497e+03 0.0000000000e+00 3.3678186260e+03 6.4278760969e+01 0.0000000000e+00 -7.6604444312e+01 2212 0.0000000000e+00 1.0000000000e+00
843 2.8703891327e+03 0.0000000000e+00 3.3347962405e+03 6.4278760969e+01 0.0000000000e+00 -7.6604444312e+01 2212 0.0000000000e+00 1.0000000000e+00
844 2.8742377446e+03 0.0000000000e+00 3.3314797202e+03 6.4278760969e+01 0.0000000000e+00 -7.6604444312e+01 2212 0.0000000000e+00 1.0000000000e+00
845 2.8073772100e+03 0.0000000000e+00 3.3880131257e+03 6.4278760969e+01 0.0000000000e+00 -7.6604444312e+01 2212 0.0000000000e+00 1.0000000000e+00
846 2.8658033447e+03 0.0000000000e+00 3.3387379245e+03 6.4278760969e+01 0.0000000000e+00 -7.6604444312e+01 2212 0.0000000000e+00 1.0000000000e+00
847 2.8852159582e+03 0.0000000000e+00 3.3219766124e+03 6.4278760969e+01 0.0000000000e+00 -7.6604444312e+01 2212 0.0000000000e+00 1.0000000000e+00
848 2.7962046554e+03 0.0000000000e+00 3.3972399480e+03 6.4278760969e+01 0.0000000000e+00 -7.6604444312e+01 2212 0.0000000000e+00 1.0000000000e+00
849 2.8826334642e+03 0.0000000000e+00 3.3242178102e+03 6.4278760969e+01 0.0000000000e+00 -7.6604444312e+01 2212 0.0000000000e+00 1.0000000000e+00
850 2.8658108728e+03 0.0000000000e+00 3.3387314627e+03 6.4278760969e+01 0.0000000000e+00 -7.6604444312e+01 2212 0.0000000000e+00 1.0000000000e+00
851 2.8511731528e+03 0.0000000000e+00 3.3512402766e+03 6.4278760969e+01 0.0000000000e+00 -7.6604444312e+01 2212 0.0000000000e+00 1.0000000000e+00
852 2.7855160860e+03 0.0000000000e+00 3.4060093766e+03 6.4278760969e+01 0.0000000000e+00 -7.6604444312e+01 2212 0.0000000000e+00 1.0000000000e+00
853 2.8482499723e+03 0.0000000000e+00 3.3537250684e+03 6.4278760969e+01 0.0000000000e+00 -7.6604444312e+01 2212 0.0000000000e+00 1.0000000000e+00
854 2.8262021301e+03 0.0000000000e+00 3.3723257937e+03 6.4278760969e+01 0.0000000000e+00 -7.6604444312e+01 2212 0.0000000000e+00 1.0000000000e+00
855 2.7733200749e+03 0.0000000000e+00 3.4159472333e+03 6.4278760969e+01 0.0000000000e+00 -7.6604444312e+01 2212 0.0000000000e+00 1.0000000000e+00
856 2.7867344488e+03 0.0000000000e+00 3.4050126065e+03 6.4278760969e+01 0.0000000000e+00 -7.6604444312e+01 2212 0.0000000000e+00 1.0000000000e+00
857 2.8617101792e+03 0.0000000000e+00 3.3422469372e+03 6.4278760969e+01 0.0000000000e+00 -7.6604444312e+01 2212 0.0000000000e+00 1.0000000000e+00
858 2.8221773464e+03 0.0000000000e+00 3.3756947084e+03 6.4278760969e+01 0.0000000000e+00 -7.6604444312e+01 2212 0.0000000000e+00 1.0000000000e+00
859 2.8316588818e+03 0.0000000000e+00 3.3677451976e+03 6.4278760969e+01 0.0000000000e+00 -7.6604444312e+01 2212 0.0000000000e+00 1.0000000000e+00
860 2.8477436693e+03 0.0000000000e+00 3.3541549953e+03 6.4278760969e+01 0.0000000000e+00 -7.6604444312e+01 2212 0.0000000000e+00 1.0000000000e+00
861 2.8485615717e+03 0.0000000000e+00 3.3534604084e+03 6.4278760969e+01 0.0000000000e+00 -7.6604444312e+01 2212 0.0000000000e+00 1.0000000000e+00
862 2.8621273353e+03 0.0000000000e+00 3.3418897133e+03 6.4278760969e+01 0.0000000000e+00 -7.6604444312e+01 2212 0.0000000000e+00 1.0000000000e+00
863 2.8195927609e+03 0.0000000000e+00 3.3778538159e+03 6.4278760969e+01 0.0000000000e+00 -7.6604444312e+01 2212 0.0000000000e+00 1.0000000000e+00
864 2.8472828418e+03 0.0000000000e+00 3.3545461925e+03 6.4278760969e+01 0.0000000000e+00 -7.6604444312e+01 2212 0.0000000000e+00 1.0000000000e+00
865 2.7737787400e+03 0.0000000000e+00 3.4155748038e+03 6.4278760969e+01 0.0000000000e+00 -7.6604444312e+01 2212 0.0000000000e+00 1.0000000000e+00
866 2.8530738530e+03 0.0000000000e+00 3.3496222665e+03 6.4278760969e+01 0.0000000000e+00 -7.6604444312e+01 2212 0.0000000000e+00 1.0000000000e+00
867 2.8453311792e+03 0.0000000000e+00 3.3562017549e+03 6.4278760969e+01 0.0000000000e+00 -7.6604444312e+01 2212 0.0000000000e+00 1.0000000000e+00
868 2.8736463140e+03 0.0000000000e+00 3.3319898861e+03 6.4278760969e+01 0.0000000000e+00 -7.6604444312e+01 2212 0.0000000000e+00 1.0000000000e+00
869 2.8363375609e+03 0.0000000000e+00 3.3638057285e+03 6.4278760969e+01 0.0000000000e+00 -7.6604444312e+01 2212 0.0000000000e+00 1.0000000000e+00
870 2.7858862839e+03 0.0000000000e+00 3.4057065863e+03 6.4278760969e+01 0.0000000000e+00 -7.6604444312e+01 2212 0.0000000000e+00 1.0000000000e+00
871 2.8523044405e+03 0.0000000000e+00 3.3502774687e+03 6.4278760969e+01 0.0000000000e+00 -7.6604444312e+01 2212 0.0000000000e+00 1.0000000000e+00
872 2.7865870117e+03 0.0000000000e+00 3.4051332669e+03 6.4278760969e+01 0.0000000000e+00 -7.6604444312e+01 2212 0.0000000000e+00 1.0000000000e+00
873 2.8521653389e+03 0.0000000000e+00 3.3503958898e+03 6.4278760969e+01 0.0000000000e+00 -7.6604444312e+01 2212 0.0000000000e+00 1.0000000000e+00
874 2.8077331030e+03 0.0000000000e+00 3.3877181939e+03 6.4278760969e+01 0.0000000000e+00 -7.6604444312e+01 2212 0.0000000000e+00 1.0000000000e+00
875 2.7958827953e+03 0.0000000000e+00 3.3975048394e+03 6.4278760969e+01 0.0000000000e+00 -7.6604444312e+01 2212 0.0000000000e+00 1.0000000000e+00
876 2.7728124804e+03 0.0000000000e+00 3.4163592738e+03 6.4278760969e+01 0.0000000000e+00 -7.6604444312e+01 2212 0.0000000000e+00 1.0000000000e+00
877 2.8848837496e+03 0.0000000000e+00 3.3222651144e+03 6.4278760969e+01 0.0000000000e+00 -7.6604444312e+01 2212 0.0000000000e+00 1.0000000000e+00
878 2.8502959862e+03 0.0000000000e+00 3.3519863558e+03 6.4278760969e+01 0.0000000000e+00 -7.6604444312e+01 2212 0.0000000000e+00 1.0000000000e+00
879 2.7830835800e+03 0.0000000000e+00 3.4079972896e+03 6.4278760969e+01 0.0000000000e+00 -7.6604444312e+01 2212 0.0000000000e+00 1.0000000000e+00
880 2.8592913370e+03 0.0000000000e+00 3.3443164906e+03 6.4278760969e+01 0.0000000000e+00 -7.6604444312e+01 2212 0.0000000000e+00 1.0000000000e+00
881 2.7934632758e+03 0.0000000000e+00 3.3994944721e+03 6.4278760969e+01 0.0000000000e+00 -7.6604444312e+01 2212 0.0000000000e+00 1.0000000000e+00
882 2.8105794909e+03 0.0000000000e+00 3.3853570955e+03 6.4278760969e+01 0.0000000000e+00 -7.6604444312e+01 2212 0.0000000000e+00 1.0000000000e+00
883 2.8812222854e+03 0.0000000000e+00 3.3254410055e+03 6.4278760969e+01 0.0000000000e+00 -7.6604444312e+01 2212 0.0000000000e+00 1.0000000000e+00
884 2.8418912260e+03 0.0000000000e+00 3.3591150618e+03 6.4278760969e+01 0.0000000000e+00 -7.6604444312e+01 2212 0.0000000000e+00 1.0000000000e+00
885 2.8790692412e+03 0.0000000000e+00 3.3273052224e+03 6.4278760969e+01 0.0000000000e+00 -7.6604444312e+01 2212 0.0000000000e+00 1.0000000000e+00
886 2.8818461893e+03 0.0000000000e+00 3.3249003414e+03 6.4278760969e+01 0.0000000000e+00 -7.6604444312e+01 2212 0.0000000000e+00 1.0000000000e+00
887 2.8092544016e+03 0.0000000000e+00 3.3864567687e+03 6.4278760969e+01 0.0000000000e+00 -7.6604444312e+01 2212 0.0000000000e+00 1.0000000000e+00
888 2.8036065445e+03 0.0000000000e+00 3.3911340408e+03 6.4278760969e+01 0.0000000000e+00 -7.6604444312e+01 2212 0.0000000000e+00 1.0000000000e+00
889 2.8785719284e+03 0.0000000000e+00 3.3277354750e+03 6.4278760969e+01 0.0000000000e+00 -7.6604444312e+01 2212 0.0000000000e+00 1.0000000000e+00
890 2.8501690985e+03 0.0000000000e+00 3.3520942482e+03 6.4278760969e+01 0.0000000000e+00 -7.6604444312e+01 2212 0.0000000000e+00 1.0000000000e+00
891 2.7813848637e+03 0.0000000000e+00 3.4093838122e+03 6.4278760969e+01 0.0000000000e+00 -7.6604444312e+01 2212 0.0000000000e+00 1.0000000000e+00
892 2.7740470978e+03 0.0000000000e+00 3.4153568537e+03 6.4278760969e+01 0.0000000000e+00 -7.6604444312e+01 2212 0.0000000000e+00 1.0000000000e+00
893 2.7840110918e+03 0.0000000000e+00 3.4072396423e+03 6.4278760969e+01 0.0000000000e+00 -7.6604444312e+01 2212 0.0000000000e+00 1.0000000000e+00
894 2.7764636049e+03 0.0000000000e+00 3.4133926803e+03 6.4278760969e+01 0.0000000000e+00 -7.6604444312e+01 2212 0.0000000000e+00 1.0000000000e+00
895 2.8213460830e+03 0.0000000000e+00 3.3763894945e+03 6.4278760969e+01 0.0000000000e+00 -7.6604444312e+01 2212 0.0000000000e+00 1.0000000000e+00
896 2.8650852892e+03 0.0000000000e+00 3.3393541328e+03 6.4278760969e+01 0.0000000000e+00 -7.6604444312e+01 2212 0.0000000000e+00 1.0000000000e+00
897 2.8427345408e+03 0.0000000000e+00 3.3584014157e+03 6.4278760969e+01 0.0000000000e+00 -7.6604444312e+01 2212 0.0000000000e+00 1.0000000000e+00
898 2.8208013185e+03 0.0000000000e+00 3.3768446308e+03 6.4278760969e+01 0.0000000000e+00 -7.6604444312e+01 2212 0.0000000000e+00 1.0000000000e+00
899 2.8409288572e+03 0.0000000000e+00 3.3599290122e+03 6.4278760969e+01 0.0000000000e+00 -7.6604444312e+01 2212 0.0000000000e+00 1.0000000000e+00
900 2.8155466272e+03 0.0000000000e+00 3.3812271336e+03 6.4278760969e+01 0.0000000000e+00 -7.6604444312e+01 2212 0.0000000000e+00 1.0000000000e+00
901 2.7892542987e+03 0.0000000000e+00 3.4029487501e+03 6.4278760969e+01 0.0000000000e+00 -7.6604444312e+01 2212 0.0000000000e+00 1.0000000000e+00
902 2.8082908484e+03 0.0000000000e+00 3.3872558583e+03 6.4278760969e+01 0.0000000000e+00 -7.6604444312e+01 2212 0.0000000000e+00 1.0000000000e+00
903 2.8085548493e+03 0.0000000000e+00 3.3870369643e+03 6.4278760969e+01 0.0000000000e+00 -7.6604444312e+01 2212 0.0000000000e+00 1.0000000000e+00
904 2.8232806846e+03 0.0000000000e+00 3.3747719796e+03 6.4278760969e+01 0.0000000000e+00 -7.6604444312e+01 2212 0.0000000000e+00 1.0000000000e+00
905 2.7867665284e+03 0.0000000000e+00 3.4049863517e+03 6.4278760969e+01 0.0000000000e+00 -7.6604444312e+01 2212 0.0000000000e+00 1.0000000000e+00
906 2.8675269707e+03 0.0000000000e+00 3.3372576783e+03 6.4278760969e+01 0.0000000000e+00 -7.6604444312e+01 2212 0.0000000000e+00 1.0000000000e+00
907 2.8818118415e+03 0.0000000000e+00 3.3249301119e+03 6.4278760969e+01 0.0000000000e+00 -7.6604444312e+01 2212 0.0000000000e+00 1.0000000000e+00
908 2.8243537219e+03 0.0000000000e+00 3.3738740036e+03 6.4278760969e+01 0.0000000000e+00 -7.6604444312e+01 2212 0.0000000000e+00 1.0000000000e+00
909 2.7767146198e+03 0.0000000000e+00 3.4131884887e+03 6.4278760969e+01 0.0000000000e+00 -7.6604444312e+01 2212 0.0000000000e+00 1.0000000000e+00
910 2.8189936256e+03 0.0000000000e+00 3.3783538414e+03 6.4278760969e+01 0.0000000000e+00 -7.6604444312e+01 2212 0.0000000000e+00 1.0000000000e+00
911 2.7829589117e+03 0.0000000000e+00 3.4080990940e+03 6.4278760969e+01 0.0000000000e+00 -7.6604444312e+01 2212 0.0000000000e+00 1.0000000000e+00
912 2.8365929144e+03 0.0000000000e+00 3.3635903997e+03 6.4278760969e+01 0.0000000000e+00 -7.6604444312e+01 2212 0.0000000000e+00 1.0000000000e+00
913 2.8236366024e+03 0.0000000000e+00 3.3744741926e+03 6.4278760969e+01 0.0000000000e+00 -7.6604444312e+01 2212 0.0000000000e+00 1.0000000000e+00
914 2.8562930309e+03 0.0000000000e+00 3.3468776286e+03 6.4278760969e+01 0.0000000000e+00 -7.6604444312e+01 2212 0.0000000000e+00 1.0000000000e+00
915 2.8132062717e+03 0.0000000000e+00 3.3831745760e+03 6.4278760969e+01 0.0000000000e+00 -7.6604444312e+01 2212 0.0000000000e+00 1.0000000000e+00
916 2.7755793922e+03 0.0000000000e+00 3.4141117112e+03 6.4278760969e+01 0.0000000000e+00 -7.6604444312e+01 2212 0.0000000000e+00 1.0000000000e+00
917 2.8810908394e+03 0.0000000000e+00 3.3255548881e+03 6.4278760969e+01 0.0000000000e+00 -7.6604444312e+01 2212 0.0000000000e+00 1.0000000000e+00
918 2.8428494419e+03 0.0000000000e+00 3.3583041538e+03 6.4278760969e+01 0.0000000000e+00 -7.6604444312e+01 2212 0.0000000000e+00 1.0000000000e+00
919 2.8376654791e+03 0.0000000000e+00 3.3626855885e+03 6.4278760969e+01 0.0000000000e+00 -7.6604444312e+01 2212 0.0000000000e+00 1.0000000000e+00
920 2.8424836399e+03 0.0000000000e+00 3.3586137759e+03 6.4278760969e+01 0.0000000000e+00 -7.6604444312e+01 2212 0.0000000000e+00 1.0000000000e+00
921 2.7849800746e+03 0.0000000000e+00 3.4064476692e+03 6.4278760969e+01 0.0000000000e+00 -7.6604444312e+01 2212 0.0000000000e+00 1.0000000000e+00
922 2.7691422546e+03 0.0000000000e+00 3.4193348641e+03 6.4278760969e+01 0.0000000000e+00 -7.6604444312e+01 2212 0.0000000000e+00 1.0000000000e+00
923 2.7758840742e+03 0.0000000000e+00 3.4138639905e+03 6.4278760969e+01 0.0000000000e+00 -7.6604444312e+01 2212 0.0000000000e+00 1.0000000000e+00
924 2.8403532309e+03 0.0000000000e+00 3.3604156384e+03 6.4278760969e+01 0.0000000000e+00 -7.6604444312e+01 2212 0.0000000000e+00 1.0000000000e+00
925 2.8464814555e+03 0.0000000000e+00 3.3552262312e+03 6.4278760969e+01 0.0000000000e+00 -7.6604444312e+01 2212 0.0000000000e+00 1.0000000000e+00
926 2.7738035492e+03 0.0000000000e+00 3.4155546562e+03 6.4278760969e+01 0.0000000000e+00 -7.6604444312e+01 2212 0.0000000000e+00 1.0000000000e+00
927 2.8529757091e+03 0.0000000000e+00 3.3497058590e+03 6.4278760969e+01 0.0000000000e+00 -7.6604444312e+01 2212 0.0000000000e+00 1.0000000000e+00
928 2.8383418216e+03 0.0000000000e+00 3.3621147277e+03 6.4278760969e+01 0.0000000000e+00 -7.6604444312e+01 2212 0.0000000000e+00 1.0000000000e+00
929 2.8170417543e+03 0.0000000000e+00 3.3799815819e+03 6.4278760969e+01 0.0000000000e+00 -7.6604444312e+01 2212 0.0000000000e+00 1.0000000000e+00
930 2.8221874062e+03 0.0000000000e+00 3.3756862981e+03 6.4278760969e+01 0.0000000000e+00 -7.6604444312e+01 2212 0.0000000000e+00 1.0000000000e+00
931 2.8470758867e+03 0.0000000000e+00 3.3547218416e+03 6.4278760969e+01 0.0000000000e+00 -7.6604444312e+01 2212 0.0000000000e+00 1.0000000000e+00
932 2.8110191645e+03 0.0000000000e+00 3.3849920230e+03 6.4278760969e+01 0.0000000000e+00 -7.6604444312e+01 2212 0.0000000000e+00 1.0000000000e+00
933 2.8686091711e+03 0.0000000000e+00 3.3363274963e+03 6.4278760969e+01 0.0000000000e+00 -7.6604444312e+01 2212 0.0000000000e+00 1.0000000000e+00
934 2.8789465164e+03 0.0000000000e+00 3.3274114105e+03 6.4278760969e+01 0.0000000000e+00 -7.6604444312e+01 2212 0.0000000000e+00 1.0000000000e+00
935 2.8853122061e+03 0.0000000000e+00 3.3218930164e+03 6.4278760969e+01 0.0000000000e+00 -7.6604444312e+01 2212 0.0000000000e+00 1.0000000000e+00
936 2.8007886950e+03 0.0000000000e+00 3.3934617170e+03 6.4278760969e+01 0.0000000000e+00 -7.6604444312e+01 2212 0.0000000000e+00 1.0000000000e+00
937 2.8814547796e+03 0.0000000000e+00 3.3252395541e+03 6.4278760969e+01 0.0000000000e+00 -7.6604444312e+01 2212 0.0000000000e+00 1.0000000000e+00
938 2.8024518637e+03 0.0000000000e+00 3.3920883376e+03 6.4278760969e+01 0.0000000000e+00 -7.6604444312e+01 2212 0.0000000000e+00 1.0000000000e+00
939 2.8556633227e+03 0.0000000000e+00 3.3474149319e+03 6.4278760969e+01 0.0000000000e+00 -7.6604444312e+01 2212 0.0000000000e+00 1.0000000000e+00
940 2.8288426383e+03 0.0000000000e+00 3.3701111357e+03 6.4278760969e+01 0.0000000000e+00 -7.6604444312e+01 2212 0.0000000000e+00 1.0000000000e+00
941 2.8039755751e+03 0.0000000000e+00 3.3908289124e+03 6.4278760969e+01 0.0000000000e+00 -7.6604444312e+01 2212 0.0000000000e+00 1.0000000000e+00
942 2.8455008694e+03 0.0000000000e+00 3.3560578870e+03 6.4278760969e+01 0.0000000000e+00 -7.6604444312e+01 2212 0.0000000000e+00 1.0000000000e+00
943 2.8523270835e+03 0.0000000000e+00 3.3502581912e+03 6.4278760969e+01 0.0000000000e+00 -7.6604444312e+01 2212 0.0000000000e+00 1.0000000000e+00
944 2.8832472032e+03 0.0000000000e+00 3.3236855002e+03 6.4278760969e+01 0.0000000000e+00 -7.6604444312e+01 2212 0.0000000000e+00 1.0000000000e+00
945 2.8283507774e+03 0.0000000000e+00 3.3705239383e+03 6.4278760969e+01 0.0000000000e+00 -7.6604444312e+01 2212 0.0000000000e+00 1.0000000000e+00
946 2.7732896645e+03 0.0000000000e+00 3.4159719225e+03 6.4278760969e+01 0.0000000000e+00 -7.6604444312e+01 2212 0.0000000000e+00 1.0000000000e+00
947 2.8088399221e+03 0.0000000000e+00 3.3868005596e+03 6.4278760969e+01 0.0000000000e+00 -7.6604444312e+01 2212 0.0000000000e+00 1.0000000000e+00
948 2.8192193165e+03 0.0000000000e+00 3.3781655057e+03 6.4278760969e+01 0.0000000000e+00 -7.6604444312e+01 2212 0.0000000000e+00 1.0000000000e+00
949 2.8310447669e+03 0.0000000000e+00 3.3682614606e+03 6.4278760969e+01 0.0000000000e+00 -7.6604444312e+01 2212 0.0000000000e+00 1.0000000000e+00
950 2.8386424536e+03 0.0000000000e+00 3.3618609072e+03 6.4278760969e+01 0.0000000000e+00 -7.6604444312e+01 2212 0.0000000000e+00 1.0000000000e+00
951 2.8746113403e+03 0.0000000000e+00 3.3311573636e+03 6.4278760969e+01 0.0000000000e+00 -7.6604444312e+01 2212 0.0000000000e+00 1.0000000000e+00
952 2.8554338200e+03 0.0000000000e+00 3.3476107059e+03 6.4278760969e+01 0.0000000000e+00 -7.6604444312e+01 2212 0.0000000000e+00 1.0000000000e+00
953 2.8793513624e+03 0.0000000000e+00 3.3270610861e+03 6.4278760969e+01 0.0000000000e+00 -7.6604444312e+01 2212 0.0000000000e+00 1.0000000000e+00
954 2.7899067913e+03 0.0000000000e+00 3.4024138248e+03 6.4278760969e+01 0.0000000000e+00 -7.6604444312e+01 2212 0.0000000000e+00 1.0000000000e+00
955 2.8218924641e+03 0.0000000000e+00 3.3759328577e+03 6.4278760969e+01 0.0000000000e+00 -7.6604444312e+01 2212 0.0000000000e+00 1.0000000000e+00
956 2.8295052230e+03 0.0000000000e+00 3.3695548567e+03 6.4278760969e+01 0.0000000000e+00 -7.6604444312e+01 2212 0.0000000000e+00 1.0000000000e+00
957 2.8547842960e+03 0.0000000000e+00 3.3481646259e+03 6.4278760969e+01 0.0000000000e+00 -7.6604444312e+01 2212 0.0000000000e+00 1.0000000000e+00
958 2.8282989475e+03 0.0000000000e+00 3.3705674303e+03 6.4278760969e+01 0.0000000000e+00 -7.6604444312e+01 2212 0.0000000000e+00 1.0000000000e+00
959 2.8642184992e+03 0.0000000000e+00 3.3400976225e+03 6.4278760969e+01 0.0000000000e+00 -7.6604444312e+01 2212 0.0000000000e+00 1.0000000000e+00
960 2.8742096677e+03 0.0000000000e+00 3.3315039434e+03 6.4278760969e+01 0.0000000000e+00 -7.6604444312e+01 2212 0.0000000000e+00 1.0000000000e+00
961 2.7923389469e+03 0.0000000000e+00 3.4004180544e+03 6.4278760969e+01 0.0000000000e+00 -7.6604444312e+01 2212 0.0000000000e+00 1.0000000000e+00
962 2.8144387056e+03 0.0000000000e+00 3.3821493922e+03 6.4278760969e+01 0.0000000000e+00 -7.6604444312e+01 2212 0.0000000000e+00 1.0000000000e+00
963 2.8337073552e+03 0.0000000000e+00 3.3660217415e+03 6.4278760969e+01 0.0000000000e+00 -7.6604444312e+01 2212 0.0000000000e+00 1.0000000000e+00
964 2.8473815614e+03 0.0000000000e+00 3.3544623985e+03 6.4278760969e+01 0.0000000000e+00 -7.6604444312e+01 2212 0.0000000000e+00 1.0000000000e+00
965 2.7867638000e+03 0.0000000000e+00 3.4049885847e+03 6.4278760969e+01 0.0000000000e+00 -7.6604444312e+01 2212 0.0000000000e+00 1.0000000000e+00
966 2.7745934802e+03 0.0000000000e+00 3.4149129943e+03 6.4278760969e+01 0.0000000000e+00 -7.6604444312e+01 2212 0.0000000000e+00 1.0000000000e+00
967 2.7913120953e+03 0.0000000000e+00 3.4012610199e+03 6.4278760969e+01 0.0000000000e+00 -7.6604444312e+01 2212 0.0000000000e+00 1.0000000000e+00
968 2.8577142584e+03 0.0000000000e+00 3.3456642026e+03 6.4278760969e+01 0.0000000000e+00 -7.6604444312e+01 2212 0.0000000000e+00 1.0000000000e+00
969 2.8145112901e+03 0.0000000000e+00 3.3820889900e+03 6.4278760969e+01 0.0000000000e+00 -7.6604444312e+01 2212 0.0000000000e+00 1.0000000000e+00
970 2.8127976562e+03 0.0000000000e+00 3.3835143097e+03 6.4278760969e+01 0.0000000000e+00 -7.6604444312e+01 2212 0.0000000000e+00 1.0000000000e+00
971 2.7758223669e+03 0.0000000000e+00 3.4139141650e+03 6.4278760969e+01 0.0000000000e+00 -7.6604444312e+01 2212 0.0000000000e+00 1.0000000000e+00
972 2.8806306966e+03 0.0000000000e+00 3.3259534767e+03 6.4278760969e+01 0.0000000000e+00 -7.6604444312e+01 2212 0.0000000000e+00 1.0000000000e+00
973 2.8491869667e+03 0.0000000000e+00 3.3529290729e+03 6.4278760969e+01 0.0000000000e+00 -7.6604444312e+01 2212 0.0000000000e+00 1.0000000000e+00
974 2.8102504650e+03 0.0000000000e+00 3.3856302312e+03 6.4278760969e+01 0.0000000000e+00 -7.6604444312e+01 2212 0.0000000000e+00 1.0000000000e+00
975 2.8736142030e+03 0.0000000000e+00 3.3320175796e+03 6.4278760969e+01 0.0000000000e+00 -7.6604444312e+01 2212 0.0000000000e+00 1.0000000000e+00
976 2.8498431807e+03 0.0000000000e+00 3.3523713375e+03 6.4278760969e+01 0.0000000000e+00 -7.6604444312e+01 2212 0.0000000000e+00 1.0000000000e+00
977 2.8098563913e+03 0.0000000000e+00 3.3859572944e+03 6.4278760969e+01 0.0000000000e+00 -7.6604444312e+01 2212 0.0000000000e+00 1.0000000000e+00
978 2.8662782914e+03 0.0000000000e+00 3.3383301957e+03 6.4278760969e+01 0.0000000000e+00 -7.6604444312e+01 2212 0.0000000000e+00 1.0000000000e+00
979 2.7996213252e+03 0.0000000000e+00 3.3944248665e+03 6.4278760969e+01 0.0000000000e+00 -7.6604444312e+01 2212 0.0000000000e+00 1.0000000000e+00
980 2.8266477207e+03 0.0000000000e+00 3.3719523131e+03 6.4278760969e+01 0.0000000000e+00 -7.6604444312e+01 2212 0.0000000000e+00 1.0000000000e+00
981 2.7832585890e+03 0.0000000000e+00 3.4078543639e+03 6.4278760969e+01 0.0000000000e+00 -7.6604444312e+01 2212 0.0000000000e+00 1.0000000000e+00
982 2.8848250126e+03 0.0000000000e+00 3.3223161176e+03 6.4278760969e+01 0.0000000000e+00 -7.6604444312e+01 2212 0.0000000000e+00 1.0000000000e+00
983 2.8167023862e+03 0.0000000000e+00 3.3802643989e+03 6.4278760969e+01 0.0000000000e+00 -7.6604444312e+01 2212 0.0000000000e+00 1.0000000000e+00
984 2.8404612088e+03 0.0000000000e+00 3.3603243683e+03 6.4278760969e+01 0.0000000000e+00 -7.6604444312e+01 2212 0.0000000000e+00 1.0000000000e+00
985 2.8090155469e+03 0.0000000000e+00 3.3866548977e+03 6.4278760969e+01 0.0000000000e+00 -7.6604444312e+01 2212 0.0000000000e+00 1.0000000000e+00
986 2.8586953166e+03 0.0000000000e+00 3.3448259784e+03 6.4278760969e+01 0.0000000000e+00 -7.6604444312e+01 2212 0.0000000000e+00 1.0000000000e+00
987 2.7787187116e+03 0.0000000000e+00 3.4115571314e+03 6.4278760969e+01 0.0000000000e+00 -7.6604444312e+01 2212 0.0000000000e+00 1.0000000000e+00
988 2.8499161416e+03 0.0000000000e+00 3.3523093122e+03 6.4278760969e+01 0.0000000000e+00 -7.6604444312e+01 2212 0.0000000000e+00 1.0000000000e+00
989 2.8435463896e+03 0.0000000000e+00 3.3577140541e+03 6.4278760969e+01 0.0000000000e+00 -7.6604444312e+01 2212 0.0000000000e+00 1.0000000000e+00
990 2.8788177046e+03 0.0000000000e+00 3.3275228568e+03 6.4278760969e+01 0.0000000000e+00 -7.6604444312e+01 2212 0.0000000000e+00 1.0000000000e+00
991 2.8356378627e+03 0.0000000000e+00 3.3643955847e+03 6.4278760969e+01 0.0000000000e+00 -7.6604444312e+01 2212 0.0000000000e+00 1.0000000000e+00
992 2.8808346563e+03 0.0000000000e+00 3.3257768148e+03 6.4278760969e+01 0.0000000000e+00 -7.6604444312e+01 2212 0.0000000000e+00 1.0000000000e+00
993 2.7780672674e+03 0.0000000000e+00 3.4120876303e+03 6.4278760969e+01 0.0000000000e+00 -7.6604444312e+01 2212 0.0000000000e+00 1.0000000000e+00
994 2.8855132668e+03 0.0000000000e+00 3.3217183694e+03 6.4278760969e+01 0.0000000000e+00 -7.6604444312e+01 2212 0.0000000000e+00 1.0000000000e+00
995 2.7779268842e+03 0.0000000000e+00 3.4122019232e+03 6.4278760969e+01 0.0000000000e+00 -7.6604444312e+01 2212 0.0000000000e+00 1.0000000000e+00
996 2.7840408439e+03 0.0000000000e+00 3.4072153320e+03 6.4278760969e+01 0.0000000000e+00 -7.6604444312e+01 2212 0.0000000000e+00 1.0000000000e+00
997 2.8742263039e+03 0.0000000000e+00 3.3314895907e+03 6.4278760969e+01 0.0000000000e+00 -7.6604444312e+01 2212 0.0000000000e+00 1.0000000000e+00
998 2.8839464051e+03 0.0000000000e+00 3.3230788242e+03 6.4278760969e+01 0.0000000000e+00 -7.6604444312e+01 2212 0.0000000000e+00 1.0000000000e+00
999 2.7703165216e+03 0.0000000000e+00 3.4183835520e+03 6.4278760969e+01 0.0000000000e+00 -7.6604444312e+01 2212 0.0000000000e+00 1.0000000000e+00
1000 2.7962671537e+03 0.0000000000e+00 3.3971885058e+03 6.4278760969e+01 0.0000000000e+00 -7.6604444312e+01 2212 0.0000000000e+00 1.0000000000e+00
1001 2.8437374761e+03 0.0000000000e+00 3.3575522194e+03 6.4278760969e+01 0.0000000000e+00 -7.6604444312e+01 2212 0.0000000000e+00 1.0000000000e+00
1002 2.7911590380e+03 0.0000000000e+00 3.4013866236e+03 6.4278760969e+01 0.0000000000e+00 -7.6604444312e+01 2212 0.0000000000e+00 1.0000000000e+00
1003 2.8105936255e+03 0.0000000000e+00 3.3853453607e+03 6.4278760969e+01 0.0000000000e+00 -7.6604444312e+01 2212 0.0000000000e+00 1.0000000000e+00
1004 2.8293490967e+03 0.0000000000e+00 3.3696859539e+03 6.4278760969e+01 0.0000000000e+00 -7.6604444312e+01 2212 0.0000000000e+00 1.0000000000e+00
1005 2.7849544569e+03 0.0000000000e+00 3.4064686131e+03 6.4278760969e+01 0.0000000000e+00 -7.6604444312e+01 2212 0.0000000000e+00 1.0000000000e+00
1006 2.8318520948e+03 0.0000000000e+00 3.3675827312e+03 6.4278760969e+01 0.0000000000e+00 -7.6604444312e+01 2212 0.0000000000e+00 1.0000000000e+00
1007 2.8489680060e+03 0.0000000000e+00 3.3531151247e+03 6.4278760969e+01 0.0000000000e+00 -7.6604444312e+01 2212 0.0000000000e+00 1.0000000000e+00
1008 2.8026105084e+03 0.0000000000e+00 3.3919572635e+03 6.4278760969e+01 0.0000000000e+00 -7.6604444312e+01 2212 0.0000000000e+00 1.0000000000e+00
1009 2.8705481393e+03 0.0000000000e+00 3.3346593707e+03 6.4278760969e+01 0.0000000000e+00 -7.6604444312e+01 2212 0.0000000000e+00 1.0000000000e+00
1010 2.8058678995e+03 0.0000000000e+00 3.3892632045e+03 6.4278760969e+01 0.0000000000e+00 -7.6604444312e+01 2212 0.0000000000e+00 1.0000000000e+00
1011 2.8386992695e+03 0.0000000000e+00 3.3618129330e+03 6.4278760969e+01 0.0000000000e+00 -7.6604444312e+01 2212 0.0000000000e+00 1.0000000000e+00
1012 2.8058351089e+03 0.0000000000e+00 3.3892903506e+03 6.4278760969e+01 0.0000000000e+00 -7.6604444312e+01 2212 0.0000000000e+00 1.0000000000e+00
1013 2.8758472456e+03 0.0000000000e+00 3.3300904430e+03 6.4278760969e+01 0.0000000000e+00 -7.6604444312e+01 2212 0.0000000000e+00 1.0000000000e+00
1014 2.8006859892e+03 0.0000000000e+00 3.3935464825e+03 6.4278760969e+01 0.0000000000e+00 -7.6604444312e+01 2212 0.0000000000e+00 1.0000000000e+00
1015 2.7725556058e+03 0.0000000000e+00 3.4165677443e+03 6.4278760969e+01 0.0000000000e+00 -7.6604444312e+01 2212 0.0000000000e+00 1.0000000000e+00
1016 2.8392431358e+03 0.0000000000e+00 3.3613536194e+03 6.4278760969e+01 0.0000000000e+00 -7.6604444312e+01 2212 0.0000000000e+00 1.0000000000e+00
1017 2.8627601289e+03 0.0000000000e+00 3.3413476597e+03 6.4278760969e+01 0.0000000000e+00 -7.6604444312e+01 2212 0.0000000000e+00 1.0000000000e+00
1018 2.7948473044e+03 0.0000000000e+00 3.3983567035e+03 6.4278760969e+01 0.0000000000e+00 -7.6604444312e+01 2212 0.0000000000e+00 1.0000000000e+00
1019 2.7859418872e+03 0.0000000000e+00 3.4056611018e+03 6.4278760969e+01 0.0000000000e+00 -7.6604444312e+01 2212 0.0000000000e+00 1.0000000000e+00
1020 2.8167638325e+03 0.0000000000e+00 3.3802131961e+03 6.4278760969e+01 0.0000000000e+00 -7.6604444312e+01 2212 0.0000000000e+00 1.0000000000e+00
1021 2.8862841195e+03 0.0000000000e+00 3.3210485875e+03 6.4278760969e+01 0.0000000000e+00 -7.6604444312e+01 2212 0.0000000000e+00 1.0000000000e+00
1022 2.8033116225e+03 0.0000000000e+00 3.3913778448e+03 6.4278760969e+01 0.0000000000e+00 -7.6604444312e+01 2212 0.0000000000e+00 1.0000000000e+00
1023 2.8813702841e+03 0.0000000000e+00 3.3253127710e+03 6.4278760969e+01 0.0000000000e+00 -7.6604444312e+01 2212 0.0000000000e+00 1.0000000000e+00
1024 2.7897084154e+03 0.0000000000e+00 3.4025764791e+03 6.4278760969e+01 0.0000000000e+00 -7.6604444312e+01 2212 0.0000000000e+00 1.0000000000e+00
1025 2.7991391336e+03 0.0000000000e+00 3.3948225064e+03 6.4278760969e+01 0.0000000000e+00 -7.6604444312e+01 2212 0.0000000000e+00 1.0000000000e+00
1026 2.7958648817e+03 0.0000000000e+00 3.3975195808e+03 6.4278760969e+01 0.0000000000e+00 -7.6604444312e+01 2212 0.0000000000e+00 1.0000000000e+00
1027 2.8016656837e+03 0.0000000000e+00 3.3927377051e+03 6.4278760969e+01 0.0000000000e+00 -7.6604444312e+01 2212 0.0000000000e+00 1.0000000000e+00
1028 2.8853428502e+03 0.0000000000e+00 3.3218663995e+03 6.4278760969e+01 0.0000000000e+00 -7.6604444312e+01 2212 0.0000000000e+00 1.0000000000e+00
1029 2.8720520824e+03 0.0000000000e+00 3.3333641527e+03 6.4278760969e+01 0.0000000000e+00 -7.6604444312e+01 2212 0.0000000000e+00 1.0000000000e+00
1030 2.8204987236e+03 0.0000000000e+00 3.3770973763e+03 6.4278760969e+01 0.0000000000e+00 -7.6604444312e+01 2212 0.0000000000e+00 1.0000000000e+00
1031 2.8188841047e+03 0.0000000000e+00 3.3784452257e+03 6.4278760969e+01 0.0000000000e+00 -7.6604444312e+01 2212 0.0000000000e+00 1.0000000000e+00
1032 2.8666924617e+03 0.0000000000e+00 3.3379745459e+03 6.4278760969e+01 0.0000000000e+00 -7.6604444312e+01 2212 0.0000000000e+00 1.0000000000e+00
1033 2.8845143976e+03 0.0000000000e+00 3.3225858046e+03 6.4278760969e+01 0.0000000000e+00 -7.6604444312e+01 2212 0.0000000000e+00 1.0000000000e+00
1034 2.8367879628e+03 0.0000000000e+00 3.3634259012e+03 6.4278760969e+01 0.0000000000e+00 -7.6604444312e+01 2212 0.0000000000e+00 1.0000000000e+00
1035 2.8346477391e+03 0.0000000000e+00 3.3652298486e+03 6.4278760969e+01 0.0000000000e+00 -7.6604444312e+01 2212 0.0000000000e+00 1.0000000000e+00
1036 2.8460975981e+03 0.0000000000e+00 3.3555518475e+03 6.4278760969e+01 0.0000000000e+00 -7.6604444312e+01 2212 0.0000000000e+00 1.0000000000e+00
1037 2.8001128298e+03 0.0000000000e+00 3.3940194282e+03 6.4278760969e+01 0.0000000000e+00 -7.6604444312e+01 2212 0.0000000000e+00 1.0000000000e+00
1038 2.8552042991e+03 0.0000000000e+00 3.3478064683e+03 6.4278760969e+01 0.0000000000e+00 -7.6604444312e+01 2212 0.0000000000e+00 1.0000000000e+00
1039 2.8106057610e+03 0.0000000000e+00 3.3853352855e+03 6.4278760969e+01 0.0000000000e+00 -7.6604444312e+01 2212 0.0000000000e+00 1.0000000000e+00
1040 2.8154539998e+03 0.0000000000e+00 3.3813042623e+03 6.4278760969e+01 0.0000000000e+00 -7.6604444312e+01 2212 0.0000000000e+00 1.0000000000e+00
1041 2.8466958777e+03 0.0000000000e+00 3.3550443095e+03 6.4278760969e+01 0.0000000000e+00 -7.6604444312e+01 2212 0.0000000000e+00 1.0000000000e+00
1042 2.8156403421e+03 0.0000000000e+00 3.3811490950e+03 6.4278760969e+01 0.0000000000e+00 -7.6604444312e+01 2212 0.0000000000e+00 1.0000000000e+00
1043 2.8090337584e+03 0.0000000000e+00 3.3866397924e+03 6.4278760969e+01 0.0000000000e+00 -7.6604444312e+01 2212 0.0000000000e+00 1.0000000000e+00
1044 2.8703449536e+03 0.0000000000e+00 3.3348342667e+03 6.4278760969e+01 0.0000000000e+00 -7.6604444312e+01 2212 0.0000000000e+00 1.0000000000e+00
1045 2.7974313753e+03 0.0000000000e+00 3.3962298861e+03 6.4278760969e+01 0.0000000000e+00 -7.6604444312e+01 2212 0.0000000000e+00 1.0000000000e+00
1046 2.8645748052e+03 0.0000000000e+00 3.3397920481e+03 6.4278760969e+01 0.0000000000e+00 -7.6604444312e+01 2212 0.0000000000e+00 1.0000000000e+00
1047 2.8693781649e+03 0.0000000000e+00 3.3356661532e+03 6.4278760969e+01 0.0000000000e+00 -7.6604444312e+01 2212 0.0000000000e+00 1.0000000000e+00
1048 2.8676657967e+03 0.0000000000e+00 3.3371383875e+03 6.4278760969e+01 0.0000000000e+00 -7.6604444312e+01 2212 0.0000000000e+00 1.0000000000e+00
1049 2.8322681798e+03 0.0000000000e+00 3.3672327951e+03 6.4278760969e+01 0.0000000000e+00 -7.6604444312e+01 2212 0.0000000000e+00 1.0000000000e+00
1050 2.7913883610e+03 0.0000000000e+00 3.4011984295e+03 6.4278760969e+01 0.0000000000e+00 -7.6604444312e+01 2212 0.0000000000e+00 1.0000000000e+00
1051 2.7792555013e+03 0.0000000000e+00 3.4111198451e+03 6.4278760969e+01 0.0000000000e+00 -7.6604444312e+01 2212 0.0000000000e+00 1.0000000000e+00
1052 2.8117122805e+03 0.0000000000e+00 3.3844163146e+03 6.4278760969e+01 0.0000000000e+00 -7.6604444312e+01 2212 0.0000000000e+00 1.0000000000e+00
1053 2.8206169536e+03 0.0000000000e+00 3.3769986290e+03 6.4278760969e+01 0.0000000000e+00 -7.6604444312e+01 2212 0.0000000000e+00 1.0000000000e+00
1054 2.8261452127e+03 0.0000000000e+00 3.3723734929e+03 6.4278760969e+01 0.0000000000e+00 -7.6604444312e+01 2212 0.0000000000e+00 1.0000000000e+00
1055 2.7856780258e+03 0.0000000000e+00 3.4058769319e+03 6.4278760969e+01 0.0000000000e+00 -7.6604444312e+01 2212 0.0000000000e+00 1.0000000000e+00
1056 2.8827249932e+03 0.0000000000e+00 3.3241384376e+03 6.4278760969e+01 0.0000000000e+00 -7.6604444312e+01 2212 0.0000000000e+00 1.0000000000e+00
1057 2.8451170474e+03 0.0000000000e+00 3.3563832805e+03 6.4278760969e+01 0.0000000000e+00 -7.6604444312e+01 2212 0.0000000000e+00 1.0000000000e+00
1058 2.8357077248e+03 0.0000000000e+00 3.3643367011e+03 6.4278760969e+01 0.0000000000e+00 -7.6604444312e+01 2212 0.0000000000e+00 1.0000000000e+00
1059 2.8513004978e+03 0.0000000000e+00 3.3511319297e+03 6.4278760969e+01 0.0000000000e+00 -7.6604444312e+01 2212 0.0000000000e+00 1.0000000000e+00
1060 2.8666127155e+03 0.0000000000e+00 3.3380430312e+03 6.4278760969e+01 0.0000000000e+00 -7.6604444312e+01 2212 0.0000000000e+00 1.0000000000e+00
1061 2.8361233792e+03 0.0000000000e+00 3.3639863134e+03 6.4278760969e+01 0.0000000000e+00 -7.6604444312e+01 2212 0.0000000000e+00 1.0000000000e+00
1062 2.7780842043e+03 0.0000000000e+00 3.4120738405e+03 6.4278760969e+01 0.0000000000e+00 -7.6604444312e+01 2212 0.0000000000e+00 1.0000000000e+00
1063 2.8269481097e+03 0.0000000000e+00 3.3717004796e+03 6.4278760969e+01 0.0000000000e+00 -7.6604444312e+01 2212 0.0000000000e+00 1.0000000000e+00
1064 2.8345125921e+03 0.0000000000e+00 3.3653436829e+03 6.4278760969e+01 0.0000000000e+00 -7.6604444312e+01 2212 0.0000000000e+00 1.0000000000e+00
1065 2.7916164037e+03 0.0000000000e+00 3.4010112604e+03 6.4278760969e+01 0.0000000000e+00 -7.6604444312e+01 2212 0.0000000000e+00 1.0000000000e+00
1066 2.8339019826e+03 0.0000000000e+00 3.3658578835e+03 6.4278760969e+01 0.0000000000e+00 -7.6604444312e+01 2212 0.0000000000e+00 1.0000000000e+00
1067 2.8385771092e+03 0.0000000000e+00 3.3619160808e+03 6.4278760969e+01 0.0000000000e+00 -7.6604444312e+01 2212 0.0000000000e+00 1.0000000000e+00
1068 2.8756834917e+03 0.0000000000e+00 3.3302318530e+03 6.4278760969e+01 0.0000000000e+00 -7.6604444312e+01 2212 0.0000000000e+00 1.0000000000e+00
1069 2.8334038634e+03 0.0000000000e+00 3.3662772146e+03 6.4278760969e+01 0.0000000000e+00 -7.6604444312e+01 2212 0.0000000000e+00 1.0000000000e+00
1070 2.8128807294e+03 0.0000000000e+00 3.3834452473e+03 6.4278760969e+01 0.0000000000e+00 -7.6604444312e+01 2212 0.0000000000e+00 1.0000000000e+00
1071 2.8198169924e+03 0.0000000000e+00 3.3776666307e+03 6.4278760969e+01 0.0000000000e+00 -7.6604444312e+01 2212 0.0000000000e+00 1.0000000000e+00
1072 2.8751858114e+03 0.0000000000e+00 3.3306615392e+03 6.4278760969e+01 0.0000000000e+00 -7.6604444312e+01 2212 0.0000000000e+00 1.0000000000e+00
1073 2.8117454893e+03 0.0000000000e+00 3.3843887250e+03 6.4278760969e+01 0.0000000000e+00 -7.6604444312e+01 2212 0.0000000000e+00 1.0000000000e+00
1074 2.7857621382e+03 0.0000000000e+00 3.4058081344e+03 6.4278760969e+01 0.0000000000e+00 -7.6604444312e+01 2212 0.0000000000e+00 1.0000000000e+00
1075 2.8462024135e+03 0.0000000000e+00 3.3554629427e+03 6.4278760969e+01 0.0000000000e+00 -7.6604444312e+01 2212 0.0000000000e+00 1.0000000000e+00
1076 2.7808305665e+03 0.0000000000e+00 3.4098359344e+03 6.4278760969e+01 0.0000000000e+00 -7.6604444312e+01 2212 0.0000000000e+00 1.0000000000e+00
1077 2.7795327335e+03 0.0000000000e+00 3.4108939476e+03 6.4278760969e+01 0.0000000000e+00 -7.6604444312e+01 2212 0.0000000000e+00 1.0000000000e+00
1078 2.8835499798e+03 0.0000000000e+00 3.3234228219e+03 6.4278760969e+01 0.0000000000e+00 -7.6604444312e+01 2212 0.0000000000e+00 1.0000000000e+00
1079 2.7797640365e+03 0.0000000000e+00 3.4107054462e+03 6.4278760969e+01 0.0000000000e+00 -7.6604444312e+01 2212 0.0000000000e+00 1.0000000000e+00
1080 2.8799359506e+03 0.0000000000e+00 3.3265550739e+03 6.4278760969e+01 0.0000000000e+00 -7.6604444312e+01 2212 0.0000000000e+00 1.0000000000e+00
1081 2.8051883008e+03 0.0000000000e+00 3.3898257088e+03 6.4278760969e+01 0.0000000000e+00 -7.6604444312e+01 2212 0.0000000000e+00 1.0000000000e+00
1082 2.8389516468e+03 0.0000000000e+00 3.3615998105e+03 6.4278760969e+01 0.0000000000e+00 -7.6604444312e+01 2212 0.0000000000e+00 1.0000000000e+00
1083 2.8131600957e+03 0.0000000000e+00 3.3832129722e+03 6.4278760969e+01 0.0000000000e+00 -7.6604444312e+01 2212 0.0000000000e+00 1.0000000000e+00
1084 2.7752068898e+03 0.0000000000e+00 3.4144145117e+03 6.4278760969e+01 0.0000000000e+00 -7.6604444312e+01 2212 0.0000000000e+00 1.0000000000e+00
1085 2.8310598037e+03 0.0000000000e+00 3.3682488220e+03 6.4278760969e+01 0.0000000000e+00 -7.6604444312e+01 2212 0.0000000000e+00 1.0000000000e+00
1086 2.7749916146e+03 0.0000000000e+00 3.4145894743e+03 6.4278760969e+01 0.0000000000e+00 -7.6604444312e+01 2212 0.0000000000e+00 1.0000000000e+00
1087 2.8776619486e+03 0.0000000000e+00 3.3285224122e+03 6.4278760969e+01 0.0000000000e+00 -7.6604444312e+01 2212 0.0000000000e+00 1.0000000000e+00
1088 2.8075759800e+03 0.0000000000e+00 3.3878484109e+03 6.4278760969e+01 0.0000000000e+00 -7.6604444312e+01 2212 0.0000000000e+00 1.0000000000e+00
1089 2.8529155726e+03 0.0000000000e+00 3.3497570769e+03 6.4278760969e+01 0.0000000000e+00 -7.6604444312e+01 2212 0.0000000000e+00 1.0000000000e+00
1090 2.8136201247e+03 0.0000000000e+00 3.3828304026e+03 6.4278760969e+01 0.0000000000e+00 -7.6604444312e+01 2212 0.0000000000e+00 1.0000000000e+00
1091 2.8086571094e+03 0.0000000000e+00 3.3869521669e+03 6.4278760969e+01 0.0000000000e+00 -7.6604444312e+01 2212 0.0000000000e+00 1.0000000000e+00
1092 2.8592235436e+03 0.0000000000e+00 3.3443744507e+03 6.4278760969e+01 0.0000000000e+00 -7.6604444312e+01 2212 0.0000000000e+00 1.0000000000e+00
1093 2.8285940574e+03 0.0000000000e+00 3.3703197767e+03 6.4278760969e+01 0.0000000000e+00 -7.6604444312e+01 2212 0.0000000000e+00 1.0000000000e+00
1094 2.8703117322e+03 0.0000000000e+00 3.3348628606e+03 6.4278760969e+01 0.0000000000e+00 -7.6604444312e+01 2212 0.0000000000e+00 1.0000000000e+00
1095 2.7998071341e+03 0.0000000000e+00 3.3942716082e+03 6.4278760969e+01 0.0000000000e+00 -7.6604444312e+01 2212 0.0000000000e+00 1.0000000000e+00
1096 2.8336397133e+03 0.0000000000e+00 3.3660786851e+03 6.4278760969e+01 0.0000000000e+00 -7.6604444312e+01 2212 0.0000000000e+00 1.0000000000e+00
1097 2.8529137079e+03 0.0000000000e+00 3.3497586650e+03 6.4278760969e+01 0.0000000000e+00 -7.6604444312e+01 2212 0.0000000000e+00 1.0000000000e+00
1098 2.8074876183e+03 0.0000000000e+00 3.3879216361e+03 6.4278760969e+01 0.0000000000e+00 -7.6604444312e+01 2212 0.0000000000e+00 1.0000000000e+00
1099 2.7740449462e+03 0.0000000000e+00 3.4153586013e+03 6.4278760969e+01 0.0000000000e+00 -7.6604444312e+01 2212 0.0000000000e+00 1.0000000000e+00
1100 2.8171687545e+03 0.0000000000e+00 3.3798757296e+03 6.4278760969e+01 0.0000000000e+00 -7.6604444312e+01 2212 0.0000000000e+00 1.0000000000e+00
1101 2.8249828071e+03 0.0000000000e+00 3.3733472810e+03 6.4278760969e+01 0.0000000000e+00 -7.6604444312e+01 2212 0.0000000000e+00 1.0000000000e+00
1102 2.7820794413e+03 0.0000000000e+00 3.4088170560e+03 6.4278760969e+01 0.0000000000e+00 -7.6604444312e+01 2212 0.0000000000e+00 1.0000000000e+00
1103 2.8104694953e+03 0.0000000000e+00 3.3854484127e+03 6.4278760969e+01 0.0000000000e+00 -7.6604444312e+01 2212 0.0000000000e+00 1.0000000000e+00
1104 2.7853650775e+03 0.0000000000e+00 3.4061328694e+03 6.4278760969e+01 0.0000000000e+00 -7.6604444312e+01 2212 0.0000000000e+00 1.0000000000e+00
1105 2.8447644221e+03 0.0000000000e+00 3.3566821597e+03 6.4278760969e+01 0.0000000000e+00 -7.6604444312e+01 2212 0.0000000000e+00 1.0000000000e+00
1106 2.8570328336e+03 0.0000000000e+00 3.3462461247e+03 6.4278760969e+01 0.0000000000e+00 -7.6604444312e+01 2212 0.0000000000e+00 1.0000000000e+00
1107 2.8726061669e+03 0.0000000000e+00 3.3328866691e+03 6.4278760969e+01 0.0000000000e+00 -7.6604444312e+01 2212 0.0000000000e+00 1.0000000000e+00
1108 2.8723075908e+03 0.0000000000e+00 3.3331439877e+03 6.4278760969e+01 0.0000000000e+00 -7.6604444312e+01 2212 0.0000000000e+00 1.0000000000e+00
1109 2.8442155141e+03 0.0000000000e+00 3.3571472783e+03 6.4278760969e+01 0.0000000000e+00 -7.6604444312e+01 2212 0.0000000000e+00 1.0000000000e+00
1110 2.7998093674e+03 0.0000000000e+00 3.3942697661e+03 6.4278760969e+01 0.0000000000e+00 -7.6604444312e+01 2212 0.0000000000e+00 1.0000000000e+00
1111 2.7986598311e+03 0.0000000000e+00 3.3952176497e+03 6.4278760969e+01 0.0000000000e+00 -7.6604444312e+01 2212 0.0000000000e+00 1.0000000000e+00
1112 2.8500431002e+03 0.0000000000e+00 3.3522013761e+03 6.4278760969e+01 0.0000000000e+00 -7.6604444312e+01 2212 0.0000000000e+00 1.0000000000e+00
1113 2.7978233455e+03 0.0000000000e+00 3.3959069873e+03 6.4278760969e+01 0.0000000000e+00 -7.6604444312e+01 2212 0.0000000000e+00 1.0000000000e+00
1114 2.8116549511e+03 0.0000000000e+00 3.3844639420e+03 6.4278760969e+01 0.0000000000e+00 -7.6604444312e+01 2212 0.0000000000e+00 1.0000000000e+00
1115 2.8097608129e+03 0.0000000000e+00 3.3860366083e+03 6.4278760969e+01 0.0000000000e+00 -7.6604444312e+01 2212 0.0000000000e+00 1.0000000000e+00
1116 2.7697278506e+03 0.0000000000e+00 3.4188605371e+03 6.4278760969e+01 0.0000000000e+00 -7.6604444312e+01 2212 0.0000000000e+00 1.0000000000e+00
1117 2.8759843689e+03 0.0000000000e+00 3.3299720192e+03 6.4278760969e+01 0.0000000000e+00 -7.6604444312e+01 2212 0.0000000000e+00 1.0000000000e+00
1118 2.8588769875e+03 0.0000000000e+00 3.3446707027e+03 6.4278760969e+01 0.0000000000e+00 -7.6604444312e+01 2212 0.0000000000e+00 1.0000000000e+00
1119 2.7985124610e+03 0.0000000000e+00 3.3953391207e+03 6.4278760969e+01 0.0000000000e+00 -7.6604444312e+01 2212 0.0000000000e+00 1.0000000000e+00
1120 2.8181369613e+03 0.0000000000e+00 3.3790684820e+03 6.4278760969e+01 0.0000000000e+00 -7.6604444312e+01 2212 0.0000000000e+00 1.0000000000e+00
1121 2.8850741005e+03 0.0000000000e+00 3.3220998139e+03 6.4278760969e+01 0.0000000000e+00 -7.6604444312e+01 2212 0.0000000000e+00 1.0000000000e+00
1122 2.8086744283e+03 0.0000000000e+00 3.3869378049e+03 6.4278760969e+01 0.0000000000e+00 -7.6604444312e+01 2212 0.0000000000e+00 1.0000000000e+00
1123 2.7911607358e+03 0.0000000000e+00 3.4013852304e+03 6.4278760969e+01 0.0000000000e+00 -7.6604444312e+01 2212 0.0000000000e+00 1.0000000000e+00
1124 2.8020662790e+03 0.0000000000e+00 3.3924068605e+03 6.4278760969e+01 0.0000000000e+00 -7.6604444312e+01 2212 0.0000000000e+00 1.0000000000e+00
1125 2.8746699915e+03 0.0000000000e+00 3.3311067498e+03 6.4278760969e+01 0.0000000000e+00 -7.6604444312e+01 2212 0.0000000000e+00 1.0000000000e+00
1126 2.8391355410e+03 0.0000000000e+00 3.3614444989e+03 6.4278760969e+01 0.0000000000e+00 -7.6604444312e+01 2212 0.0000000000e+00 1.0000000000e+00
1127 2.7941160586e+03 0.0000000000e+00 3.3989579565e+03 6.4278760969e+01 0.0000000000e+00 -7.6604444312e+01 2212 0.0000000000e+00 1.0000000000e+00
1128 2.8076349280e+03 0.0000000000e+00 3.3877995587e+03 6.4278760969e+01 0.0000000000e+00 -7.6604444312e+01 2212 0.0000000000e+00 1.0000000000e+00
1129 2.8366539130e+03 0.0000000000e+00 3.3635389572e+03 6.4278760969e+01 0.0000000000e+00 -7.6604444312e+01 2212 0.0000000000e+00 1.0000000000e+00
1130 2.8793274776e+03 0.0000000000e+00 3.3270817567e+03 6.4278760969e+01 0.0000000000e+00 -7.6604444312e+01 2212 0.0000000000e+00 1.0000000000e+00
1131 2.8221723034e+03 0.0000000000e+00 3.3756989245e+03 6.4278760969e+01 0.0000000000e+00 -7.6604444312e+01 2212 0.0000000000e+00 1.0000000000e+00
1132 2.7804507671e+03 0.0000000000e+00 3.4101456377e+03 6.4278760969e+01 0.0000000000e+00 -7.6604444312e+01 2212 0.0000000000e+00 1.0000000000e+00
1133 2.8738517993e+03 0.0000000000e+00 3.3318126560e+03 6.4278760969e+01 0.0000000000e+00 -7.6604444312e+01 2212 0.0000000000e+00 1.0000000000e+00
1134 2.8731080111e+03 0.0000000000e+00 3.3324540650e+03 6.4278760969e+01 0.0000000000e+00 -7.6604444312e+01 2212 0.0000000000e+00 1.0000000000e+00
1135 2.7886800472e+03 0.0000000000e+00 3.4034193590e+03 6.4278760969e+01 0.0000000000e+00 -7.6604444312e+01 2212 0.0000000000e+00 1.0000000000e+00
1136 2.8362601777e+03 0.0000000000e+00 3.3638709760e+03 6.4278760969e+01 0.0000000000e+00 -7.6604444312e+01 2212 0.0000000000e+00 1.0000000000e+00
1137 2.8369314319e+03 0.0000000000e+00 3.3633048910e+03 6.4278760969e+01 0.0000000000e+00 -7.6604444312e+01 2212 0.0000000000e+00 1.0000000000e+00
1138 2.7763944784e+03 0.0000000000e+00 3.4134489068e+03 6.4278760969e+01 0.0000000000e+00 -7.6604444312e+01 2212 0.0000000000e+00 1.0000000000e+00
1139 2.7764375752e+03 0.0000000000e+00 3.4134138527e+03 6.4278760969e+01 0.0000000000e+00 -7.6604444312e+01 2212 0.0000000000e+00 1.0000000000e+00
1140 2.8721415721e+03 0.0000000000e+00 3.3332870456e+03 6.4278760969e+01 0.0000000000e+00 -7.6604444312e+01 2212 0.0000000000e+00 1.0000000000e+00
1141 2.8480649064e+03 0.0000000000e+00 3.3538822322e+03 6.4278760969e+01 0.0000000000e+00 -7.6604444312e+01 2212 0.0000000000e+00 1.0000000000e+00
1142 2.7957627977e+03 0.0000000000e+00 3.3976035846e+03 6.4278760969e+01 0.0000000000e+00 -7.6604444312e+01 2212 0.0000000000e+00 1.0000000000e+00
1143 2.8335249441e+03 0.0000000000e+00 3.3661752970e+03 6.4278760969e+01 0.0000000000e+00 -7.6604444312e+01 2212 0.0000000000e+00 1.0000000000e+00
1144 2.8633346166e+03 0.0000000000e+00 3.3408553713e+03 6.4278760969e+01 0.0000000000e+00 -7.6604444312e+01 2212 0.0000000000e+00 1.0000000000e+00
1145 2.8668100162e+03 0.0000000000e+00 3.3378735851e+03 6.4278760969e+01 0.0000000000e+00 -7.6604444312e+01 2212 0.0000000000e+00 1.0000000000e+00
1146 2.8636251833e+03 0.0000000000e+00 3.3406063145e+03 6.4278760969e+01 0.0000000000e+00 -7.6604444312e+01 2212 0.0000000000e+00 1.0000000000e+00
1147 2.8101631544e+03 0.0000000000e+00 3.3857027017e+03 6.4278760969e+01 0.0000000000e+00 -7.6604444312e+01 2212 0.0000000000e+00 1.0000000000e+00
1148 2.7724643288e+03 0.0000000000e+00 3.4166418139e+03 6.4278760969e+01 0.0000000000e+00 -7.6604444312e+01 2212 0.0000000000e+00 1.0000000000e+00
1149 2.8684628828e+03 0.0000000000e+00 3.3364532709e+03 6.4278760969e+01 0.0000000000e+00 -7.6604444312e+01 2212 0.0000000000e+00 1.0000000000e+00
1150 2.8431915372e+03 0.0000000000e+00 3.3580145356e+03 6.4278760969e+01 0.0000000000e+00 -7.6604444312e+01 2212 0.0000000000e+00 1.0000000000e+00
1151 2.8256359466e+03 0.0000000000e+00 3.3728002070e+03 6.4278760969e+01 0.0000000000e+00 -7.6604444312e+01 2212 0.0000000000e+00 1.0000000000e+00
1152 2.8405580036e+03 0.0000000000e+00 3.3602425458e+03 6.4278760969e+01 0.0000000000e+00 -7.6604444312e+01 2212 0.0000000000e+00 1.0000000000e+00
1153 2.8686305499e+03 0.0000000000e+00 3.3363091145e+03 6.4278760969e+01 0.0000000000e+00 -7.6604444312e+01 2212 0.0000000000e+00 1.0000000000e+00
1154 2.7783343046e+03 0.0000000000e+00 3.4118701954e+03 6.4278760969e+01 0.0000000000e+00 -7.6604444312e+01 2212 0.0000000000e+00 1.0000000000e+00
1155 2.8044959406e+03 0.0000000000e+00 3.3903985397e+03 6.4278760969e+01 0.0000000000e+00 -7.6604444312e+01 2212 0.0000000000e+00 1.0000000000e+00
1156 2.8602512223e+03 0.0000000000e+00 3.3434955786e+03 6.4278760969e+01 0.0000000000e+00 -7.6604444312e+01 2212 0.0000000000e+00 1.0000000000e+00
1157 2.7732878641e+03 0.0000000000e+00 3.4159733842e+03 6.4278760969e+01 0.0000000000e+00 -7.6604444312e+01 2212 0.0000000000e+00 1.0000000000e+00
1158 2.7860814035e+03 0.0000000000e+00 3.4055469681e+03 6.4278760969e+01 0.0000000000e+00 -7.6604444312e+01 2212 0.0000000000e+00 1.0000000000e+00
1159 2.8510372696e+03 0.0000000000e+00 3.3513558788e+03 6.4278760969e+01 0.0000000000e+00 -7.6604444312e+01 2212 0.0000000000e+00 1.0000000000e+00
1160 2.8239904689e+03 0.0000000000e+00 3.3741780585e+03 6.4278760969e+01 0.0000000000e+00 -7.6604444312e+01 2212 0.0000000000e+00 1.0000000000e+00
1161 2.8366496355e+03 0.0000000000e+00 3.3635425647e+03 6.4278760969e+01 0.0000000000e+00 -7.6604444312e+01 2212 0.0000000000e+00 1.0000000000e+00
1162 2.7805850033e+03 0.0000000000e+00 3.4100361843e+03 6.4278760969e+01 0.0000000000e+00 -7.6604444312e+01 2212 0.0000000000e+00 1.0000000000e+00
1163 2.8037041011e+03 0.0000000000e+00 3.3910533839e+03 6.4278760969e+01 0.0000000000e+00 -7.6604444312e+01 2212 0.0000000000e+00 1.0000000000e+00
1164 2.8364758136e+03 0.0000000000e+00 3.3636891500e+03 6.4278760969e+01 0.0000000000e+00 -7.6604444312e+01 2212 0.0000000000e+00 1.0000000000e+00
1165 2.7871565247e+03 0.0000000000e+00 3.4046671270e+03 6.4278760969e+01 0.0000000000e+00 -7.6604444312e+01 2212 0.0000000000e+00 1.0000000000e+00
1166 2.8169271347e+03 0.0000000000e+00 3.3800771081e+03 6.4278760969e+01 0.0000000000e+00 -7.6604444312e+01 2212 0.0000000000e+00 1.0000000000e+00
1167 2.8603499751e+03 0.0000000000e+00 3.3434110963e+03 6.4278760969e+01 0.0000000000e+00 -7.6604444312e+01 2212 0.0000000000e+00 1.0000000000e+00
1168 2.8384390351e+03 0.0000000000e+00 3.3620326564e+03 6.4278760969e+01 0.0000000000e+00 -7.6604444312e+01 2212 0.0000000000e+00 1.0000000000e+00
1169 2.7739667832e+03 0.0000000000e+00 3.4154220859e+03 6.4278760969e+01 0.0000000000e+00 -7.6604444312e+01 2212 0.0000000000e+00 1.0000000000e+00
1170 2.8574203083e+03 0.0000000000e+00 3.3459152590e+03 6.4278760969e+01 0.0000000000e+00 -7.6604444312e+01 2212 0.0000000000e+00 1.0000000000e+00
1171 2.8320880778e+03 0.0000000000e+00 3.3673842754e+03 6.4278760969e+01 0.0000000000e+00 -7.6604444312e+01 2212 0.0000000000e+00 1.0000000000e+00
1172 2.8738428903e+03 0.0000000000e+00 3.3318203404e+03 6.4278760969e+01 0.0000000000e+00 -7.6604444312e+01 2212 0.0000000000e+00 1.0000000000e+00
1173 2.8243646873e+03 0.0000000000e+00 3.3738648242e+03 6.4278760969e+01 0.0000000000e+00 -7.6604444312e+01 2212 0.0000000000e+00 1.0000000000e+00
1174 2.8140499705e+03 0.0000000000e+00 3.3824728384e+03 6.4278760969e+01 0.0000000000e+00 -7.6604444312e+01 2212 0.0000000000e+00 1.0000000000e+00
1175 2.8501786792e+03 0.0000000000e+00 3.3520861020e+03 6.4278760969e+01 0.0000000000e+00 -7.6604444312e+01 2212 0.0000000000e+00 1.0000000000e+00
1176 2.8037703276e+03 0.0000000000e+00 3.3909986271e+03 6.4278760969e+01 0.0000000000e+00 -7.6604444312e+01 2212 0.0000000000e+00 1.0000000000e+00
1177 2.8449271715e+03 0.0000000000e+00 3.3565442240e+03 6.4278760969e+01 0.0000000000e+00 -7.6604444312e+01 2212 0.0000000000e+00 1.0000000000e+00
1178 2.8293583667e+03 0.0000000000e+00 3.3696781703e+03 6.4278760969e+01 0.0000000000e+00 -7.6604444312e+01 2212 0.0000000000e+00 1.0000000000e+00
1179 2.8752631567e+03 0.0000000000e+00 3.3305947695e+03 6.4278760969e+01 0.0000000000e+00 -7.6604444312e+01 2212 0.0000000000e+00 1.0000000000e+00
1180 2.8321243236e+03 0.0000000000e+00 3.3673537911e+03 6.4278760969e+01 0.0000000000e+00 -7.6604444312e+01 2212 0.0000000000e+00 1.0000000000e+00
1181 2.8742411541e+03 0.0000000000e+00 3.3314767787e+03 6.4278760969e+01 0.0000000000e+00 -7.6604444312e+01 2212 0.0000000000e+00 1.0000000000e+00
1182 2.7815741600e+03 0.0000000000e+00 3.4092293750e+03 6.4278760969e+01 0.0000000000e+00 -7.6604444312e+01 2212 0.0000000000e+00 1.0000000000e+00
1183 2.8178185019e+03 0.0000000000e+00 3.3793340512e+03 6.4278760969e+01 0.0000000000e+00 -7.6604444312e+01 2212 0.0000000000e+00 1.0000000000e+00
1184 2.7744897060e+03 0.0000000000e+00 3.4149973075e+03 6.4278760969e+01 0.0000000000e+00 -7.6604444312e+01 2212 0.0000000000e+00 1.0000000000e+00
1185 2.7816473728e+03 0.0000000000e+00 3.4091696397e+03 6.4278760969e+01 0.0000000000e+00 -7.6604444312e+01 2212 0.0000000000e+00 1.0000000000e+00
1186 2.8425930001e+03 0.0000000000e+00 3.3585212185e+03 6.4278760969e+01 0.0000000000e+00 -7.6604444312e+01 2212 0.0000000000e+00 1.0000000000e+00
1187 2.8065566227e+03 0.0000000000e+00 3.3886929136e+03 6.4278760969e+01 0.0000000000e+00 -7.6604444312e+01 2212 0.0000000000e+00 1.0000000000e+00
1188 2.8660230873e+03 0.0000000000e+00 3.3385492960e+03 6.4278760969e+01 0.0000000000e+00 -7.6604444312e+01 2212 0.0000000000e+00 1.0000000000e+00
1189 2.8716903180e+03 0.0000000000e+00 3.3336758175e+03 6.4278760969e+01 0.0000000000e+00 -7.6604444312e+01 2212 0.0000000000e+00 1.0000000000e+00
1190 2.7755770287e+03 0.0000000000e+00 3.4141136326e+03 6.4278760969e+01 0.0000000000e+00 -7.6604444312e+01 2212 0.0000000000e+00 1.0000000000e+00
1191 2.7985370200e+03 0.0000000000e+00 3.3953188785e+03 6.4278760969e+01 0.0000000000e+00 -7.6604444312e+01 2212 0.0000000000e+00 1.0000000000e+00
1192 2.8631702010e+03 0.0000000000e+00 3.3409962794e+03 6.4278760969e+01 0.0000000000e+00 -7.6604444312e+01 2212 0.0000000000e+00 1.0000000000e+00
1193 2.8671968471e+03 0.0000000000e+00 3.3375413074e+03 6.4278760969e+01 0.0000000000e+00 -7.6604444312e+01 2212 0.0000000000e+00 1.0000000000e+00
1194 2.7980620418e+03 0.0000000000e+00 3.3957103158e+03 6.4278760969e+01 0.0000000000e+00 -7.6604444312e+01 2212 0.0000000000e+00 1.0000000000e+00
1195 2.8256462468e+03 0.0000000000e+00 3.3727915777e+03 6.4278760969e+01 0.0000000000e+00 -7.6604444312e+01 2212 0.0000000000e+00 1.0000000000e+00
1196 2.8638190714e+03 0.0000000000e+00 3.3404401005e+03 6.4278760969e+01 0.0000000000e+00 -7.6604444312e+01 2212 0.0000000000e+00 1.0000000000e+00
1197 2.7803049502e+03 0.0000000000e+00 3.4102645239e+03 6.4278760969e+01 0.0000000000e+00 -7.6604444312e+01 2212 0.0000000000e+00 1.0000000000e+00
1198 2.8044495633e+03 0.0000000000e+00 3.3904369019e+03 6.4278760969e+01 0.0000000000e+00 -7.6604444312e+01 2212 0.0000000000e+00 1.0000000000e+00
1199 2.8672072800e+03 0.0000000000e+00 3.3375323447e+03 6.4278760969e+01 0.0000000000e+00 -7.6604444312e+01 2212 0.0000000000e+00 1.0000000000e+00
1200 2.8244128520e+03 0.0000000000e+00 3.3738245035e+03 6.4278760969e+01 0.0000000000e+00 -7.6604444312e+01 2212 0.0000000000e+00 1.0000000000e+00
1201 2.7730895420e+03 0.0000000000e+00 3.4161343842e+03 6.4278760969e+01 0.0000000000e+00 -7.6604444312e+01 2212 0.0000000000e+00 1.0000000000e+00
1202 2.8788645640e+03 0.0000000000e+00 3.3274823157e+03 6.4278760969e+01 0.0000000000e+00 -7.6604444312e+01 2212 0.0000000000e+00 1.0000000000e+00
1203 2.7822731128e+03 0.0000000000e+00 3.4086589834e+03 6.4278760969e+01 0.0000000000e+00 -7.6604444312e+01 2212 0.0000000000e+00 1.0000000000e+00
1204 2.8761848545e+03 0.0000000000e+00 3.3297988560e+03 6.4278760969e+01 0.0000000000e+00 -7.6604444312e+01 2212 0.0000000000e+00 1.0000000000e+00
1205 2.8468361825e+03 0.0000000000e+00 3.3549252583e+03 6.4278760969e+01 0.0000000000e+00 -7.6604444312e+01 2212 0.0000000000e+00 1.0000000000e+00
1206 2.7844894797e+03 0.0000000000e+00 3.4068487017e+03 6.4278760969e+01 0.0000000000e+00 -7.6604444312e+01 2212 0.0000000000e+00 1.0000000000e+00
1207 2.8730449513e+03 0.0000000000e+00 3.3325084316e+03 6.4278760969e+01 0.0000000000e+00 -7.6604444312e+01 2212 0.0000000000e+00 1.0000000000e+00
1208 2.8317345445e+03 0.0000000000e+00 3.3676815776e+03 6.4278760969e+01 0.0000000000e+00 -7.6604444312e+01 2212 0.0000000000e+00 1.0000000000e+00
1209 2.8168603912e+03 0.0000000000e+00 3.3801327304e+03 6.4278760969e+01 0.0000000000e+00 -7.6604444312e+01 2212 0.0000000000e+00 1.0000000000e+00
1210 2.8422615207e+03 0.0000000000e+00 3.3588017487e+03 6.4278760969e+01 0.0000000000e+00 -7.6604444312e+01 2212 0.0000000000e+00 1.0000000000e+00
1211 2.8853250473e+03 0.0000000000e+00 3.3218818627e+03 6.4278760969e+01 0.0000000000e+00 -7.6604444312e+01 2212 0.0000000000e+00 1.0000000000e+00
1212 2.8429003855e+03 0.0000000000e+00 3.3582610287e+03 6.4278760969e+01 0.0000000000e+00 -7.6604444312e+01 2212 0.0000000000e+00 1.0000000000e+00
1213 2.8227573731e+03 0.0000000000e+00 3.3752097048e+03 6.4278760969e+01 0.0000000000e+00 -7.6604444312e+01 2212 0.0000000000e+00 1.0000000000e+00
1214 2.8455011879e+03 0.0000000000e+00 3.3560576170e+03 6.4278760969e+01 0.0000000000e+00 -7.6604444312e+01 2212 0.0000000000e+00 1.0000000000e+00
1215 2.8168947826e+03 0.0000000000e+00 3.3801040698e+03 6.4278760969e+01 0.0000000000e+00 -7.6604444312e+01 2212 0.0000000000e+00 1.0000000000e+00
1216 2.8084597820e+03 0.0000000000e+00 3.3871157925e+03 6.4278760969e+01 0.0000000000e+00 -7.6604444312e+01 2212 0.0000000000e+00 1.0000000000e+00
1217 2.8526979323e+03 0.0000000000e+00 3.3499424243e+03 6.4278760969e+01 0.0000000000e+00 -7.6604444312e+01 2212 0.0000000000e+00 1.0000000000e+00
1218 2.7826213547e+03 0.0000000000e+00 3.4083747058e+03 6.4278760969e+01 0.0000000000e+00 -7.6604444312e+01 2212 0.0000000000e+00 1.0000000000e+00
1219 2.8360105469e+03 0.0000000000e+00 3.3640814373e+03 6.4278760969e+01 0.0000000000e+00 -7.6604444312e+01 2212 0.0000000000e+00 1.0000000000e+00
1220 2.8366226117e+03 0.0000000000e+00 3.3635653551e+03 6.4278760969e+01 0.0000000000e+00 -7.6604444312e+01 2212 0.0000000000e+00 1.0000000000e+00
1221 2.7989648862e+03 0.0000000000e+00 3.3949661714e+03 6.4278760969e+01 0.0000000000e+00 -7.6604444312e+01 2212 0.0000000000e+00 1.0000000000e+00
1222 2.8049012059e+03 0.0000000000e+00 3.3900632684e+03 6.4278760969e+01 0.0000000000e+00 -7.6604444312e+01 2212 0.0000000000e+00 1.0000000000e+00
1223 2.7979147669e+03 0.0000000000e+00 3.3958316649e+03 6.4278760969e+01 0.0000000000e+00 -7.6604444312e+01 2212 0.0000000000e+00 1.0000000000e+00
1224 2.7920433907e+03 0.0000000000e+00 3.4006607363e+03 6.4278760969e+01 0.0000000000e+00 -7.6604444312e+01 2212 0.0000000000e+00 1.0000000000e+00
1225 2.8634066683e+03 0.0000000000e+00 3.3407936169e+03 6.4278760969e+01 0.0000000000e+00 -7.6604444312e+01 2212 0.0000000000e+00 1.0000000000e+00
1226 2.8358712538e+03 0.0000000000e+00 3.3641988602e+03 6.4278760969e+01 0.0000000000e+00 -7.6604444312e+01 2212 0.0000000000e+00 1.0000000000e+00
1227 2.8810056470e+03 0.0000000000e+00 3.3256286926e+03 6.4278760969e+01 0.0000000000e+00 -7.6604444312e+01 2212 0.0000000000e+00 1.0000000000e+00
1228 2.8412433436e+03 0.0000000000e+00 3.3596630786e+03 6.4278760969e+01 0.0000000000e+00 -7.6604444312e+01 2212 0.0000000000e+00 1.0000000000e+00
1229 2.8347582227e+03 0.0000000000e+00 3.3651367814e+03 6.4278760969e+01 0.0000000000e+00 -7.6604444312e+01 2212 0.0000000000e+00 1.0000000000e+00
1230 2.7744168438e+03 0.0000000000e+00 3.4150565025e+03 6.4278760969e+01 0.0000000000e+00 -7.6604444312e+01 2212 0.0000000000e+00 1.0000000000e+00
1231 2.7880682132e+03 0.0000000000e+00 3.4039205892e+03 6.4278760969e+01 0.0000000000e+00 -7.6604444312e+01 2212 0.0000000000e+00 1.0000000000e+00
1232 2.8849641484e+03 0.0000000000e+00 3.3221952985e+03 6.4278760969e+01 0.0000000000e+00 -7.6604444312e+01 2212 0.0000000000e+00 1.0000000000e+00
1233 2.8529659882e+03 0.0000000000e+00 3.3497141384e+03 6.4278760969e+01 0.0000000000e+00 -7.6604444312e+01 2212 0.0000000000e+00 1.0000000000e+00
1234 2.7813724924e+03 0.0000000000e+00 3.4093939047e+03 6.4278760969e+01 0.0000000000e+00 -7.6604444312e+01 2212 0.0000000000e+00 1.0000000000e+00
1235 2.7952592776e+03 0.0000000000e+00 3.3980178502e+03 6.4278760969e+01 0.0000000000e+00 -7.6604444312e+01 2212 0.0000000000e+00 1.0000000000e+00
1236 2.8171784853e+03 0.0000000000e+00 3.3798676188e+03 6.4278760969e+01 0.0000000000e+00 -7.6604444312e+01 2212 0.0000000000e+00 1.0000000000e+00
1237 2.7804994683e+03 0.0000000000e+00 3.4101059288e+03 6.4278760969e+01 0.0000000000e+00 -7.6604444312e+01 2212 0.0000000000e+00 1.0000000000e+00
1238 2.8476971424e+03 0.0000000000e+00 3.3541944970e+03 6.4278760969e+01 0.0000000000e+00 -7.6604444312e+01 2212 0.0000000000e+00 1.0000000000e+00
1239 2.7768181928e+03 0.0000000000e+00 3.4131042268e+03 6.4278760969e+01 0.0000000000e+00 -7.6604444312e+01 2212 0.0000000000e+00 1.0000000000e+00
1240 2.7924596035e+03 0.0000000000e+00 3.4003189706e+03 6.4278760969e+01 0.0000000000e+00 -7.6604444312e+01 2212 0.0000000000e+00 1.0000000000e+00
1241 2.7965988902e+03 0.0000000000e+00 3.3969154223e+03 6.4278760969e+01 0.0000000000e+00 -7.6604444312e+01 2212 0.0000000000e+00 1.0000000000e+00
1242 2.7977699129e+03 0.0000000000e+00 3.3959510087e+03 6.4278760969e+01 0.0000000000e+00 -7.6604444312e+01 2212 0.0000000000e+00 1.0000000000e+00
1243 2.7721030371e+03 0.0000000000e+00 3.4169349555e+03 6.4278760969e+01 0.0000000000e+00 -7.6604444312e+01 2212 0.0000000000e+00 1.0000000000e+00
1244 2.8427312530e+03 0.0000000000e+00 3.3584041988e+03 6.4278760969e+01 0.0000000000e+00 -7.6604444312e+01 2212 0.0000000000e+00 1.0000000000e+00
1245 2.8674890075e+03 0.0000000000e+00 3.3372902977e+03 6.4278760969e+01 0.0000000000e+00 -7.6604444312e+01 2212 0.0000000000e+00 1.0000000000e+00
1246 2.8632594059e+03 0.0000000000e+00 3.3409198305e+03 6.4278760969e+01 0.0000000000e+00 -7.6604444312e+01 2212 0.0000000000e+00 1.0000000000e+00
1247 2.8553402427e+03 0.0000000000e+00 3.3476905230e+03 6.4278760969e+01 0.0000000000e+00 -7.6604444312e+01 2212 0.0000000000e+00 1.0000000000e+00
1248 2.8335137636e+03 0.0000000000e+00 3.3661847083e+03 6.4278760969e+01 0.0000000000e+00 -7.6604444312e+01 2212 0.0000000000e+00 1.0000000000e+00
1249 2.8600669589e+03 0.0000000000e+00 3.3436532011e+03 6.4278760969e+01 0.0000000000e+00 -7.6604444312e+01 2212 0.0000000000e+00 1.0000000000e+00
1250 2.7925278900e+03 0.0000000000e+00 3.4002628902e+03 6.4278760969e+01 0.0000000000e+00 -7.6604444312e+01 2212 0.0000000000e+00 1.0000000000e+00
1251 2.8583795281e+03 0.0000000000e+00 3.3450958450e+03 6.4278760969e+01 0.0000000000e+00 -7.6604444312e+01 2212 0.0000000000e+00 1.0000000000e+00
1252 2.8615544423e+03 0.0000000000e+00 3.3423802765e+03 6.4278760969e+01 0.0000000000e+00 -7.6604444312e+01 2212 0.0000000000e+00 1.0000000000e+00
1253 2.8364761051e+03 0.0000000000e+00 3.3636889042e+03 6.4278760969e+01 0.0000000000e+00 -7.6604444312e+01 2212 0.0000000000e+00 1.0000000000e+00
1254 2.8650777271e+03 0.0000000000e+00 3.3393606210e+03 6.4278760969e+01 0.0000000000e+00 -7.6604444312e+01 2212 0.0000000000e+00 1.0000000000e+00
1255 2.8209189404e+03 0.0000000000e+00 3.3767463734e+03 6.4278760969e+01 0.0000000000e+00 -7.6604444312e+01 2212 0.0000000000e+00 1.0000000000e+00
1256 2.8530009606e+03 0.0000000000e+00 3.3496843520e+03 6.4278760969e+01 0.0000000000e+00 -7.6604444312e+01 2212 0.0000000000e+00 1.0000000000e+00
1257 2.8532331916e+03 0.0000000000e+00 3.3494865417e+03 6.4278760969e+01 0.0000000000e+00 -7.6604444312e+01 2212 0.0000000000e+00 1.0000000000e+00
1258 2.8801679157e+03 0.0000000000e+00 3.3263542380e+03 6.4278760969e+01 0.0000000000e+00 -7.6604444312e+01 2212 0.0000000000e+00 1.0000000000e+00
1259 2.8592690663e+03 0.0000000000e+00 3.3443355312e+03 6.4278760969e+01 0.0000000000e+00 -7.6604444312e+01 2212 0.0000000000e+00 1.0000000000e+00
1260 2.8698090180e+03 0.0000000000e+00 3.3352954800e+03 6.4278760969e+01 0.0000000000e+00 -7.6604444312e+01 2212 0.0000000000e+00 1.0000000000e+00
1261 2.7911456324e+03 0.0000000000e+00 3.4013976242e+03 6.4278760969e+01 0.0000000000e+00 -7.6604444312e+01 2212 0.0000000000e+00 1.0000000000e+00
1262 2.8824353211e+03 0.0000000000e+00 3.3243896220e+03 6.4278760969e+01 0.0000000000e+00 -7.6604444312e+01 2212 0.0000000000e+00 1.0000000000e+00
1263 2.8345830693e+03 0.0000000000e+00 3.3652843211e+03 6.4278760969e+01 0.0000000000e+00 -7.6604444312e+01 2212 0.0000000000e+00 1.0000000000e+00
1264 2.8241029000e+03 0.0000000000e+00 3.3740839570e+03 6.4278760969e+01 0.0000000000e+00 -7.6604444312e+01 2212 0.0000000000e+00 1.0000000000e+00
1265 2.8269058642e+03 0.0000000000e+00 3.3717358991e+03 6.4278760969e+01 0.0000000000e+00 -7.6604444312e+01 2212 0.0000000000e+00 1.0000000000e+00
1266 2.8264996761e+03 0.0000000000e+00 3.3720764108e+03 6.4278760969e+01 0.0000000000e+00 -7.6604444312e+01 2212 0.0000000000e+00 1.0000000000e+00
1267 2.8732538992e+03 0.0000000000e+00 3.3323282806e+03 6.4278760969e+01 0.0000000000e+00 -7.6604444312e+01 2212 0.0000000000e+00 1.0000000000e+00
1268 2.8384261295e+03 0.0000000000e+00 3.3620435521e+03 6.4278760969e+01 0.0000000000e+00 -7.6604444312e+01 2212 0.0000000000e+00 1.0000000000e+00
1269 2.8459789387e+03 0.0000000000e+00 3.3556524878e+03 6.4278760969e+01 0.0000000000e+00 -7.6604444312e+01 2212 0.0000000000e+00 1.0000000000e+00
1270 2.8799294309e+03 0.0000000000e+00 3.3265607182e+03 6.4278760969e+01 0.0000000000e+00 -7.6604444312e+01 2212 0.0000000000e+00 1.0000000000e+00
1271 2.8725013410e+03 0.0000000000e+00 3.3329770154e+03 6.4278760969e+01 0.0000000000e+00 -7.6604444312e+01 2212 0.0000000000e+00 1.0000000000e+00
1272 2.8132107671e+03 0.0000000000e+00 3.3831708380e+03 6.4278760969e+01 0.0000000000e+00 -7.6604444312e+01 2212 0.0000000000e+00 1.0000000000e+00
1273 2.7694461631e+03 0.0000000000e+00 3.4190887220e+03 6.4278760969e+01 0.0000000000e+00 -7.6604444312e+01 2212 0.0000000000e+00 1.0000000000e+00
1274 2.8398075982e+03 0.0000000000e+00 3.3608767523e+03 6.4278760969e+01 0.0000000000e+00 -7.6604444312e+01 2212 0.0000000000e+00 1.0000000000e+00
1275 2.8637632691e+03 0.0000000000e+00 3.3404879400e+03 6.4278760969e+01 0.0000000000e+00 -7.6604444312e+01 2212 0.0000000000e+00 1.0000000000e+00
1276 2.8416103536e+03 0.0000000000e+00 3.3593526664e+03 6.4278760969e+01 0.0000000000e+00 -7.6604444312e+01 2212 0.0000000000e+00 1.0000000000e+00
1277 2.8751769698e+03 0.0000000000e+00 3.3306691717e+03 6.4278760969e+01 0.0000000000e+00 -7.6604444312e+01 2212 0.0000000000e+00 1.0000000000e+00
1278 2.8353261448e+03 0.0000000000e+00 3.3646582874e+03 6.4278760969e+01 0.0000000000e+00 -7.6604444312e+01 2212 0.0000000000e+00 1.0000000000e+00
1279 2.7764614987e+03 0.0000000000e+00 3.4133943934e+03 6.4278760969e+01 0.0000000000e+00 -7.6604444312e+01 2212 0.0000000000e+00 1.0000000000e+00
1280 2.7831323808e+03 0.0000000000e+00 3.4079574367e+03 6.4278760969e+01 0.0000000000e+00 -7.6604444312e+01 2212 0.0000000000e+00 1.0000000000e+00
1281 2.7901524346e+03 0.0000000000e+00 3.4022123876e+03 6.4278760969e+01 0.0000000000e+00 -7.6604444312e+01 2212 0.0000000000e+00 1.0000000000e+00
1282 2.8168262658e+03 0.0000000000e+00 3.3801611688e+03 6.4278760969e+01 0.0000000000e+00 -7.6604444312e+01 2212 0.0000000000e+00 1.0000000000e+00
1283 2.8002073817e+03 0.0000000000e+00 3.3939414194e+03 6.4278760969e+01 0.0000000000e+00 -7.6604444312e+01 2212 0.0000000000e+00 1.0000000000e+00
1284 2.7953650096e+03 0.0000000000e+00 3.3979308707e+03 6.4278760969e+01 0.0000000000e+00 -7.6604444312e+01 2212 0.0000000000e+00 1.0000000000e+00
1285 2.7719080769e+03 0.0000000000e+00 3.4170931144e+03 6.4278760969e+01 0.0000000000e+00 -7.6604444312e+01 2212 0.0000000000e+00 1.0000000000e+00
1286 2.8620394091e+03 0.0000000000e+00 3.3419650147e+03 6.4278760969e+01 0.0000000000e+00 -7.6604444312e+01 2212 0.0000000000e+00 1.0000000000e+00
1287 2.8221935768e+03 0.0000000000e+00 3.3756811393e+03 6.4278760969e+01 0.0000000000e+00 -7.6604444312e+01 2212 0.0000000000e+00 1.0000000000e+00
1288 2.8592046692e+03 0.0000000000e+00 3.3443905870e+03 6.4278760969e+01 0.0000000000e+00 -7.6604444312e+01 2212 0.0000000000e+00 1.0000000000e+00
1289 2.8403468846e+03 0.0000000000e+00 3.3604210025e+03 6.4278760969e+01 0.0000000000e+00 -7.6604444312e+01 2212 0.0000000000e+00 1.0000000000e+00
1290 2.7897722187e+03 0.0000000000e+00 3.4025241670e+03 6.4278760969e+01 0.0000000000e+00 -7.6604444312e+01 2212 0.0000000000e+00 1.0000000000e+00
1291 2.7732967964e+03 0.0000000000e+00 3.4159661324e+03 6.4278760969e+01 0.0000000000e+00 -7.6604444312e+01 2212 0.0000000000e+00 1.0000000000e+00
1292 2.8545165885e+03 0.0000000000e+00 3.3483928660e+03 6.4278760969e+01 0.0000000000e+00 -7.6604444312e+01 2212 0.0000000000e+00 1.0000000000e+00
1293 2.8081642022e+03 0.0000000000e+00 3.3873608536e+03 6.4278760969e+01 0.0000000000e+00 -7.6604444312e+01 2212 0.0000000000e+00 1.0000000000e+00
1294 2.8779053246e+03 0.0000000000e+00 3.3283119868e+03 6.4278760969e+01 0.0000000000e+00 -7.6604444312e+01 2212 0.0000000000e+00 1.0000000000e+00
1295 2.8364366596e+03 0.0000000000e+00 3.3637221668e+03 6.4278760969e+01 0.0000000000e+00 -7.6604444312e+01 2212 0.0000000000e+00 1.0000000000e+00
1296 2.8254330690e+03 0.0000000000e+00 3.3729701617e+03 6.4278760969e+01 0.0000000000e+00 -7.6604444312e+01 2212 0.0000000000e+00 1.0000000000e+00
1297 2.8629896673e+03 0.0000000000e+00 3.3411509849e+03 6.4278760969e+01 0.0000000000e+00 -7.6604444312e+01 2212 0.0000000000e+00 1.0000000000e+00
1298 2.8765546987e+03 0.0000000000e+00 3.3294793593e+03 6.4278760969e+01 0.0000000000e+00 -7.6604444312e+01 2212 0.0000000000e+00 1.0000000000e+00
1299 2.8473315379e+03 0.0000000000e+00 3.3545048595e+03 6.4278760969e+01 0.0000000000e+00 -7.6604444312e+01 2212 0.0000000000e+00 1.0000000000e+00
1300 2.8208960419e+03 0.0000000000e+00 3.3767655026e+03 6.4278760969e+01 0.0000000000e+00 -7.6604444312e+01 2212 0.0000000000e+00 1.0000000000e+00
1301 2.8244954737e+03 0.0000000000e+00 3.3737553346e+03 6.4278760969e+01 0.0000000000e+00 -7.6604444312e+01 2212 0.0000000000e+00 1.0000000000e+00
1302 2.7768635594e+03 0.0000000000e+00 3.4130673172e+03 6.4278760969e+01 0.0000000000e+00 -7.6604444312e+01 2212 0.0000000000e+00 1.0000000000e+00
1303 2.8071070213e+03 0.0000000000e+00 3.3882369914e+03 6.4278760969e+01 0.0000000000e+00 -7.6604444312e+01 2212 0.0000000000e+00 1.0000000000e+00
1304 2.8121976719e+03 0.0000000000e+00 3.3840130013e+03 6.4278760969e+01 0.0000000000e+00 -7.6604444312e+01 2212 0.0000000000e+00 1.0000000000e+00
1305 2.7814092251e+03 0.0000000000e+00 3.4093639379e+03 6.4278760969e+01 0.0000000000e+00 -7.6604444312e+01 2212 0.0000000000e+00 1.0000000000e+00
1306 2.7915618071e+03 0.0000000000e+00 3.4010560736e+03 6.4278760969e+01 0.0000000000e+00 -7.6604444312e+01 2212 0.0000000000e+00 1.0000000000e+00
1307 2.8489421115e+03 0.0000000000e+00 3.3531371258e+03 6.4278760969e+01 0.0000000000e+00 -7.6604444312e+01 2212 0.0000000000e+00 1.0000000000e+00
1308 2.7866776399e+03 0.0000000000e+00 3.4050590994e+03 6.4278760969e+01 0.0000000000e+00 -7.6604444312e+01 2212 0.0000000000e+00 1.0000000000e+00
1309 2.8377206073e+03 0.0000000000e+00 3.3626390668e+03 6.4278760969e+01 0.0000000000e+00 -7.6604444312e+01 2212 0.0000000000e+00 1.0000000000e+00
1310 2.7941291153e+03 0.0000000000e+00 3.3989472232e+03 6.4278760969e+01 0.0000000000e+00 -7.6604444312e+01 2212 0.0000000000e+00 1.0000000000e+00
1311 2.8237323418e+03 0.0000000000e+00 3.3743940791e+03 6.4278760969e+01 0.0000000000e+00 -7.6604444312e+01 2212 0.0000000000e+00 1.0000000000e+00
1312 2.8726733771e+03 0.0000000000e+00 3.3328287395e+03 6.4278760969e+01 0.0000000000e+00 -7.6604444312e+01 2212 0.0000000000e+00 1.0000000000e+00
1313 2.8076945886e+03 0.0000000000e+00 3.3877501142e+03 6.4278760969e+01 0.0000000000e+00 -7.6604444312e+01 2212 0.0000000000e+00 1.0000000000e+00
1314 2.8654754615e+03 0.0000000000e+00 3.3390193349e+03 6.4278760969e+01 0.0000000000e+00 -7.6604444312e+01 2212 0.0000000000e+00 1.0000000000e+00
1315 2.8237119033e+03 0.0000000000e+00 3.3744111821e+03 6.4278760969e+01 0.0000000000e+00 -7.6604444312e+01 2212 0.0000000000e+00 1.0000000000e+00
1316 2.8437148385e+03 0.0000000000e+00 3.3575713925e+03 6.4278760969e+01 0.0000000000e+00 -7.6604444312e+01 2212 0.0000000000e+00 1.0000000000e+00
1317 2.8048121758e+03 0.0000000000e+00 3.3901369290e+03 6.4278760969e+01 0.0000000000e+00 -7.6604444312e+01 2212 0.0000000000e+00 1.0000000000e+00
1318 2.8814727605e+03 0.0000000000e+00 3.3252239728e+03 6.4278760969e+01 0.0000000000e+00 -7.6604444312e+01 2212 0.0000000000e+00 1.0000000000e+00
1319 2.8059898392e+03 0.0000000000e+00 3.3891622507e+03 6.4278760969e+01 0.0000000000e+00 -7.6604444312e+01 2212 0.0000000000e+00 1.0000000000e+00
1320 2.7831957202e+03 0.0000000000e+00 3.4079057091e+03 6.4278760969e+01 0.0000000000e+00 -7.6604444312e+01 2212 0.0000000000e+00 1.0000000000e+00
1321 2.8210950271e+03 0.0000000000e+00 3.3765992636e+03 6.4278760969e+01 0.0000000000e+00 -7.6604444312e+01 2212 0.0000000000e+00 1.0000000000e+00
1322 2.8402803506e+03 0.0000000000e+00 3.3604772383e+03 6.4278760969e+01 0.0000000000e+00 -7.6604444312e+01 2212 0.0000000000e+00 1.0000000000e+00
1323 2.7890160995e+03 0.0000000000e+00 3.4031439781e+03 6.4278760969e+01 0.0000000000e+00 -7.6604444312e+01 2212 0.0000000000e+00 1.0000000000e+00
1324 2.8083827136e+03 0.0000000000e+00 3.3871796930e+03 6.4278760969e+01 0.0000000000e+00 -7.6604444312e+01 2212 0.0000000000e+00 1.0000000000e+00
1325 2.8326367782e+03 0.0000000000e+00 3.3669227228e+03 6.4278760969e+01 0.0000000000e+00 -7.6604444312e+01 2212 0.0000000000e+00 1.0000000000e+00
1326 2.8659165410e+03 0.0000000000e+00 3.3386407592e+03 6.4278760969e+01 0.0000000000e+00 -7.6604444312e+01 2212 0.0000000000e+00 1.0000000000e+00
1327 2.8592657160e+03 0.0000000000e+00 3.3443383956e+03 6.4278760969e+01 0.0000000000e+00 -7.6604444312e+01 2212 0.0000000000e+00 1.0000000000e+00
1328 2.8470214720e+03 0.0000000000e+00 3.3547680213e+03 6.4278760969e+01 0.0000000000e+00 -7.6604444312e+01 2212 0.0000000000e+00 1.0000000000e+00
1329 2.8131553567e+03 0.0000000000e+00 3.3832169126e+03 6.4278760969e+01 0.0000000000e+00 -7.6604444312e+01 2212 0.0000000000e+00 1.0000000000e+00
1330 2.8191451666e+03 0.0000000000e+00 3.3782273856e+03 6.4278760969e+01 0.0000000000e+00 -7.6604444312e+01 2212 0.0000000000e+00 1.0000000000e+00
1331 2.8003512454e+03 0.0000000000e+00 3.3938227180e+03 6.4278760969e+01 0.0000000000e+00 -7.6604444312e+01 2212 0.0000000000e+00 1.0000000000e+00
1332 2.8536082158e+03 0.0000000000e+00 3.3491670442e+03 6.4278760969e+01 0.0000000000e+00 -7.6604444312e+01 2212 0.0000000000e+00 1.0000000000e+00
1333 2.8712970538e+03 0.0000000000e+00 3.3340145422e+03 6.4278760969e+01 0.0000000000e+00 -7.6604444312e+01 2212 0.0000000000e+00 1.0000000000e+00
1334 2.7946283774e+03 0.0000000000e+00 3.3985367397e+03 6.4278760969e+01 0.0000000000e+00 -7.6604444312e+01 2212 0.0000000000e+00 1.0000000000e+00
1335 2.8305726137e+03 0.0000000000e+00 3.3686582518e+03 6.4278760969e+01 0.0000000000e+00 -7.6604444312e+01 2212 0.0000000000e+00 1.0000000000e+00
1336 2.7710184136e+03 0.0000000000e+00 3.4178146074e+03 6.4278760969e+01 0.0000000000e+00 -7.6604444312e+01 2212 0.0000000000e+00 1.0000000000e+00
1337 2.8372250516e+03 0.0000000000e+00 3.3630572022e+03 6.4278760969e+01 0.0000000000e+00 -7.6604444312e+01 2212 0.0000000000e+00 1.0000000000e+00
1338 2.8023845200e+03 0.0000000000e+00 3.3921439741e+03 6.4278760969e+01 0.0000000000e+00 -7.6604444312e+01 2212 0.0000000000e+00 1.0000000000e+00
1339 2.8213482305e+03 0.0000000000e+00 3.3763877001e+03 6.4278760969e+01 0.0000000000e+00 -7.6604444312e+01 2212 0.0000000000e+00 1.0000000000e+00
1340 2.8402157036e+03 0.0000000000e+00 3.3605318769e+03 6.4278760969e+01 0.0000000000e+00 -7.6604444312e+01 2212 0.0000000000e+00 1.0000000000e+00
1341 2.7756109128e+03 0.0000000000e+00 3.4140860855e+03 6.4278760969e+01 0.0000000000e+00 -7.6604444312e+01 2212 0.0000000000e+00 1.0000000000e+00
1342 2.8236219519e+03 0.0000000000e+00 3.3744864515e+03 6.4278760969e+01 0.0000000000e+00 -7.6604444312e+01 2212 0.0000000000e+00 1.0000000000e+00
1343 2.8007252891e+03 0.0000000000e+00 3.3935140480e+03 6.4278760969e+01 0.0000000000e+00 -7.6604444312e+01 2212 0.0000000000e+00 1.0000000000e+00
1344 2.8529749796e+03 0.0000000000e+00 3.3497064804e+03 6.4278760969e+01 0.0000000000e+00 -7.6604444312e+01 2212 0.0000000000e+00 1.0000000000e+00
1345 2.8263767986e+03 0.0000000000e+00 3.3721794038e+03 6.4278760969e+01 0.0000000000e+00 -7.6604444312e+01 2212 0.0000000000e+00 1.0000000000e+00
1346 2.7886197296e+03 0.0000000000e+00 3.4034687809e+03 6.4278760969e+01 0.0000000000e+00 -7.6604444312e+01 2212 0.0000000000e+00 1.0000000000e+00
1347 2.8736573467e+03 0.0000000000e+00 3.3319803710e+03 6.4278760969e+01 0.0000000000e+00 -7.6604444312e+01 2212 0.0000000000e+00 1.0000000000e+00
1348 2.8797258911e+03 0.0000000000e+00 3.3267369194e+03 6.4278760969e+01 0.0000000000e+00 -7.6604444312e+01 2212 0.0000000000e+00 1.0000000000e+00
1349 2.7693930970e+03 0.0000000000e+00 3.4191317045e+03 6.4278760969e+01 0.0000000000e+00 -7.6604444312e+01 2212 0.0000000000e+00 1.0000000000e+00
1350 2.8814920141e+03 0.0000000000e+00 3.3252072885e+03 6.4278760969e+01 0.0000000000e+00 -7.6604444312e+01 2212 0.0000000000e+00 1.0000000000e+00
1351 2.8538333246e+03 0.0000000000e+00 3.3489752305e+03 6.4278760969e+01 0.0000000000e+00 -7.6604444312e+01 2212 0.0000000000e+00 1.0000000000e+00
1352 2.8844254672e+03 0.0000000000e+00 3.3226630077e+03 6.4278760969e+01 0.0000000000e+00 -7.6604444312e+01 2212 0.0000000000e+00 1.0000000000e+00
1353 2.8094627864e+03 0.0000000000e+00 3.3862838910e+03 6.4278760969e+01 0.0000000000e+00 -7.6604444312e+01 2212 0.0000000000e+00 1.0000000000e+00
1354 2.7760258598e+03 0.0000000000e+00 3.4137486968e+03 6.4278760969e+01 0.0000000000e+00 -7.6604444312e+01 2212 0.0000000000e+00 1.0000000000e+00
1355 2.8475238869e+03 0.0000000000e+00 3.3543415825e+03 6.4278760969e+01 0.0000000000e+00 -7.6604444312e+01 2212 0.0000000000e+00 1.0000000000e+00
1356 2.8564465621e+03 0.0000000000e+00 3.3467465958e+03 6.4278760969e+01 0.0000000000e+00 -7.6604444312e+01 2212 0.0000000000e+00 1.0000000000e+00
1357 2.7882320517e+03 0.0000000000e+00 3.4037863865e+03 6.4278760969e+01 0.0000000000e+00 -7.6604444312e+01 2212 0.0000000000e+00 1.0000000000e+00
1358 2.8400903026e+03 0.0000000000e+00 3.3606378579e+03 6.4278760969e+01 0.0000000000e+00 -7.6604444312e+01 2212 0.0000000000e+00 1.0000000000e+00
1359 2.8361054532e+03 0.0000000000e+00 3.3640014265e+03 6.4278760969e+01 0.0000000000e+00 -7.6604444312e+01 2212 0.0000000000e+00 1.0000000000e+00
1360 2.7796138993e+03 0.0000000000e+00 3.4108278042e+03 6.4278760969e+01 0.0000000000e+00 -7.6604444312e+01 2212 0.0000000000e+00 1.0000000000e+00
1361 2.8113021143e+03 0.0000000000e+00 3.3847570313e+03 6.4278760969e+01 0.0000000000e+00 -7.6604444312e+01 2212 0.0000000000e+00 1.0000000000e+00
1362 2.8854239755e+03 0.0000000000e+00 3.3217959330e+03 6.4278760969e+01 0.0000000000e+00 -7.6604444312e+01 2212 0.0000000000e+00 1.0000000000e+00
1363 2.7854559979e+03 0.0000000000e+00 3.4060585172e+03 6.4278760969e+01 0.0000000000e+00 -7.6604444312e+01 2212 0.0000000000e+00 1.0000000000e+00
1364 2.8340079389e+03 0.0000000000e+00 3.3657686702e+03 6.4278760969e+01 0.0000000000e+00 -7.6604444312e+01 2212 0.0000000000e+00 1.0000000000e+00
1365 2.8685911480e+03 0.0000000000e+00 3.3363429926e+03 6.4278760969e+01 0.0000000000e+00 -7.6604444312e+01 2212 0.0000000000e+00 1.0000000000e+00
1366 2.8487400805e+03 0.0000000000e+00 3.3533087679e+03 6.4278760969e+01 0.0000000000e+00 -7.6604444312e+01 2212 0.0000000000e+00 1.0000000000e+00
1367 2.8049366321e+03 0.0000000000e+00 3.3900339569e+03 6.4278760969e+01 0.0000000000e+00 -7.6604444312e+01 2212 0.0000000000e+00 1.0000000000e+00
1368 2.8546380467e+03 0.0000000000e+00 3.3482893186e+03 6.4278760969e+01 0.0000000000e+00 -7.6604444312e+01 2212 0.0000000000e+00 1.0000000000e+00
1369 2.8477701971e+03 0.0000000000e+00 3.3541324725e+03 6.4278760969e+01 0.0000000000e+00 -7.6604444312e+01 2212 0.0000000000e+00 1.0000000000e+00
1370 2.8363161542e+03 0.0000000000e+00 3.3638237784e+03 6.4278760969e+01 0.0000000000e+00 -7.6604444312e+01 2212 0.0000000000e+00 1.0000000000e+00
1371 2.8003542876e+03 0.0000000000e+00 3.3938202078e+03 6.4278760969e+01 0.0000000000e+00 -7.6604444312e+01 2212 0.0000000000e+00 1.0000000000e+00
1372 2.8314982726e+03 0.0000000000e+00 3.3678802341e+03 6.4278760969e+01 0.0000000000e+00 -7.6604444312e+01 2212 0.0000000000e+00 1.0000000000e+00
1373 2.8030192190e+03 0.0000000000e+00 3.3916195241e+03 6.4278760969e+01 0.0000000000e+00 -7.6604444312e+01 2212 0.0000000000e+00 1.0000000000e+00
1374 2.7869653093e+03 0.0000000000e+00 3.4048236523e+03 6.4278760969e+01 0.0000000000e+00 -7.6604444312e+01 2212 0.0000000000e+00 1.0000000000e+00
1375 2.8753170143e+03 0.0000000000e+00 3.3305482741e+03 6.4278760969e+01 0.0000000000e+00 -7.6604444312e+01 2212 0.0000000000e+00 1.0000000000e+00
1376 2.7975925761e+03 0.0000000000e+00 3.3960971006e+03 6.4278760969e+01 0.0000000000e+00 -7.6604444312e+01 2212 0.0000000000e+00 1.0000000000e+00
1377 2.8174483118e+03 0.0000000000e+00 3.3796426955e+03 6.4278760969e+01 0.0000000000e+00 -7.6604444312e+01 2212 0.0000000000e+00 1.0000000000e+00
1378 2.8167872399e+03 0.0000000000e+00 3.3801936903e+03 6.4278760969e+01 0.0000000000e+00 -7.6604444312e+01 2212 0.0000000000e+00 1.0000000000e+00
1379 2.7928068713e+03 0.0000000000e+00 3.4000337525e+03 6.4278760969e+01 0.0000000000e+00 -7.6604444312e+01 2212 0.0000000000e+00 1.0000000000e+00
1380 2.7770990622e+03 0.0000000000e+00 3.4128756991e+03 6.4278760969e+01 0.0000000000e+00 -7.6604444312e+01 2212 0.0000000000e+00 1.0000000000e+00
1381 2.8518409647e+03 0.0000000000e+00 3.3506719999e+03 6.4278760969e+01 0.0000000000e+00 -7.6604444312e+01 2212 0.0000000000e+00 1.0000000000e+00
1382 2.8585505432e+03 0.0000000000e+00 3.3449497053e+03 6.4278760969e+01 0.0000000000e+00 -7.6604444312e+01 2212 0.0000000000e+00 1.0000000000e+00
1383 2.7919124326e+03 0.0000000000e+00 3.4007682525e+03 6.4278760969e+01 0.0000000000e+00 -7.6604444312e+01 2212 0.0000000000e+00 1.0000000000e+00
1384 2.8097147028e+03 0.0000000000e+00 3.3860748703e+03 6.4278760969e+01 0.0000000000e+00 -7.6604444312e+01 2212 0.0000000000e+00 1.0000000000e+00
1385 2.8172690872e+03 0.0000000000e+00 3.3797920985e+03 6.4278760969e+01 0.0000000000e+00 -7.6604444312e+01 2212 0.0000000000e+00 1.0000000000e+00
1386 2.8854701000e+03 0.0000000000e+00 3.3217558671e+03 6.4278760969e+01 0.0000000000e+00 -7.6604444312e+01 2212 0.0000000000e+00 1.0000000000e+00
1387 2.8213977316e+03 0.0000000000e+00 3.3763463357e+03 6.4278760969e+01 0.0000000000e+00 -7.6604444312e+01 2212 0.0000000000e+00 1.0000000000e+00
1388 2.8737204634e+03 0.0000000000e+00 3.3319259351e+03 6.4278760969e+01 0.0000000000e+00 -7.6604444312e+01 2212 0.0000000000e+00 1.0000000000e+00
1389 2.8273618330e+03 0.0000000000e+00 3.3713535566e+03 6.4278760969e+01 0.0000000000e+00 -7.6604444312e+01 2212 0.0000000000e+00 1.0000000000e+00
1390 2.8795290737e+03 0.0000000000e+00 3.3269072804e+03 6.4278760969e+01 0.0000000000e+00 -7.6604444312e+01 2212 0.0000000000e+00 1.0000000000e+00
1391 2.8460063455e+03 0.0000000000e+00 3.3556292435e+03 6.4278760969e+01 0.0000000000e+00 -7.6604444312e+01 2212 0.0000000000e+00 1.0000000000e+00
1392 2.8562982681e+03 0.0000000000e+00 3.3468731590e+03 6.4278760969e+01 0.0000000000e+00 -7.6604444312e+01 2212 0.0000000000e+00 1.0000000000e+00
1393 2.8446719894e+03 0.0000000000e+00 3.3567604936e+03 6.4278760969e+01 0.0000000000e+00 -7.6604444312e+01 2212 0.0000000000e+00 1.0000000000e+00
1394 2.7722248794e+03 0.0000000000e+00 3.4168361033e+03 6.4278760969e+01 0.0000000000e+00 -7.6604444312e+01 2212 0.0000000000e+00 1.0000000000e+00
1395 2.8176959725e+03 0.0000000000e+00 3.3794362171e+03 6.4278760969e+01 0.0000000000e+00 -7.6604444312e+01 2212 0.0000000000e+00 1.0000000000e+00
1396 2.8144048445e+03 0.0000000000e+00 3.3821775693e+03 6.4278760969e+01 0.0000000000e+00 -7.6604444312e+01 2212 0.0000000000e+00 1.0000000000e+00
1397 2.7766352183e+03 0.0000000000e+00 3.4132530823e+03 6.4278760969e+01 0.0000000000e+00 -7.6604444312e+01 2212 0.0000000000e+00 1.0000000000e+00
1398 2.7702659561e+03 0.0000000000e+00 3.4184245306e+03 6.4278760969e+01 0.0000000000e+00 -7.6604444312e+01 2212 0.0000000000e+00 1.0000000000e+00
1399 2.8812908589e+03 0.0000000000e+00 3.3253815909e+03 6.4278760969e+01 0.0000000000e+00 -7.6604444312e+01 2212 0.0000000000e+00 1.0000000000e+00
1400 2.7767886850e+03 0.0000000000e+00 3.4131282334e+03 6.4278760969e+01 0.0000000000e+00 -7.6604444312e+01 2212 0.0000000000e+00 1.0000000000e+00
1401 2.7995674324e+03 0.0000000000e+00 3.3944693150e+03 6.4278760969e+01 0.0000000000e+00 -7.6604444312e+01 2212 0.0000000000e+00 1.0000000000e+00
1402 2.8495505617e+03 0.0000000000e+00 3.3526200702e+03 6.4278760969e+01 0.0000000000e+00 -7.6604444312e+01 2212 0.0000000000e+00 1.0000000000e+00
1403 2.8257370190e+03 0.0000000000e+00 3.3727155288e+03 6.4278760969e+01 0.0000000000e+00 -7.6604444312e+01 2212 0.0000000000e+00 1.0000000000e+00
1404 2.8851130272e+03 0.0000000000e+00 3.3220660076e+03 6.4278760969e+01 0.0000000000e+00 -7.6604444312e+01 2212 0.0000000000e+00 1.0000000000e+00
1405 2.7890072024e+03 0.0000000000e+00 3.4031512696e+03 6.4278760969e+01 0.0000000000e+00 -7.6604444312e+01 2212 0.0000000000e+00 1.0000000000e+00
1406 2.8477781096e+03 0.0000000000e+00 3.3541257545e+03 6.4278760969e+01 0.0000000000e+00 -7.6604444312e+01 2212 0.0000000000e+00 1.0000000000e+00
1407 2.8681439073e+03 0.0000000000e+00 3.3367274785e+03 6.4278760969e+01 0.0000000000e+00 -7.6604444312e+01 2212 0.0000000000e+00 1.0000000000e+00
1408 2.8182644207e+03 0.0000000000e+00 3.3789621770e+03 6.4278760969e+01 0.0000000000e+00 -7.6604444312e+01 2212 0.0000000000e+00 1.0000000000e+00
1409 2.8641171811e+03 0.0000000000e+00 3.3401845027e+03 6.4278760969e+01 0.0000000000e+00 -7.6604444312e+01 2212 0.0000000000e+00 1.0000000000e+00
1410 2.7739198270e+03 0.0000000000e+00 3.4154602226e+03 6.4278760969e+01 0.0000000000e+00 -7.6604444312e+01 2212 0.0000000000e+00 1.0000000000e+00
1411 2.7762796867e+03 0.0000000000e+00 3.4135422716e+03 6.4278760969e+01 0.0000000000e+00 -7.6604444312e+01 2212 0.0000000000e+00 1.0000000000e+00
1412 2.8743863367e+03 0.0000000000e+00 3.3313515165e+03 6.4278760969e+01 0.0000000000e+00 -7.6604444312e+01 2212 0.0000000000e+00 1.0000000000e+00
1413 2.7973656851e+03 0.0000000000e+00 3.3962839932e+03 6.4278760969e+01 0.0000000000e+00 -7.6604444312e+01 2212 0.0000000000e+00 1.0000000000e+00
1414 2.8525212960e+03 0.0000000000e+00 3.3500928338e+03 6.4278760969e+01 0.0000000000e+00 -7.6604444312e+01 2212 0.0000000000e+00 1.0000000000e+00
1415 2.8555044053e+03 0.0000000000e+00 3.3475504971e+03 6.4278760969e+01 0.0000000000e+00 -7.6604444312e+01 2212 0.0000000000e+00 1.0000000000e+00
1416 2.8257820761e+03 0.0000000000e+00 3.3726777784e+03 6.4278760969e+01 0.0000000000e+00 -7.6604444312e+01 2212 0.0000000000e+00 1.0000000000e+00
1417 2.7875793720e+03 0.0000000000e+00 3.4043209284e+03 6.4278760969e+01 0.0000000000e+00 -7.6604444312e+01 2212 0.0000000000e+00 1.0000000000e+00
1418 2.7946667675e+03 0.0000000000e+00 3.3985051710e+03 6.4278760969e+01 0.0000000000e+00 -7.6604444312e+01 2212 0.0000000000e+00 1.0000000000e+00
1419 2.8723279415e+03 0.0000000000e+00 3.3331264506e+03 6.4278760969e+01 0.0000000000e+00 -7.6604444312e+01 2212 0.0000000000e+00 1.0000000000e+00
1420 2.7787580938e+03 0.0000000000e+00 3.4115250542e+03 6.4278760969e+01 0.0000000000e+00 -7.6604444312e+01 2212 0.0000000000e+00 1.0000000000e+00
1421 2.8069201341e+03 0.0000000000e+00 3.3883918161e+03 6.4278760969e+01 0.0000000000e+00 -7.6604444312e+01 2212 0.0000000000e+00 1.0000000000e+00
1422 2.8485919244e+03 0.0000000000e+00 3.3534346254e+03 6.4278760969e+01 0.0000000000e+00 -7.6604444312e+01 2212 0.0000000000e+00 1.0000000000e+00
1423 2.8089022323e+03 0.0000000000e+00 3.3867488817e+03 6.4278760969e+01 0.0000000000e+00 -7.6604444312e+01 2212 0.0000000000e+00 1.0000000000e+00
1424 2.8860544891e+03 0.0000000000e+00 3.3212481426e+03 6.4278760969e+01 0.0000000000e+00 -7.6604444312e+01 2212 0.0000000000e+00 1.0000000000e+00
1425 2.8378310670e+03 0.0000000000e+00 3.3625458472e+03 6.4278760969e+01 0.0000000000e+00 -7.6604444312e+01 2212 0.0000000000e+00 1.0000000000e+00
1426 2.8392550069e+03 0.0000000000e+00 3.3613435921e+03 6.4278760969e+01 0.0000000000e+00 -7.6604444312e+01 2212 0.0000000000e+00 1.0000000000e+00
1427 2.7730615905e+03 0.0000000000e+00 3.4161570740e+03 6.4278760969e+01 0.0000000000e+00 -7.6604444312e+01 2212 0.0000000000e+00 1.0000000000e+00
1428 2.8680896230e+03 0.0000000000e+00 3.3367741388e+03 6.4278760969e+01 0.0000000000e+00 -7.6604444312e+01 2212 0.0000000000e+00 1.0000000000e+00
1429 2.8197372092e+03 0.0000000000e+00 3.3777332354e+03 6.4278760969e+01 0.0000000000e+00 -7.6604444312e+01 2212 0.0000000000e+00 1.0000000000e+00
1430 2.7872297576e+03 0.0000000000e+00 3.4046071752e+03 6.4278760969e+01 0.0000000000e+00 -7.6604444312e+01 2212 0.0000000000e+00 1.0000000000e+00
1431 2.8194486824e+03 0.0000000000e+00 3.3779740772e+03 6.4278760969e+01 0.0000000000e+00 -7.6604444312e+01 2212 0.0000000000e+00 1.0000000000e+00
1432 2.8722757157e+03 0.0000000000e+00 3.3331714555e+03 6.4278760969e+01 0.0000000000e+00 -7.6604444312e+01 2212 0.0000000000e+00 1.0000000000e+00
1433 2.8156896635e+03 0.0000000000e+00 3.3811080222e+03 6.4278760969e+01 0.0000000000e+00 -7.6604444312e+01 2212 0.0000000000e+00 1.0000000000e+00
1434 2.8335371737e+03 0.0000000000e+00 3.3661650025e+03 6.4278760969e+01 0.0000000000e+00 -7.6604444312e+01 2212 0.0000000000e+00 1.0000000000e+00
1435 2.8804167124e+03 0.0000000000e+00 3.3261387978e+03 6.4278760969e+01 0.0000000000e+00 -7.6604444312e+01 2212 0.0000000000e+00 1.0000000000e+00
1436 2.8847631310e+03 0.0000000000e+00 3.3223698495e+03 6.4278760969e+01 0.0000000000e+00 -7.6604444312e+01 2212 0.0000000000e+00 1.0000000000e+00
1437 2.8166461826e+03 0.0000000000e+00 3.3803112313e+03 6.4278760969e+01 0.0000000000e+00 -7.6604444312e+01 2212 0.0000000000e+00 1.0000000000e+00
1438 2.8559011909e+03 0.0000000000e+00 3.3472119931e+03 6.4278760969e+01 0.0000000000e+00 -7.6604444312e+01 2212 0.0000000000e+00 1.0000000000e+00
1439 2.8679176967e+03 0.0000000000e+00 3.3369219086e+03 6.4278760969e+01 0.0000000000e+00 -7.6604444312e+01 2212 0.0000000000e+00 1.0000000000e+00
1440 2.7801055741e+03 0.0000000000e+00 3.4104270606e+03 6.4278760969e+01 0.0000000000e+00 -7.6604444312e+01 2212 0.0000000000e+00 1.0000000000e+00
1441 2.8357045037e+03 0.0000000000e+00 3.3643394161e+03 6.4278760969e+01 0.0000000000e+00 -7.6604444312e+01 2212 0.0000000000e+00 1.0000000000e+00
1442 2.8037452045e+03 0.0000000000e+00 3.3910193994e+03 6.4278760969e+01 0.0000000000e+00 -7.6604444312e+01 2212 0.0000000000e+00 1.0000000000e+00
1443 2.8460596275e+03 0.0000000000e+00 3.3555840528e+03 6.4278760969e+01 0.0000000000e+00 -7.6604444312e+01 2212 0.0000000000e+00 1.0000000000e+00
1444 2.8014747520e+03 0.0000000000e+00 3.3928953642e+03 6.4278760969e+01 0.0000000000e+00 -7.6604444312e+01 2212 0.0000000000e+00 1.0000000000e+00
1445 2.8446154740e+03 0.0000000000e+00 3.3568083866e+03 6.4278760969e+01 0.0000000000e+00 -7.6604444312e+01 2212 0.0000000000e+00 1.0000000000e+00
1446 2.7774956477e+03 0.0000000000e+00 3.4125529543e+03 6.4278760969e+01 0.0000000000e+00 -7.6604444312e+01 2212 0.0000000000e+00 1.0000000000e+00
1447 2.8058307925e+03 0.0000000000e+00 3.3892939240e+03 6.4278760969e+01 0.0000000000e+00 -7.6604444312e+01 2212 0.0000000000e+00 1.0000000000e+00
1448 2.8493902524e+03 0.0000000000e+00 3.3527563180e+03 6.4278760969e+01 0.0000000000e+00 -7.6604444312e+01 2212 0.0000000000e+00 1.0000000000e+00
1449 2.8452445534e+03 0.0000000000e+00 3.3562751928e+03 6.4278760969e+01 0.0000000000e+00 -7.6604444312e+01 2212 0.0000000000e+00 1.0000000000e+00
1450 2.7957474149e+03 0.0000000000e+00 3.3976162425e+03 6.4278760969e+01 0.0000000000e+00 -7.6604444312e+01 2212 0.0000000000e+00 1.0000000000e+00
1451 2.8788352858e+03 0.0000000000e+00 3.3275076463e+03 6.4278760969e+01 0.0000000000e+00 -7.6604444312e+01 2212 0.0000000000e+00 1.0000000000e+00
1452 2.8343201415e+03 0.0000000000e+00 3.3655057680e+03 6.4278760969e+01 0.0000000000e+00 -7.6604444312e+01 2212 0.0000000000e+00 1.0000000000e+00
1453 2.7724490508e+03 0.0000000000e+00 3.4166542113e+03 6.4278760969e+01 0.0000000000e+00 -7.6604444312e+01 2212 0.0000000000e+00 1.0000000000e+00
1454 2.8598764218e+03 0.0000000000e+00 3.3438161718e+03 6.4278760969e+01 0.0000000000e+00 -7.6604444312e+01 2212 0.0000000000e+00 1.0000000000e+00
1455 2.7873187069e+03 0.0000000000e+00 3.4045343537e+03 6.4278760969e+01 0.0000000000e+00 -7.6604444312e+01 2212 0.0000000000e+00 1.0000000000e+00
1456 2.7942047395e+03 0.0000000000e+00 3.3988850543e+03 6.4278760969e+01 0.0000000000e+00 -7.6604444312e+01 2212 0.0000000000e+00 1.0000000000e+00
1457 2.7893439845e+03 0.0000000000e+00 3.4028752365e+03 6.4278760969e+01 0.0000000000e+00 -7.6604444312e+01 2212 0.0000000000e+00 1.0000000000e+00
1458 2.8038120259e+03 0.0000000000e+00 3.3909641493e+03 6.4278760969e+01 0.0000000000e+00 -7.6604444312e+01 2212 0.0000000000e+00 1.0000000000e+00
1459 2.8458826554e+03 0.0000000000e+00 3.3557341448e+03 6.4278760969e+01 0.0000000000e+00 -7.6604444312e+01 2212 0.0000000000e+00 1.0000000000e+00
1460 2.8113366472e+03 0.0000000000e+00 3.3847283488e+03 6.4278760969e+01 0.0000000000e+00 -7.6604444312e+01 2212 0.0000000000e+00 1.0000000000e+00
1461 2.7815452415e+03 0.0000000000e+00 3.4092529692e+03 6.4278760969e+01 0.0000000000e+00 -7.6604444312e+01 2212 0.0000000000e+00 1.0000000000e+00
1462 2.8815986968e+03 0.0000000000e+00 3.3251148386e+03 6.4278760969e+01 0.0000000000e+00 -7.6604444312e+01 2212 0.0000000000e+00 1.0000000000e+00
1463 2.8496880160e+03 0.0000000000e+00 3.3525032364e+03 6.4278760969e+01 0.0000000000e+00 -7.6604444312e+01 2212 0.0000000000e+00 1.0000000000e+00
1464 2.8470747685e+03 0.0000000000e+00 3.3547227906e+03 6.4278760969e+01 0.0000000000e+00 -7.6604444312e+01 2212 0.0000000000e+00 1.0000000000e+00
1465 2.7810474329e+03 0.0000000000e+00 3.4096590614e+03 6.4278760969e+01 0.0000000000e+00 -7.6604444312e+01 2212 0.0000000000e+00 1.0000000000e+00
1466 2.8809190460e+03 0.0000000000e+00 3.3257037134e+03 6.4278760969e+01 0.0000000000e+00 -7.6604444312e+01 2212 0.0000000000e+00 1.0000000000e+00
1467 2.8105948893e+03 0.0000000000e+00 3.3853443115e+03 6.4278760969e+01 0.0000000000e+00 -7.6604444312e+01 2212 0.0000000000e+00 1.0000000000e+00
1468 2.7805560681e+03 0.0000000000e+00 3.4100597782e+03 6.4278760969e+01 0.0000000000e+00 -7.6604444312e+01 2212 0.0000000000e+00 1.0000000000e+00
1469 2.7705189657e+03 0.0000000000e+00 3.4182194779e+03 6.4278760969e+01 0.0000000000e+00 -7.6604444312e+01 2212 0.0000000000e+00 1.0000000000e+00
1470 2.8004653678e+03 0.0000000000e+00 3.3937285488e+03 6.4278760969e+01 0.0000000000e+00 -7.6604444312e+01 2212 0.0000000000e+00 1.0000000000e+00
1471 2.8299241220e+03 0.0000000000e+00 3.3692030515e+03 6.4278760969e+01 0.0000000000e+00 -7.6604444312e+01 2212 0.0000000000e+00 1.0000000000e+00
1472 2.8013669560e+03 0.0000000000e+00 3.3929843673e+03 6.4278760969e+01 0.0000000000e+00 -7.6604444312e+01 2212 0.0000000000e+00 1.0000000000e+00
1473 2.7899345624e+03 0.0000000000e+00 3.4023910529e+03 6.4278760969e+01 0.0000000000e+00 -7.6604444312e+01 2212 0.0000000000e+00 1.0000000000e+00
1474 2.8674961037e+03 0.0000000000e+00 3.3372842004e+03 6.4278760969e+01 0.0000000000e+00 -7.6604444312e+01 2212 0.0000000000e+00 1.0000000000e+00
1475 2.7840884965e+03 0.0000000000e+00 3.4071763944e+03 6.4278760969e+01 0.0000000000e+00 -7.6604444312e+01 2212 0.0000000000e+00 1.0000000000e+00
1476 2.8649050388e+03 0.0000000000e+00 3.3395087749e+03 6.4278760969e+01 0.0000000000e+00 -7.6604444312e+01 2212 0.0000000000e+00 1.0000000000e+00
1477 2.8465159132e+03 0.0000000000e+00 3.3551969979e+03 6.4278760969e+01 0.0000000000e+00 -7.6604444312e+01 2212 0.0000000000e+00 1.0000000000e+00
1478 2.8039251382e+03 0.0000000000e+00 3.3908706195e+03 6.4278760969e+01 0.0000000000e+00 -7.6604444312e+01 2212 0.0000000000e+00 1.0000000000e+00
1479 2.8071564722e+03 0.0000000000e+00 3.3881960214e+03 6.4278760969e+01 0.0000000000e+00 -7.6604444312e+01 2212 0.0000000000e+00 1.0000000000e+00
1480 2.8458410329e+03 0.0000000000e+00 3.3557694430e+03 6.4278760969e+01 0.0000000000e+00 -7.6604444312e+01 2212 0.0000000000e+00 1.0000000000e+00
1481 2.8802721600e+03 0.0000000000e+00 3.3262639738e+03 6.4278760969e+01 0.0000000000e+00 -7.6604444312e+01 2212 0.0000000000e+00 1.0000000000e+00
1482 2.8189592668e+03 0.0000000000e+00 3.3783825111e+03 6.4278760969e+01 0.0000000000e+00 -7.6604444312e+01 2212 0.0000000000e+00 1.0000000000e+00
1483 2.8702653210e+03 0.0000000000e+00 3.3349028061e+03 6.4278760969e+01 0.0000000000e+00 -7.6604444312e+01 2212 0.0000000000e+00 1.0000000000e+00
1484 2.7779107931e+03 0.0000000000e+00 3.4122150232e+03 6.4278760969e+01 0.0000000000e+00 -7.6604444312e+01 2212 0.0000000000e+00 1.0000000000e+00
1485 2.7887906883e+03 0.0000000000e+00 3.4033286993e+03 6.4278760969e+01 0.0000000000e+00 -7.6604444312e+01 2212 0.0000000000e+00 1.0000000000e+00
1486 2.8562639281e+03 0.0000000000e+00 3.3469024653e+03 6.4278760969e+01 0.0000000000e+00 -7.6604444312e+01 2212 0.0000000000e+00 1.0000000000e+00
1487 2.8282129280e+03 0.0000000000e+00 3.3706396089e+03 6.4278760969e+01 0.0000000000e+00 -7.6604444312e+01 2212 0.0000000000e+00 1.0000000000e+00
1488 2.8382971874e+03 0.0000000000e+00 3.3621524080e+03 6.4278760969e+01 0.0000000000e+00 -7.6604444312e+01 2212 0.0000000000e+00 1.0000000000e+00
1489 2.7892974203e+03 0.0000000000e+00 3.4029134047e+03 6.4278760969e+01 0.0000000000e+00 -7.6604444312e+01 2212 0.0000000000e+00 1.0000000000e+00
1490 2.8099485470e+03 0.0000000000e+00 3.3858808163e+03 6.4278760969e+01 0.0000000000e+00 -7.6604444312e+01 2212 0.0000000000e+00 1.0000000000e+00
1491 2.8301274446e+03 0.0000000000e+00 3.3690322625e+03 6.4278760969e+01 0.0000000000e+00 -7.6604444312e+01 2212 0.0000000000e+00 1.0000000000e+00
1492 2.7996925219e+03 0.0000000000e+00 3.3943661443e+03 6.4278760969e+01 0.0000000000e+00 -7.6604444312e+01 2212 0.0000000000e+00 1.0000000000e+00
1493 2.8179534069e+03 0.0000000000e+00 3.3792215576e+03 6.4278760969e+01 0.0000000000e+00 -7.6604444312e+01 2212 0.0000000000e+00 1.0000000000e+00
1494 2.8036971484e+03 0.0000000000e+00 3.3910591323e+03 6.4278760969e+01 0.0000000000e+00 -7.6604444312e+01 2212 0.0000000000e+00 1.0000000000e+00
1495 2.8213162163e+03 0.0000000000e+00 3.3764144512e+03 6.4278760969e+01 0.0000000000e+00 -7.6604444312e+01 2212 0.0000000000e+00 1.0000000000e+00
1496 2.8598750304e+03 0.0000000000e+00 3.3438173618e+03 6.4278760969e+01 0.0000000000e+00 -7.6604444312e+01 2212 0.0000000000e+00 1.0000000000e+00
1497 2.8710686751e+03 0.0000000000e+00 3.3342112113e+03 6.4278760969e+01 0.0000000000e+00 -7.6604444312e+01 2212 0.0000000000e+00 1.0000000000e+00
1498 2.8193508627e+03 0.0000000000e+00 3.3780557207e+03 6.4278760969e+01 0.0000000000e+00 -7.6604444312e+01 2212 0.0000000000e+00 1.0000000000e+00
1499 2.8277617978e+03 0.0000000000e+00 3.3710180886e+03 6.4278760969e+01 0.0000000000e+00 -7.6604444312e+01 2212 0.0000000000e+00 1.0000000000e+00
1500 2.8033128773e+03 0.0000000000e+00 3.3913768075e+03 6.4278760969e+01 0.0000000000e+00 -7.6604444312e+01 2212 0.0000000000e+00 1.0000000000e+00
1501 2.7883369654e+03 0.0000000000e+00 3.4037004431e+03 6.4278760969e+01 0.0000000000e+00 -7.6604444312e+01 2212 0.0000000000e+00 1.0000000000e+00
1502 2.8004245114e+03 0.0000000000e+00 3.3937622626e+03 6.4278760969e+01 0.0000000000e+00 -7.6604444312e+01 2212 0.0000000000e+00 1.0000000000e+00
1503 2.7757821789e+03 0.0000000000e+00 3.4139468411e+03 6.4278760969e+01 0.0000000000e+00 -7.6604444312e+01 2212 0.0000000000e+00 1.0000000000e+00
1504 2.8019331592e+03 0.0000000000e+00 3.3925168106e+03 6.4278760969e+01 0.0000000000e+00 -7.6604444312e+01 2212 0.0000000000e+00 1.0000000000e+00
1505 2.8066231532e+03 0.0000000000e+00 3.3886378111e+03 6.4278760969e+01 0.0000000000e+00 -7.6604444312e+01 2212 0.0000000000e+00 1.0000000000e+00
1506 2.8683427809e+03 0.0000000000e+00 3.3365565228e+03 6.4278760969e+01 0.0000000000e+00 -7.6604444312e+01 2212 0.0000000000e+00 1.0000000000e+00
1507 2.8664909321e+03 0.0000000000e+00 3.3381476114e+03 6.4278760969e+01 0.0000000000e+00 -7.6604444312e+01 2212 0.0000000000e+00 1.0000000000e+00
1508 2.7892073417e+03 0.0000000000e+00 3.4029872383e+03 6.4278760969e+01 0.0000000000e+00 -7.6604444312e+01 2212 0.0000000000e+00 1.0000000000e+00
1509 2.7701844964e+03 0.0000000000e+00 3.4184905433e+03 6.4278760969e+01 0.0000000000e+00 -7.6604444312e+01 2212 0.0000000000e+00 1.0000000000e+00
1510 2.7989914354e+03 0.0000000000e+00 3.3949442828e+03 6.4278760969e+01 0.0000000000e+00 -7.6604444312e+01 2212 0.0000000000e+00 1.0000000000e+00
1511 2.7993194991e+03 0.0000000000e+00 3.3946737812e+03 6.4278760969e+01 0.0000000000e+00 -7.6604444312e+01 2212 0.0000000000e+00 1.0000000000e+00
1512 2.8390605670e+03 0.0000000000e+00 3.3615078217e+03 6.4278760969e+01 0.0000000000e+00 -7.6604444312e+01 2212 0.0000000000e+00 1.0000000000e+00
1513 2.8484184506e+03 0.0000000000e+00 3.3535819760e+03 6.4278760969e+01 0.0000000000e+00 -7.6604444312e+01 2212 0.0000000000e+00 1.0000000000e+00
1514 2.8838024610e+03 0.0000000000e+00 3.3232037410e+03 6.4278760969e+01 0.0000000000e+00 -7.6604444312e+01 2212 0.0000000000e+00 1.0000000000e+00
1515 2.8099627083e+03 0.0000000000e+00 3.3858690637e+03 6.4278760969e+01 0.0000000000e+00 -7.6604444312e+01 2212 0.0000000000e+00 1.0000000000e+00
1516 2.7695027722e+03 0.0000000000e+00 3.4190428680e+03 6.4278760969e+01 0.0000000000e+00 -7.6604444312e+01 2212 0.0000000000e+00 1.0000000000e+00
1517 2.8538398406e+03 0.0000000000e+00 3.3489696778e+03 6.4278760969e+01 0.0000000000e+00 -7.6604444312e+01 2212 0.0000000000e+00 1.0000000000e+00
1518 2.7975607607e+03 0.0000000000e+00 3.3961233088e+03 6.4278760969e+01 0.0000000000e+00 -7.6604444312e+01 2212 0.0000000000e+00 1.0000000000e+00
1519 2.8244819169e+03 0.0000000000e+00 3.3737666843e+03 6.4278760969e+01 0.0000000000e+00 -7.6604444312e+01 2212 0.0000000000e+00 1.0000000000e+00
1520 2.8548277499e+03 0.0000000000e+00 3.3481275748e+03 6.4278760969e+01 0.0000000000e+00 -7.6604444312e+01 2212 0.0000000000e+00 1.0000000000e+00
1521 2.8062757366e+03 0.0000000000e+00 3.3889255272e+03 6.4278760969e+01 0.0000000000e+00 -7.6604444312e+01 2212 0.0000000000e+00 1.0000000000e+00
1522 2.7988300152e+03 0.0000000000e+00 3.3950773607e+03 6.4278760969e+01 0.0000000000e+00 -7.6604444312e+01 2212 0.0000000000e+00 1.0000000000e+00
1523 2.8129226600e+03 0.0000000000e+00 3.3834103871e+03 6.4278760969e+01 0.0000000000e+00 -7.6604444312e+01 2212 0.0000000000e+00 1.0000000000e+00
1524 2.8771612356e+03 0.0000000000e+00 3.3289552360e+03 6.4278760969e+01 0.0000000000e+00 -7.6604444312e+01 2212 0.0000000000e+00 1.0000000000e+00
1525 2.8839756579e+03 0.0000000000e+00 3.3230534367e+03 6.4278760969e+01 0.0000000000e+00 -7.6604444312e+01 2212 0.0000000000e+00 1.0000000000e+00
1526 2.8292244696e+03 0.0000000000e+00 3.3697905929e+03 6.4278760969e+01 0.0000000000e+00 -7.6604444312e+01 2212 0.0000000000e+00 1.0000000000e+00
1527 2.8390235580e+03 0.0000000000e+00 3.3615390785e+03 6.4278760969e+01 0.0000000000e+00 -7.6604444312e+01 2212 0.0000000000e+00 1.0000000000e+00
1528 2.8285633662e+03 0.0000000000e+00 3.3703455346e+03 6.4278760969e+01 0.0000000000e+00 -7.6604444312e+01 2212 0.0000000000e+00 1.0000000000e+00
1529 2.7796093703e+03 0.0000000000e+00 3.4108314951e+03 6.4278760969e+01 0.0000000000e+00 -7.6604444312e+01 2212 0.0000000000e+00 1.0000000000e+00
1530 2.8531663900e+03 0.0000000000e+00 3.3495434450e+03 6.4278760969e+01 0.0000000000e+00 -7.6604444312e+01 2212 0.0000000000e+00 1.0000000000e+00
1531 2.8627369878e+03 0.0000000000e+00 3.3413674861e+03 6.4278760969e+01 0.0000000000e+00 -7.6604444312e+01 2212 0.0000000000e+00 1.0000000000e+00
1532 2.8446762822e+03 0.0000000000e+00 3.3567568557e+03 6.4278760969e+01 0.0000000000e+00 -7.6604444312e+01 2212 0.0000000000e+00 1.0000000000e+00
1533 2.8374042115e+03 0.0000000000e+00 3.3629060468e+03 6.4278760969e+01 0.0000000000e+00 -7.6604444312e+01 2212 0.0000000000e+00 1.0000000000e+00
1534 2.8028074528e+03 0.0000000000e+00 3.3917945282e+03 6.4278760969e+01 0.0000000000e+00 -7.6604444312e+01 2212 0.0000000000e+00 1.0000000000e+00
1535 2.8464821503e+03 0.0000000000e+00 3.3552256417e+03 6.4278760969e+01 0.0000000000e+00 -7.6604444312e+01 2212 0.0000000000e+00 1.0000000000e+00
1536 2.7701772879e+03 0.0000000000e+00 3.4184963848e+03 6.4278760969e+01 0.0000000000e+00 -7.6604444312e+01 2212 0.0000000000e+00 1.0000000000e+00
1537 2.7764372894e+03 0.0000000000e+00 3.4134140852e+03 6.4278760969e+01 0.0000000000e+00 -7.6604444312e+01 2212 0.0000000000e+00 1.0000000000e+00
1538 2.8393966541e+03 0.0000000000e+00 3.3612239407e+03 6.4278760969e+01 0.0000000000e+00 -7.6604444312e+01 2212 0.0000000000e+00 1.0000000000e+00
1539 2.7930413797e+03 0.0000000000e+00 3.3998411125e+03 6.4278760969e+01 0.0000000000e+00 -7.6604444312e+01 2212 0.0000000000e+00 1.0000000000e+00
1540 2.8681865913e+03 0.0000000000e+00 3.3366907882e+03 6.4278760969e+01 0.0000000000e+00 -7.6604444312e+01 2212 0.0000000000e+00 1.0000000000e+00
1541 2.7875808362e+03 0.0000000000e+00 3.4043197295e+03 6.4278760969e+01 0.0000000000e+00 -7.6604444312e+01 2212 0.0000000000e+00 1.0000000000e+00
1542 2.8266874167e+03 0.0000000000e+00 3.3719190362e+03 6.4278760969e+01 0.0000000000e+00 -7.6604444312e+01 2212 0.0000000000e+00 1.0000000000e+00
1543 2.8590558983e+03 0.0000000000e+00 3.3445177693e+03 6.4278760969e+01 0.0000000000e+00 -7.6604444312e+01 2212 0.0000000000e+00 1.0000000000e+00
1544 2.8611663050e+03 0.0000000000e+00 3.3427125383e+03 6.4278760969e+01 0.0000000000e+00 -7.6604444312e+01 2212 0.0000000000e+00 1.0000000000e+00
1545 2.8008869816e+03 0.0000000000e+00 3.3933805939e+03 6.4278760969e+01 0.0000000000e+00 -7.6604444312e+01 2212 0.0000000000e+00 1.0000000000e+00
1546 2.8179615008e+03 0.0000000000e+00 3.3792148081e+03 6.4278760969e+01 0.0000000000e+00 -7.6604444312e+01 2212 0.0000000000e+00 1.0000000000e+00
1547 2.8836469610e+03 0.0000000000e+00 3.3233386742e+03 6.4278760969e+01 0.0000000000e+00 -7.6604444312e+01 2212 0.0000000000e+00 1.0000000000e+00
1548 2.8140990179e+03 0.0000000000e+00 3.3824320328e+03 6.4278760969e+01 0.0000000000e+00 -7.6604444312e+01 2212 0.0000000000e+00 1.0000000000e+00
1549 2.8530533756e+03 0.0000000000e+00 3.3496397082e+03 6.4278760969e+01 0.0000000000e+00 -7.6604444312e+01 2212 0.0000000000e+00 1.0000000000e+00
1550 2.8748698990e+03 0.0000000000e+00 3.3309342237e+03 6.4278760969e+01 0.0000000000e+00 -7.6604444312e+01 2212 0.0000000000e+00 1.0000000000e+00
1551 2.8769399265e+03 0.0000000000e+00 3.3291464969e+03 6.4278760969e+01 0.0000000000e+00 -7.6604444312e+01 2212 0.0000000000e+00 1.0000000000e+00
1552 2.8746699787e+03 0.0000000000e+00 3.3311067609e+03 6.4278760969e+01 0.0000000000e+00 -7.6604444312e+01 2212 0.0000000000e+00 1.0000000000e+00
1553 2.8000988776e+03 0.0000000000e+00 3.3940309390e+03 6.4278760969e+01 0.0000000000e+00 -7.6604444312e+01 2212 0.0000000000e+00 1.0000000000e+00
1554 2.8541183497e+03 0.0000000000e+00 3.3487323250e+03 6.4278760969e+01 0.0000000000e+00 -7.6604444312e+01 2212 0.0000000000e+00 1.0000000000e+00
1555 2.8633896074e+03 0.0000000000e+00 3.3408082398e+03 6.4278760969e+01 0.0000000000e+00 -7.6604444312e+01 2212 0.0000000000e+00 1.0000000000e+00
1556 2.8028724640e+03 0.0000000000e+00 3.3917408052e+03 6.4278760969e+01 0.0000000000e+00 -7.6604444312e+01 2212 0.0000000000e+00 1.0000000000e+00
1557 2.8006478046e+03 0.0000000000e+00 3.3935779958e+03 6.4278760969e+01 0.0000000000e+00 -7.6604444312e+01 2212 0.0000000000e+00 1.0000000000e+00
1558 2.8093845742e+03 0.0000000000e+00 3.3863487790e+03 6.4278760969e+01 0.0000000000e+00 -7.6604444312e+01 2212 0.0000000000e+00 1.0000000000e+00
1559 2.8635187664e+03 0.0000000000e+00 3.3406975340e+03 6.4278760969e+01 0.0000000000e+00 -7.6604444312e+01 2212 0.0000000000e+00 1.0000000000e+00
1560 2.8029102650e+03 0.0000000000e+00 3.3917095668e+03 6.4278760969e+01 0.0000000000e+00 -7.6604444312e+01 2212 0.0000000000e+00 1.0000000000e+00
1561 2.7882068588e+03 0.0000000000e+00 3.4038070233e+03 6.4278760969e+01 0.0000000000e+00 -7.6604444312e+01 2212 0.0000000000e+00 1.0000000000e+00
1562 2.8610281100e+03 0.0000000000e+00 3.3428308203e+03 6.4278760969e+01 0.0000000000e+00 -7.6604444312e+01 2212 0.0000000000e+00 1.0000000000e+00
1563 2.7839473092e+03 0.0000000000e+00 3.4072917571e+03 6.4278760969e+01 0.0000000000e+00 -7.6604444312e+01 2212 0.0000000000e+00 1.0000000000e+00
1564 2.7695554892e+03 0.0000000000e+00 3.4190001654e+03 6.4278760969e+01 0.0000000000e+00 -7.6604444312e+01 2212 0.0000000000e+00 1.0000000000e+00
1565 2.8644893629e+03 0.0000000000e+00 3.3398653309e+03 6.4278760969e+01 0.0000000000e+00 -7.6604444312e+01 2212 0.0000000000e+00 1.0000000000e+00
1566 2.7791059858e+03 0.0000000000e+00 3.4112416594e+03 6.4278760969e+01 0.0000000000e+00 -7.6604444312e+01 2212 0.0000000000e+00 1.0000000000e+00
1567 2.8852367442e+03 0.0000000000e+00 3.3219585591e+03 6.4278760969e+01 0.0000000000e+00 -7.6604444312e+01 2212 0.0000000000e+00 1.0000000000e+00
1568 2.8213598742e+03 0.0000000000e+00 3.3763779704e+03 6.4278760969e+01 0.0000000000e+00 -7.6604444312e+01 2212 0.0000000000e+00 1.0000000000e+00
1569 2.8137918561e+03 0.0000000000e+00 3.3826875601e+03 6.4278760969e+01 0.0000000000e+00 -7.6604444312e+01 2212 0.0000000000e+00 1.0000000000e+00
1570 2.7988706399e+03 0.0000000000e+00 3.3950438701e+03 6.4278760969e+01 0.0000000000e+00 -7.6604444312e+01 2212 0.0000000000e+00 1.0000000000e+00
1571 2.8193255924e+03 0.0000000000e+00 3.3780768113e+03 6.4278760969e+01 0.0000000000e+00 -7.6604444312e+01 2212 0.0000000000e+00 1.0000000000e+00
1572 2.8757333609e+03 0.0000000000e+00 3.3301887898e+03 6.4278760969e+01 0.0000000000e+00 -7.6604444312e+01 2212 0.0000000000e+00 1.0000000000e+00
1573 2.8602340570e+03 0.0000000000e+00 3.3435102629e+03 6.4278760969e+01 0.0000000000e+00 -7.6604444312e+01 2212 0.0000000000e+00 1.0000000000e+00
1574 2.8728273017e+03 0.0000000000e+00 3.3326960608e+03 6.4278760969e+01 0.0000000000e+00 -7.6604444312e+01 2212 0.0000000000e+00 1.0000000000e+00
1575 2.8450101111e+03 0.0000000000e+00 3.3564739246e+03 6.4278760969e+01 0.0000000000e+00 -7.6604444312e+01 2212 0.0000000000e+00 1.0000000000e+00
1576 2.8536593592e+03 0.0000000000e+00 3.3491234675e+03 6.4278760969e+01 0.0000000000e+00 -7.6604444312e+01 2212 0.0000000000e+00 1.0000000000e+00
1577 2.8155624909e+03 0.0000000000e+00 3.3812139238e+03 6.4278760969e+01 0.0000000000e+00 -7.6604444312e+01 2212 0.0000000000e+00 1.0000000000e+00
1578 2.7974019271e+03 0.0000000000e+00 3.3962541420e+03 6.4278760969e+01 0.0000000000e+00 -7.6604444312e+01 2212 0.0000000000e+00 1.0000000000e+00
1579 2.7991477546e+03 0.0000000000e+00 3.3948153980e+03 6.4278760969e+01 0.0000000000e+00 -7.6604444312e+01 2212 0.0000000000e+00 1.0000000000e+00
1580 2.8779899950e+03 0.0000000000e+00 3.3282387726e+03 6.4278760969e+01 0.0000000000e+00 -7.6604444312e+01 2212 0.0000000000e+00 1.0000000000e+00
1581 2.7843912163e+03 0.0000000000e+00 3.4069290121e+03 6.4278760969e+01 0.0000000000e+00 -7.6604444312e+01 2212 0.0000000000e+00 1.0000000000e+00
1582 2.8831364051e+03 0.0000000000e+00 3.3237816126e+03 6.4278760969e+01 0.0000000000e+00 -7.6604444312e+01 2212 0.0000000000e+00 1.0000000000e+00
1583 2.8378387383e+03 0.0000000000e+00 3.3625393729e+03 6.4278760969e+01 0.0000000000e+00 -7.6604444312e+01 2212 0.0000000000e+00 1.0000000000e+00
1584 2.8374601923e+03 0.0000000000e+00 3.3628588130e+03 6.4278760969e+01 0.0000000000e+00 -7.6604444312e+01 2212 0.0000000000e+00 1.0000000000e+00
1585 2.7827201325e+03 0.0000000000e+00 3.4082940605e+03 6.4278760969e+01 0.0000000000e+00 -7.6604444312e+01 2212 0.0000000000e+00 1.0000000000e+00
1586 2.8009985541e+03 0.0000000000e+00 3.3932884992e+03 6.4278760969e+01 0.0000000000e+00 -7.6604444312e+01 2212 0.0000000000e+00 1.0000000000e+00
1587 2.8721227177e+03 0.0000000000e+00 3.3333032915e+03 6.4278760969e+01 0.0000000000e+00 -7.6604444312e+01 2212 0.0000000000e+00 1.0000000000e+00
1588 2.8047731612e+03 0.0000000000e+00 3.3901692071e+03 6.4278760969e+01 0.0000000000e+00 -7.6604444312e+01 2212 0.0000000000e+00 1.0000000000e+00
1589 2.7889351202e+03 0.0000000000e+00 3.4032103423e+03 6.4278760969e+01 0.0000000000e+00 -7.6604444312e+01 2212 0.0000000000e+00 1.0000000000e+00
1590 2.8429844407e+03 0.0000000000e+00 3.3581898709e+03 6.4278760969e+01 0.0000000000e+00 -7.6604444312e+01 2212 0.0000000000e+00 1.0000000000e+00
1591 2.7776912706e+03 0.0000000000e+00 3.4123937265e+03 6.4278760969e+01 0.0000000000e+00 -7.6604444312e+01 2212 0.0000000000e+00 1.0000000000e+00
1592 2.8610553308e+03 0.0000000000e+00 3.3428075226e+03 6.4278760969e+01 0.0000000000e+00 -7.6604444312e+01 2212 0.0000000000e+00 1.0000000000e+00
1593 2.7992922068e+03 0.0000000000e+00 3.3946962868e+03 6.4278760969e+01 0.0000000000e+00 -7.6604444312e+01 2212 0.0000000000e+00 1.0000000000e+00
1594 2.8189720906e+03 0.0000000000e+00 3.3783718107e+03 6.4278760969e+01 0.0000000000e+00 -7.6604444312e+01 2212 0.0000000000e+00 1.0000000000e+00
1595 2.8275649797e+03 0.0000000000e+00 3.3711831787e+03 6.4278760969e+01 0.0000000000e+00 -7.6604444312e+01 2212 0.0000000000e+00 1.0000000000e+00
1596 2.8466925127e+03 0.0000000000e+00 3.3550471647e+03 6.4278760969e+01 0.0000000000e+00 -7.6604444312e+01 2212 0.0000000000e+00 1.0000000000e+00
1597 2.7749917686e+03 0.0000000000e+00 3.4145893491e+03 6.4278760969e+01 0.0000000000e+00 -7.6604444312e+01 2212 0.0000000000e+00 1.0000000000e+00
1598 2.8192688490e+03 0.0000000000e+00 3.3781241682e+03 6.4278760969e+01 0.0000000000e+00 -7.6604444312e+01 2212 0.0000000000e+00 1.0000000000e+00
1599 2.7874562994e+03 0.0000000000e+00 3.4044217009e+03 6.4278760969e+01 0.0000000000e+00 -7.6604444312e+01 2212 0.0000000000e+00 1.0000000000e+00
1600 2.8107823206e+03 0.0000000000e+00 3.3851886927e+03 6.4278760969e+01 0.0000000000e+00 -7.6604444312e+01 2212 0.0000000000e+00 1.0000000000e+00
1601 2.8847549872e+03 0.0000000000e+00 3.3223769206e+03 6.4278760969e+01 0.0000000000e+00 -7.6604444312e+01 2212 0.0000000000e+00 1.0000000000e+00
1602 2.8429019237e+03 0.0000000000e+00 3.3582597266e+03 6.4278760969e+01 0.0000000000e+00 -7.6604444312e+01 2212 0.0000000000e+00 1.0000000000e+00
1603 2.7953108938e+03 0.0000000000e+00 3.3979753892e+03 6.4278760969e+01 0.0000000000e+00 -7.6604444312e+01 2212 0.0000000000e+00 1.0000000000e+00
1604 2.8647471930e+03 0.0000000000e+00 3.3396441815e+03 6.4278760969e+01 0.0000000000e+00 -7.6604444312e+01 2212 0.0000000000e+00 1.0000000000e+00
1605 2.8431182237e+03 0.0000000000e+00 3.3580766079e+03 6.4278760969e+01 0.0000000000e+00 -7.6604444312e+01 2212 0.0000000000e+00 1.0000000000e+00
1606 2.8275262940e+03 0.0000000000e+00 3.3712156258e+03 6.4278760969e+01 0.0000000000e+00 -7.6604444312e+01 2212 0.0000000000e+00 1.0000000000e+00
1607 2.8782348593e+03 0.0000000000e+00 3.3280270182e+03 6.4278760969e+01 0.0000000000e+00 -7.6604444312e+01 2212 0.0000000000e+00 1.0000000000e+00
1608 2.7753490529e+03 0.0000000000e+00 3.4142989578e+03 6.4278760969e+01 0.0000000000e+00 -7.6604444312e+01 2212 0.0000000000e+00 1.0000000000e+00
1609 2.7702893274e+03 0.0000000000e+00 3.4184055905e+03 6.4278760969e+01 0.0000000000e+00 -7.6604444312e+01 2212 0.0000000000e+00 1.0000000000e+00
1610 2.8262806253e+03 0.0000000000e+00 3.3722600087e+03 6.4278760969e+01 0.0000000000e+00 -7.6604444312e+01 2212 0.0000000000e+00 1.0000000000e+00
1611 2.8435642260e+03 0.0000000000e+00 3.3576989489e+03 6.4278760969e+01 0.0000000000e+00 -7.6604444312e+01 2212 0.0000000000e+00 1.0000000000e+00
1612 2.8288106572e+03 0.0000000000e+00 3.3701379801e+03 6.4278760969e+01 0.0000000000e+00 -7.6604444312e+01 2212 0.0000000000e+00 1.0000000000e+00
1613 2.7788084091e+03 0.0000000000e+00 3.4114840707e+03 6.4278760969e+01 0.0000000000e+00 -7.6604444312e+01 2212 0.0000000000e+00 1.0000000000e+00
1614 2.8208366158e+03 0.0000000000e+00 3.3768151454e+03 6.4278760969e+01 0.0000000000e+00 -7.6604444312e+01 2212 0.0000000000e+00 1.0000000000e+00
1615 2.8275164232e+03 0.0000000000e+00 3.3712239047e+03 6.4278760969e+01 0.0000000000e+00 -7.6604444312e+01 2212 0.0000000000e+00 1.0000000000e+00
1616 2.8136515294e+03 0.0000000000e+00 3.3828042819e+03 6.4278760969e+01 0.0000000000e+00 -7.6604444312e+01 2212 0.0000000000e+00 1.0000000000e+00
1617 2.8767184769e+03 0.0000000000e+00 3.3293378536e+03 6.4278760969e+01 0.0000000000e+00 -7.6604444312e+01 2212 0.0000000000e+00 1.0000000000e+00
1618 2.8608259145e+03 0.0000000000e+00 3.3430038626e+03 6.4278760969e+01 0.0000000000e+00 -7.6604444312e+01 2212 0.0000000000e+00 1.0000000000e+00
1619 2.8796941082e+03 0.0000000000e+00 3.3267644314e+03 6.4278760969e+01 0.0000000000e+00 -7.6604444312e+01 2212 0.0000000000e+00 1.0000000000e+00
1620 2.7809381615e+03 0.0000000000e+00 3.4097481843e+03 6.4278760969e+01 0.0000000000e+00 -7.6604444312e+01 2212 0.0000000000e+00 1.0000000000e+00
1621 2.8825670240e+03 0.0000000000e+00 3.3242754235e+03 6.4278760969e+01 0.0000000000e+00 -7.6604444312e+01 2212 0.0000000000e+00 1.0000000000e+00
1622 2.7709762461e+03 0.0000000000e+00 3.4178487946e+03 6.4278760969e+01 0.0000000000e+00 -7.6604444312e+01 2212 0.0000000000e+00 1.0000000000e+00
1623 2.7954738598e+03 0.0000000000e+00 3.3978413203e+03 6.4278760969e+01 0.0000000000e+00 -7.6604444312e+01 2212 0.0000000000e+00 1.0000000000e+00
1624 2.8613507601e+03 0.0000000000e+00 3.3425546467e+03 6.4278760969e+01 0.0000000000e+00 -7.6604444312e+01 2212 0.0000000000e+00 1.0000000000e+00
1625 2.8495263286e+03 0.0000000000e+00 3.3526406669e+03 6.4278760969e+01 0.0000000000e+00 -7.6604444312e+01 2212 0.0000000000e+00 1.0000000000e+00
1626 2.8696007430e+03 0.0000000000e+00 3.3354746761e+03 6.4278760969e+01 0.0000000000e+00 -7.6604444312e+01 2212 0.0000000000e+00 1.0000000000e+00
1627 2.8384012369e+03 0.0000000000e+00 3.3620645677e+03 6.4278760969e+01 0.0000000000e+00 -7.6604444312e+01 2212 0.0000000000e+00 1.0000000000e+00
1628 2.7956262872e+03 0.0000000000e+00 3.3977159095e+03 6.4278760969e+01 0.0000000000e+00 -7.6604444312e+01 2212 0.0000000000e+00 1.0000000000e+00
1629 2.7980915661e+03 0.0000000000e+00 3.3956859876e+03 6.4278760969e+01 0.0000000000e+00 -7.6604444312e+01 2212 0.0000000000e+00 1.0000000000e+00
1630 2.8431708560e+03 0.0000000000e+00 3.3580320461e+03 6.4278760969e+01 0.0000000000e+00 -7.6604444312e+01 2212 0.0000000000e+00 1.0000000000e+00
1631 2.8557807421e+03 0.0000000000e+00 3.3473147585e+03 6.4278760969e+01 0.0000000000e+00 -7.6604444312e+01 2212 0.0000000000e+00 1.0000000000e+00
1632 2.7767217537e+03 0.0000000000e+00 3.4131826850e+03 6.4278760969e+01 0.0000000000e+00 -7.6604444312e+01 2212 0.0000000000e+00 1.0000000000e+00
1633 2.8238841694e+03 0.0000000000e+00 3.3742670221e+03 6.4278760969e+01 0.0000000000e+00 -7.6604444312e+01 2212 0.0000000000e+00 1.0000000000e+00
1634 2.7974309120e+03 0.0000000000e+00 3.3962302678e+03 6.4278760969e+01 0.0000000000e+00 -7.6604444312e+01 2212 0.0000000000e+00 1.0000000000e+00
1635 2.7979061286e+03 0.0000000000e+00 3.3958387822e+03 6.4278760969e+01 0.0000000000e+00 -7.6604444312e+01 2212 0.0000000000e+00 1.0000000000e+00
1636 2.8235297345e+03 0.0000000000e+00 3.3745636128e+03 6.4278760969e+01 0.0000000000e+00 -7.6604444312e+01 2212 0.0000000000e+00 1.0000000000e+00
1637 2.8045996829e+03 0.0000000000e+00 3.3903127227e+03 6.4278760969e+01 0.0000000000e+00 -7.6604444312e+01 2212 0.0000000000e+00 1.0000000000e+00
1638 2.8473603356e+03 0.0000000000e+00 3.3544804156e+03 6.4278760969e+01 0.0000000000e+00 -7.6604444312e+01 2212 0.0000000000e+00 1.0000000000e+00
1639 2.8721922446e+03 0.0000000000e+00 3.3332433828e+03 6.4278760969e+01 0.0000000000e+00 -7.6604444312e+01 2212 0.0000000000e+00 1.0000000000e+00
1640 2.7949145934e+03 0.0000000000e+00 3.3983013631e+03 6.4278760969e+01 0.0000000000e+00 -7.6604444312e+01 2212 0.0000000000e+00 1.0000000000e+00
1641 2.8696505687e+03 0.0000000000e+00 3.3354318090e+03 6.4278760969e+01 0.0000000000e+00 -7.6604444312e+01 2212 0.0000000000e+00 1.0000000000e+00
1642 2.8247279938e+03 0.0000000000e+00 3.3735606560e+03 6.4278760969e+01 0.0000000000e+00 -7.6604444312e+01 2212 0.0000000000e+00 1.0000000000e+00
1643 2.8674875869e+03 0.0000000000e+00 3.3372915183e+03 6.4278760969e+01 0.0000000000e+00 -7.6604444312e+01 2212 0.0000000000e+00 1.0000000000e+00
1644 2.8841424777e+03 0.0000000000e+00 3.3229086517e+03 6.4278760969e+01 0.0000000000e+00 -7.6604444312e+01 2212 0.0000000000e+00 1.0000000000e+00
1645 2.8015458797e+03 0.0000000000e+00 3.3928366337e+03 6.4278760969e+01 0.0000000000e+00 -7.6604444312e+01 2212 0.0000000000e+00 1.0000000000e+00
1646 2.8298010205e+03 0.0000000000e+00 3.3693064455e+03 6.4278760969e+01 0.0000000000e+00 -7.6604444312e+01 2212 0.0000000000e+00 1.0000000000e+00
1647 2.7883974070e+03 0.0000000000e+00 3.4036509280e+03 6.4278760969e+01 0.0000000000e+00 -7.6604444312e+01 2212 0.0000000000e+00 1.0000000000e+00
1648 2.8247496982e+03 0.0000000000e+00 3.3735424825e+03 6.4278760969e+01 0.0000000000e+00 -7.6604444312e+01 2212 0.0000000000e+00 1.0000000000e+00
1649 2.8671898817e+03 0.0000000000e+00 3.3375472912e+03 6.4278760969e+01 0.0000000000e+00 -7.6604444312e+01 2212 0.0000000000e+00 1.0000000000e+00
1650 2.8477652770e+03 0.0000000000e+00 3.3541366498e+03 6.4278760969e+01 0.0000000000e+00 -7.6604444312e+01 2212 0.0000000000e+00 1.0000000000e+00
1651 2.7732650190e+03 0.0000000000e+00 3.4159919311e+03 6.4278760969e+01 0.0000000000e+00 -7.6604444312e+01 2212 0.0000000000e+00 1.0000000000e+00
1652 2.8307614028e+03 0.0000000000e+00 3.3684996095e+03 6.4278760969e+01 0.0000000000e+00 -7.6604444312e+01 2212 0.0000000000e+00 1.0000000000e+00
1653 2.8183261015e+03 0.0000000000e+00 3.3789107304e+03 6.4278760969e+01 0.0000000000e+00 -7.6604444312e+01 2212 0.0000000000e+00 1.0000000000e+00
1654 2.7996055443e+03 0.0000000000e+00 3.3944378821e+03 6.4278760969e+01 0.0000000000e+00 -7.6604444312e+01 2212 0.0000000000e+00 1.0000000000e+00
1655 2.7880096445e+03 0.0000000000e+00 3.4039685606e+03 6.4278760969e+01 0.0000000000e+00 -7.6604444312e+01 2212 0.0000000000e+00 1.0000000000e+00
1656 2.8662238750e+03 0.0000000000e+00 3.3383769166e+03 6.4278760969e+01 0.0000000000e+00 -7.6604444312e+01 2212 0.0000000000e+00 1.0000000000e+00
1657 2.8680589740e+03 0.0000000000e+00 3.3368004826e+03 6.4278760969e+01 0.0000000000e+00 -7.6604444312e+01 2212 0.0000000000e+00 1.0000000000e+00
1658 2.7843535993e+03 0.0000000000e+00 3.4069597551e+03 6.4278760969e+01 0.0000000000e+00 -7.6604444312e+01 2212 0.0000000000e+00 1.0000000000e+00
1659 2.8551017246e+03 0.0000000000e+00 3.3478939471e+03 6.4278760969e+01 0.0000000000e+00 -7.6604444312e+01 2212 0.0000000000e+00 1.0000000000e+00
1660 2.7894830940e+03 0.0000000000e+00 3.4027612034e+03 6.4278760969e+01 0.0000000000e+00 -7.6604444312e+01 2212 0.0000000000e+00 1.0000000000e+00
1661 2.8518888916e+03 0.0000000000e+00 3.3506312075e+03 6.4278760969e+01 0.0000000000e+00 -7.6604444312e+01 2212 0.0000000000e+00 1.0000000000e+00
1662 2.7898356319e+03 0.0000000000e+00 3.4024721727e+03 6.4278760969e+01 0.0000000000e+00 -7.6604444312e+01 2212 0.0000000000e+00 1.0000000000e+00
1663 2.7896380868e+03 0.0000000000e+00 3.4026341389e+03 6.4278760969e+01 0.0000000000e+00 -7.6604444312e+01 2212 0.0000000000e+00 1.0000000000e+00
1664 2.8143510868e+03 0.0000000000e+00 3.3822223018e+03 6.4278760969e+01 0.0000000000e+00 -7.6604444312e+01 2212 0.0000000000e+00 1.0000000000e+00
1665 2.8497739433e+03 0.0000000000e+00 3.3524301948e+03 6.4278760969e+01 0.0000000000e+00 -7.6604444312e+01 2212 0.0000000000e+00 1.0000000000e+00
1666 2.7811185419e+03 0.0000000000e+00 3.4096010610e+03 6.4278760969e+01 0.0000000000e+00 -7.6604444312e+01 2212 0.0000000000e+00 1.0000000000e+00
1667 2.7958715196e+03 0.0000000000e+00 3.3975141184e+03 6.4278760969e+01 0.0000000000e+00 -7.6604444312e+01 2212 0.0000000000e+00 1.0000000000e+00
1668 2.8152784814e+03 0.0000000000e+00 3.3814504005e+03 6.4278760969e+01 0.0000000000e+00 -7.6604444312e+01 2212 0.0000000000e+00 1.0000000000e+00
1669 2.7895485537e+03 0.0000000000e+00 3.4027075404e+03 6.4278760969e+01 0.0000000000e+00 -7.6604444312e+01 2212 0.0000000000e+00 1.0000000000e+00
1670 2.8645625423e+03 0.0000000000e+00 3.3398025660e+03 6.4278760969e+01 0.0000000000e+00 -7.6604444312e+01 2212 0.0000000000e+00 1.0000000000e+00
1671 2.8826579319e+03 0.0000000000e+00 3.3241965926e+03 6.4278760969e+01 0.0000000000e+00 -7.6604444312e+01 2212 0.0000000000e+00 1.0000000000e+00
1672 2.8110217087e+03 0.0000000000e+00 3.3849899102e+03 6.4278760969e+01 0.0000000000e+00 -7.6604444312e+01 2212 0.0000000000e+00 1.0000000000e+00
1673 2.7904081211e+03 0.0000000000e+00 3.4020026832e+03 6.4278760969e+01 0.0000000000e+00 -7.6604444312e+01 2212 0.0000000000e+00 1.0000000000e+00
1674 2.8723194899e+03 0.0000000000e+00 3.3331337337e+03 6.4278760969e+01 0.0000000000e+00 -7.6604444312e+01 2212 0.0000000000e+00 1.0000000000e+00
1675 2.7765415445e+03 0.0000000000e+00 3.4133292824e+03 6.4278760969e+01 0.0000000000e+00 -7.6604444312e+01 2212 0.0000000000e+00 1.0000000000e+00
1676 2.8818847831e+03 0.0000000000e+00 3.3248668900e+03 6.4278760969e+01 0.0000000000e+00 -7.6604444312e+01 2212 0.0000000000e+00 1.0000000000e+00
1677 2.8217516040e+03 0.0000000000e+00 3.3760505956e+03 6.4278760969e+01 0.0000000000e+00 -7.6604444312e+01 2212 0.0000000000e+00 1.0000000000e+00
1678 2.8679202615e+03 0.0000000000e+00 3.3369197043e+03 6.4278760969e+01 0.0000000000e+00 -7.6604444312e+01 2212 0.0000000000e+00 1.0000000000e+00
1679 2.7985529811e+03 0.0000000000e+00 3.3953057227e+03 6.4278760969e+01 0.0000000000e+00 -7.6604444312e+01 2212 0.0000000000e+00 1.0000000000e+00
1680 2.7827192746e+03 0.0000000000e+00 3.4082947609e+03 6.4278760969e+01 0.0000000000e+00 -7.6604444312e+01 2212 0.0000000000e+00 1.0000000000e+00
1681 2.8801782777e+03 0.0000000000e+00 3.3263452658e+03 6.4278760969e+01 0.0000000000e+00 -7.6604444312e+01 2212 0.0000000000e+00 1.0000000000e+00
1682 2.8356018514e+03 0.0000000000e+00 3.3644259360e+03 6.4278760969e+01 0.0000000000e+00 -7.6604444312e+01 2212 0.0000000000e+00 1.0000000000e+00
1683 2.8623801657e+03 0.0000000000e+00 3.3416731626e+03 6.4278760969e+01 0.0000000000e+00 -7.6604444312e+01 2212 0.0000000000e+00 1.0000000000e+00
1684 2.7819331093e+03 0.0000000000e+00 3.4089364785e+03 6.4278760969e+01 0.0000000000e+00 -7.6604444312e+01 2212 0.0000000000e+00 1.0000000000e+00
1685 2.8108575055e+03 0.0000000000e+00 3.3851262639e+03 6.4278760969e+01 0.0000000000e+00 -7.6604444312e+01 2212 0.0000000000e+00 1.0000000000e+00
1686 2.8722439338e+03 0.0000000000e+00 3.3331988425e+03 6.4278760969e+01 0.0000000000e+00 -7.6604444312e+01 2212 0.0000000000e+00 1.0000000000e+00
1687 2.8588429126e+03 0.0000000000e+00 3.3446998281e+03 6.4278760969e+01 0.0000000000e+00 -7.6604444312e+01 2212 0.0000000000e+00 1.0000000000e+00
1688 2.8105793016e+03 0.0000000000e+00 3.3853572527e+03 6.4278760969e+01 0.0000000000e+00 -7.6604444312e+01 2212 0.0000000000e+00 1.0000000000e+00
1689 2.8244138414e+03 0.0000000000e+00 3.3738236752e+03 6.4278760969e+01 0.0000000000e+00 -7.6604444312e+01 2212 0.0000000000e+00 1.0000000000e+00
1690 2.8747849708e+03 0.0000000000e+00 3.3310075218e+03 6.4278760969e+01 0.0000000000e+00 -7.6604444312e+01 2212 0.0000000000e+00 1.0000000000e+00
1691 2.7910521122e+03 0.0000000000e+00 3.4014743635e+03 6.4278760969e+01 0.0000000000e+00 -7.6604444312e+01 2212 0.0000000000e+00 1.0000000000e+00
1692 2.7838055862e+03 0.0000000000e+00 3.4074075478e+03 6.4278760969e+01 0.0000000000e+00 -7.6604444312e+01 2212 0.0000000000e+00 1.0000000000e+00
1693 2.8206071234e+03 0.0000000000e+00 3.3770068395e+03 6.4278760969e+01 0.0000000000e+00 -7.6604444312e+01 2212 0.0000000000e+00 1.0000000000e+00
1694 2.8444529208e+03 0.0000000000e+00 3.3569461300e+03 6.4278760969e+01 0.0000000000e+00 -7.6604444312e+01 2212 0.0000000000e+00 1.0000000000e+00
1695 2.8166794528e+03 0.0000000000e+00 3.3802835087e+03 6.4278760969e+01 0.0000000000e+00 -7.6604444312e+01 2212 0.0000000000e+00 1.0000000000e+00
1696 2.8718549234e+03 0.0000000000e+00 3.3335340163e+03 6.4278760969e+01 0.0000000000e+00 -7.6604444312e+01 2212 0.0000000000e+00 1.0000000000e+00
1697 2.8061428644e+03 0.0000000000e+00 3.3890355506e+03 6.4278760969e+01 0.0000000000e+00 -7.6604444312e+01 2212 0.0000000000e+00 1.0000000000e+00
1698 2.7691368868e+03 0.0000000000e+00 3.4193392112e+03 6.4278760969e+01 0.0000000000e+00 -7.6604444312e+01 2212 0.0000000000e+00 1.0000000000e+00
1699 2.8474471145e+03 0.0000000000e+00 3.3544067537e+03 6.4278760969e+01 0.0000000000e+00 -7.6604444312e+01 2212 0.0000000000e+00 1.0000000000e+00
1700 2.8052240555e+03 0.0000000000e+00 3.3897961203e+03 6.4278760969e+01 0.0000000000e+00 -7.6604444312e+01 2212 0.0000000000e+00 1.0000000000e+00
1701 2.8782023188e+03 0.0000000000e+00 3.3280551605e+03 6.4278760969e+01 0.0000000000e+00 -7.6604444312e+01 2212 0.0000000000e+00 1.0000000000e+00
1702 2.7724488427e+03 0.0000000000e+00 3.4166543802e+03 6.4278760969e+01 0.0000000000e+00 -7.6604444312e+01 2212 0.0000000000e+00 1.0000000000e+00
1703 2.8717329419e+03 0.0000000000e+00 3.3336391001e+03 6.4278760969e+01 0.0000000000e+00 -7.6604444312e+01 2212 0.0000000000e+00 1.0000000000e+00
1704 2.8341121725e+03 0.0000000000e+00 3.3656809017e+03 6.4278760969e+01 0.0000000000e+00 -7.6604444312e+01 2212 0.0000000000e+00 1.0000000000e+00
1705 2.8765869286e+03 0.0000000000e+00 3.3294515135e+03 6.4278760969e+01 0.0000000000e+00 -7.6604444312e+01 2212 0.0000000000e+00 1.0000000000e+00
1706 2.7898688229e+03 0.0000000000e+00 3.4024449577e+03 6.4278760969e+01 0.0000000000e+00 -7.6604444312e+01 2212 0.0000000000e+00 1.0000000000e+00
1707 2.8480799356e+03 0.0000000000e+00 3.3538694697e+03 6.4278760969e+01 0.0000000000e+00 -7.6604444312e+01 2212 0.0000000000e+00 1.0000000000e+00
1708 2.8388435230e+03 0.0000000000e+00 3.3616911206e+03 6.4278760969e+01 0.0000000000e+00 -7.6604444312e+01 2212 0.0000000000e+00 1.0000000000e+00
1709 2.8786889424e+03 0.0000000000e+00 3.3276342515e+03 6.4278760969e+01 0.0000000000e+00 -7.6604444312e+01 2212 0.0000000000e+00 1.0000000000e+00
1710 2.7696208596e+03 0.0000000000e+00 3.4189472112e+03 6.4278760969e+01 0.0000000000e+00 -7.6604444312e+01 2212 0.0000000000e+00 1.0000000000e+00
1711 2.7727785143e+03 0.0000000000e+00 3.4163868413e+03 6.4278760969e+01 0.0000000000e+00 -7.6604444312e+01 2212 0.0000000000e+00 1.0000000000e+00
1712 2.8025375169e+03 0.0000000000e+00 3.3920175715e+03 6.4278760969e+01 0.0000000000e+00 -7.6604444312e+01 2212 0.0000000000e+00 1.0000000000e+00
1713 2.8756747244e+03 0.0000000000e+00 3.3302394236e+03 6.4278760969e+01 0.0000000000e+00 -7.6604444312e+01 2212 0.0000000000e+00 1.0000000000e+00
1714 2.8587155253e+03 0.0000000000e+00 3.3448087067e+03 6.4278760969e+01 0.0000000000e+00 -7.6604444312e+01 2212 0.0000000000e+00 1.0000000000e+00
1715 2.8245771481e+03 0.0000000000e+00 3.3736869554e+03 6.4278760969e+01 0.0000000000e+00 -7.6604444312e+01 2212 0.0000000000e+00 1.0000000000e+00
1716 2.8717874158e+03 0.0000000000e+00 3.3335921732e+03 6.4278760969e+01 0.0000000000e+00 -7.6604444312e+01 2212 0.0000000000e+00 1.0000000000e+00
1717 2.8505920324e+03 0.0000000000e+00 3.3517345962e+03 6.4278760969e+01 0.0000000000e+00 -7.6604444312e+01 2212 0.0000000000e+00 1.0000000000e+00
1718 2.8289032530e+03 0.0000000000e+00 3.3700602553e+03 6.4278760969e+01 0.0000000000e+00 -7.6604444312e+01 2212 0.0000000000e+00 1.0000000000e+00
1719 2.7867550550e+03 0.0000000000e+00 3.4049957419e+03 6.4278760969e+01 0.0000000000e+00 -7.6604444312e+01 2212 0.0000000000e+00 1.0000000000e+00
1720 2.8263524711e+03 0.0000000000e+00 3.3721997936e+03 6.4278760969e+01 0.0000000000e+00 -7.6604444312e+01 2212 0.0000000000e+00 1.0000000000e+00
1721 2.8223658244e+03 0.0000000000e+00 3.3755371264e+03 6.4278760969e+01 0.0000000000e+00 -7.6604444312e+01 2212 0.0000000000e+00 1.0000000000e+00
1722 2.7747063226e+03 0.0000000000e+00 3.4148213075e+03 6.4278760969e+01 0.0000000000e+00 -7.6604444312e+01 2212 0.0000000000e+00 1.0000000000e+00
1723 2.7929491348e+03 0.0000000000e+00 3.3999168915e+03 6.4278760969e+01 0.0000000000e+00 -7.6604444312e+01 2212 0.0000000000e+00 1.0000000000e+00
1724 2.8576653985e+03 0.0000000000e+00 3.3457059359e+03 6.4278760969e+01 0.0000000000e+00 -7.6604444312e+01 2212 0.0000000000e+00 1.0000000000e+00
1725 2.8036811823e+03 0.0000000000e+00 3.3910723329e+03 6.4278760969e+01 0.0000000000e+00 -7.6604444312e+01 2212 0.0000000000e+00 1.0000000000e+00
1726 2.8670588957e+03 0.0000000000e+00 3.3376598130e+03 6.4278760969e+01 0.0000000000e+00 -7.6604444312e+01 2212 0.0000000000e+00 1.0000000000e+00
1727 2.8832993341e+03 0.0000000000e+00 3.3236402767e+03 6.4278760969e+01 0.0000000000e+00 -7.6604444312e+01 2212 0.0000000000e+00 1.0000000000e+00
1728 2.8710995069e+03 0.0000000000e+00 3.3341846620e+03 6.4278760969e+01 0.0000000000e+00 -7.6604444312e+01 2212 0.0000000000e+00 1.0000000000e+00
1729 2.7895517083e+03 0.0000000000e+00 3.4027049542e+03 6.4278760969e+01 0.0000000000e+00 -7.6604444312e+01 2212 0.0000000000e+00 1.0000000000e+00
1730 2.8665284841e+03 0.0000000000e+00 3.3381153648e+03 6.4278760969e+01 0.0000000000e+00 -7.6604444312e+01 2212 0.0000000000e+00 1.0000000000e+00
1731 2.8713945982e+03 0.0000000000e+00 3.3339305332e+03 6.4278760969e+01 0.0000000000e+00 -7.6604444312e+01 2212 0.0000000000e+00 1.0000000000e+00
1732 2.8282160753e+03 0.0000000000e+00 3.3706369680e+03 6.4278760969e+01 0.0000000000e+00 -7.6604444312e+01 2212 0.0000000000e+00 1.0000000000e+00
1733 2.7701548421e+03 0.0000000000e+00 3.4185145736e+03 6.4278760969e+01 0.0000000000e+00 -7.6604444312e+01 2212 0.0000000000e+00 1.0000000000e+00
1734 2.7700558947e+03 0.0000000000e+00 3.4185947521e+03 6.4278760969e+01 0.0000000000e+00 -7.6604444312e+01 2212 0.0000000000e+00 1.0000000000e+00
1735 2.8173256718e+03 0.0000000000e+00 3.3797449309e+03 6.4278760969e+01 0.0000000000e+00 -7.6604444312e+01 2212 0.0000000000e+00 1.0000000000e+00
1736 2.8095376377e+03 0.0000000000e+00 3.3862217885e+03 6.4278760969e+01 0.0000000000e+00 -7.6604444312e+01 2212 0.0000000000e+00 1.0000000000e+00
1737 2.8801271947e+03 0.0000000000e+00 3.3263894963e+03 6.4278760969e+01 0.0000000000e+00 -7.6604444312e+01 2212 0.0000000000e+00 1.0000000000e+00
1738 2.8564176726e+03 0.0000000000e+00 3.3467712528e+03 6.4278760969e+01 0.0000000000e+00 -7.6604444312e+01 2212 0.0000000000e+00 1.0000000000e+00
1739 2.7809717736e+03 0.0000000000e+00 3.4097207706e+03 6.4278760969e+01 0.0000000000e+00 -7.6604444312e+01 2212 0.0000000000e+00 1.0000000000e+00
1740 2.8763047290e+03 0.0000000000e+00 3.3296953081e+03 6.4278760969e+01 0.0000000000e+00 -7.6604444312e+01 2212 0.0000000000e+00 1.0000000000e+00
1741 2.8677085867e+03 0.0000000000e+00 3.3371016167e+03 6.4278760969e+01 0.0000000000e+00 -7.6604444312e+01 2212 0.0000000000e+00 1.0000000000e+00
1742 2.8039504543e+03 0.0000000000e+00 3.3908496854e+03 6.4278760969e+01 0.0000000000e+00 -7.6604444312e+01 2212 0.0000000000e+00 1.0000000000e+00
1743 2.8429388119e+03 0.0000000000e+00 3.3582284989e+03 6.4278760969e+01 0.0000000000e+00 -7.6604444312e+01 2212 0.0000000000e+00 1.0000000000e+00
1744 2.7912363150e+03 0.0000000000e+00 3.4013232091e+03 6.4278760969e+01 0.0000000000e+00 -7.6604444312e+01 2212 0.0000000000e+00 1.0000000000e+00
1745 2.8032779086e+03 0.0000000000e+00 3.3914057124e+03 6.4278760969e+01 0.0000000000e+00 -7.6604444312e+01 2212 0.0000000000e+00 1.0000000000e+00
1746 2.8732151695e+03 0.0000000000e+00 3.3323616744e+03 6.4278760969e+01 0.0000000000e+00 -7.6604444312e+01 2212 0.0000000000e+00 1.0000000000e+00
1747 2.8192131305e+03 0.0000000000e+00 3.3781706683e+03 6.4278760969e+01 0.0000000000e+00 -7.6604444312e+01 2212 0.0000000000e+00 1.0000000000e+00
1748 2.8146022243e+03 0.0000000000e+00 3.3820133142e+03 6.4278760969e+01 0.0000000000e+00 -7.6604444312e+01 2212 0.0000000000e+00 1.0000000000e+00
1749 2.8308470834e+03 0.0000000000e+00 3.3684276049e+03 6.4278760969e+01 0.0000000000e+00 -7.6604444312e+01 2212 0.0000000000e+00 1.0000000000e+00
1750 2.8419965868e+03 0.0000000000e+00 3.3590259212e+03 6.4278760969e+01 0.0000000000e+00 -7.6604444312e+01 2212 0.0000000000e+00 1.0000000000e+00
1751 2.8866437829e+03 0.0000000000e+00 3.3207359741e+03 6.4278760969e+01 0.0000000000e+00 -7.6604444312e+01 2212 0.0000000000e+00 1.0000000000e+00
1752 2.8396589992e+03 0.0000000000e+00 3.3610023069e+03 6.4278760969e+01 0.0000000000e+00 -7.6604444312e+01 2212 0.0000000000e+00 1.0000000000e+00
1753 2.7699146996e+03 0.0000000000e+00 3.4187091564e+03 6.4278760969e+01 0.0000000000e+00 -7.6604444312e+01 2212 0.0000000000e+00 1.0000000000e+00
1754 2.8074220567e+03 0.0000000000e+00 3.3879759643e+03 6.4278760969e+01 0.0000000000e+00 -7.6604444312e+01 2212 0.0000000000e+00 1.0000000000e+00
1755 2.8544865131e+03 0.0000000000e+00 3.3484185051e+03 6.4278760969e+01 0.0000000000e+00 -7.6604444312e+01 2212 0.0000000000e+00 1.0000000000e+00
1756 2.8447077491e+03 0.0000000000e+00 3.3567301889e+03 6.4278760969e+01 0.0000000000e+00 -7.6604444312e+01 2212 0.0000000000e+00 1.0000000000e+00
1757 2.7802755227e+03 0.0000000000e+00 3.4102885152e+03 6.4278760969e+01 0.0000000000e+00 -7.6604444312e+01 2212 0.0000000000e+00 1.0000000000e+00
1758 2.8222122912e+03 0.0000000000e+00 3.3756654932e+03 6.4278760969e+01 0.0000000000e+00 -7.6604444312e+01 2212 0.0000000000e+00 1.0000000000e+00
1759 2.7951841305e+03 0.0000000000e+00 3.3980796658e+03 6.4278760969e+01 0.0000000000e+00 -7.6604444312e+01 2212 0.0000000000e+00 1.0000000000e+00
1760 2.8515474131e+03 0.0000000000e+00 3.3509218269e+03 6.4278760969e+01 0.0000000000e+00 -7.6604444312e+01 2212 0.0000000000e+00 1.0000000000e+00
1761 2.7820305182e+03 0.0000000000e+00 3.4088569836e+03 6.4278760969e+01 0.0000000000e+00 -7.6604444312e+01 2212 0.0000000000e+00 1.0000000000e+00
1762 2.7882944162e+03 0.0000000000e+00 3.4037352992e+03 6.4278760969e+01 0.0000000000e+00 -7.6604444312e+01 2212 0.0000000000e+00 1.0000000000e+00
1763 2.8426958258e+03 0.0000000000e+00 3.3584341859e+03 6.4278760969e+01 0.0000000000e+00 -7.6604444312e+01 2212 0.0000000000e+00 1.0000000000e+00
1764 2.7922632871e+03 0.0000000000e+00 3.4004801829e+03 6.4278760969e+01 0.0000000000e+00 -7.6604444312e+01 2212 0.0000000000e+00 1.0000000000e+00
1765 2.8299521614e+03 0.0000000000e+00 3.3691794999e+03 6.4278760969e+01 0.0000000000e+00 -7.6604444312e+01 2212 0.0000000000e+00 1.0000000000e+00
1766 2.8262403292e+03 0.0000000000e+00 3.3722937803e+03 6.4278760969e+01 0.0000000000e+00 -7.6604444312e+01 2212 0.0000000000e+00 1.0000000000e+00
1767 2.8562647326e+03 0.0000000000e+00 3.3469017787e+03 6.4278760969e+01 0.0000000000e+00 -7.6604444312e+01 2212 0.0000000000e+00 1.0000000000e+00
1768 2.8282728356e+03 0.0000000000e+00 3.3705893411e+03 6.4278760969e+01 0.0000000000e+00 -7.6604444312e+01 2212 0.0000000000e+00 1.0000000000e+00
1769 2.8736183141e+03 0.0000000000e+00 3.3320140341e+03 6.4278760969e+01 0.0000000000e+00 -7.6604444312e+01 2212 0.0000000000e+00 1.0000000000e+00
1770 2.8596840603e+03 0.0000000000e+00 3.3439806839e+03 6.4278760969e+01 0.0000000000e+00 -7.6604444312e+01 2212 0.0000000000e+00 1.0000000000e+00
1771 2.8068526630e+03 0.0000000000e+00 3.3884477076e+03 6.4278760969e+01 0.0000000000e+00 -7.6604444312e+01 2212 0.0000000000e+00 1.0000000000e+00
1772 2.7919667699e+03 0.0000000000e+00 3.4007236428e+03 6.4278760969e+01 0.0000000000e+00 -7.6604444312e+01 2212 0.0000000000e+00 1.0000000000e+00
1773 2.8136335487e+03 0.0000000000e+00 3.3828192373e+03 6.4278760969e+01 0.0000000000e+00 -7.6604444312e+01 2212 0.0000000000e+00 1.0000000000e+00
1774 2.8857519107e+03 0.0000000000e+00 3.3215110490e+03 6.4278760969e+01 0.0000000000e+00 -7.6604444312e+01 2212 0.0000000000e+00 1.0000000000e+00
1775 2.8570110856e+03 0.0000000000e+00 3.3462646930e+03 6.4278760969e+01 0.0000000000e+00 -7.6604444312e+01 2212 0.0000000000e+00 1.0000000000e+00
1776 2.8076584543e+03 0.0000000000e+00 3.3877800612e+03 6.4278760969e+01 0.0000000000e+00 -7.6604444312e+01 2212 0.0000000000e+00 1.0000000000e+00
1777 2.8852509342e+03 0.0000000000e+00 3.3219462346e+03 6.4278760969e+01 0.0000000000e+00 -7.6604444312e+01 2212 0.0000000000e+00 1.0000000000e+00
1778 2.8687672195e+03 0.0000000000e+00 3.3361915981e+03 6.4278760969e+01 0.0000000000e+00 -7.6604444312e+01 2212 0.0000000000e+00 1.0000000000e+00
1779 2.8592877595e+03 0.0000000000e+00 3.3443195492e+03 6.4278760969e+01 0.0000000000e+00 -7.6604444312e+01 2212 0.0000000000e+00 1.0000000000e+00
1780 2.8655216179e+03 0.0000000000e+00 3.3389797239e+03 6.4278760969e+01 0.0000000000e+00 -7.6604444312e+01 2212 0.0000000000e+00 1.0000000000e+00
1781 2.8369144581e+03 0.0000000000e+00 3.3633192082e+03 6.4278760969e+01 0.0000000000e+00 -7.6604444312e+01 2212 0.0000000000e+00 1.0000000000e+00
1782 2.8758146606e+03 0.0000000000e+00 3.3301185830e+03 6.4278760969e+01 0.0000000000e+00 -7.6604444312e+01 2212 0.0000000000e+00 1.0000000000e+00
1783 2.7819253174e+03 0.0000000000e+00 3.4089428372e+03 6.4278760969e+01 0.0000000000e+00 -7.6604444312e+01 2212 0.0000000000e+00 1.0000000000e+00
1784 2.8563385908e+03 0.0000000000e+00 3.3468387462e+03 6.4278760969e+01 0.0000000000e+00 -7.6604444312e+01 2212 0.0000000000e+00 1.0000000000e+00
1785 2.8445486034e+03 0.0000000000e+00 3.3568650527e+03 6.4278760969e+01 0.0000000000e+00 -7.6604444312e+01 2212 0.0000000000e+00 1.0000000000e+00
1786 2.8066367147e+03 0.0000000000e+00 3.3886265788e+03 6.4278760969e+01 0.0000000000e+00 -7.6604444312e+01 2212 0.0000000000e+00 1.0000000000e+00
1787 2.8147358898e+03 0.0000000000e+00 3.3819020698e+03 6.4278760969e+01 0.0000000000e+00 -7.6604444312e+01 2212 0.0000000000e+00 1.0000000000e+00
1788 2.7722977845e+03 0.0000000000e+00 3.4167769510e+03 6.4278760969e+01 0.0000000000e+00 -7.6604444312e+01 2212 0.0000000000e+00 1.0000000000e+00
1789 2.8434251202e+03 0.0000000000e+00 3.3578167497e+03 6.4278760969e+01 0.0000000000e+00 -7.6604444312e+01 2212 0.0000000000e+00 1.0000000000e+00
1790 2.8356754839e+03 0.0000000000e+00 3.3643638759e+03 6.4278760969e+01 0.0000000000e+00 -7.6604444312e+01 2212 0.0000000000e+00 1.0000000000e+00
1791 2.8275693313e+03 0.0000000000e+00 3.3711795289e+03 6.4278760969e+01 0.0000000000e+00 -7.6604444312e+01 2212 0.0000000000e+00 1.0000000000e+00
1792 2.8816342375e+03 0.0000000000e+00 3.3250840380e+03 6.4278760969e+01 0.0000000000e+00 -7.6604444312e+01 2212 0.0000000000e+00 1.0000000000e+00
1793 2.7851642065e+03 0.0000000000e+00 3.4062971218e+03 6.4278760969e+01 0.0000000000e+00 -7.6604444312e+01 2212 0.0000000000e+00 1.0000000000e+00
1794 2.7875898919e+03 0.0000000000e+00 3.4043123143e+03 6.4278760969e+01 0.0000000000e+00 -7.6604444312e+01 2212 0.0000000000e+00 1.0000000000e+00
1795 2.8214363372e+03 0.0000000000e+00 3.3763140751e+03 6.4278760969e+01 0.0000000000e+00 -7.6604444312e+01 2212 0.0000000000e+00 1.0000000000e+00
1796 2.8584746221e+03 0.0000000000e+00 3.3450145850e+03 6.4278760969e+01 0.0000000000e+00 -7.6604444312e+01 2212 0.0000000000e+00 1.0000000000e+00
1797 2.8705940270e+03 0.0000000000e+00 3.3346198690e+03 6.4278760969e+01 0.0000000000e+00 -7.6604444312e+01 2212 0.0000000000e+00 1.0000000000e+00
1798 2.7739415502e+03 0.0000000000e+00 3.4154425796e+03 6.4278760969e+01 0.0000000000e+00 -7.6604444312e+01 2212 0.0000000000e+00 1.0000000000e+00
1799 2.8517079758e+03 0.0000000000e+00 3.3507851856e+03 6.4278760969e+01 0.0000000000e+00 -7.6604444312e+01 2212 0.0000000000e+00 1.0000000000e+00
1800 2.7921672043e+03 0.0000000000e+00 3.4005590779e+03 6.4278760969e+01 0.0000000000e+00 -7.6604444312e+01 2212 0.0000000000e+00 1.0000000000e+00
1801 2.8529619862e+03 0.0000000000e+00 3.3497175470e+03 6.4278760969e+01 0.0000000000e+00 -7.6604444312e+01 2212 0.0000000000e+00 1.0000000000e+00
1802 2.8306480273e+03 0.0000000000e+00 3.3685948828e+03 6.4278760969e+01 0.0000000000e+00 -7.6604444312e+01 2212 0.0000000000e+00 1.0000000000e+00
1803 2.7902378434e+03 0.0000000000e+00 3.4021423422e+03 6.4278760969e+01 0.0000000000e+00 -7.6604444312e+01 2212 0.0000000000e+00 1.0000000000e+00
1804 2.8241333532e+03 0.0000000000e+00 3.3740584675e+03 6.4278760969e+01 0.0000000000e+00 -7.6604444312e+01 2212 0.0000000000e+00 1.0000000000e+00
1805 2.8315833591e+03 0.0000000000e+00 3.3678086969e+03 6.4278760969e+01 0.0000000000e+00 -7.6604444312e+01 2212 0.0000000000e+00 1.0000000000e+00
1806 2.8621830072e+03 0.0000000000e+00 3.3418420328e+03 6.4278760969e+01 0.0000000000e+00 -7.6604444312e+01 2212 0.0000000000e+00 1.0000000000e+00
1807 2.8641423176e+03 0.0000000000e+00 3.3401629486e+03 6.4278760969e+01 0.0000000000e+00 -7.6604444312e+01 2212 0.0000000000e+00 1.0000000000e+00
1808 2.7842671789e+03 0.0000000000e+00 3.4070303807e+03 6.4278760969e+01 0.0000000000e+00 -7.6604444312e+01 2212 0.0000000000e+00 1.0000000000e+00
1809 2.8351290372e+03 0.0000000000e+00 3.3648243760e+03 6.4278760969e+01 0.0000000000e+00 -7.6604444312e+01 2212 0.0000000000e+00 1.0000000000e+00
1810 2.8741686970e+03 0.0000000000e+00 3.3315392899e+03 6.4278760969e+01 0.0000000000e+00 -7.6604444312e+01 2212 0.0000000000e+00 1.0000000000e+00
1811 2.8537264929e+03 0.0000000000e+00 3.3490662643e+03 6.4278760969e+01 0.0000000000e+00 -7.6604444312e+01 2212 0.0000000000e+00 1.0000000000e+00
1812 2.7900114262e+03 0.0000000000e+00 3.4023280236e+03 6.4278760969e+01 0.0000000000e+00 -7.6604444312e+01 2212 0.0000000000e+00 1.0000000000e+00
1813 2.8074488714e+03 0.0000000000e+00 3.3879537443e+03 6.4278760969e+01 0.0000000000e+00 -7.6604444312e+01 2212 0.0000000000e+00 1.0000000000e+00
1814 2.8205964872e+03 0.0000000000e+00 3.3770157233e+03 6.4278760969e+01 0.0000000000e+00 -7.6604444312e+01 2212 0.0000000000e+00 1.0000000000e+00
1815 2.8787170378e+03 0.0000000000e+00 3.3276099463e+03 6.4278760969e+01 0.0000000000e+00 -7.6604444312e+01 2212 0.0000000000e+00 1.0000000000e+00
1816 2.7867989668e+03 0.0000000000e+00 3.4049598027e+03 6.4278760969e+01 0.0000000000e+00 -7.6604444312e+01 2212 0.0000000000e+00 1.0000000000e+00
1817 2.8122400907e+03 0.0000000000e+00 3.3839777498e+03 6.4278760969e+01 0.0000000000e+00 -7.6604444312e+01 2212 0.0000000000e+00 1.0000000000e+00
1818 2.8504131871e+03 0.0000000000e+00 3.3518866928e+03 6.4278760969e+01 0.0000000000e+00 -7.6604444312e+01 2212 0.0000000000e+00 1.0000000000e+00
1819 2.7977368840e+03 0.0000000000e+00 3.3959782194e+03 6.4278760969e+01 0.0000000000e+00 -7.6604444312e+01 2212 0.0000000000e+00 1.0000000000e+00
1820 2.8650392339e+03 0.0000000000e+00 3.3393936467e+03 6.4278760969e+01 0.0000000000e+00 -7.6604444312e+01 2212 0.0000000000e+00 1.0000000000e+00
1821 2.8727963109e+03 0.0000000000e+00 3.3327227750e+03 6.4278760969e+01 0.0000000000e+00 -7.6604444312e+01 2212 0.0000000000e+00 1.0000000000e+00
1822 2.7919299136e+03 0.0000000000e+00 3.4007539011e+03 6.4278760969e+01 0.0000000000e+00 -7.6604444312e+01 2212 0.0000000000e+00 1.0000000000e+00
1823 2.7908460324e+03 0.0000000000e+00 3.4016434502e+03 6.4278760969e+01 0.0000000000e+00 -7.6604444312e+01 2212 0.0000000000e+00 1.0000000000e+00
1824 2.8374484510e+03 0.0000000000e+00 3.3628687199e+03 6.4278760969e+01 0.0000000000e+00 -7.6604444312e+01 2212 0.0000000000e+00 1.0000000000e+00
1825 2.8251812425e+03 0.0000000000e+00 3.3731810929e+03 6.4278760969e+01 0.0000000000e+00 -7.6604444312e+01 2212 0.0000000000e+00 1.0000000000e+00
1826 2.8541674239e+03 0.0000000000e+00 3.3486904985e+03 6.4278760969e+01 0.0000000000e+00 -7.6604444312e+01 2212 0.0000000000e+00 1.0000000000e+00
1827 2.8409086287e+03 0.0000000000e+00 3.3599461160e+03 6.4278760969e+01 0.0000000000e+00 -7.6604444312e+01 2212 0.0000000000e+00 1.0000000000e+00
1828 2.8253385863e+03 0.0000000000e+00 3.3730493047e+03 6.4278760969e+01 0.0000000000e+00 -7.6604444312e+01 2212 0.0000000000e+00 1.0000000000e+00
1829 2.8730403327e+03 0.0000000000e+00 3.3325124134e+03 6.4278760969e+01 0.0000000000e+00 -7.6604444312e+01 2212 0.0000000000e+00 1.0000000000e+00
1830 2.8001602734e+03 0.0000000000e+00 3.3939802861e+03 6.4278760969e+01 0.0000000000e+00 -7.6604444312e+01 2212 0.0000000000e+00 1.0000000000e+00
1831 2.7855368790e+03 0.0000000000e+00 3.4059923715e+03 6.4278760969e+01 0.0000000000e+00 -7.6604444312e+01 2212 0.0000000000e+00 1.0000000000e+00
1832 2.8557174323e+03 0.0000000000e+00 3.3473687705e+03 6.4278760969e+01 0.0000000000e+00 -7.6604444312e+01 2212 0.0000000000e+00 1.0000000000e+00
1833 2.8279380034e+03 0.0000000000e+00 3.3708702716e+03 6.4278760969e+01 0.0000000000e+00 -7.6604444312e+01 2212 0.0000000000e+00 1.0000000000e+00
1834 2.8104846609e+03 0.0000000000e+00 3.3854358227e+03 6.4278760969e+01 0.0000000000e+00 -7.6604444312e+01 2212 0.0000000000e+00 1.0000000000e+00
1835 2.8582498099e+03 0.0000000000e+00 3.3452066846e+03 6.4278760969e+01 0.0000000000e+00 -7.6604444312e+01 2212 0.0000000000e+00 1.0000000000e+00
1836 2.8483884991e+03 0.0000000000e+00 3.3536074155e+03 6.4278760969e+01 0.0000000000e+00 -7.6604444312e+01 2212 0.0000000000e+00 1.0000000000e+00
1837 2.8479918252e+03 0.0000000000e+00 3.3539442903e+03 6.4278760969e+01 0.0000000000e+00 -7.6604444312e+01 2212 0.0000000000e+00 1.0000000000e+00
1838 2.7755764071e+03 0.0000000000e+00 3.4141141380e+03 6.4278760969e+01 0.0000000000e+00 -7.6604444312e+01 2212 0.0000000000e+00 1.0000000000e+00
1839 2.7935260315e+03 0.0000000000e+00 3.3994429029e+03 6.4278760969e+01 0.0000000000e+00 -7.6604444312e+01 2212 0.0000000000e+00 1.0000000000e+00
1840 2.8747071130e+03 0.0000000000e+00 3.3310747145e+03 6.4278760969e+01 0.0000000000e+00 -7.6604444312e+01 2212 0.0000000000e+00 1.0000000000e+00
1841 2.8738872853e+03 0.0000000000e+00 3.3317820472e+03 6.4278760969e+01 0.0000000000e+00 -7.6604444312e+01 2212 0.0000000000e+00 1.0000000000e+00
1842 2.8308113382e+03 0.0000000000e+00 3.3684576450e+03 6.4278760969e+01 0.0000000000e+00 -7.6604444312e+01 2212 0.0000000000e+00 1.0000000000e+00
1843 2.7951797586e+03 0.0000000000e+00 3.3980832621e+03 6.4278760969e+01 0.0000000000e+00 -7.6604444312e+01 2212 0.0000000000e+00 1.0000000000e+00
1844 2.8017323253e+03 0.0000000000e+00 3.3926826725e+03 6.4278760969e+01 0.0000000000e+00 -7.6604444312e+01 2212 0.0000000000e+00 1.0000000000e+00
1845 2.8310468818e+03 0.0000000000e+00 3.3682596830e+03 6.4278760969e+01 0.0000000000e+00 -7.6604444312e+01 2212 0.0000000000e+00 1.0000000000e+00
1846 2.8684760983e+03 0.0000000000e+00 3.3364419090e+03 6.4278760969e+01 0.0000000000e+00 -7.6604444312e+01 2212 0.0000000000e+00 1.0000000000e+00
1847 2.7828123315e+03 0.0000000000e+00 3.4082187821e+03 6.4278760969e+01 0.0000000000e+00 -7.6604444312e+01 2212 0.0000000000e+00 1.0000000000e+00
1848 2.8214914333e+03 0.0000000000e+00 3.3762680330e+03 6.4278760969e+01 0.0000000000e+00 -7.6604444312e+01 2212 0.0000000000e+00 1.0000000000e+00
1849 2.7908917272e+03 0.0000000000e+00 3.4016059598e+03 6.4278760969e+01 0.0000000000e+00 -7.6604444312e+01 2212 0.0000000000e+00 1.0000000000e+00
1850 2.8481292507e+03 0.0000000000e+00 3.3538275910e+03 6.4278760969e+01 0.0000000000e+00 -7.6604444312e+01 2212 0.0000000000e+00 1.0000000000e+00
1851 2.8179446005e+03 0.0000000000e+00 3.3792289013e+03 6.4278760969e+01 0.0000000000e+00 -7.6604444312e+01 2212 0.0000000000e+00 1.0000000000e+00
1852 2.8858072544e+03 0.0000000000e+00 3.3214629653e+03 6.4278760969e+01 0.0000000000e+00 -7.6604444312e+01 2212 0.0000000000e+00 1.0000000000e+00
1853 2.8286484658e+03 0.0000000000e+00 3.3702741129e+03 6.4278760969e+01 0.0000000000e+00 -7.6604444312e+01 2212 0.0000000000e+00 1.0000000000e+00
1854 2.8695437322e+03 0.0000000000e+00 3.3355237232e+03 6.4278760969e+01 0.0000000000e+00 -7.6604444312e+01 2212 0.0000000000e+00 1.0000000000e+00
1855 2.8006665895e+03 0.0000000000e+00 3.3935624929e+03 6.4278760969e+01 0.0000000000e+00 -7.6604444312e+01 2212 0.0000000000e+00 1.0000000000e+00
1856 2.8789491750e+03 0.0000000000e+00 3.3274091102e+03 6.4278760969e+01 0.0000000000e+00 -7.6604444312e+01 2212 0.0000000000e+00 1.0000000000e+00
1857 2.7758067892e+03 0.0000000000e+00 3.4139268311e+03 6.4278760969e+01 0.0000000000e+00 -7.6604444312e+01 2212 0.0000000000e+00 1.0000000000e+00
1858 2.8706448847e+03 0.0000000000e+00 3.3345760877e+03 6.4278760969e+01 0.0000000000e+00 -7.6604444312e+01 2212 0.0000000000e+00 1.0000000000e+00
1859 2.8858256449e+03 0.0000000000e+00 3.3214469868e+03 6.4278760969e+01 0.0000000000e+00 -7.6604444312e+01 2212 0.0000000000e+00 1.0000000000e+00
1860 2.7770051986e+03 0.0000000000e+00 3.4129520749e+03 6.4278760969e+01 0.0000000000e+00 -7.6604444312e+01 2212 0.0000000000e+00 1.0000000000e+00
1861 2.8234941386e+03 0.0000000000e+00 3.3745933960e+03 6.4278760969e+01 0.0000000000e+00 -7.6604444312e+01 2212 0.0000000000e+00 1.0000000000e+00
1862 2.8036967896e+03 0.0000000000e+00 3.3910594290e+03 6.4278760969e+01 0.0000000000e+00 -7.6604444312e+01 2212 0.0000000000e+00 1.0000000000e+00
1863 2.8272844614e+03 0.0000000000e+00 3.3714184423e+03 6.4278760969e+01 0.0000000000e+00 -7.6604444312e+01 2212 0.0000000000e+00 1.0000000000e+00
1864 2.7923785506e+03 0.0000000000e+00 3.4003855324e+03 6.4278760969e+01 0.0000000000e+00 -7.6604444312e+01 2212 0.0000000000e+00 1.0000000000e+00
1865 2.8317232450e+03 0.0000000000e+00 3.3676910788e+03 6.4278760969e+01 0.0000000000e+00 -7.6604444312e+01 2212 0.0000000000e+00 1.0000000000e+00
1866 2.8177817054e+03 0.0000000000e+00 3.3793647331e+03 6.4278760969e+01 0.0000000000e+00 -7.6604444312e+01 2212 0.0000000000e+00 1.0000000000e+00
1867 2.8461048086e+03 0.0000000000e+00 3.3555457317e+03 6.4278760969e+01 0.0000000000e+00 -7.6604444312e+01 2212 0.0000000000e+00 1.0000000000e+00
1868 2.8187456177e+03 0.0000000000e+00 3.3785607707e+03 6.4278760969e+01 0.0000000000e+00 -7.6604444312e+01 2212 0.0000000000e+00 1.0000000000e+00
1869 2.7854704246e+03 0.0000000000e+00 3.4060467191e+03 6.4278760969e+01 0.0000000000e+00 -7.6604444312e+01 2212 0.0000000000e+00 1.0000000000e+00
1870 2.8818192286e+03 0.0000000000e+00 3.3249237093e+03 6.4278760969e+01 0.0000000000e+00 -7.6604444312e+01 2212 0.0000000000e+00 1.0000000000e+00
1871 2.8776397330e+03 0.0000000000e+00 3.3285416185e+03 6.4278760969e+01 0.0000000000e+00 -7.6604444312e+01 2212 0.0000000000e+00 1.0000000000e+00
1872 2.8778495469e+03 0.0000000000e+00 3.3283602155e+03 6.4278760969e+01 0.0000000000e+00 -7.6604444312e+01 2212 0.0000000000e+00 1.0000000000e+00
1873 2.8647650656e+03 0.0000000000e+00 3.3396288503e+03 6.4278760969e+01 0.0000000000e+00 -7.6604444312e+01 2212 0.0000000000e+00 1.0000000000e+00
1874 2.8847662389e+03 0.0000000000e+00 3.3223671510e+03 6.4278760969e+01 0.0000000000e+00 -7.6604444312e+01 2212 0.0000000000e+00 1.0000000000e+00
1875 2.7839701797e+03 0.0000000000e+00 3.4072730706e+03 6.4278760969e+01 0.0000000000e+00 -7.6604444312e+01 2212 0.0000000000e+00 1.0000000000e+00
1876 2.8142792796e+03 0.0000000000e+00 3.3822820514e+03 6.4278760969e+01 0.0000000000e+00 -7.6604444312e+01 2212 0.0000000000e+00 1.0000000000e+00
1877 2.7869112837e+03 0.0000000000e+00 3.4048678735e+03 6.4278760969e+01 0.0000000000e+00 -7.6604444312e+01 2212 0.0000000000e+00 1.0000000000e+00
1878 2.8824946220e+03 0.0000000000e+00 3.3243382038e+03 6.4278760969e+01 0.0000000000e+00 -7.6604444312e+01 2212 0.0000000000e+00 1.0000000000e+00
1879 2.8787409931e+03 0.0000000000e+00 3.3275892225e+03 6.4278760969e+01 0.0000000000e+00 -7.6604444312e+01 2212 0.0000000000e+00 1.0000000000e+00
1880 2.8388775041e+03 0.0000000000e+00 3.3616624244e+03 6.4278760969e+01 0.0000000000e+00 -7.6604444312e+01 2212 0.0000000000e+00 1.0000000000e+00
1881 2.7754485296e+03 0.0000000000e+00 3.4142180947e+03 6.4278760969e+01 0.0000000000e+00 -7.6604444312e+01 2212 0.0000000000e+00 1.0000000000e+00
1882 2.8283908463e+03 0.0000000000e+00 3.3704903144e+03 6.4278760969e+01 0.0000000000e+00 -7.6604444312e+01 2212 0.0000000000e+00 1.0000000000e+00
1883 2.7898400140e+03 0.0000000000e+00 3.4024685796e+03 6.4278760969e+01 0.0000000000e+00 -7.6604444312e+01 2212 0.0000000000e+00 1.0000000000e+00
1884 2.8025463119e+03 0.0000000000e+00 3.3920103049e+03 6.4278760969e+01 0.0000000000e+00 -7.6604444312e+01 2212 0.0000000000e+00 1.0000000000e+00
1885 2.8317581561e+03 0.0000000000e+00 3.3676617236e+03 6.4278760969e+01 0.0000000000e+00 -7.6604444312e+01 2212 0.0000000000e+00 1.0000000000e+00
1886 2.7883453135e+03 0.0000000000e+00 3.4036936042e+03 6.4278760969e+01 0.0000000000e+00 -7.6604444312e+01 2212 0.0000000000e+00 1.0000000000e+00
1887 2.8815226618e+03 0.0000000000e+00 3.3251807302e+03 6.4278760969e+01 0.0000000000e+00 -7.6604444312e+01 2212 0.0000000000e+00 1.0000000000e+00
1888 2.8222354935e+03 0.0000000000e+00 3.3756460949e+03 6.4278760969e+01 0.0000000000e+00 -7.6604444312e+01 2212 0.0000000000e+00 1.0000000000e+00
1889 2.7698281363e+03 0.0000000000e+00 3.4187792901e+03 6.4278760969e+01 0.0000000000e+00 -7.6604444312e+01 2212 0.0000000000e+00 1.0000000000e+00
1890 2.8102589808e+03 0.0000000000e+00 3.3856231627e+03 6.4278760969e+01 0.0000000000e+00 -7.6604444312e+01 2212 0.0000000000e+00 1.0000000000e+00
1891 2.7808514214e+03 0.0000000000e+00 3.4098189264e+03 6.4278760969e+01 0.0000000000e+00 -7.6604444312e+01 2212 0.0000000000e+00 1.0000000000e+00
1892 2.8310712428e+03 0.0000000000e+00 3.3682392072e+03 6.4278760969e+01 0.0000000000e+00 -7.6604444312e+01 2212 0.0000000000e+00 1.0000000000e+00
1893 2.8518452310e+03 0.0000000000e+00 3.3506683687e+03 6.4278760969e+01 0.0000000000e+00 -7.6604444312e+01 2212 0.0000000000e+00 1.0000000000e+00
1894 2.8334189798e+03 0.0000000000e+00 3.3662644911e+03 6.4278760969e+01 0.0000000000e+00 -7.6604444312e+01 2212 0.0000000000e+00 1.0000000000e+00
1895 2.8032207458e+03 0.0000000000e+00 3.3914529614e+03 6.4278760969e+01 0.0000000000e+00 -7.6604444312e+01 2212 0.0000000000e+00 1.0000000000e+00
1896 2.7702973132e+03 0.0000000000e+00 3.4183991188e+03 6.4278760969e+01 0.0000000000e+00 -7.6604444312e+01 2212 0.0000000000e+00 1.0000000000e+00
1897 2.8629603560e+03 0.0000000000e+00 3.3411761012e+03 6.4278760969e+01 0.0000000000e+00 -7.6604444312e+01 2212 0.0000000000e+00 1.0000000000e+00
1898 2.8042579598e+03 0.0000000000e+00 3.3905953804e+03 6.4278760969e+01 0.0000000000e+00 -7.6604444312e+01 2212 0.0000000000e+00 1.0000000000e+00
1899 2.8858208662e+03 0.0000000000e+00 3.3214511387e+03 6.4278760969e+01 0.0000000000e+00 -7.6604444312e+01 2212 0.0000000000e+00 1.0000000000e+00
1900 2.7890479720e+03 0.0000000000e+00 3.4031178570e+03 6.4278760969e+01 0.0000000000e+00 -7.6604444312e+01 2212 0.0000000000e+00 1.0000000000e+00
1901 2.8563451100e+03 0.0000000000e+00 3.3468331825e+03 6.4278760969e+01 0.0000000000e+00 -7.6604444312e+01 2212 0.0000000000e+00 1.0000000000e+00
1902 2.8818471707e+03 0.0000000000e+00 3.3248994907e+03 6.4278760969e+01 0.0000000000e+00 -7.6604444312e+01 2212 0.0000000000e+00 1.0000000000e+00
1903 2.8691188519e+03 0.0000000000e+00 3.3358891997e+03 6.4278760969e+01 0.0000000000e+00 -7.6604444312e+01 2212 0.0000000000e+00 1.0000000000e+00
1904 2.7971358187e+03 0.0000000000e+00 3.3964733108e+03 6.4278760969e+01 0.0000000000e+00 -7.6604444312e+01 2212 0.0000000000e+00 1.0000000000e+00
1905 2.8752357655e+03 0.0000000000e+00 3.3306184158e+03 6.4278760969e+01 0.0000000000e+00 -7.6604444312e+01 2212 0.0000000000e+00 1.0000000000e+00
1906 2.8672127991e+03 0.0000000000e+00 3.3375276034e+03 6.4278760969e+01 0.0000000000e+00 -7.6604444312e+01 2212 0.0000000000e+00 1.0000000000e+00
1907 2.8511657668e+03 0.0000000000e+00 3.3512465605e+03 6.4278760969e+01 0.0000000000e+00 -7.6604444312e+01 2212 0.0000000000e+00 1.0000000000e+00
1908 2.8526345230e+03 0.0000000000e+00 3.3499964205e+03 6.4278760969e+01 0.0000000000e+00 -7.6604444312e+01 2212 0.0000000000e+00 1.0000000000e+00
1909 2.8627218522e+03 0.0000000000e+00 3.3413804537e+03 6.4278760969e+01 0.0000000000e+00 -7.6604444312e+01 2212 0.0000000000e+00 1.0000000000e+00
1910 2.8353959963e+03 0.0000000000e+00 3.3645994239e+03 6.4278760969e+01 0.0000000000e+00 -7.6604444312e+01 2212 0.0000000000e+00 1.0000000000e+00
1911 2.8496552029e+03 0.0000000000e+00 3.3525311279e+03 6.4278760969e+01 0.0000000000e+00 -7.6604444312e+01 2212 0.0000000000e+00 1.0000000000e+00
1912 2.8518583098e+03 0.0000000000e+00 3.3506572370e+03 6.4278760969e+01 0.0000000000e+00 -7.6604444312e+01 2212 0.0000000000e+00 1.0000000000e+00
1913 2.8429650568e+03 0.0000000000e+00 3.3582062809e+03 6.4278760969e+01 0.0000000000e+00 -7.6604444312e+01 2212 0.0000000000e+00 1.0000000000e+00
1914 2.7942387002e+03 0.0000000000e+00 3.3988571351e+03 6.4278760969e+01 0.0000000000e+00 -7.6604444312e+01 2212 0.0000000000e+00 1.0000000000e+00
1915 2.7843557878e+03 0.0000000000e+00 3.4069579666e+03 6.4278760969e+01 0.0000000000e+00 -7.6604444312e+01 2212 0.0000000000e+00 1.0000000000e+00
1916 2.8506793651e+03 0.0000000000e+00 3.3516603193e+03 6.4278760969e+01 0.0000000000e+00 -7.6604444312e+01 2212 0.0000000000e+00 1.0000000000e+00
1917 2.8789136369e+03 0.0000000000e+00 3.3274398582e+03 6.4278760969e+01 0.0000000000e+00 -7.6604444312e+01 2212 0.0000000000e+00 1.0000000000e+00
1918 2.8425475896e+03 0.0000000000e+00 3.3585596525e+03 6.4278760969e+01 0.0000000000e+00 -7.6604444312e+01 2212 0.0000000000e+00 1.0000000000e+00
1919 2.8295312920e+03 0.0000000000e+00 3.3695329656e+03 6.4278760969e+01 0.0000000000e+00 -7.6604444312e+01 2212 0.0000000000e+00 1.0000000000e+00
1920 2.8537679559e+03 0.0000000000e+00 3.3490309334e+03 6.4278760969e+01 0.0000000000e+00 -7.6604444312e+01 2212 0.0000000000e+00 1.0000000000e+00
1921 2.7866430564e+03 0.0000000000e+00 3.4050874019e+03 6.4278760969e+01 0.0000000000e+00 -7.6604444312e+01 2212 0.0000000000e+00 1.0000000000e+00
1922 2.7871963874e+03 0.0000000000e+00 3.4046344939e+03 6.4278760969e+01 0.0000000000e+00 -7.6604444312e+01 2212 0.0000000000e+00 1.0000000000e+00
1923 2.8280664295e+03 0.0000000000e+00 3.3707625264e+03 6.4278760969e+01 0.0000000000e+00 -7.6604444312e+01 2212 0.0000000000e+00 1.0000000000e+00
1924 2.7802448762e+03 0.0000000000e+00 3.4103134998e+03 6.4278760969e+01 0.0000000000e+00 -7.6604444312e+01 2212 0.0000000000e+00 1.0000000000e+00
1925 2.8464534321e+03 0.0000000000e+00 3.3552500053e+03 6.4278760969e+01 0.0000000000e+00 -7.6604444312e+01 2212 0.0000000000e+00 1.0000000000e+00
1926 2.8809970619e+03 0.0000000000e+00 3.3256361298e+03 6.4278760969e+01 0.0000000000e+00 -7.6604444312e+01 2212 0.0000000000e+00 1.0000000000e+00
1927 2.8672513295e+03 0.0000000000e+00 3.3374945022e+03 6.4278760969e+01 0.0000000000e+00 -7.6604444312e+01 2212 0.0000000000e+00 1.0000000000e+00
1928 2.8169484961e+03 0.0000000000e+00 3.3800593056e+03 6.4278760969e+01 0.0000000000e+00 -7.6604444312e+01 2212 0.0000000000e+00 1.0000000000e+00
1929 2.7886773861e+03 0.0000000000e+00 3.4034215394e+03 6.4278760969e+01 0.0000000000e+00 -7.6604444312e+01 2212 0.0000000000e+00 1.0000000000e+00
1930 2.8451047278e+03 0.0000000000e+00 3.3563937234e+03 6.4278760969e+01 0.0000000000e+00 -7.6604444312e+01 2212 0.0000000000e+00 1.0000000000e+00
1931 2.8763621040e+03 0.0000000000e+00 3.3296457447e+03 6.4278760969e+01 0.0000000000e+00 -7.6604444312e+01 2212 0.0000000000e+00 1.0000000000e+00
1932 2.8820773410e+03 0.0000000000e+00 3.3246999774e+03 6.4278760969e+01 0.0000000000e+00 -7.6604444312e+01 2212 0.0000000000e+00 1.0000000000e+00
1933 2.7962981541e+03 0.0000000000e+00 3.3971629887e+03 6.4278760969e+01 0.0000000000e+00 -7.6604444312e+01 2212 0.0000000000e+00 1.0000000000e+00
1934 2.8677559038e+03 0.0000000000e+00 3.3370609547e+03 6.4278760969e+01 0.0000000000e+00 -7.6604444312e+01 2212 0.0000000000e+00 1.0000000000e+00
1935 2.8674233793e+03 0.0000000000e+00 3.3373466860e+03 6.4278760969e+01 0.0000000000e+00 -7.6604444312e+01 2212 0.0000000000e+00 1.0000000000e+00
1936 2.7845734399e+03 0.0000000000e+00 3.4067800776e+03 6.4278760969e+01 0.0000000000e+00 -7.6604444312e+01 2212 0.0000000000e+00 1.0000000000e+00
1937 2.8245256318e+03 0.0000000000e+00 3.3737300862e+03 6.4278760969e+01 0.0000000000e+00 -7.6604444312e+01 2212 0.0000000000e+00 1.0000000000e+00
1938 2.8283801009e+03 0.0000000000e+00 3.3704993315e+03 6.4278760969e+01 0.0000000000e+00 -7.6604444312e+01 2212 0.0000000000e+00 1.0000000000e+00
1939 2.8142925092e+03 0.0000000000e+00 3.3822710435e+03 6.4278760969e+01 0.0000000000e+00 -7.6604444312e+01 2212 0.0000000000e+00 1.0000000000e+00
1940 2.7906444179e+03 0.0000000000e+00 3.4018088529e+03 6.4278760969e+01 0.0000000000e+00 -7.6604444312e+01 2212 0.0000000000e+00 1.0000000000e+00
1941 2.8723349204e+03 0.0000000000e+00 3.3331204365e+03 6.4278760969e+01 0.0000000000e+00 -7.6604444312e+01 2212 0.0000000000e+00 1.0000000000e+00
1942 2.7750184421e+03 0.0000000000e+00 3.4145676718e+03 6.4278760969e+01 0.0000000000e+00 -7.6604444312e+01 2212 0.0000000000e+00 1.0000000000e+00
1943 2.8162182587e+03 0.0000000000e+00 3.3806677533e+03 6.4278760969e+01 0.0000000000e+00 -7.6604444312e+01 2212 0.0000000000e+00 1.0000000000e+00
1944 2.8744771207e+03 0.0000000000e+00 3.3312731832e+03 6.4278760969e+01 0.0000000000e+00 -7.6604444312e+01 2212 0.0000000000e+00 1.0000000000e+00
1945 2.8587563366e+03 0.0000000000e+00 3.3447738259e+03 6.4278760969e+01 0.0000000000e+00 -7.6604444312e+01 2212 0.0000000000e+00 1.0000000000e+00
1946 2.8006442997e+03 0.0000000000e+00 3.3935808883e+03 6.4278760969e+01 0.0000000000e+00 -7.6604444312e+01 2212 0.0000000000e+00 1.0000000000e+00
1947 2.8348652683e+03 0.0000000000e+00 3.3650466044e+03 6.4278760969e+01 0.0000000000e+00 -7.6604444312e+01 2212 0.0000000000e+00 1.0000000000e+00
1948 2.7754221003e+03 0.0000000000e+00 3.4142395792e+03 6.4278760969e+01 0.0000000000e+00 -7.6604444312e+01 2212 0.0000000000e+00 1.0000000000e+00
1949 2.7881128649e+03 0.0000000000e+00 3.4038840155e+03 6.4278760969e+01 0.0000000000e+00 -7.6604444312e+01 2212 0.0000000000e+00 1.0000000000e+00
1950 2.8281886102e+03 0.0000000000e+00 3.3706600131e+03 6.4278760969e+01 0.0000000000e+00 -7.6604444312e+01 2212 0.0000000000e+00 1.0000000000e+00
1951 2.7777050810e+03 0.0000000000e+00 3.4123824847e+03 6.4278760969e+01 0.0000000000e+00 -7.6604444312e+01 2212 0.0000000000e+00 1.0000000000e+00
1952 2.8610864916e+03 0.0000000000e+00 3.3427808523e+03 6.4278760969e+01 0.0000000000e+00 -7.6604444312e+01 2212 0.0000000000e+00 1.0000000000e+00
1953 2.8310497555e+03 0.0000000000e+00 3.3682572676e+03 6.4278760969e+01 0.0000000000e+00 -7.6604444312e+01 2212 0.0000000000e+00 1.0000000000e+00
1954 2.8349601411e+03 0.0000000000e+00 3.3649666770e+03 6.4278760969e+01 0.0000000000e+00 -7.6604444312e+01 2212 0.0000000000e+00 1.0000000000e+00
1955 2.8100035525e+03 0.0000000000e+00 3.3858351663e+03 6.4278760969e+01 0.0000000000e+00 -7.6604444312e+01 2212 0.0000000000e+00 1.0000000000e+00
1956 2.7850989996e+03 0.0000000000e+00 3.4063504372e+03 6.4278760969e+01 0.0000000000e+00 -7.6604444312e+01 2212 0.0000000000e+00 1.0000000000e+00
1957 2.8609964839e+03 0.0000000000e+00 3.3428578878e+03 6.4278760969e+01 0.0000000000e+00 -7.6604444312e+01 2212 0.0000000000e+00 1.0000000000e+00
1958 2.8151344912e+03 0.0000000000e+00 3.3815702765e+03 6.4278760969e+01 0.0000000000e+00 -7.6604444312e+01 2212 0.0000000000e+00 1.0000000000e+00
1959 2.8751589218e+03 0.0000000000e+00 3.3306847514e+03 6.4278760969e+01 0.0000000000e+00 -7.6604444312e+01 2212 0.0000000000e+00 1.0000000000e+00
1960 2.7996534199e+03 0.0000000000e+00 3.3943983955e+03 6.4278760969e+01 0.0000000000e+00 -7.6604444312e+01 2212 0.0000000000e+00 1.0000000000e+00
1961 2.7819736236e+03 0.0000000000e+00 3.4089034155e+03 6.4278760969e+01 0.0000000000e+00 -7.6604444312e+01 2212 0.0000000000e+00 1.0000000000e+00
1962 2.8314790801e+03 0.0000000000e+00 3.3678963698e+03 6.4278760969e+01 0.0000000000e+00 -7.6604444312e+01 2212 0.0000000000e+00 1.0000000000e+00
1963 2.8040741296e+03 0.0000000000e+00 3.3907474123e+03 6.4278760969e+01 0.0000000000e+00 -7.6604444312e+01 2212 0.0000000000e+00 1.0000000000e+00
1964 2.8753611541e+03 0.0000000000e+00 3.3305101670e+03 6.4278760969e+01 0.0000000000e+00 -7.6604444312e+01 2212 0.0000000000e+00 1.0000000000e+00
1965 2.7820108284e+03 0.0000000000e+00 3.4088730527e+03 6.4278760969e+01 0.0000000000e+00 -7.6604444312e+01 2212 0.0000000000e+00 1.0000000000e+00
1966 2.8695955102e+03 0.0000000000e+00 3.3354791780e+03 6.4278760969e+01 0.0000000000e+00 -7.6604444312e+01 2212 0.0000000000e+00 1.0000000000e+00
1967 2.8003301021e+03 0.0000000000e+00 3.3938401639e+03 6.4278760969e+01 0.0000000000e+00 -7.6604444312e+01 2212 0.0000000000e+00 1.0000000000e+00
1968 2.8676983406e+03 0.0000000000e+00 3.3371104217e+03 6.4278760969e+01 0.0000000000e+00 -7.6604444312e+01 2212 0.0000000000e+00 1.0000000000e+00
1969 2.8052851500e+03 0.0000000000e+00 3.3897455607e+03 6.4278760969e+01 0.0000000000e+00 -7.6604444312e+01 2212 0.0000000000e+00 1.0000000000e+00
1970 2.7946983244e+03 0.0000000000e+00 3.3984792208e+03 6.4278760969e+01 0.0000000000e+00 -7.6604444312e+01 2212 0.0000000000e+00 1.0000000000e+00
1971 2.8607336849e+03 0.0000000000e+00 3.3430827873e+03 6.4278760969e+01 0.0000000000e+00 -7.6604444312e+01 2212 0.0000000000e+00 1.0000000000e+00
1972 2.7849202028e+03 0.0000000000e+00 3.4064966172e+03 6.4278760969e+01 0.0000000000e+00 -7.6604444312e+01 2212 0.0000000000e+00 1.0000000000e+00
1973 2.8357180095e+03 0.0000000000e+00 3.3643280324e+03 6.4278760969e+01 0.0000000000e+00 -7.6604444312e+01 2212 0.0000000000e+00 1.0000000000e+00
1974 2.7833374829e+03 0.0000000000e+00 3.4077899282e+03 6.4278760969e+01 0.0000000000e+00 -7.6604444312e+01 2212 0.0000000000e+00 1.0000000000e+00
1975 2.8741026529e+03 0.0000000000e+00 3.3315962660e+03 6.4278760969e+01 0.0000000000e+00 -7.6604444312e+01 2212 0.0000000000e+00 1.0000000000e+00
1976 2.8720991865e+03 0.0000000000e+00 3.3333235670e+03 6.4278760969e+01 0.0000000000e+00 -7.6604444312e+01 2212 0.0000000000e+00 1.0000000000e+00
1977 2.8052266147e+03 0.0000000000e+00 3.3897940025e+03 6.4278760969e+01 0.0000000000e+00 -7.6604444312e+01 2212 0.0000000000e+00 1.0000000000e+00
1978 2.7785511593e+03 0.0000000000e+00 3.4116935962e+03 6.4278760969e+01 0.0000000000e+00 -7.6604444312e+01 2212 0.0000000000e+00 1.0000000000e+00
1979 2.8609081483e+03 0.0000000000e+00 3.3429334881e+03 6.4278760969e+01 0.0000000000e+00 -7.6604444312e+01 2212 0.0000000000e+00 1.0000000000e+00
1980 2.8152333149e+03 0.0000000000e+00 3.3814880041e+03 6.4278760969e+01 0.0000000000e+00 -7.6604444312e+01 2212 0.0000000000e+00 1.0000000000e+00
1981 2.7838079634e+03 0.0000000000e+00 3.4074056057e+03 6.4278760969e+01 0.0000000000e+00 -7.6604444312e+01 2212 0.0000000000e+00 1.0000000000e+00
1982 2.7906558627e+03 0.0000000000e+00 3.4017994642e+03 6.4278760969e+01 0.0000000000e+00 -7.6604444312e+01 2212 0.0000000000e+00 1.0000000000e+00
1983 2.7830417706e+03 0.0000000000e+00 3.4080314321e+03 6.4278760969e+01 0.0000000000e+00 -7.6604444312e+01 2212 0.0000000000e+00 1.0000000000e+00
1984 2.8177985332e+03 0.0000000000e+00 3.3793507017e+03 6.4278760969e+01 0.0000000000e+00 -7.6604444312e+01 2212 0.0000000000e+00 1.0000000000e+00
1985 2.7941161358e+03 0.0000000000e+00 3.3989578931e+03 6.4278760969e+01 0.0000000000e+00 -7.6604444312e+01 2212 0.0000000000e+00 1.0000000000e+00
1986 2.8672976006e+03 0.0000000000e+00 3.3374547500e+03 6.4278760969e+01 0.0000000000e+00 -7.6604444312e+01 2212 0.0000000000e+00 1.0000000000e+00
1987 2.8271166314e+03 0.0000000000e+00 3.3715591781e+03 6.4278760969e+01 0.0000000000e+00 -7.6604444312e+01 2212 0.0000000000e+00 1.0000000000e+00
1988 2.8841607080e+03 0.0000000000e+00 3.3228928285e+03 6.4278760969e+01 0.0000000000e+00 -7.6604444312e+01 2212 0.0000000000e+00 1.0000000000e+00
1989 2.8616733009e+03 0.0000000000e+00 3.3422785129e+03 6.4278760969e+01 0.0000000000e+00 -7.6604444312e+01 2212 0.0000000000e+00 1.0000000000e+00
1990 2.7695168785e+03 0.0000000000e+00 3.4190314416e+03 6.4278760969e+01 0.0000000000e+00 -7.6604444312e+01 2212 0.0000000000e+00 1.0000000000e+00
1991 2.8654793048e+03 0.0000000000e+00 3.3390160366e+03 6.4278760969e+01 0.0000000000e+00 -7.6604444312e+01 2212 0.0000000000e+00 1.0000000000e+00
1992 2.8353017508e+03 0.0000000000e+00 3.3646788436e+03 6.4278760969e+01 0.0000000000e+00 -7.6604444312e+01 2212 0.0000000000e+00 1.0000000000e+00
1993 2.8486475750e+03 0.0000000000e+00 3.3533873520e+03 6.4278760969e+01 0.0000000000e+00 -7.6604444312e+01 2212 0.0000000000e+00 1.0000000000e+00
1994 2.8577792518e+03 0.0000000000e+00 3.3456086871e+03 6.4278760969e+01 0.0000000000e+00 -7.6604444312e+01 2212 0.0000000000e+00 1.0000000000e+00
1995 2.8087367818e+03 0.0000000000e+00 3.3868860963e+03 6.4278760969e+01 0.0000000000e+00 -7.6604444312e+01 2212 0.0000000000e+00 1.0000000000e+00
1996 2.8153077780e+03 0.0000000000e+00 3.3814260089e+03 6.4278760969e+01 0.0000000000e+00 -7.6604444312e+01 2212 0.0000000000e+00 1.0000000000e+00
1997 2.8605600849e+03 0.0000000000e+00 3.3432313321e+03 6.4278760969e+01 0.0000000000e+00 -7.6604444312e+01 2212 0.0000000000e+00 1.0000000000e+00
1998 2.8056837686e+03 0.0000000000e+00 3.3894156325e+03 6.4278760969e+01 0.0000000000e+00 -7.6604444312e+01 2212 0.0000000000e+00 1.0000000000e+00
1999 2.8617384505e+03 0.0000000000e+00 3.3422227304e+03 6.4278760969e+01 0.0000000000e+00 -7.6604444312e+01 2212 0.0000000000e+00 1.0000000000e+00
