# EvtID pe_px[MeV/c] pe_py[MeV/c] pe_pz[MeV/c] prec_px[MeV/c] prec_py[MeV/c] prec_pz[MeV/c] pidrec zvtx[cm] weight
0 4.3441244682e+03 0.0000000000e+00 6.9898665497e+02 6.4278760969e+01 0.0000000000e+00 -7.6604444312e+01 2212 0.0000000000e+00 1.0000000000e+00
1 4.3431575198e+03 0.0000000000e+00 7.0496985543e+02 6.4278760969e+01 0.0000000000e+00 -7.6604444312e+01 2212 0.0000000000e+00 1.0000000000e+00
2 4.3281677600e+03 0.0000000000e+00 7.9181031810e+02 6.4278760969e+01 0.0000000000e+00 -7.6604444312e+01 2212 0.0000000000e+00 1.0000000000e+00
3 4.3229451378e+03 0.0000000000e+00 8.1984454279e+02 6.4278760969e+01 0.0000000000e+00 -7.6604444312e+01 2212 0.0000000000e+00 1.0000000000e+00
4 4.3244604855e+03 0.0000000000e+00 8.1181355483e+02 6.4278760969e+01 0.0000000000e+00 -7.6604444312e+01 2212 0.0000000000e+00 1.0000000000e+00
5 4.3203206160e+03 0.0000000000e+00 8.3356434293e+02 6.4278760969e+01 0.0000000000e+00 -7.6604444312e+01 2212 0.0000000000e+00 1.0000000000e+00
6 4.3250442934e+03 0.0000000000e+00 8.0869747059e+02 6.4278760969e+01 0.0000000000e+00 -7.6604444312e+01 2212 0.0000000000e+00 1.0000000000e+00
7 4.3415787856e+03 0.0000000000e+00 7.1462814631e+02 6.4278760969e+01 0.0000000000e+00 -7.6604444312e+01 2212 0.0000000000e+00 1.0000000000e+00
8 4.3349482306e+03 0.0000000000e+00 7.5380606082e+02 6.4278760969e+01 0.0000000000e+00 -7.6604444312e+01 2212 0.0000000000e+00 1.0000000000e+00
9 4.3340068997e+03 0.0000000000e+00 7.5919953375e+02 6.4278760969e+01 0.0000000000e+00 -7.6604444312e+01 2212 0.0000000000e+00 1.0000000000e+00
10 4.3356781999e+03 0.0000000000e+00 7.4959608162e+02 6.4278760969e+01 0.0000000000e+00 -7.6604444312e+01 2212 0.0000000000e+00 1.0000000000e+00
11 4.3447738927e+03 0.0000000000e+00 6.9493852968e+02 6.4278760969e+01 0.0000000000e+00 -7.6604444312e+01 2212 0.0000000000e+00 1.0000000000e+00
12 4.3449727399e+03 0.0000000000e+00 6.9369418959e+02 6.4278760969e+01 0.0000000000e+00 -7.6604444312e+01 2212 0.0000000000e+00 1.0000000000e+00
13 4.3321348152e+03 0.0000000000e+00 7.6981015972e+02 6.4278760969e+01 0.0000000000e+00 -7.6604444312e+01 2212 0.0000000000e+00 1.0000000000e+00
14 4.3371774253e+03 0.0000000000e+00 7.4087226981e+02 6.4278760969e+01 0.0000000000e+00 -7.6604444312e+01 2212 0.0000000000e+00 1.0000000000e+00
15 4.3439809597e+03 0.0000000000e+00 6.9987796128e+02 6.4278760969e+01 0.0000000000e+00 -7.6604444312e+01 2212 0.0000000000e+00 1.0000000000e+00
16 4.3396288981e+03 0.0000000000e+00 7.2637508585e+02 6.4278760969e+01 0.0000000000e+00 -7.6604444312e+01 2212 0.0000000000e+00 1.0000000000e+00
17 4.3297495530e+03 0.0000000000e+00 7.8311464517e+02 6.4278760969e+01 0.0000000000e+00 -7.6604444312e+01 2212 0.0000000000e+00 1.0000000000e+00
18 4.3371875827e+03 0.0000000000e+00 7.4081280458e+02 6.4278760969e+01 0.0000000000e+00 -7.6604444312e+01 2212 0.0000000000e+00 1.0000000000e+00
19 4.3236380324e+03 0.0000000000e+00 8.1618251856e+02 6.4278760969e+01 0.0000000000e+00 -7.6604444312e+01 2212 0.0000000000e+00 1.0000000000e+00
20 4.3395986752e+03 0.0000000000e+00 7.2655562564e+02 6.4278760969e+01 0.0000000000e+00 -7.6604444312e+01 2212 0.0000000000e+00 1.0000000000e+00
21 4.3432113746e+03 0.0000000000e+00 7.0463798844e+02 6.4278760969e+01 0.0000000000e+00 -7.6604444312e+01 2212 0.0000000000e+00 1.0000000000e+00
22 4.3448950378e+03 0.0000000000e+00 6.9418070386e+02 6.4278760969e+01 0.0000000000e+00 -7.6604444312e+01 2212 0.0000000000e+00 1.0000000000e+00
23 4.3199427934e+03 0.0000000000e+00 8.3552019769e+02 6.4278760969e+01 0.0000000000e+00 -7.6604444312e+01 2212 0.0000000000e+00 1.0000000000e+00
24 4.3194052217e+03 0.0000000000e+00 8.3829485845e+02 6.4278760969e+01 0.0000000000e+00 -7.6604444312e+01 2212 0.0000000000e+00 1.0000000000e+00
25 4.3274786494e+03 0.0000000000e+00 7.9556789666e+02 6.4278760969e+01 0.0000000000e+00 -7.6604444312e+01 2212 0.0000000000e+00 1.0000000000e+00
26 4.3222492320e+03 0.0000000000e+00 8.2350550423e+02 6.4278760969e+01 0.0000000000e+00 -7.6604444312e+01 2212 0.0000000000e+00 1.0000000000e+00
27 4.3304264817e+03 0.0000000000e+00 7.7936270492e+02 6.4278760969e+01 0.0000000000e+00 -7.6604444312e+01 2212 0.0000000000e+00 1.0000000000e+00
28 4.3276784973e+03 0.0000000000e+00 7.9448005806e+02 6.4278760969e+01 0.0000000000e+00 -7.6604444312e+01 2212 0.0000000000e+00 1.0000000000e+00
29 4.3411001790e+03 0.0000000000e+00 7.1752977260e+02 6.4278760969e+01 0.0000000000e+00 -7.6604444312e+01 2212 0.0000000000e+00 1.0000000000e+00
30 4.3372610354e+03 0.0000000000e+00 7.4038263743e+02 6.4278760969e+01 0.0000000000e+00 -7.6604444312e+01 2212 0.0000000000e+00 1.0000000000e+00
31 4.3365010928e+03 0.0000000000e+00 7.4482079117e+02 6.4278760969e+01 0.0000000000e+00 -7.6604444312e+01 2212 0.0000000000e+00 1.0000000000e+00
32 4.3411633757e+03 0.0000000000e+00 7.1714732433e+02 6.4278760969e+01 0.0000000000e+00 -7.6604444312e+01 2212 0.0000000000e+00 1.0000000000e+00
33 4.3435939745e+03 0.0000000000e+00 7.0227567480e+02 6.4278760969e+01 0.0000000000e+00 -7.6604444312e+01 2212 0.0000000000e+00 1.0000000000e+00
34 4.3427142407e+03 0.0000000000e+00 7.0769538844e+02 6.4278760969e+01 0.0000000000e+00 -7.6604444312e+01 2212 0.0000000000e+00 1.0000000000e+00
35 4.3346498276e+03 0.0000000000e+00 7.5552009316e+02 6.4278760969e+01 0.0000000000e+00 -7.6604444312e+01 2212 0.0000000000e+00 1.0000000000e+00
36 4.3449759622e+03 0.0000000000e+00 6.9367400605e+02 6.4278760969e+01 0.0000000000e+00 -7.6604444312e+01 2212 0.0000000000e+00 1.0000000000e+00
37 4.3419146443e+03 0.0000000000e+00 7.1258470433e+02 6.4278760969e+01 0.0000000000e+00 -7.6604444312e+01 2212 0.0000000000e+00 1.0000000000e+00
38 4.3389877237e+03 0.0000000000e+00 7.3019536586e+02 6.4278760969e+01 0.0000000000e+00 -7.6604444312e+01 2212 0.0000000000e+00 1.0000000000e+00
39 4.3206324778e+03 0.0000000000e+00 8.3194635075e+02 6.4278760969e+01 0.0000000000e+00 -7.6604444312e+01 2212 0.0000000000e+00 1.0000000000e+00
40 4.3369003608e+03 0.0000000000e+00 7.4249242366e+02 6.4278760969e+01 0.0000000000e+00 -7.6604444312e+01 2212 0.0000000000e+00 1.0000000000e+00
41 4.3410737805e+03 0.0000000000e+00 7.1768946711e+02 6.4278760969e+01 0.0000000000e+00 -7.6604444312e+01 2212 0.0000000000e+00 1.0000000000e+00
42 4.3388287827e+03 0.0000000000e+00 7.3113920213e+02 6.4278760969e+01 0.0000000000e+00 -7.6604444312e+01 2212 0.0000000000e+00 1.0000000000e+00
43 4.3441537338e+03 0.0000000000e+00 6.9880474783e+02 6.4278760969e+01 0.0000000000e+00 -7.6604444312e+01 2212 0.0000000000e+00 1.0000000000e+00
44 4.3322871638e+03 0.0000000000e+00 7.6895231914e+02 6.4278760969e+01 0.0000000000e+00 -7.6604444312e+01 2212 0.0000000000e+00 1.0000000000e+00
45 4.3294788997e+03 0.0000000000e+00 7.8460958169e+02 6.4278760969e+01 0.0000000000e+00 -7.6604444312e+01 2212 0.0000000000e+00 1.0000000000e+00
46 4.3284220709e+03 0.0000000000e+00 7.9041894925e+02 6.4278760969e+01 0.0000000000e+00 -7.6604444312e+01 2212 0.0000000000e+00 1.0000000000e+00
47 4.3381504588e+03 0.0000000000e+00 7.3515327373e+02 6.4278760969e+01 0.0000000000e+00 -7.6604444312e+01 2212 0.0000000000e+00 1.0000000000e+00
48 4.3315347635e+03 0.0000000000e+00 7.7317936583e+02 6.4278760969e+01 0.0000000000e+00 -7.6604444312e+01 2212 0.0000000000e+00 1.0000000000e+00
49 4.3229052758e+03 0.0000000000e+00 8.2005470290e+02 6.4278760969e+01 0.0000000000e+00 -7.6604444312e+01 2212 0.0000000000e+00 1.0000000000e+00
50 4.3391406553e+03 0.0000000000e+00 7.2928602907e+02 6.4278760969e+01 0.0000000000e+00 -7.6604444312e+01 2212 0.0000000000e+00 1.0000000000e+00
51 4.3417345966e+03 0.0000000000e+00 7.1368090344e+02 6.4278760969e+01 0.0000000000e+00 -7.6604444312e+01 2212 0.0000000000e+00 1.0000000000e+00
52 4.3456847653e+03 0.0000000000e+00 6.8921960177e+02 6.4278760969e+01 0.0000000000e+00 -7.6604444312e+01 2212 0.0000000000e+00 1.0000000000e+00
53 4.3282224252e+03 0.0000000000e+00 7.9151145105e+02 6.4278760969e+01 0.0000000000e+00 -7.6604444312e+01 2212 0.0000000000e+00 1.0000000000e+00
54 4.3377887672e+03 0.0000000000e+00 7.3728444316e+02 6.4278760969e+01 0.0000000000e+00 -7.6604444312e+01 2212 0.0000000000e+00 1.0000000000e+00
55 4.3393317682e+03 0.0000000000e+00 7.2814802349e+02 6.4278760969e+01 0.0000000000e+00 -7.6604444312e+01 2212 0.0000000000e+00 1.0000000000e+00
56 4.3406870412e+03 0.0000000000e+00 7.2002482544e+02 6.4278760969e+01 0.0000000000e+00 -7.6604444312e+01 2212 0.0000000000e+00 1.0000000000e+00
57 4.3357102476e+03 0.0000000000e+00 7.4941069386e+02 6.4278760969e+01 0.0000000000e+00 -7.6604444312e+01 2212 0.0000000000e+00 1.0000000000e+00
58 4.3240915217e+03 0.0000000000e+00 8.1377653630e+02 6.4278760969e+01 0.0000000000e+00 -7.6604444312e+01 2212 0.0000000000e+00 1.0000000000e+00
59 4.3294700602e+03 0.0000000000e+00 7.8465835669e+02 6.4278760969e+01 0.0000000000e+00 -7.6604444312e+01 2212 0.0000000000e+00 1.0000000000e+00
60 4.3199445300e+03 0.0000000000e+00 8.3551121883e+02 6.4278760969e+01 0.0000000000e+00 -7.6604444312e+01 2212 0.0000000000e+00 1.0000000000e+00
61 4.3407912512e+03 0.0000000000e+00 7.1939631115e+02 6.4278760969e+01 0.0000000000e+00 -7.6604444312e+01 2212 0.0000000000e+00 1.0000000000e+00
62 4.3409267690e+03 0.0000000000e+00 7.1857812752e+02 6.4278760969e+01 0.0000000000e+00 -7.6604444312e+01 2212 0.0000000000e+00 1.0000000000e+00
63 4.3383436240e+03 0.0000000000e+00 7.3401249231e+02 6.4278760969e+01 0.0000000000e+00 -7.6604444312e+01 2212 0.0000000000e+00 1.0000000000e+00
64 4.3434909110e+03 0.0000000000e+00 7.0291282904e+02 6.4278760969e+01 0.0000000000e+00 -7.6604444312e+01 2212 0.0000000000e+00 1.0000000000e+00
65 4.3414650502e+03 0.0000000000e+00 7.1531877987e+02 6.4278760969e+01 0.0000000000e+00 -7.6604444312e+01 2212 0.0000000000e+00 1.0000000000e+00
66 4.3198811405e+03 0.0000000000e+00 8.3583890263e+02 6.4278760969e+01 0.0000000000e+00 -7.6604444312e+01 2212 0.0000000000e+00 1.0000000000e+00
67 4.3433864207e+03 0.0000000000e+00 7.0355819883e+02 6.4278760969e+01 0.0000000000e+00 -7.6604444312e+01 2212 0.0000000000e+00 1.0000000000e+00
68 4.3329338015e+03 0.0000000000e+00 7.6530020924e+02 6.4278760969e+01 0.0000000000e+00 -7.6604444312e+01 2212 0.0000000000e+00 1.0000000000e+00
69 4.3417149867e+03 0.0000000000e+00 7.1380019127e+02 6.4278760969e+01 0.0000000000e+00 -7.6604444312e+01 2212 0.0000000000e+00 1.0000000000e+00
70 4.3338525011e+03 0.0000000000e+00 7.6008041494e+02 6.4278760969e+01 0.0000000000e+00 -7.6604444312e+01 2212 0.0000000000e+00 1.0000000000e+00
71 4.3436437962e+03 0.0000000000e+00 7.0196745703e+02 6.4278760969e+01 0.0000000000e+00 -7.6604444312e+01 2212 0.0000000000e+00 1.0000000000e+00
72 4.3356996883e+03 0.0000000000e+00 7.4947178179e+02 6.4278760969e+01 0.0000000000e+00 -7.6604444312e+01 2212 0.0000000000e+00 1.0000000000e+00
73 4.3452242618e+03 0.0000000000e+00 6.9211693637e+02 6.4278760969e+01 0.0000000000e+00 -7.6604444312e+01 2212 0.0000000000e+00 1.0000000000e+00
74 4.3206751495e+03 0.0000000000e+00 8.3172470886e+02 6.4278760969e+01 0.0000000000e+00 -7.6604444312e+01 2212 0.0000000000e+00 1.0000000000e+00
75 4.3372534991e+03 0.0000000000e+00 7.4042678454e+02 6.4278760969e+01 0.0000000000e+00 -7.6604444312e+01 2212 0.0000000000e+00 1.0000000000e+00
76 4.3432788916e+03 0.0000000000e+00 7.0422170391e+02 6.4278760969e+01 0.0000000000e+00 -7.6604444312e+01 2212 0.0000000000e+00 1.0000000000e+00
77 4.3412178606e+03 0.0000000000e+00 7.1681742828e+02 6.4278760969e+01 0.0000000000e+00 -7.6604444312e+01 2212 0.0000000000e+00 1.0000000000e+00
78 4.3391044275e+03 0.0000000000e+00 7.2950154628e+02 6.4278760969e+01 0.0000000000e+00 -7.6604444312e+01 2212 0.0000000000e+00 1.0000000000e+00
79 4.3221428253e+03 0.0000000000e+00 8.2406379380e+02 6.4278760969e+01 0.0000000000e+00 -7.6604444312e+01 2212 0.0000000000e+00 1.0000000000e+00
80 4.3413769026e+03 0.0000000000e+00 7.1585356627e+02 6.4278760969e+01 0.0000000000e+00 -7.6604444312e+01 2212 0.0000000000e+00 1.0000000000e+00
81 4.3259720836e+03 0.0000000000e+00 8.0371964700e+02 6.4278760969e+01 0.0000000000e+00 -7.6604444312e+01 2212 0.0000000000e+00 1.0000000000e+00
82 4.3331600248e+03 0.0000000000e+00 7.6401828405e+02 6.4278760969e+01 0.0000000000e+00 -7.6604444312e+01 2212 0.0000000000e+00 1.0000000000e+00
83 4.3298977460e+03 0.0000000000e+00 7.8229485993e+02 6.4278760969e+01 0.0000000000e+00 -7.6604444312e+01 2212 0.0000000000e+00 1.0000000000e+00
84 4.3411728092e+03 0.0000000000e+00 7.1709021722e+02 6.4278760969e+01 0.0000000000e+00 -7.6604444312e+01 2212 0.0000000000e+00 1.0000000000e+00
85 4.3383629647e+03 0.0000000000e+00 7.3389817082e+02 6.4278760969e+01 0.0000000000e+00 -7.6604444312e+01 2212 0.0000000000e+00 1.0000000000e+00
86 4.3219478067e+03 0.0000000000e+00 8.2508599255e+02 6.4278760969e+01 0.0000000000e+00 -7.6604444312e+01 2212 0.0000000000e+00 1.0000000000e+00
87 4.3327519688e+03 0.0000000000e+00 7.6632898664e+02 6.4278760969e+01 0.0000000000e+00 -7.6604444312e+01 2212 0.0000000000e+00 1.0000000000e+00
88 4.3254499546e+03 0.0000000000e+00 8.0652490913e+02 6.4278760969e+01 0.0000000000e+00 -7.6604444312e+01 2212 0.0000000000e+00 1.0000000000e+00
89 4.3308740528e+03 0.0000000000e+00 7.7687172529e+02 6.4278760969e+01 0.0000000000e+00 -7.6604444312e+01 2212 0.0000000000e+00 1.0000000000e+00
90 4.3265654047e+03 0.0000000000e+00 8.0051954212e+02 6.4278760969e+01 0.0000000000e+00 -7.6604444312e+01 2212 0.0000000000e+00 1.0000000000e+00
91 4.3368014840e+03 0.0000000000e+00 7.4306973265e+02 6.4278760969e+01 0.0000000000e+00 -7.6604444312e+01 2212 0.0000000000e+00 1.0000000000e+00
92 4.3323007650e+03 0.0000000000e+00 7.6887568602e+02 6.4278760969e+01 0.0000000000e+00 -7.6604444312e+01 2212 0.0000000000e+00 1.0000000000e+00
93 4.3398918860e+03 0.0000000000e+00 7.2480215026e+02 6.4278760969e+01 0.0000000000e+00 -7.6604444312e+01 2212 0.0000000000e+00 1.0000000000e+00
94 4.3320661924e+03 0.0000000000e+00 7.7019623698e+02 6.4278760969e+01 0.0000000000e+00 -7.6604444312e+01 2212 0.0000000000e+00 1.0000000000e+00
95 4.3346795090e+03 0.0000000000e+00 7.5534978184e+02 6.4278760969e+01 0.0000000000e+00 -7.6604444312e+01 2212 0.0000000000e+00 1.0000000000e+00
96 4.3386258768e+03 0.0000000000e+00 7.3234229684e+02 6.4278760969e+01 0.0000000000e+00 -7.6604444312e+01 2212 0.0000000000e+00 1.0000000000e+00
97 4.3382147878e+03 0.0000000000e+00 7.3477356661e+02 6.4278760969e+01 0.0000000000e+00 -7.6604444312e+01 2212 0.0000000000e+00 1.0000000000e+00
98 4.3242941718e+03 0.0000000000e+00 8.1269899403e+02 6.4278760969e+01 0.0000000000e+00 -7.6604444312e+01 2212 0.0000000000e+00 1.0000000000e+00
99 4.3437246626e+03 0.0000000000e+00 7.0146688730e+02 6.4278760969e+01 0.0000000000e+00 -7.6604444312e+01 2212 0.0000000000e+00 1.0000000000e+00
100 4.3339902553e+03 0.0000000000e+00 7.5929454475e+02 6.4278760969e+01 0.0000000000e+00 -7.6604444312e+01 2212 0.0000000000e+00 1.0000000000e+00
101 4.3198792912e+03 0.0000000000e+00 8.3584846020e+02 6.4278760969e+01 0.0000000000e+00 -7.6604444312e+01 2212 0.0000000000e+00 1.0000000000e+00
102 4.3240013900e+03 0.0000000000e+00 8.1425531519e+02 6.4278760969e+01 0.0000000000e+00 -7.6604444312e+01 2212 0.0000000000e+00 1.0000000000e+00
103 4.3418514242e+03 0.0000000000e+00 7.1296980955e+02 6.4278760969e+01 0.0000000000e+00 -7.6604444312e+01 2212 0.0000000000e+00 1.0000000000e+00
104 4.3401326048e+03 0.0000000000e+00 7.2335932378e+02 6.4278760969e+01 0.0000000000e+00 -7.6604444312e+01 2212 0.0000000000e+00 1.0000000000e+00
105 4.3300031133e+03 0.0000000000e+00 7.8171144143e+02 6.4278760969e+01 0.0000000000e+00 -7.6604444312e+01 2212 0.0000000000e+00 1.0000000000e+00
106 4.3440891926e+03 0.0000000000e+00 6.9920585364e+02 6.4278760969e+01 0.0000000000e+00 -7.6604444312e+01 2212 0.0000000000e+00 1.0000000000e+00
107 4.3276803642e+03 0.0000000000e+00 7.9446988900e+02 6.4278760969e+01 0.0000000000e+00 -7.6604444312e+01 2212 0.0000000000e+00 1.0000000000e+00
108 4.3360426721e+03 0.0000000000e+00 7.4748490599e+02 6.4278760969e+01 0.0000000000e+00 -7.6604444312e+01 2212 0.0000000000e+00 1.0000000000e+00
109 4.3193440173e+03 0.0000000000e+00 8.3861015918e+02 6.4278760969e+01 0.0000000000e+00 -7.6604444312e+01 2212 0.0000000000e+00 1.0000000000e+00
110 4.3235015082e+03 0.0000000000e+00 8.1690540898e+02 6.4278760969e+01 0.0000000000e+00 -7.6604444312e+01 2212 0.0000000000e+00 1.0000000000e+00
111 4.3314784210e+03 0.0000000000e+00 7.7349494353e+02 6.4278760969e+01 0.0000000000e+00 -7.6604444312e+01 2212 0.0000000000e+00 1.0000000000e+00
112 4.3328771395e+03 0.0000000000e+00 7.6562094614e+02 6.4278760969e+01 0.0000000000e+00 -7.6604444312e+01 2212 0.0000000000e+00 1.0000000000e+00
113 4.3393504490e+03 0.0000000000e+00 7.2803668853e+02 6.4278760969e+01 0.0000000000e+00 -7.6604444312e+01 2212 0.0000000000e+00 1.0000000000e+00
114 4.3298431139e+03 0.0000000000e+00 7.8259718116e+02 6.4278760969e+01 0.0000000000e+00 -7.6604444312e+01 2212 0.0000000000e+00 1.0000000000e+00
115 4.3297998220e+03 0.0000000000e+00 7.8283666238e+02 6.4278760969e+01 0.0000000000e+00 -7.6604444312e+01 2212 0.0000000000e+00 1.0000000000e+00
116 4.3421304041e+03 0.0000000000e+00 7.1126879092e+02 6.4278760969e+01 0.0000000000e+00 -7.6604444312e+01 2212 0.0000000000e+00 1.0000000000e+00
117 4.3329739240e+03 0.0000000000e+00 7.6507301148e+02 6.4278760969e+01 0.0000000000e+00 -7.6604444312e+01 2212 0.0000000000e+00 1.0000000000e+00
118 4.3436717147e+03 0.0000000000e+00 7.0179468079e+02 6.4278760969e+01 0.0000000000e+00 -7.6604444312e+01 2212 0.0000000000e+00 1.0000000000e+00
119 4.3195705076e+03 0.0000000000e+00 8.3744275567e+02 6.4278760969e+01 0.0000000000e+00 -7.6604444312e+01 2212 0.0000000000e+00 1.0000000000e+00
120 4.3300206709e+03 0.0000000000e+00 7.8161418151e+02 6.4278760969e+01 0.0000000000e+00 -7.6604444312e+01 2212 0.0000000000e+00 1.0000000000e+00
121 4.3263057996e+03 0.0000000000e+00 8.0192135991e+02 6.4278760969e+01 0.0000000000e+00 -7.6604444312e+01 2212 0.0000000000e+00 1.0000000000e+00
122 4.3281434449e+03 0.0000000000e+00 7.9194321711e+02 6.4278760969e+01 0.0000000000e+00 -7.6604444312e+01 2212 0.0000000000e+00 1.0000000000e+00
123 4.3290154439e+03 0.0000000000e+00 7.8716264228e+02 6.4278760969e+01 0.0000000000e+00 -7.6604444312e+01 2212 0.0000000000e+00 1.0000000000e+00
124 4.3349658359e+03 0.0000000000e+00 7.5370480983e+02 6.4278760969e+01 0.0000000000e+00 -7.6604444312e+01 2212 0.0000000000e+00 1.0000000000e+00
125 4.3408343378e+03 0.0000000000e+00 7.1913628072e+02 6.4278760969e+01 0.0000000000e+00 -7.6604444312e+01 2212 0.0000000000e+00 1.0000000000e+00
126 4.3245709403e+03 0.0000000000e+00 8.1122495127e+02 6.4278760969e+01 0.0000000000e+00 -7.6604444312e+01 2212 0.0000000000e+00 1.0000000000e+00
127 4.3443385693e+03 0.0000000000e+00 6.9765473866e+02 6.4278760969e+01 0.0000000000e+00 -7.6604444312e+01 2212 0.0000000000e+00 1.0000000000e+00
128 4.3228058276e+03 0.0000000000e+00 8.2057876888e+02 6.4278760969e+01 0.0000000000e+00 -7.6604444312e+01 2212 0.0000000000e+00 1.0000000000e+00
129 4.3220788983e+03 0.0000000000e+00 8.2439901464e+02 6.4278760969e+01 0.0000000000e+00 -7.6604444312e+01 2212 0.0000000000e+00 1.0000000000e+00
130 4.3380644080e+03 0.0000000000e+00 7.3566088036e+02 6.4278760969e+01 0.0000000000e+00 -7.6604444312e+01 2212 0.0000000000e+00 1.0000000000e+00
131 4.3392860188e+03 0.0000000000e+00 7.2842061031e+02 6.4278760969e+01 0.0000000000e+00 -7.6604444312e+01 2212 0.0000000000e+00 1.0000000000e+00
132 4.3409076158e+03 0.0000000000e+00 7.1869382211e+02 6.4278760969e+01 0.0000000000e+00 -7.6604444312e+01 2212 0.0000000000e+00 1.0000000000e+00
133 4.3452610633e+03 0.0000000000e+00 6.9188585115e+02 6.4278760969e+01 0.0000000000e+00 -7.6604444312e+01 2212 0.0000000000e+00 1.0000000000e+00
134 4.3351010591e+03 0.0000000000e+00 7.5292665399e+02 6.4278760969e+01 0.0000000000e+00 -7.6604444312e+01 2212 0.0000000000e+00 1.0000000000e+00
135 4.3385331991e+03 0.0000000000e+00 7.3289113737e+02 6.4278760969e+01 0.0000000000e+00 -7.6604444312e+01 2212 0.0000000000e+00 1.0000000000e+00
136 4.3451835792e+03 0.0000000000e+00 6.9237230014e+02 6.4278760969e+01 0.0000000000e+00 -7.6604444312e+01 2212 0.0000000000e+00 1.0000000000e+00
137 4.3446635785e+03 0.0000000000e+00 6.9562786671e+02 6.4278760969e+01 0.0000000000e+00 -7.6604444312e+01 2212 0.0000000000e+00 1.0000000000e+00
138 4.3366819203e+03 0.0000000000e+00 7.4376720879e+02 6.4278760969e+01 0.0000000000e+00 -7.6604444312e+01 2212 0.0000000000e+00 1.0000000000e+00
139 4.3440813085e+03 0.0000000000e+00 6.9925483469e+02 6.4278760969e+01 0.0000000000e+00 -7.6604444312e+01 2212 0.0000000000e+00 1.0000000000e+00
140 4.3431148663e+03 0.0000000000e+00 7.0523258376e+02 6.4278760969e+01 0.0000000000e+00 -7.6604444312e+01 2212 0.0000000000e+00 1.0000000000e+00
141 4.3307332044e+03 0.0000000000e+00 7.7765651256e+02 6.4278760969e+01 0.0000000000e+00 -7.6604444312e+01 2212 0.0000000000e+00 1.0000000000e+00
142 4.3330317381e+03 0.0000000000e+00 7.6474551022e+02 6.4278760969e+01 0.0000000000e+00 -7.6604444312e+01 2212 0.0000000000e+00 1.0000000000e+00
143 4.3287668276e+03 0.0000000000e+00 7.8852868732e+02 6.4278760969e+01 0.0000000000e+00 -7.6604444312e+01 2212 0.0000000000e+00 1.0000000000e+00
144 4.3291385239e+03 0.0000000000e+00 7.8648546048e+02 6.4278760969e+01 0.0000000000e+00 -7.6604444312e+01 2212 0.0000000000e+00 1.0000000000e+00
145 4.3401400396e+03 0.0000000000e+00 7.2331471410e+02 6.4278760969e+01 0.0000000000e+00 -7.6604444312e+01 2212 0.0000000000e+00 1.0000000000e+00
146 4.3387464930e+03 0.0000000000e+00 7.3162736980e+02 6.4278760969e+01 0.0000000000e+00 -7.6604444312e+01 2212 0.0000000000e+00 1.0000000000e+00
147 4.3286719250e+03 0.0000000000e+00 7.8904949423e+02 6.4278760969e+01 0.0000000000e+00 -7.6604444312e+01 2212 0.0000000000e+00 1.0000000000e+00
148 4.3332588346e+03 0.0000000000e+00 7.6345766819e+02 6.4278760969e+01 0.0000000000e+00 -7.6604444312e+01 2212 0.0000000000e+00 1.0000000000e+00
149 4.3215648120e+03 0.0000000000e+00 8.2708966534e+02 6.4278760969e+01 0.0000000000e+00 -7.6604444312e+01 2212 0.0000000000e+00 1.0000000000e+00
150 4.3256381116e+03 0.0000000000e+00 8.0551515568e+02 6.4278760969e+01 0.0000000000e+00 -7.6604444312e+01 2212 0.0000000000e+00 1.0000000000e+00
151 4.3433641271e+03 0.0000000000e+00 7.0369581356e+02 6.4278760969e+01 0.0000000000e+00 -7.6604444312e+01 2212 0.0000000000e+00 1.0000000000e+00
152 4.3261808352e+03 0.0000000000e+00 8.0259524054e+02 6.4278760969e+01 0.0000000000e+00 -7.6604444312e+01 2212 0.0000000000e+00 1.0000000000e+00
153 4.3405993495e+03 0.0000000000e+00 7.2055327775e+02 6.4278760969e+01 0.0000000000e+00 -7.6604444312e+01 2212 0.0000000000e+00 1.0000000000e+00
154 4.3407367498e+03 0.0000000000e+00 7.1972509197e+02 6.4278760969e+01 0.0000000000e+00 -7.6604444312e+01 2212 0.0000000000e+00 1.0000000000e+00
155 4.3388290873e+03 0.0000000000e+00 7.3113739500e+02 6.4278760969e+01 0.0000000000e+00 -7.6604444312e+01 2212 0.0000000000e+00 1.0000000000e+00
156 4.3330252687e+03 0.0000000000e+00 7.6478216510e+02 6.4278760969e+01 0.0000000000e+00 -7.6604444312e+01 2212 0.0000000000e+00 1.0000000000e+00
157 4.3316519968e+03 0.0000000000e+00 7.7252230868e+02 6.4278760969e+01 0.0000000000e+00 -7.6604444312e+01 2212 0.0000000000e+00 1.0000000000e+00
158 4.3437695741e+03 0.0000000000e+00 7.0118872361e+02 6.4278760969e+01 0.0000000000e+00 -7.6604444312e+01 2212 0.0000000000e+00 1.0000000000e+00
159 4.3396792281e+03 0.0000000000e+00 7.2607433224e+02 6.4278760969e+01 0.0000000000e+00 -7.6604444312e+01 2212 0.0000000000e+00 1.0000000000e+00
160 4.3445082394e+03 0.0000000000e+00 6.9659737082e+02 6.4278760969e+01 0.0000000000e+00 -7.6604444312e+01 2212 0.0000000000e+00 1.0000000000e+00
161 4.3372994637e+03 0.0000000000e+00 7.4015748372e+02 6.4278760969e+01 0.0000000000e+00 -7.6604444312e+01 2212 0.0000000000e+00 1.0000000000e+00
162 4.3340374868e+03 0.0000000000e+00 7.5902490205e+02 6.4278760969e+01 0.0000000000e+00 -7.6604444312e+01 2212 0.0000000000e+00 1.0000000000e+00
163 4.3293876053e+03 0.0000000000e+00 7.8511317794e+02 6.4278760969e+01 0.0000000000e+00 -7.6604444312e+01 2212 0.0000000000e+00 1.0000000000e+00
164 4.3263913139e+03 0.0000000000e+00 8.0145987905e+02 6.4278760969e+01 0.0000000000e+00 -7.6604444312e+01 2212 0.0000000000e+00 1.0000000000e+00
165 4.3298698288e+03 0.0000000000e+00 7.8244936205e+02 6.4278760969e+01 0.0000000000e+00 -7.6604444312e+01 2212 0.0000000000e+00 1.0000000000e+00
166 4.3389157408e+03 0.0000000000e+00 7.3062297613e+02 6.4278760969e+01 0.0000000000e+00 -7.6604444312e+01 2212 0.0000000000e+00 1.0000000000e+00
167 4.3370857093e+03 0.0000000000e+00 7.4140898922e+02 6.4278760969e+01 0.0000000000e+00 -7.6604444312e+01 2212 0.0000000000e+00 1.0000000000e+00
168 4.3295722398e+03 0.0000000000e+00 7.8409435594e+02 6.4278760969e+01 0.0000000000e+00 -7.6604444312e+01 2212 0.0000000000e+00 1.0000000000e+00
169 4.3207819332e+03 0.0000000000e+00 8.3116979273e+02 6.4278760969e+01 0.0000000000e+00 -7.6604444312e+01 2212 0.0000000000e+00 1.0000000000e+00
170 4.3331180326e+03 0.0000000000e+00 7.6425640617e+02 6.4278760969e+01 0.0000000000e+00 -7.6604444312e+01 2212 0.0000000000e+00 1.0000000000e+00
171 4.3214369382e+03 0.0000000000e+00 8.2775752958e+02 6.4278760969e+01 0.0000000000e+00 -7.6604444312e+01 2212 0.0000000000e+00 1.0000000000e+00
172 4.3256644683e+03 0.0000000000e+00 8.0537360698e+02 6.4278760969e+01 0.0000000000e+00 -7.6604444312e+01 2212 0.0000000000e+00 1.0000000000e+00
173 4.3218306719e+03 0.0000000000e+00 8.2569932915e+02 6.4278760969e+01 0.0000000000e+00 -7.6604444312e+01 2212 0.0000000000e+00 1.0000000000e+00
174 4.3291920240e+03 0.0000000000e+00 7.8619091726e+02 6.4278760969e+01 0.0000000000e+00 -7.6604444312e+01 2212 0.0000000000e+00 1.0000000000e+00
175 4.3410454728e+03 0.0000000000e+00 7.1786067005e+02 6.4278760969e+01 0.0000000000e+00 -7.6604444312e+01 2212 0.0000000000e+00 1.0000000000e+00
176 4.3371172755e+03 0.0000000000e+00 7.4122430969e+02 6.4278760969e+01 0.0000000000e+00 -7.6604444312e+01 2212 0.0000000000e+00 1.0000000000e+00
177 4.3210622640e+03 0.0000000000e+00 8.2971118422e+02 6.4278760969e+01 0.0000000000e+00 -7.6604444312e+01 2212 0.0000000000e+00 1.0000000000e+00
178 4.3280725756e+03 0.0000000000e+00 7.9233043579e+02 6.4278760969e+01 0.0000000000e+00 -7.6604444312e+01 2212 0.0000000000e+00 1.0000000000e+00
179 4.3256010415e+03 0.0000000000e+00 8.0571419797e+02 6.4278760969e+01 0.0000000000e+00 -7.6604444312e+01 2212 0.0000000000e+00 1.0000000000e+00
180 4.3401306235e+03 0.0000000000e+00 7.2337121143e+02 6.4278760969e+01 0.0000000000e+00 -7.6604444312e+01 2212 0.0000000000e+00 1.0000000000e+00
181 4.3235570836e+03 0.0000000000e+00 8.1661121941e+02 6.4278760969e+01 0.0000000000e+00 -7.6604444312e+01 2212 0.0000000000e+00 1.0000000000e+00
182 4.3404609919e+03 0.0000000000e+00 7.2138624664e+02 6.4278760969e+01 0.0000000000e+00 -7.6604444312e+01 2212 0.0000000000e+00 1.0000000000e+00
183 4.3378843965e+03 0.0000000000e+00 7.3672158997e+02 6.4278760969e+01 0.0000000000e+00 -7.6604444312e+01 2212 0.0000000000e+00 1.0000000000e+00
184 4.3422249123e+03 0.0000000000e+00 7.1069159991e+02 6.4278760969e+01 0.0000000000e+00 -7.6604444312e+01 2212 0.0000000000e+00 1.0000000000e+00
185 4.3228091884e+03 0.0000000000e+00 8.2056106375e+02 6.4278760969e+01 0.0000000000e+00 -7.6604444312e+01 2212 0.0000000000e+00 1.0000000000e+00
186 4.3446184308e+03 0.0000000000e+00 6.9590978573e+02 6.4278760969e+01 0.0000000000e+00 -7.6604444312e+01 2212 0.0000000000e+00 1.0000000000e+00
187 4.3265273704e+03 0.0000000000e+00 8.0072507902e+02 6.4278760969e+01 0.0000000000e+00 -7.6604444312e+01 2212 0.0000000000e+00 1.0000000000e+00
188 4.3222744841e+03 0.0000000000e+00 8.2337295516e+02 6.4278760969e+01 0.0000000000e+00 -7.6604444312e+01 2212 0.0000000000e+00 1.0000000000e+00
189 4.3314894962e+03 0.0000000000e+00 7.7343292114e+02 6.4278760969e+01 0.0000000000e+00 -7.6604444312e+01 2212 0.0000000000e+00 1.0000000000e+00
190 4.3436626043e+03 0.0000000000e+00 7.0185106576e+02 6.4278760969e+01 0.0000000000e+00 -7.6604444312e+01 2212 0.0000000000e+00 1.0000000000e+00
191 4.3223418589e+03 0.0000000000e+00 8.2301919381e+02 6.4278760969e+01 0.0000000000e+00 -7.6604444312e+01 2212 0.0000000000e+00 1.0000000000e+00
192 4.3287106711e+03 0.0000000000e+00 7.8883690619e+02 6.4278760969e+01 0.0000000000e+00 -7.6604444312e+01 2212 0.0000000000e+00 1.0000000000e+00
193 4.3281177374e+03 0.0000000000e+00 7.9208370143e+02 6.4278760969e+01 0.0000000000e+00 -7.6604444312e+01 2212 0.0000000000e+00 1.0000000000e+00
194 4.3415773960e+03 0.0000000000e+00 7.1463658845e+02 6.4278760969e+01 0.0000000000e+00 -7.6604444312e+01 2212 0.0000000000e+00 1.0000000000e+00
195 4.3291142349e+03 0.0000000000e+00 7.8661914555e+02 6.4278760969e+01 0.0000000000e+00 -7.6604444312e+01 2212 0.0000000000e+00 1.0000000000e+00
196 4.3433528867e+03 0.0000000000e+00 7.0376518862e+02 6.4278760969e+01 0.0000000000e+00 -7.6604444312e+01 2212 0.0000000000e+00 1.0000000000e+00
197 4.3399387552e+03 0.0000000000e+00 7.2452145605e+02 6.4278760969e+01 0.0000000000e+00 -7.6604444312e+01 2212 0.0000000000e+00 1.0000000000e+00
198 4.3204065980e+03 0.0000000000e+00 8.3311857918e+02 6.4278760969e+01 0.0000000000e+00 -7.6604444312e+01 2212 0.0000000000e+00 1.0000000000e+00
199 4.3220308080e+03 0.0000000000e+00 8.2465109811e+02 6.4278760969e+01 0.0000000000e+00 -7.6604444312e+01 2212 0.0000000000e+00 1.0000000000e+00
200 4.3247966569e+03 0.0000000000e+00 8.1002074978e+02 6.4278760969e+01 0.0000000000e+00 -7.6604444312e+01 2212 0.0000000000e+00 1.0000000000e+00
201 4.3441694572e+03 0.0000000000e+00 6.9870699566e+02 6.4278760969e+01 0.0000000000e+00 -7.6604444312e+01 2212 0.0000000000e+00 1.0000000000e+00
202 4.3275619078e+03 0.0000000000e+00 7.9511488025e+02 6.4278760969e+01 0.0000000000e+00 -7.6604444312e+01 2212 0.0000000000e+00 1.0000000000e+00
203 4.3284357110e+03 0.0000000000e+00 7.9034425086e+02 6.4278760969e+01 0.0000000000e+00 -7.6604444312e+01 2212 0.0000000000e+00 1.0000000000e+00
204 4.3364986374e+03 0.0000000000e+00 7.4483508669e+02 6.4278760969e+01 0.0000000000e+00 -7.6604444312e+01 2212 0.0000000000e+00 1.0000000000e+00
205 4.3311832176e+03 0.0000000000e+00 7.7514622787e+02 6.4278760969e+01 0.0000000000e+00 -7.6604444312e+01 2212 0.0000000000e+00 1.0000000000e+00
206 4.3216668794e+03 0.0000000000e+00 8.2655618202e+02 6.4278760969e+01 0.0000000000e+00 -7.6604444312e+01 2212 0.0000000000e+00 1.0000000000e+00
207 4.3268992837e+03 0.0000000000e+00 7.9871291963e+02 6.4278760969e+01 0.0000000000e+00 -7.6604444312e+01 2212 0.0000000000e+00 1.0000000000e+00
208 4.3232949622e+03 0.0000000000e+00 8.1799780483e+02 6.4278760969e+01 0.0000000000e+00 -7.6604444312e+01 2212 0.0000000000e+00 1.0000000000e+00
209 4.3406188407e+03 0.0000000000e+00 7.2043585321e+02 6.4278760969e+01 0.0000000000e+00 -7.6604444312e+01 2212 0.0000000000e+00 1.0000000000e+00
210 4.3335755230e+03 0.0000000000e+00 7.6165801049e+02 6.4278760969e+01 0.0000000000e+00 -7.6604444312e+01 2212 0.0000000000e+00 1.0000000000e+00
211 4.3319034625e+03 0.0000000000e+00 7.7111097137e+02 6.4278760969e+01 0.0000000000e+00 -7.6604444312e+01 2212 0.0000000000e+00 1.0000000000e+00
212 4.3381092241e+03 0.0000000000e+00 7.3539655886e+02 6.4278760969e+01 0.0000000000e+00 -7.6604444312e+01 2212 0.0000000000e+00 1.0000000000e+00
213 4.3215806652e+03 0.0000000000e+00 8.2700682790e+02 6.4278760969e+01 0.0000000000e+00 -7.6604444312e+01 2212 0.0000000000e+00 1.0000000000e+00
214 4.3423294633e+03 0.0000000000e+00 7.1005251297e+02 6.4278760969e+01 0.0000000000e+00 -7.6604444312e+01 2212 0.0000000000e+00 1.0000000000e+00
215 4.3212090157e+03 0.0000000000e+00 8.2894654928e+02 6.4278760969e+01 0.0000000000e+00 -7.6604444312e+01 2212 0.0000000000e+00 1.0000000000e+00
216 4.3370269417e+03 0.0000000000e+00 7.4175268526e+02 6.4278760969e+01 0.0000000000e+00 -7.6604444312e+01 2212 0.0000000000e+00 1.0000000000e+00
217 4.3285369292e+03 0.0000000000e+00 7.8978971344e+02 6.4278760969e+01 0.0000000000e+00 -7.6604444312e+01 2212 0.0000000000e+00 1.0000000000e+00
218 4.3353133016e+03 0.0000000000e+00 7.5170360898e+02 6.4278760969e+01 0.0000000000e+00 -7.6604444312e+01 2212 0.0000000000e+00 1.0000000000e+00
219 4.3246922894e+03 0.0000000000e+00 8.1057778230e+02 6.4278760969e+01 0.0000000000e+00 -7.6604444312e+01 2212 0.0000000000e+00 1.0000000000e+00
220 4.3386669294e+03 0.0000000000e+00 7.3209904702e+02 6.4278760969e+01 0.0000000000e+00 -7.6604444312e+01 2212 0.0000000000e+00 1.0000000000e+00
221 4.3418635428e+03 0.0000000000e+00 7.1289600545e+02 6.4278760969e+01 0.0000000000e+00 -7.6604444312e+01 2212 0.0000000000e+00 1.0000000000e+00
222 4.3263891950e+03 0.0000000000e+00 8.0147131703e+02 6.4278760969e+01 0.0000000000e+00 -7.6604444312e+01 2212 0.0000000000e+00 1.0000000000e+00
223 4.3209573249e+03 0.0000000000e+00 8.3025751157e+02 6.4278760969e+01 0.0000000000e+00 -7.6604444312e+01 2212 0.0000000000e+00 1.0000000000e+00
224 4.3434034581e+03 0.0000000000e+00 7.0345301130e+02 6.4278760969e+01 0.0000000000e+00 -7.6604444312e+01 2212 0.0000000000e+00 1.0000000000e+00
225 4.3345927822e+03 0.0000000000e+00 7.5584730715e+02 6.4278760969e+01 0.0000000000e+00 -7.6604444312e+01 2212 0.0000000000e+00 1.0000000000e+00
226 4.3316062412e+03 0.0000000000e+00 7.7277882338e+02 6.4278760969e+01 0.0000000000e+00 -7.6604444312e+01 2212 0.0000000000e+00 1.0000000000e+00
227 4.3350241508e+03 0.0000000000e+00 7.5336933211e+02 6.4278760969e+01 0.0000000000e+00 -7.6604444312e+01 2212 0.0000000000e+00 1.0000000000e+00
228 4.3197598565e+03 0.0000000000e+00 8.3646549292e+02 6.4278760969e+01 0.0000000000e+00 -7.6604444312e+01 2212 0.0000000000e+00 1.0000000000e+00
229 4.3321397587e+03 0.0000000000e+00 7.6978233961e+02 6.4278760969e+01 0.0000000000e+00 -7.6604444312e+01 2212 0.0000000000e+00 1.0000000000e+00
230 4.3448551521e+03 0.0000000000e+00 6.9443030321e+02 6.4278760969e+01 0.0000000000e+00 -7.6604444312e+01 2212 0.0000000000e+00 1.0000000000e+00
231 4.3445922673e+03 0.0000000000e+00 6.9607310663e+02 6.4278760969e+01 0.0000000000e+00 -7.6604444312e+01 2212 0.0000000000e+00 1.0000000000e+00
232 4.3371528113e+03 0.0000000000e+00 7.4101634945e+02 6.4278760969e+01 0.0000000000e+00 -7.6604444312e+01 2212 0.0000000000e+00 1.0000000000e+00
233 4.3289505472e+03 0.0000000000e+00 7.8751945957e+02 6.4278760969e+01 0.0000000000e+00 -7.6604444312e+01 2212 0.0000000000e+00 1.0000000000e+00
234 4.3335058402e+03 0.0000000000e+00 7.6205437611e+02 6.4278760969e+01 0.0000000000e+00 -7.6604444312e+01 2212 0.0000000000e+00 1.0000000000e+00
235 4.3430170289e+03 0.0000000000e+00 7.0583484313e+02 6.4278760969e+01 0.0000000000e+00 -7.6604444312e+01 2212 0.0000000000e+00 1.0000000000e+00
236 4.3379297904e+03 0.0000000000e+00 7.3645425699e+02 6.4278760969e+01 0.0000000000e+00 -7.6604444312e+01 2212 0.0000000000e+00 1.0000000000e+00
237 4.3313023417e+03 0.0000000000e+00 7.7448031858e+02 6.4278760969e+01 0.0000000000e+00 -7.6604444312e+01 2212 0.0000000000e+00 1.0000000000e+00
238 4.3328748327e+03 0.0000000000e+00 7.6563400044e+02 6.4278760969e+01 0.0000000000e+00 -7.6604444312e+01 2212 0.0000000000e+00 1.0000000000e+00
239 4.3456959579e+03 0.0000000000e+00 6.8914902613e+02 6.4278760969e+01 0.0000000000e+00 -7.6604444312e+01 2212 0.0000000000e+00 1.0000000000e+00
240 4.3440481724e+03 0.0000000000e+00 6.9946066001e+02 6.4278760969e+01 0.0000000000e+00 -7.6604444312e+01 2212 0.0000000000e+00 1.0000000000e+00
241 4.3409301105e+03 0.0000000000e+00 7.1855794129e+02 6.4278760969e+01 0.0000000000e+00 -7.6604444312e+01 2212 0.0000000000e+00 1.0000000000e+00
242 4.3335769389e+03 0.0000000000e+00 7.6164995464e+02 6.4278760969e+01 0.0000000000e+00 -7.6604444312e+01 2212 0.0000000000e+00 1.0000000000e+00
243 4.3444173114e+03 0.0000000000e+00 6.9716423002e+02 6.4278760969e+01 0.0000000000e+00 -7.6604444312e+01 2212 0.0000000000e+00 1.0000000000e+00
244 4.3212606030e+03 0.0000000000e+00 8.2867758479e+02 6.4278760969e+01 0.0000000000e+00 -7.6604444312e+01 2212 0.0000000000e+00 1.0000000000e+00
245 4.3299014161e+03 0.0000000000e+00 7.8227454618e+02 6.4278760969e+01 0.0000000000e+00 -7.6604444312e+01 2212 0.0000000000e+00 1.0000000000e+00
246 4.3349425277e+03 0.0000000000e+00 7.5383885599e+02 6.4278760969e+01 0.0000000000e+00 -7.6604444312e+01 2212 0.0000000000e+00 1.0000000000e+00
247 4.3306081138e+03 0.0000000000e+00 7.7835281456e+02 6.4278760969e+01 0.0000000000e+00 -7.6604444312e+01 2212 0.0000000000e+00 1.0000000000e+00
248 4.3361926022e+03 0.0000000000e+00 7.4661466357e+02 6.4278760969e+01 0.0000000000e+00 -7.6604444312e+01 2212 0.0000000000e+00 1.0000000000e+00
249 4.3273504364e+03 0.0000000000e+00 7.9626499328e+02 6.4278760969e+01 0.0000000000e+00 -7.6604444312e+01 2212 0.0000000000e+00 1.0000000000e+00
250 4.3444151795e+03 0.0000000000e+00 6.9717751441e+02 6.4278760969e+01 0.0000000000e+00 -7.6604444312e+01 2212 0.0000000000e+00 1.0000000000e+00
251 4.3318283465e+03 0.0000000000e+00 7.7153283472e+02 6.4278760969e+01 0.0000000000e+00 -7.6604444312e+01 2212 0.0000000000e+00 1.0000000000e+00
252 4.3308778796e+03 0.0000000000e+00 7.7685039156e+02 6.4278760969e+01 0.0000000000e+00 -7.6604444312e+01 2212 0.0000000000e+00 1.0000000000e+00
253 4.3400390726e+03 0.0000000000e+00 7.2392029088e+02 6.4278760969e+01 0.0000000000e+00 -7.6604444312e+01 2212 0.0000000000e+00 1.0000000000e+00
254 4.3267251803e+03 0.0000000000e+00 7.9965552172e+02 6.4278760969e+01 0.0000000000e+00 -7.6604444312e+01 2212 0.0000000000e+00 1.0000000000e+00
255 4.3352681747e+03 0.0000000000e+00 7.5196382406e+02 6.4278760969e+01 0.0000000000e+00 -7.6604444312e+01 2212 0.0000000000e+00 1.0000000000e+00
256 4.3219888323e+03 0.0000000000e+00 8.2487106424e+02 6.4278760969e+01 0.0000000000e+00 -7.6604444312e+01 2212 0.0000000000e+00 1.0000000000e+00
257 4.3298643696e+03 0.0000000000e+00 7.8247957124e+02 6.4278760969e+01 0.0000000000e+00 -7.6604444312e+01 2212 0.0000000000e+00 1.0000000000e+00
258 4.3327760142e+03 0.0000000000e+00 7.6619302388e+02 6.4278760969e+01 0.0000000000e+00 -7.6604444312e+01 2212 0.0000000000e+00 1.0000000000e+00
259 4.3363788116e+03 0.0000000000e+00 7.4553238761e+02 6.4278760969e+01 0.0000000000e+00 -7.6604444312e+01 2212 0.0000000000e+00 1.0000000000e+00
260 4.3322083306e+03 0.0000000000e+00 7.6939633410e+02 6.4278760969e+01 0.0000000000e+00 -7.6604444312e+01 2212 0.0000000000e+00 1.0000000000e+00
261 4.3393818410e+03 0.0000000000e+00 7.2784955638e+02 6.4278760969e+01 0.0000000000e+00 -7.6604444312e+01 2212 0.0000000000e+00 1.0000000000e+00
262 4.3200293787e+03 0.0000000000e+00 8.3507239586e+02 6.4278760969e+01 0.0000000000e+00 -7.6604444312e+01 2212 0.0000000000e+00 1.0000000000e+00
263 4.3437276937e+03 0.0000000000e+00 7.0144811790e+02 6.4278760969e+01 0.0000000000e+00 -7.6604444312e+01 2212 0.0000000000e+00 1.0000000000e+00
264 4.3382358711e+03 0.0000000000e+00 7.3464907658e+02 6.4278760969e+01 0.0000000000e+00 -7.6604444312e+01 2212 0.0000000000e+00 1.0000000000e+00
265 4.3340075804e+03 0.0000000000e+00 7.5919564788e+02 6.4278760969e+01 0.0000000000e+00 -7.6604444312e+01 2212 0.0000000000e+00 1.0000000000e+00
266 4.3388158553e+03 0.0000000000e+00 7.3121591370e+02 6.4278760969e+01 0.0000000000e+00 -7.6604444312e+01 2212 0.0000000000e+00 1.0000000000e+00
267 4.3336285488e+03 0.0000000000e+00 7.6135625048e+02 6.4278760969e+01 0.0000000000e+00 -7.6604444312e+01 2212 0.0000000000e+00 1.0000000000e+00
268 4.3391437698e+03 0.0000000000e+00 7.2926749791e+02 6.4278760969e+01 0.0000000000e+00 -7.6604444312e+01 2212 0.0000000000e+00 1.0000000000e+00
269 4.3221383108e+03 0.0000000000e+00 8.2408747180e+02 6.4278760969e+01 0.0000000000e+00 -7.6604444312e+01 2212 0.0000000000e+00 1.0000000000e+00
270 4.3308504254e+03 0.0000000000e+00 7.7700343105e+02 6.4278760969e+01 0.0000000000e+00 -7.6604444312e+01 2212 0.0000000000e+00 1.0000000000e+00
271 4.3226862873e+03 0.0000000000e+00 8.2120825631e+02 6.4278760969e+01 0.0000000000e+00 -7.6604444312e+01 2212 0.0000000000e+00 1.0000000000e+00
272 4.3196014671e+03 0.0000000000e+00 8.3728304890e+02 6.4278760969e+01 0.0000000000e+00 -7.6604444312e+01 2212 0.0000000000e+00 1.0000000000e+00
273 4.3369320114e+03 0.0000000000e+00 7.4230752904e+02 6.4278760969e+01 0.0000000000e+00 -7.6604444312e+01 2212 0.0000000000e+00 1.0000000000e+00
274 4.3436197177e+03 0.0000000000e+00 7.0211643375e+02 6.4278760969e+01 0.0000000000e+00 -7.6604444312e+01 2212 0.0000000000e+00 1.0000000000e+00
275 4.3317052246e+03 0.0000000000e+00 7.7222379260e+02 6.4278760969e+01 0.0000000000e+00 -7.6604444312e+01 2212 0.0000000000e+00 1.0000000000e+00
276 4.3406507480e+03 0.0000000000e+00 7.2024358558e+02 6.4278760969e+01 0.0000000000e+00 -7.6604444312e+01 2212 0.0000000000e+00 1.0000000000e+00
277 4.3213810382e+03 0.0000000000e+00 8.2804931115e+02 6.4278760969e+01 0.0000000000e+00 -7.6604444312e+01 2212 0.0000000000e+00 1.0000000000e+00
278 4.3239290919e+03 0.0000000000e+00 8.1463915140e+02 6.4278760969e+01 0.0000000000e+00 -7.6604444312e+01 2212 0.0000000000e+00 1.0000000000e+00
279 4.3235695231e+03 0.0000000000e+00 8.1654535583e+02 6.4278760969e+01 0.0000000000e+00 -7.6604444312e+01 2212 0.0000000000e+00 1.0000000000e+00
280 4.3280685117e+03 0.0000000000e+00 7.9235263411e+02 6.4278760969e+01 0.0000000000e+00 -7.6604444312e+01 2212 0.0000000000e+00 1.0000000000e+00
281 4.3214730139e+03 0.0000000000e+00 8.2756916887e+02 6.4278760969e+01 0.0000000000e+00 -7.6604444312e+01 2212 0.0000000000e+00 1.0000000000e+00
282 4.3360805430e+03 0.0000000000e+00 7.4726518927e+02 6.4278760969e+01 0.0000000000e+00 -7.6604444312e+01 2212 0.0000000000e+00 1.0000000000e+00
283 4.3428918545e+03 0.0000000000e+00 7.0660461309e+02 6.4278760969e+01 0.0000000000e+00 -7.6604444312e+01 2212 0.0000000000e+00 1.0000000000e+00
284 4.3294915169e+03 0.0000000000e+00 7.8453995672e+02 6.4278760969e+01 0.0000000000e+00 -7.6604444312e+01 2212 0.0000000000e+00 1.0000000000e+00
285 4.3238231210e+03 0.0000000000e+00 8.1520142125e+02 6.4278760969e+01 0.0000000000e+00 -7.6604444312e+01 2212 0.0000000000e+00 1.0000000000e+00
286 4.3236683779e+03 0.0000000000e+00 8.1602175000e+02 6.4278760969e+01 0.0000000000e+00 -7.6604444312e+01 2212 0.0000000000e+00 1.0000000000e+00
287 4.3439617179e+03 0.0000000000e+00 6.9999738045e+02 6.4278760969e+01 0.0000000000e+00 -7.6604444312e+01 2212 0.0000000000e+00 1.0000000000e+00
288 4.3242729168e+03 0.0000000000e+00 8.1281208147e+02 6.4278760969e+01 0.0000000000e+00 -7.6604444312e+01 2212 0.0000000000e+00 1.0000000000e+00
289 4.3192644383e+03 0.0000000000e+00 8.3901993460e+02 6.4278760969e+01 0.0000000000e+00 -7.6604444312e+01 2212 0.0000000000e+00 1.0000000000e+00
290 4.3426083080e+03 0.0000000000e+00 7.0834512924e+02 6.4278760969e+01 0.0000000000e+00 -7.6604444312e+01 2212 0.0000000000e+00 1.0000000000e+00
291 4.3409827332e+03 0.0000000000e+00 7.1823996631e+02 6.4278760969e+01 0.0000000000e+00 -7.6604444312e+01 2212 0.0000000000e+00 1.0000000000e+00
292 4.3274395511e+03 0.0000000000e+00 7.9578054190e+02 6.4278760969e+01 0.0000000000e+00 -7.6604444312e+01 2212 0.0000000000e+00 1.0000000000e+00
293 4.3278123708e+03 0.0000000000e+00 7.9375047833e+02 6.4278760969e+01 0.0000000000e+00 -7.6604444312e+01 2212 0.0000000000e+00 1.0000000000e+00
294 4.3354067052e+03 0.0000000000e+00 7.5116472209e+02 6.4278760969e+01 0.0000000000e+00 -7.6604444312e+01 2212 0.0000000000e+00 1.0000000000e+00
295 4.3261746659e+03 0.0000000000e+00 8.0262849351e+02 6.4278760969e+01 0.0000000000e+00 -7.6604444312e+01 2212 0.0000000000e+00 1.0000000000e+00
296 4.3319215200e+03 0.0000000000e+00 7.7100952220e+02 6.4278760969e+01 0.0000000000e+00 -7.6604444312e+01 2212 0.0000000000e+00 1.0000000000e+00
297 4.3401173768e+03 0.0000000000e+00 7.2345068546e+02 6.4278760969e+01 0.0000000000e+00 -7.6604444312e+01 2212 0.0000000000e+00 1.0000000000e+00
298 4.3307643419e+03 0.0000000000e+00 7.7748308895e+02 6.4278760969e+01 0.0000000000e+00 -7.6604444312e+01 2212 0.0000000000e+00 1.0000000000e+00
299 4.3384716862e+03 0.0000000000e+00 7.3325518558e+02 6.4278760969e+01 0.0000000000e+00 -7.6604444312e+01 2212 0.0000000000e+00 1.0000000000e+00
300 4.3429723106e+03 0.0000000000e+00 7.0610994064e+02 6.4278760969e+01 0.0000000000e+00 -7.6604444312e+01 2212 0.0000000000e+00 1.0000000000e+00
301 4.3430595760e+03 0.0000000000e+00 7.0557299994e+02 6.4278760969e+01 0.0000000000e+00 -7.6604444312e+01 2212 0.0000000000e+00 1.0000000000e+00
302 4.3381956176e+03 0.0000000000e+00 7.3488674135e+02 6.4278760969e+01 0.0000000000e+00 -7.6604444312e+01 2212 0.0000000000e+00 1.0000000000e+00
303 4.3437217850e+03 0.0000000000e+00 7.0148470634e+02 6.4278760969e+01 0.0000000000e+00 -7.6604444312e+01 2212 0.0000000000e+00 1.0000000000e+00
304 4.3271386480e+03 0.0000000000e+00 7.9741511134e+02 6.4278760969e+01 0.0000000000e+00 -7.6604444312e+01 2212 0.0000000000e+00 1.0000000000e+00
305 4.3256289175e+03 0.0000000000e+00 8.0556452665e+02 6.4278760969e+01 0.0000000000e+00 -7.6604444312e+01 2212 0.0000000000e+00 1.0000000000e+00
306 4.3210371451e+03 0.0000000000e+00 8.2984199063e+02 6.4278760969e+01 0.0000000000e+00 -7.6604444312e+01 2212 0.0000000000e+00 1.0000000000e+00
307 4.3310437423e+03 0.0000000000e+00 7.7592515175e+02 6.4278760969e+01 0.0000000000e+00 -7.6604444312e+01 2212 0.0000000000e+00 1.0000000000e+00
308 4.3248766152e+03 0.0000000000e+00 8.0959372660e+02 6.4278760969e+01 0.0000000000e+00 -7.6604444312e+01 2212 0.0000000000e+00 1.0000000000e+00
309 4.3239479462e+03 0.0000000000e+00 8.1453907038e+02 6.4278760969e+01 0.0000000000e+00 -7.6604444312e+01 2212 0.0000000000e+00 1.0000000000e+00
310 4.3441748818e+03 0.0000000000e+00 6.9867326815e+02 6.4278760969e+01 0.0000000000e+00 -7.6604444312e+01 2212 0.0000000000e+00 1.0000000000e+00
311 4.3252213113e+03 0.0000000000e+00 8.0775017602e+02 6.4278760969e+01 0.0000000000e+00 -7.6604444312e+01 2212 0.0000000000e+00 1.0000000000e+00
312 4.3422746185e+03 0.0000000000e+00 7.1038783538e+02 6.4278760969e+01 0.0000000000e+00 -7.6604444312e+01 2212 0.0000000000e+00 1.0000000000e+00
313 4.3419141226e+03 0.0000000000e+00 7.1258788294e+02 6.4278760969e+01 0.0000000000e+00 -7.6604444312e+01 2212 0.0000000000e+00 1.0000000000e+00
314 4.3447356741e+03 0.0000000000e+00 6.9517743140e+02 6.4278760969e+01 0.0000000000e+00 -7.6604444312e+01 2212 0.0000000000e+00 1.0000000000e+00
315 4.3437783068e+03 0.0000000000e+00 7.0113462331e+02 6.4278760969e+01 0.0000000000e+00 -7.6604444312e+01 2212 0.0000000000e+00 1.0000000000e+00
316 4.3206837373e+03 0.0000000000e+00 8.3168009560e+02 6.4278760969e+01 0.0000000000e+00 -7.6604444312e+01 2212 0.0000000000e+00 1.0000000000e+00
317 4.3379101250e+03 0.0000000000e+00 7.3657008267e+02 6.4278760969e+01 0.0000000000e+00 -7.6604444312e+01 2212 0.0000000000e+00 1.0000000000e+00
318 4.3352569534e+03 0.0000000000e+00 7.5202851446e+02 6.4278760969e+01 0.0000000000e+00 -7.6604444312e+01 2212 0.0000000000e+00 1.0000000000e+00
319 4.3307121906e+03 0.0000000000e+00 7.7777352830e+02 6.4278760969e+01 0.0000000000e+00 -7.6604444312e+01 2212 0.0000000000e+00 1.0000000000e+00
320 4.3326329067e+03 0.0000000000e+00 7.6700184805e+02 6.4278760969e+01 0.0000000000e+00 -7.6604444312e+01 2212 0.0000000000e+00 1.0000000000e+00
321 4.3255394063e+03 0.0000000000e+00 8.0604502595e+02 6.4278760969e+01 0.0000000000e+00 -7.6604444312e+01 2212 0.0000000000e+00 1.0000000000e+00
322 4.3197945445e+03 0.0000000000e+00 8.3628633380e+02 6.4278760969e+01 0.0000000000e+00 -7.6604444312e+01 2212 0.0000000000e+00 1.0000000000e+00
323 4.3417996892e+03 0.0000000000e+00 7.1328479418e+02 6.4278760969e+01 0.0000000000e+00 -7.6604444312e+01 2212 0.0000000000e+00 1.0000000000e+00
324 4.3297413323e+03 0.0000000000e+00 7.8316009485e+02 6.4278760969e+01 0.0000000000e+00 -7.6604444312e+01 2212 0.0000000000e+00 1.0000000000e+00
325 4.3403324940e+03 0.0000000000e+00 7.2215897175e+02 6.4278760969e+01 0.0000000000e+00 -7.6604444312e+01 2212 0.0000000000e+00 1.0000000000e+00
326 4.3308433944e+03 0.0000000000e+00 7.7704261923e+02 6.4278760969e+01 0.0000000000e+00 -7.6604444312e+01 2212 0.0000000000e+00 1.0000000000e+00
327 4.3393354091e+03 0.0000000000e+00 7.2812632558e+02 6.4278760969e+01 0.0000000000e+00 -7.6604444312e+01 2212 0.0000000000e+00 1.0000000000e+00
328 4.3358968278e+03 0.0000000000e+00 7.4833043334e+02 6.4278760969e+01 0.0000000000e+00 -7.6604444312e+01 2212 0.0000000000e+00 1.0000000000e+00
329 4.3423809165e+03 0.0000000000e+00 7.0973777910e+02 6.4278760969e+01 0.0000000000e+00 -7.6604444312e+01 2212 0.0000000000e+00 1.0000000000e+00
330 4.3376568007e+03 0.0000000000e+00 7.3806044372e+02 6.4278760969e+01 0.0000000000e+00 -7.6604444312e+01 2212 0.0000000000e+00 1.0000000000e+00
331 4.3451662117e+03 0.0000000000e+00 6.9248128620e+02 6.4278760969e+01 0.0000000000e+00 -7.6604444312e+01 2212 0.0000000000e+00 1.0000000000e+00
332 4.3418884354e+03 0.0000000000e+00 7.1274438177e+02 6.4278760969e+01 0.0000000000e+00 -7.6604444312e+01 2212 0.0000000000e+00 1.0000000000e+00
333 4.3307312636e+03 0.0000000000e+00 7.7766732051e+02 6.4278760969e+01 0.0000000000e+00 -7.6604444312e+01 2212 0.0000000000e+00 1.0000000000e+00
334 4.3404027869e+03 0.0000000000e+00 7.2173636921e+02 6.4278760969e+01 0.0000000000e+00 -7.6604444312e+01 2212 0.0000000000e+00 1.0000000000e+00
335 4.3357166388e+03 0.0000000000e+00 7.4937371643e+02 6.4278760969e+01 0.0000000000e+00 -7.6604444312e+01 2212 0.0000000000e+00 1.0000000000e+00
336 4.3304797117e+03 0.0000000000e+00 7.7906688122e+02 6.4278760969e+01 0.0000000000e+00 -7.6604444312e+01 2212 0.0000000000e+00 1.0000000000e+00
337 4.3393632748e+03 0.0000000000e+00 7.2796023797e+02 6.4278760969e+01 0.0000000000e+00 -7.6604444312e+01 2212 0.0000000000e+00 1.0000000000e+00
338 4.3407801681e+03 0.0000000000e+00 7.1946318271e+02 6.4278760969e+01 0.0000000000e+00 -7.6604444312e+01 2212 0.0000000000e+00 1.0000000000e+00
339 4.3267885178e+03 0.0000000000e+00 7.9931274273e+02 6.4278760969e+01 0.0000000000e+00 -7.6604444312e+01 2212 0.0000000000e+00 1.0000000000e+00
340 4.3432305726e+03 0.0000000000e+00 7.0451964646e+02 6.4278760969e+01 0.0000000000e+00 -7.6604444312e+01 2212 0.0000000000e+00 1.0000000000e+00
341 4.3399890779e+03 0.0000000000e+00 7.2421995478e+02 6.4278760969e+01 0.0000000000e+00 -7.6604444312e+01 2212 0.0000000000e+00 1.0000000000e+00
342 4.3266707314e+03 0.0000000000e+00 7.9995007388e+02 6.4278760969e+01 0.0000000000e+00 -7.6604444312e+01 2212 0.0000000000e+00 1.0000000000e+00
343 4.3441461013e+03 0.0000000000e+00 6.9885219446e+02 6.4278760969e+01 0.0000000000e+00 -7.6604444312e+01 2212 0.0000000000e+00 1.0000000000e+00
344 4.3455688010e+03 0.0000000000e+00 6.8995038570e+02 6.4278760969e+01 0.0000000000e+00 -7.6604444312e+01 2212 0.0000000000e+00 1.0000000000e+00
345 4.3427762959e+03 0.0000000000e+00 7.0731448628e+02 6.4278760969e+01 0.0000000000e+00 -7.6604444312e+01 2212 0.0000000000e+00 1.0000000000e+00
346 4.3422471782e+03 0.0000000000e+00 7.1055554513e+02 6.4278760969e+01 0.0000000000e+00 -7.6604444312e+01 2212 0.0000000000e+00 1.0000000000e+00
347 4.3225283636e+03 0.0000000000e+00 8.2203910170e+02 6.4278760969e+01 0.0000000000e+00 -7.6604444312e+01 2212 0.0000000000e+00 1.0000000000e+00
348 4.3391861656e+03 0.0000000000e+00 7.2901519799e+02 6.4278760969e+01 0.0000000000e+00 -7.6604444312e+01 2212 0.0000000000e+00 1.0000000000e+00
349 4.3450399077e+03 0.0000000000e+00 6.9327335106e+02 6.4278760969e+01 0.0000000000e+00 -7.6604444312e+01 2212 0.0000000000e+00 1.0000000000e+00
350 4.3292468996e+03 0.0000000000e+00 7.8588868261e+02 6.4278760969e+01 0.0000000000e+00 -7.6604444312e+01 2212 0.0000000000e+00 1.0000000000e+00
351 4.3277972479e+03 0.0000000000e+00 7.9383292930e+02 6.4278760969e+01 0.0000000000e+00 -7.6604444312e+01 2212 0.0000000000e+00 1.0000000000e+00
352 4.3429884551e+03 0.0000000000e+00 7.0601063591e+02 6.4278760969e+01 0.0000000000e+00 -7.6604444312e+01 2212 0.0000000000e+00 1.0000000000e+00
353 4.3360302038e+03 0.0000000000e+00 7.4755722916e+02 6.4278760969e+01 0.0000000000e+00 -7.6604444312e+01 2212 0.0000000000e+00 1.0000000000e+00
354 4.3426100245e+03 0.0000000000e+00 7.0833460605e+02 6.4278760969e+01 0.0000000000e+00 -7.6604444312e+01 2212 0.0000000000e+00 1.0000000000e+00
355 4.3240018111e+03 0.0000000000e+00 8.1425307903e+02 6.4278760969e+01 0.0000000000e+00 -7.6604444312e+01 2212 0.0000000000e+00 1.0000000000e+00
356 4.3447607070e+03 0.0000000000e+00 6.9502096224e+02 6.4278760969e+01 0.0000000000e+00 -7.6604444312e+01 2212 0.0000000000e+00 1.0000000000e+00
357 4.3423740719e+03 0.0000000000e+00 7.0977965523e+02 6.4278760969e+01 0.0000000000e+00 -7.6604444312e+01 2212 0.0000000000e+00 1.0000000000e+00
358 4.3191627211e+03 0.0000000000e+00 8.3954340405e+02 6.4278760969e+01 0.0000000000e+00 -7.6604444312e+01 2212 0.0000000000e+00 1.0000000000e+00
359 4.3390567006e+03 0.0000000000e+00 7.2978537137e+02 6.4278760969e+01 0.0000000000e+00 -7.6604444312e+01 2212 0.0000000000e+00 1.0000000000e+00
360 4.3196436126e+03 0.0000000000e+00 8.3706558814e+02 6.4278760969e+01 0.0000000000e+00 -7.6604444312e+01 2212 0.0000000000e+00 1.0000000000e+00
361 4.3210567636e+03 0.0000000000e+00 8.2973982948e+02 6.4278760969e+01 0.0000000000e+00 -7.6604444312e+01 2212 0.0000000000e+00 1.0000000000e+00
362 4.3281040234e+03 0.0000000000e+00 7.9215863424e+02 6.4278760969e+01 0.0000000000e+00 -7.6604444312e+01 2212 0.0000000000e+00 1.0000000000e+00
363 4.3336359153e+03 0.0000000000e+00 7.6131431938e+02 6.4278760969e+01 0.0000000000e+00 -7.6604444312e+01 2212 0.0000000000e+00 1.0000000000e+00
364 4.3457160748e+03 0.0000000000e+00 6.8902215949e+02 6.4278760969e+01 0.0000000000e+00 -7.6604444312e+01 2212 0.0000000000e+00 1.0000000000e+00
365 4.3356766542e+03 0.0000000000e+00 7.4960502200e+02 6.4278760969e+01 0.0000000000e+00 -7.6604444312e+01 2212 0.0000000000e+00 1.0000000000e+00
366 4.3234633136e+03 0.0000000000e+00 8.1710752975e+02 6.4278760969e+01 0.0000000000e+00 -7.6604444312e+01 2212 0.0000000000e+00 1.0000000000e+00
367 4.3320271727e+03 0.0000000000e+00 7.7041567628e+02 6.4278760969e+01 0.0000000000e+00 -7.6604444312e+01 2212 0.0000000000e+00 1.0000000000e+00
368 4.3239910122e+03 0.0000000000e+00 8.1431042339e+02 6.4278760969e+01 0.0000000000e+00 -7.6604444312e+01 2212 0.0000000000e+00 1.0000000000e+00
369 4.3355917467e+03 0.0000000000e+00 7.5009595730e+02 6.4278760969e+01 0.0000000000e+00 -7.6604444312e+01 2212 0.0000000000e+00 1.0000000000e+00
370 4.3398737201e+03 0.0000000000e+00 7.2491091350e+02 6.4278760969e+01 0.0000000000e+00 -7.6604444312e+01 2212 0.0000000000e+00 1.0000000000e+00
371 4.3282528560e+03 0.0000000000e+00 7.9134502811e+02 6.4278760969e+01 0.0000000000e+00 -7.6604444312e+01 2212 0.0000000000e+00 1.0000000000e+00
372 4.3211845022e+03 0.0000000000e+00 8.2907432505e+02 6.4278760969e+01 0.0000000000e+00 -7.6604444312e+01 2212 0.0000000000e+00 1.0000000000e+00
373 4.3414139225e+03 0.0000000000e+00 7.1562901869e+02 6.4278760969e+01 0.0000000000e+00 -7.6604444312e+01 2212 0.0000000000e+00 1.0000000000e+00
374 4.3385226505e+03 0.0000000000e+00 7.3295357983e+02 6.4278760969e+01 0.0000000000e+00 -7.6604444312e+01 2212 0.0000000000e+00 1.0000000000e+00
375 4.3218547644e+03 0.0000000000e+00 8.2557321561e+02 6.4278760969e+01 0.0000000000e+00 -7.6604444312e+01 2212 0.0000000000e+00 1.0000000000e+00
376 4.3323291986e+03 0.0000000000e+00 7.6871545708e+02 6.4278760969e+01 0.0000000000e+00 -7.6604444312e+01 2212 0.0000000000e+00 1.0000000000e+00
377 4.3242606083e+03 0.0000000000e+00 8.1287756176e+02 6.4278760969e+01 0.0000000000e+00 -7.6604444312e+01 2212 0.0000000000e+00 1.0000000000e+00
378 4.3194578825e+03 0.0000000000e+00 8.3802347257e+02 6.4278760969e+01 0.0000000000e+00 -7.6604444312e+01 2212 0.0000000000e+00 1.0000000000e+00
379 4.3254995635e+03 0.0000000000e+00 8.0625880759e+02 6.4278760969e+01 0.0000000000e+00 -7.6604444312e+01 2212 0.0000000000e+00 1.0000000000e+00
380 4.3402842606e+03 0.0000000000e+00 7.2244880513e+02 6.4278760969e+01 0.0000000000e+00 -7.6604444312e+01 2212 0.0000000000e+00 1.0000000000e+00
381 4.3324613683e+03 0.0000000000e+00 7.6797020188e+02 6.4278760969e+01 0.0000000000e+00 -7.6604444312e+01 2212 0.0000000000e+00 1.0000000000e+00
382 4.3407719246e+03 0.0000000000e+00 7.1951291677e+02 6.4278760969e+01 0.0000000000e+00 -7.6604444312e+01 2212 0.0000000000e+00 1.0000000000e+00
383 4.3438272782e+03 0.0000000000e+00 7.0083116072e+02 6.4278760969e+01 0.0000000000e+00 -7.6604444312e+01 2212 0.0000000000e+00 1.0000000000e+00
384 4.3234839974e+03 0.0000000000e+00 8.1699808045e+02 6.4278760969e+01 0.0000000000e+00 -7.6604444312e+01 2212 0.0000000000e+00 1.0000000000e+00
385 4.3456251115e+03 0.0000000000e+00 6.8959562700e+02 6.4278760969e+01 0.0000000000e+00 -7.6604444312e+01 2212 0.0000000000e+00 1.0000000000e+00
386 4.3198527618e+03 0.0000000000e+00 8.3598555915e+02 6.4278760969e+01 0.0000000000e+00 -7.6604444312e+01 2212 0.0000000000e+00 1.0000000000e+00
387 4.3359048491e+03 0.0000000000e+00 7.4828395553e+02 6.4278760969e+01 0.0000000000e+00 -7.6604444312e+01 2212 0.0000000000e+00 1.0000000000e+00
388 4.3399620431e+03 0.0000000000e+00 7.2438194570e+02 6.4278760969e+01 0.0000000000e+00 -7.6604444312e+01 2212 0.0000000000e+00 1.0000000000e+00
389 4.3439032296e+03 0.0000000000e+00 7.0036024367e+02 6.4278760969e+01 0.0000000000e+00 -7.6604444312e+01 2212 0.0000000000e+00 1.0000000000e+00
390 4.3255827819e+03 0.0000000000e+00 8.0581222115e+02 6.4278760969e+01 0.0000000000e+00 -7.6604444312e+01 2212 0.0000000000e+00 1.0000000000e+00
391 4.3295502656e+03 0.0000000000e+00 7.8421568264e+02 6.4278760969e+01 0.0000000000e+00 -7.6604444312e+01 2212 0.0000000000e+00 1.0000000000e+00
392 4.3266619272e+03 0.0000000000e+00 7.9999769154e+02 6.4278760969e+01 0.0000000000e+00 -7.6604444312e+01 2212 0.0000000000e+00 1.0000000000e+00
393 4.3193880618e+03 0.0000000000e+00 8.3838327159e+02 6.4278760969e+01 0.0000000000e+00 -7.6604444312e+01 2212 0.0000000000e+00 1.0000000000e+00
394 4.3319988640e+03 0.0000000000e+00 7.7057483811e+02 6.4278760969e+01 0.0000000000e+00 -7.6604444312e+01 2212 0.0000000000e+00 1.0000000000e+00
395 4.3372249888e+03 0.0000000000e+00 7.4059377215e+02 6.4278760969e+01 0.0000000000e+00 -7.6604444312e+01 2212 0.0000000000e+00 1.0000000000e+00
396 4.3263195186e+03 0.0000000000e+00 8.0184734350e+02 6.4278760969e+01 0.0000000000e+00 -7.6604444312e+01 2212 0.0000000000e+00 1.0000000000e+00
397 4.3240102268e+03 0.0000000000e+00 8.1420838711e+02 6.4278760969e+01 0.0000000000e+00 -7.6604444312e+01 2212 0.0000000000e+00 1.0000000000e+00
398 4.3349629264e+03 0.0000000000e+00 7.5372154409e+02 6.4278760969e+01 0.0000000000e+00 -7.6604444312e+01 2212 0.0000000000e+00 1.0000000000e+00
399 4.3330595871e+03 0.0000000000e+00 7.6458770191e+02 6.4278760969e+01 0.0000000000e+00 -7.6604444312e+01 2212 0.0000000000e+00 1.0000000000e+00
400 4.3420892216e+03 0.0000000000e+00 7.1152015474e+02 6.4278760969e+01 0.0000000000e+00 -7.6604444312e+01 2212 0.0000000000e+00 1.0000000000e+00
401 4.3406865744e+03 0.0000000000e+00 7.2002763972e+02 6.4278760969e+01 0.0000000000e+00 -7.6604444312e+01 2212 0.0000000000e+00 1.0000000000e+00
402 4.3298637259e+03 0.0000000000e+00 7.8248313344e+02 6.4278760969e+01 0.0000000000e+00 -7.6604444312e+01 2212 0.0000000000e+00 1.0000000000e+00
403 4.3413671774e+03 0.0000000000e+00 7.1591254342e+02 6.4278760969e+01 0.0000000000e+00 -7.6604444312e+01 2212 0.0000000000e+00 1.0000000000e+00
404 4.3313408598e+03 0.0000000000e+00 7.7426487381e+02 6.4278760969e+01 0.0000000000e+00 -7.6604444312e+01 2212 0.0000000000e+00 1.0000000000e+00
405 4.3295537549e+03 0.0000000000e+00 7.8419641813e+02 6.4278760969e+01 0.0000000000e+00 -7.6604444312e+01 2212 0.0000000000e+00 1.0000000000e+00
406 4.3417329220e+03 0.0000000000e+00 7.1369109060e+02 6.4278760969e+01 0.0000000000e+00 -7.6604444312e+01 2212 0.0000000000e+00 1.0000000000e+00
407 4.3228889064e+03 0.0000000000e+00 8.2014098914e+02 6.4278760969e+01 0.0000000000e+00 -7.6604444312e+01 2212 0.0000000000e+00 1.0000000000e+00
408 4.3296732861e+03 0.0000000000e+00 7.8353619858e+02 6.4278760969e+01 0.0000000000e+00 -7.6604444312e+01 2212 0.0000000000e+00 1.0000000000e+00
409 4.3248340269e+03 0.0000000000e+00 8.0982120176e+02 6.4278760969e+01 0.0000000000e+00 -7.6604444312e+01 2212 0.0000000000e+00 1.0000000000e+00
410 4.3203437108e+03 0.0000000000e+00 8.3344463505e+02 6.4278760969e+01 0.0000000000e+00 -7.6604444312e+01 2212 0.0000000000e+00 1.0000000000e+00
411 4.3197708013e+03 0.0000000000e+00 8.3640896859e+02 6.4278760969e+01 0.0000000000e+00 -7.6604444312e+01 2212 0.0000000000e+00 1.0000000000e+00
412 4.3346043054e+03 0.0000000000e+00 7.5578122128e+02 6.4278760969e+01 0.0000000000e+00 -7.6604444312e+01 2212 0.0000000000e+00 1.0000000000e+00
413 4.3366686681e+03 0.0000000000e+00 7.4384447435e+02 6.4278760969e+01 0.0000000000e+00 -7.6604444312e+01 2212 0.0000000000e+00 1.0000000000e+00
414 4.3318475254e+03 0.0000000000e+00 7.7142514561e+02 6.4278760969e+01 0.0000000000e+00 -7.6604444312e+01 2212 0.0000000000e+00 1.0000000000e+00
415 4.3325826110e+03 0.0000000000e+00 7.6728590328e+02 6.4278760969e+01 0.0000000000e+00 -7.6604444312e+01 2212 0.0000000000e+00 1.0000000000e+00
416 4.3390288970e+03 0.0000000000e+00 7.2995066260e+02 6.4278760969e+01 0.0000000000e+00 -7.6604444312e+01 2212 0.0000000000e+00 1.0000000000e+00
417 4.3252666423e+03 0.0000000000e+00 8.0750740695e+02 6.4278760969e+01 0.0000000000e+00 -7.6604444312e+01 2212 0.0000000000e+00 1.0000000000e+00
418 4.3298733125e+03 0.0000000000e+00 7.8243008405e+02 6.4278760969e+01 0.0000000000e+00 -7.6604444312e+01 2212 0.0000000000e+00 1.0000000000e+00
419 4.3267541616e+03 0.0000000000e+00 7.9949869564e+02 6.4278760969e+01 0.0000000000e+00 -7.6604444312e+01 2212 0.0000000000e+00 1.0000000000e+00
420 4.3419331302e+03 0.0000000000e+00 7.1247205661e+02 6.4278760969e+01 0.0000000000e+00 -7.6604444312e+01 2212 0.0000000000e+00 1.0000000000e+00
421 4.3246004194e+03 0.0000000000e+00 8.1106778476e+02 6.4278760969e+01 0.0000000000e+00 -7.6604444312e+01 2212 0.0000000000e+00 1.0000000000e+00
422 4.3323332076e+03 0.0000000000e+00 7.6869286266e+02 6.4278760969e+01 0.0000000000e+00 -7.6604444312e+01 2212 0.0000000000e+00 1.0000000000e+00
423 4.3431490427e+03 0.0000000000e+00 7.0502207864e+02 6.4278760969e+01 0.0000000000e+00 -7.6604444312e+01 2212 0.0000000000e+00 1.0000000000e+00
424 4.3348144513e+03 0.0000000000e+00 7.5457498744e+02 6.4278760969e+01 0.0000000000e+00 -7.6604444312e+01 2212 0.0000000000e+00 1.0000000000e+00
425 4.3387953356e+03 0.0000000000e+00 7.3133766138e+02 6.4278760969e+01 0.0000000000e+00 -7.6604444312e+01 2212 0.0000000000e+00 1.0000000000e+00
426 4.3373847212e+03 0.0000000000e+00 7.3965770426e+02 6.4278760969e+01 0.0000000000e+00 -7.6604444312e+01 2212 0.0000000000e+00 1.0000000000e+00
427 4.3211568158e+03 0.0000000000e+00 8.2921861561e+02 6.4278760969e+01 0.0000000000e+00 -7.6604444312e+01 2212 0.0000000000e+00 1.0000000000e+00
428 4.3321432945e+03 0.0000000000e+00 7.6976244025e+02 6.4278760969e+01 0.0000000000e+00 -7.6604444312e+01 2212 0.0000000000e+00 1.0000000000e+00
429 4.3261994350e+03 0.0000000000e+00 8.0249497667e+02 6.4278760969e+01 0.0000000000e+00 -7.6604444312e+01 2212 0.0000000000e+00 1.0000000000e+00
430 4.3364111723e+03 0.0000000000e+00 7.4534413756e+02 6.4278760969e+01 0.0000000000e+00 -7.6604444312e+01 2212 0.0000000000e+00 1.0000000000e+00
431 4.3438982870e+03 0.0000000000e+00 7.0039089852e+02 6.4278760969e+01 0.0000000000e+00 -7.6604444312e+01 2212 0.0000000000e+00 1.0000000000e+00
432 4.3255324368e+03 0.0000000000e+00 8.0608242590e+02 6.4278760969e+01 0.0000000000e+00 -7.6604444312e+01 2212 0.0000000000e+00 1.0000000000e+00
433 4.3250540238e+03 0.0000000000e+00 8.0864542911e+02 6.4278760969e+01 0.0000000000e+00 -7.6604444312e+01 2212 0.0000000000e+00 1.0000000000e+00
434 4.3392214298e+03 0.0000000000e+00 7.2880527002e+02 6.4278760969e+01 0.0000000000e+00 -7.6604444312e+01 2212 0.0000000000e+00 1.0000000000e+00
435 4.3322410569e+03 0.0000000000e+00 7.6921204088e+02 6.4278760969e+01 0.0000000000e+00 -7.6604444312e+01 2212 0.0000000000e+00 1.0000000000e+00
436 4.3299615452e+03 0.0000000000e+00 7.8194165773e+02 6.4278760969e+01 0.0000000000e+00 -7.6604444312e+01 2212 0.0000000000e+00 1.0000000000e+00
437 4.3399875105e+03 0.0000000000e+00 7.2422934756e+02 6.4278760969e+01 0.0000000000e+00 -7.6604444312e+01 2212 0.0000000000e+00 1.0000000000e+00
438 4.3247694977e+03 0.0000000000e+00 8.1016574285e+02 6.4278760969e+01 0.0000000000e+00 -7.6604444312e+01 2212 0.0000000000e+00 1.0000000000e+00
439 4.3340145411e+03 0.0000000000e+00 7.5915591042e+02 6.4278760969e+01 0.0000000000e+00 -7.6604444312e+01 2212 0.0000000000e+00 1.0000000000e+00
440 4.3269127162e+03 0.0000000000e+00 7.9864014734e+02 6.4278760969e+01 0.0000000000e+00 -7.6604444312e+01 2212 0.0000000000e+00 1.0000000000e+00
441 4.3345079936e+03 0.0000000000e+00 7.5633338695e+02 6.4278760969e+01 0.0000000000e+00 -7.6604444312e+01 2212 0.0000000000e+00 1.0000000000e+00
442 4.3262998722e+03 0.0000000000e+00 8.0195333714e+02 6.4278760969e+01 0.0000000000e+00 -7.6604444312e+01 2212 0.0000000000e+00 1.0000000000e+00
443 4.3259047974e+03 0.0000000000e+00 8.0408172642e+02 6.4278760969e+01 0.0000000000e+00 -7.6604444312e+01 2212 0.0000000000e+00 1.0000000000e+00
444 4.3235572618e+03 0.0000000000e+00 8.1661027617e+02 6.4278760969e+01 0.0000000000e+00 -7.6604444312e+01 2212 0.0000000000e+00 1.0000000000e+00
445 4.3270469289e+03 0.0000000000e+00 7.9791266050e+02 6.4278760969e+01 0.0000000000e+00 -7.6604444312e+01 2212 0.0000000000e+00 1.0000000000e+00
446 4.3401972222e+03 0.0000000000e+00 7.2297151471e+02 6.4278760969e+01 0.0000000000e+00 -7.6604444312e+01 2212 0.0000000000e+00 1.0000000000e+00
447 4.3196525250e+03 0.0000000000e+00 8.3701959483e+02 6.4278760969e+01 0.0000000000e+00 -7.6604444312e+01 2212 0.0000000000e+00 1.0000000000e+00
448 4.3264729578e+03 0.0000000000e+00 8.0101902842e+02 6.4278760969e+01 0.0000000000e+00 -7.6604444312e+01 2212 0.0000000000e+00 1.0000000000e+00
449 4.3310695665e+03 0.0000000000e+00 7.7578099308e+02 6.4278760969e+01 0.0000000000e+00 -7.6604444312e+01 2212 0.0000000000e+00 1.0000000000e+00
450 4.3228545675e+03 0.0000000000e+00 8.2032196568e+02 6.4278760969e+01 0.0000000000e+00 -7.6604444312e+01 2212 0.0000000000e+00 1.0000000000e+00
451 4.3205310970e+03 0.0000000000e+00 8.3247268936e+02 6.4278760969e+01 0.0000000000e+00 -7.6604444312e+01 2212 0.0000000000e+00 1.0000000000e+00
452 4.3374871243e+03 0.0000000000e+00 7.3905695682e+02 6.4278760969e+01 0.0000000000e+00 -7.6604444312e+01 2212 0.0000000000e+00 1.0000000000e+00
453 4.3208852684e+03 0.0000000000e+00 8.3063243171e+02 6.4278760969e+01 0.0000000000e+00 -7.6604444312e+01 2212 0.0000000000e+00 1.0000000000e+00
454 4.3308084856e+03 0.0000000000e+00 7.7723715799e+02 6.4278760969e+01 0.0000000000e+00 -7.6604444312e+01 2212 0.0000000000e+00 1.0000000000e+00
455 4.3282398348e+03 0.0000000000e+00 7.9141624423e+02 6.4278760969e+01 0.0000000000e+00 -7.6604444312e+01 2212 0.0000000000e+00 1.0000000000e+00
456 4.3375541968e+03 0.0000000000e+00 7.3866320402e+02 6.4278760969e+01 0.0000000000e+00 -7.6604444312e+01 2212 0.0000000000e+00 1.0000000000e+00
457 4.3316269555e+03 0.0000000000e+00 7.7266270616e+02 6.4278760969e+01 0.0000000000e+00 -7.6604444312e+01 2212 0.0000000000e+00 1.0000000000e+00
458 4.3373489357e+03 0.0000000000e+00 7.3986752130e+02 6.4278760969e+01 0.0000000000e+00 -7.6604444312e+01 2212 0.0000000000e+00 1.0000000000e+00
459 4.3240252508e+03 0.0000000000e+00 8.1412859522e+02 6.4278760969e+01 0.0000000000e+00 -7.6604444312e+01 2212 0.0000000000e+00 1.0000000000e+00
460 4.3278634663e+03 0.0000000000e+00 7.9347183707e+02 6.4278760969e+01 0.0000000000e+00 -7.6604444312e+01 2212 0.0000000000e+00 1.0000000000e+00
461 4.3277512444e+03 0.0000000000e+00 7.9408368947e+02 6.4278760969e+01 0.0000000000e+00 -7.6604444312e+01 2212 0.0000000000e+00 1.0000000000e+00
462 4.3249500915e+03 0.0000000000e+00 8.0920111543e+02 6.4278760969e+01 0.0000000000e+00 -7.6604444312e+01 2212 0.0000000000e+00 1.0000000000e+00
463 4.3317978884e+03 0.0000000000e+00 7.7170382452e+02 6.4278760969e+01 0.0000000000e+00 -7.6604444312e+01 2212 0.0000000000e+00 1.0000000000e+00
464 4.3255365587e+03 0.0000000000e+00 8.0606030679e+02 6.4278760969e+01 0.0000000000e+00 -7.6604444312e+01 2212 0.0000000000e+00 1.0000000000e+00
465 4.3324342369e+03 0.0000000000e+00 7.6812324645e+02 6.4278760969e+01 0.0000000000e+00 -7.6604444312e+01 2212 0.0000000000e+00 1.0000000000e+00
466 4.3226375793e+03 0.0000000000e+00 8.2146460454e+02 6.4278760969e+01 0.0000000000e+00 -7.6604444312e+01 2212 0.0000000000e+00 1.0000000000e+00
467 4.3384906004e+03 0.0000000000e+00 7.3314326673e+02 6.4278760969e+01 0.0000000000e+00 -7.6604444312e+01 2212 0.0000000000e+00 1.0000000000e+00
468 4.3202445371e+03 0.0000000000e+00 8.3395855925e+02 6.4278760969e+01 0.0000000000e+00 -7.6604444312e+01 2212 0.0000000000e+00 1.0000000000e+00
469 4.3383989262e+03 0.0000000000e+00 7.3368555689e+02 6.4278760969e+01 0.0000000000e+00 -7.6604444312e+01 2212 0.0000000000e+00 1.0000000000e+00
470 4.3201567778e+03 0.0000000000e+00 8.3441305949e+02 6.4278760969e+01 0.0000000000e+00 -7.6604444312e+01 2212 0.0000000000e+00 1.0000000000e+00
471 4.3356286016e+03 0.0000000000e+00 7.4988290265e+02 6.4278760969e+01 0.0000000000e+00 -7.6604444312e+01 2212 0.0000000000e+00 1.0000000000e+00
472 4.3257746721e+03 0.0000000000e+00 8.0478147649e+02 6.4278760969e+01 0.0000000000e+00 -7.6604444312e+01 2212 0.0000000000e+00 1.0000000000e+00
473 4.3451764456e+03 0.0000000000e+00 6.9241706750e+02 6.4278760969e+01 0.0000000000e+00 -7.6604444312e+01 2212 0.0000000000e+00 1.0000000000e+00
474 4.3257144631e+03 0.0000000000e+00 8.0510503800e+02 6.4278760969e+01 0.0000000000e+00 -7.6604444312e+01 2212 0.0000000000e+00 1.0000000000e+00
475 4.3374099865e+03 0.0000000000e+00 7.3950953180e+02 6.4278760969e+01 0.0000000000e+00 -7.6604444312e+01 2212 0.0000000000e+00 1.0000000000e+00
476 4.3364443057e+03 0.0000000000e+00 7.4515134168e+02 6.4278760969e+01 0.0000000000e+00 -7.6604444312e+01 2212 0.0000000000e+00 1.0000000000e+00
477 4.3428534578e+03 0.0000000000e+00 7.0684056400e+02 6.4278760969e+01 0.0000000000e+00 -7.6604444312e+01 2212 0.0000000000e+00 1.0000000000e+00
478 4.3432167232e+03 0.0000000000e+00 7.0460502002e+02 6.4278760969e+01 0.0000000000e+00 -7.6604444312e+01 2212 0.0000000000e+00 1.0000000000e+00
479 4.3308499996e+03 0.0000000000e+00 7.7700580411e+02 6.4278760969e+01 0.0000000000e+00 -7.6604444312e+01 2212 0.0000000000e+00 1.0000000000e+00
480 4.3404078710e+03 0.0000000000e+00 7.2170579353e+02 6.4278760969e+01 0.0000000000e+00 -7.6604444312e+01 2212 0.0000000000e+00 1.0000000000e+00
481 4.3408691788e+03 0.0000000000e+00 7.1892594274e+02 6.4278760969e+01 0.0000000000e+00 -7.6604444312e+01 2212 0.0000000000e+00 1.0000000000e+00
482 4.3389307671e+03 0.0000000000e+00 7.3053373470e+02 6.4278760969e+01 0.0000000000e+00 -7.6604444312e+01 2212 0.0000000000e+00 1.0000000000e+00
483 4.3231530672e+03 0.0000000000e+00 8.1874739491e+02 6.4278760969e+01 0.0000000000e+00 -7.6604444312e+01 2212 0.0000000000e+00 1.0000000000e+00
484 4.3280036715e+03 0.0000000000e+00 7.9270672891e+02 6.4278760969e+01 0.0000000000e+00 -7.6604444312e+01 2212 0.0000000000e+00 1.0000000000e+00
485 4.3266326556e+03 0.0000000000e+00 8.0015598635e+02 6.4278760969e+01 0.0000000000e+00 -7.6604444312e+01 2212 0.0000000000e+00 1.0000000000e+00
486 4.3294529838e+03 0.0000000000e+00 7.8475257252e+02 6.4278760969e+01 0.0000000000e+00 -7.6604444312e+01 2212 0.0000000000e+00 1.0000000000e+00
487 4.3256707099e+03 0.0000000000e+00 8.0534008230e+02 6.4278760969e+01 0.0000000000e+00 -7.6604444312e+01 2212 0.0000000000e+00 1.0000000000e+00
488 4.3248047657e+03 0.0000000000e+00 8.0997745501e+02 6.4278760969e+01 0.0000000000e+00 -7.6604444312e+01 2212 0.0000000000e+00 1.0000000000e+00
489 4.3340168131e+03 0.0000000000e+00 7.5914293970e+02 6.4278760969e+01 0.0000000000e+00 -7.6604444312e+01 2212 0.0000000000e+00 1.0000000000e+00
490 4.3442677397e+03 0.0000000000e+00 6.9809565586e+02 6.4278760969e+01 0.0000000000e+00 -7.6604444312e+01 2212 0.0000000000e+00 1.0000000000e+00
491 4.3382471053e+03 0.0000000000e+00 7.3458273360e+02 6.4278760969e+01 0.0000000000e+00 -7.6604444312e+01 2212 0.0000000000e+00 1.0000000000e+00
492 4.3347904951e+03 0.0000000000e+00 7.5471259591e+02 6.4278760969e+01 0.0000000000e+00 -7.6604444312e+01 2212 0.0000000000e+00 1.0000000000e+00
493 4.3261528901e+03 0.0000000000e+00 8.0274585651e+02 6.4278760969e+01 0.0000000000e+00 -7.6604444312e+01 2212 0.0000000000e+00 1.0000000000e+00
494 4.3413504505e+03 0.0000000000e+00 7.1601396983e+02 6.4278760969e+01 0.0000000000e+00 -7.6604444312e+01 2212 0.0000000000e+00 1.0000000000e+00
495 4.3247769880e+03 0.0000000000e+00 8.1012575758e+02 6.4278760969e+01 0.0000000000e+00 -7.6604444312e+01 2212 0.0000000000e+00 1.0000000000e+00
496 4.3290643102e+03 0.0000000000e+00 7.8689385392e+02 6.4278760969e+01 0.0000000000e+00 -7.6604444312e+01 2212 0.0000000000e+00 1.0000000000e+00
497 4.3406699460e+03 0.0000000000e+00 7.2012787656e+02 6.4278760969e+01 0.0000000000e+00 -7.6604444312e+01 2212 0.0000000000e+00 1.0000000000e+00
498 4.3409103139e+03 0.0000000000e+00 7.1867752531e+02 6.4278760969e+01 0.0000000000e+00 -7.6604444312e+01 2212 0.0000000000e+00 1.0000000000e+00
499 4.3306069013e+03 0.0000000000e+00 7.7835956059e+02 6.4278760969e+01 0.0000000000e+00 -7.6604444312e+01 2212 0.0000000000e+00 1.0000000000e+00
500 4.3221819550e+03 0.0000000000e+00 8.2385853588e+02 6.4278760969e+01 0.0000000000e+00 -7.6604444312e+01 2212 0.0000000000e+00 1.0000000000e+00
501 4.3314115392e+03 0.0000000000e+00 7.7386937951e+02 6.4278760969e+01 0.0000000000e+00 -7.6604444312e+01 2212 0.0000000000e+00 1.0000000000e+00
502 4.3386925895e+03 0.0000000000e+00 7.3194696023e+02 6.4278760969e+01 0.0000000000e+00 -7.6604444312e+01 2212 0.0000000000e+00 1.0000000000e+00
503 4.3364826174e+03 0.0000000000e+00 7.4492835057e+02 6.4278760969e+01 0.0000000000e+00 -7.6604444312e+01 2212 0.0000000000e+00 1.0000000000e+00
504 4.3438271965e+03 0.0000000000e+00 7.0083166736e+02 6.4278760969e+01 0.0000000000e+00 -7.6604444312e+01 2212 0.0000000000e+00 1.0000000000e+00
505 4.3378387736e+03 0.0000000000e+00 7.3699017167e+02 6.4278760969e+01 0.0000000000e+00 -7.6604444312e+01 2212 0.0000000000e+00 1.0000000000e+00
506 4.3410073870e+03 0.0000000000e+00 7.1809094443e+02 6.4278760969e+01 0.0000000000e+00 -7.6604444312e+01 2212 0.0000000000e+00 1.0000000000e+00
507 4.3313135171e+03 0.0000000000e+00 7.7441781705e+02 6.4278760969e+01 0.0000000000e+00 -7.6604444312e+01 2212 0.0000000000e+00 1.0000000000e+00
508 4.3284642365e+03 0.0000000000e+00 7.9018801075e+02 6.4278760969e+01 0.0000000000e+00 -7.6604444312e+01 2212 0.0000000000e+00 1.0000000000e+00
509 4.3275806803e+03 0.0000000000e+00 7.9501270093e+02 6.4278760969e+01 0.0000000000e+00 -7.6604444312e+01 2212 0.0000000000e+00 1.0000000000e+00
510 4.3264644419e+03 0.0000000000e+00 8.0106502333e+02 6.4278760969e+01 0.0000000000e+00 -7.6604444312e+01 2212 0.0000000000e+00 1.0000000000e+00
511 4.3457634126e+03 0.0000000000e+00 6.8872352980e+02 6.4278760969e+01 0.0000000000e+00 -7.6604444312e+01 2212 0.0000000000e+00 1.0000000000e+00
512 4.3330207238e+03 0.0000000000e+00 7.6480791435e+02 6.4278760969e+01 0.0000000000e+00 -7.6604444312e+01 2212 0.0000000000e+00 1.0000000000e+00
513 4.3248384955e+03 0.0000000000e+00 8.0979733694e+02 6.4278760969e+01 0.0000000000e+00 -7.6604444312e+01 2212 0.0000000000e+00 1.0000000000e+00
514 4.3308303514e+03 0.0000000000e+00 7.7711531072e+02 6.4278760969e+01 0.0000000000e+00 -7.6604444312e+01 2212 0.0000000000e+00 1.0000000000e+00
515 4.3346910265e+03 0.0000000000e+00 7.5528368408e+02 6.4278760969e+01 0.0000000000e+00 -7.6604444312e+01 2212 0.0000000000e+00 1.0000000000e+00
516 4.3311372509e+03 0.0000000000e+00 7.7540302586e+02 6.4278760969e+01 0.0000000000e+00 -7.6604444312e+01 2212 0.0000000000e+00 1.0000000000e+00
517 4.3324350791e+03 0.0000000000e+00 7.6811849598e+02 6.4278760969e+01 0.0000000000e+00 -7.6604444312e+01 2212 0.0000000000e+00 1.0000000000e+00
518 4.3213247608e+03 0.0000000000e+00 8.2834295457e+02 6.4278760969e+01 0.0000000000e+00 -7.6604444312e+01 2212 0.0000000000e+00 1.0000000000e+00
519 4.3217399506e+03 0.0000000000e+00 8.2617403634e+02 6.4278760969e+01 0.0000000000e+00 -7.6604444312e+01 2212 0.0000000000e+00 1.0000000000e+00
520 4.3358833332e+03 0.0000000000e+00 7.4840861829e+02 6.4278760969e+01 0.0000000000e+00 -7.6604444312e+01 2212 0.0000000000e+00 1.0000000000e+00
521 4.3280611598e+03 0.0000000000e+00 7.9239279133e+02 6.4278760969e+01 0.0000000000e+00 -7.6604444312e+01 2212 0.0000000000e+00 1.0000000000e+00
522 4.3395856114e+03 0.0000000000e+00 7.2663364908e+02 6.4278760969e+01 0.0000000000e+00 -7.6604444312e+01 2212 0.0000000000e+00 1.0000000000e+00
523 4.3357601781e+03 0.0000000000e+00 7.4912176365e+02 6.4278760969e+01 0.0000000000e+00 -7.6604444312e+01 2212 0.0000000000e+00 1.0000000000e+00
524 4.3408566657e+03 0.0000000000e+00 7.1900149265e+02 6.4278760969e+01 0.0000000000e+00 -7.6604444312e+01 2212 0.0000000000e+00 1.0000000000e+00
525 4.3205958924e+03 0.0000000000e+00 8.3213633112e+02 6.4278760969e+01 0.0000000000e+00 -7.6604444312e+01 2212 0.0000000000e+00 1.0000000000e+00
526 4.3299565893e+03 0.0000000000e+00 7.8196910007e+02 6.4278760969e+01 0.0000000000e+00 -7.6604444312e+01 2212 0.0000000000e+00 1.0000000000e+00
527 4.3295871303e+03 0.0000000000e+00 7.8401213004e+02 6.4278760969e+01 0.0000000000e+00 -7.6604444312e+01 2212 0.0000000000e+00 1.0000000000e+00
528 4.3408461727e+03 0.0000000000e+00 7.1906484006e+02 6.4278760969e+01 0.0000000000e+00 -7.6604444312e+01 2212 0.0000000000e+00 1.0000000000e+00
529 4.3228742881e+03 0.0000000000e+00 8.2021803677e+02 6.4278760969e+01 0.0000000000e+00 -7.6604444312e+01 2212 0.0000000000e+00 1.0000000000e+00
530 4.3323998078e+03 0.0000000000e+00 7.6831741101e+02 6.4278760969e+01 0.0000000000e+00 -7.6604444312e+01 2212 0.0000000000e+00 1.0000000000e+00
531 4.3199195484e+03 0.0000000000e+00 8.3564037359e+02 6.4278760969e+01 0.0000000000e+00 -7.6604444312e+01 2212 0.0000000000e+00 1.0000000000e+00
532 4.3389294384e+03 0.0000000000e+00 7.3054162591e+02 6.4278760969e+01 0.0000000000e+00 -7.6604444312e+01 2212 0.0000000000e+00 1.0000000000e+00
533 4.3392024107e+03 0.0000000000e+00 7.2891849882e+02 6.4278760969e+01 0.0000000000e+00 -7.6604444312e+01 2212 0.0000000000e+00 1.0000000000e+00
534 4.3246104277e+03 0.0000000000e+00 8.1101441854e+02 6.4278760969e+01 0.0000000000e+00 -7.6604444312e+01 2212 0.0000000000e+00 1.0000000000e+00
535 4.3266903881e+03 0.0000000000e+00 7.9984375004e+02 6.4278760969e+01 0.0000000000e+00 -7.6604444312e+01 2212 0.0000000000e+00 1.0000000000e+00
536 4.3313984312e+03 0.0000000000e+00 7.7394274280e+02 6.4278760969e+01 0.0000000000e+00 -7.6604444312e+01 2212 0.0000000000e+00 1.0000000000e+00
537 4.3386762215e+03 0.0000000000e+00 7.3204397672e+02 6.4278760969e+01 0.0000000000e+00 -7.6604444312e+01 2212 0.0000000000e+00 1.0000000000e+00
538 4.3415047242e+03 0.0000000000e+00 7.1507794587e+02 6.4278760969e+01 0.0000000000e+00 -7.6604444312e+01 2212 0.0000000000e+00 1.0000000000e+00
539 4.3378032045e+03 0.0000000000e+00 7.3719949697e+02 6.4278760969e+01 0.0000000000e+00 -7.6604444312e+01 2212 0.0000000000e+00 1.0000000000e+00
540 4.3415747069e+03 0.0000000000e+00 7.1465292534e+02 6.4278760969e+01 0.0000000000e+00 -7.6604444312e+01 2212 0.0000000000e+00 1.0000000000e+00
541 4.3414342006e+03 0.0000000000e+00 7.1550598923e+02 6.4278760969e+01 0.0000000000e+00 -7.6604444312e+01 2212 0.0000000000e+00 1.0000000000e+00
542 4.3246192824e+03 0.0000000000e+00 8.1096720105e+02 6.4278760969e+01 0.0000000000e+00 -7.6604444312e+01 2212 0.0000000000e+00 1.0000000000e+00
543 4.3406916448e+03 0.0000000000e+00 7.1999707195e+02 6.4278760969e+01 0.0000000000e+00 -7.6604444312e+01 2212 0.0000000000e+00 1.0000000000e+00
544 4.3197476319e+03 0.0000000000e+00 8.3652862187e+02 6.4278760969e+01 0.0000000000e+00 -7.6604444312e+01 2212 0.0000000000e+00 1.0000000000e+00
545 4.3359452125e+03 0.0000000000e+00 7.4805003355e+02 6.4278760969e+01 0.0000000000e+00 -7.6604444312e+01 2212 0.0000000000e+00 1.0000000000e+00
546 4.3384719294e+03 0.0000000000e+00 7.3325374657e+02 6.4278760969e+01 0.0000000000e+00 -7.6604444312e+01 2212 0.0000000000e+00 1.0000000000e+00
547 4.3332608061e+03 0.0000000000e+00 7.6344647844e+02 6.4278760969e+01 0.0000000000e+00 -7.6604444312e+01 2212 0.0000000000e+00 1.0000000000e+00
548 4.3290191500e+03 0.0000000000e+00 7.8714226023e+02 6.4278760969e+01 0.0000000000e+00 -7.6604444312e+01 2212 0.0000000000e+00 1.0000000000e+00
549 4.3312931109e+03 0.0000000000e+00 7.7453194023e+02 6.4278760969e+01 0.0000000000e+00 -7.6604444312e+01 2212 0.0000000000e+00 1.0000000000e+00
550 4.3309901123e+03 0.0000000000e+00 7.7622444297e+02 6.4278760969e+01 0.0000000000e+00 -7.6604444312e+01 2212 0.0000000000e+00 1.0000000000e+00
551 4.3220880899e+03 0.0000000000e+00 8.2435082484e+02 6.4278760969e+01 0.0000000000e+00 -7.6604444312e+01 2212 0.0000000000e+00 1.0000000000e+00
552 4.3401142969e+03 0.0000000000e+00 7.2346916198e+02 6.4278760969e+01 0.0000000000e+00 -7.6604444312e+01 2212 0.0000000000e+00 1.0000000000e+00
553 4.3327942311e+03 0.0000000000e+00 7.6609000137e+02 6.4278760969e+01 0.0000000000e+00 -7.6604444312e+01 2212 0.0000000000e+00 1.0000000000e+00
554 4.3449331069e+03 0.0000000000e+00 6.9394238603e+02 6.4278760969e+01 0.0000000000e+00 -7.6604444312e+01 2212 0.0000000000e+00 1.0000000000e+00
555 4.3304713828e+03 0.0000000000e+00 7.7911317631e+02 6.4278760969e+01 0.0000000000e+00 -7.6604444312e+01 2212 0.0000000000e+00 1.0000000000e+00
556 4.3432168246e+03 0.0000000000e+00 7.0460439505e+02 6.4278760969e+01 0.0000000000e+00 -7.6604444312e+01 2212 0.0000000000e+00 1.0000000000e+00
557 4.3354589203e+03 0.0000000000e+00 7.5086329621e+02 6.4278760969e+01 0.0000000000e+00 -7.6604444312e+01 2212 0.0000000000e+00 1.0000000000e+00
558 4.3230662868e+03 0.0000000000e+00 8.1920548005e+02 6.4278760969e+01 0.0000000000e+00 -7.6604444312e+01 2212 0.0000000000e+00 1.0000000000e+00
559 4.3316565465e+03 0.0000000000e+00 7.7249679728e+02 6.4278760969e+01 0.0000000000e+00 -7.6604444312e+01 2212 0.0000000000e+00 1.0000000000e+00
560 4.3408624002e+03 0.0000000000e+00 7.1896687066e+02 6.4278760969e+01 0.0000000000e+00 -7.6604444312e+01 2212 0.0000000000e+00 1.0000000000e+00
561 4.3258709099e+03 0.0000000000e+00 8.0426401738e+02 6.4278760969e+01 0.0000000000e+00 -7.6604444312e+01 2212 0.0000000000e+00 1.0000000000e+00
562 4.3379229577e+03 0.0000000000e+00 7.3649450217e+02 6.4278760969e+01 0.0000000000e+00 -7.6604444312e+01 2212 0.0000000000e+00 1.0000000000e+00
563 4.3366860039e+03 0.0000000000e+00 7.4374339843e+02 6.4278760969e+01 0.0000000000e+00 -7.6604444312e+01 2212 0.0000000000e+00 1.0000000000e+00
564 4.3339532236e+03 0.0000000000e+00 7.5950588859e+02 6.4278760969e+01 0.0000000000e+00 -7.6604444312e+01 2212 0.0000000000e+00 1.0000000000e+00
565 4.3257391557e+03 0.0000000000e+00 8.0497235722e+02 6.4278760969e+01 0.0000000000e+00 -7.6604444312e+01 2212 0.0000000000e+00 1.0000000000e+00
566 4.3425611210e+03 0.0000000000e+00 7.0863435511e+02 6.4278760969e+01 0.0000000000e+00 -7.6604444312e+01 2212 0.0000000000e+00 1.0000000000e+00
567 4.3263621741e+03 0.0000000000e+00 8.0161716364e+02 6.4278760969e+01 0.0000000000e+00 -7.6604444312e+01 2212 0.0000000000e+00 1.0000000000e+00
568 4.3397389270e+03 0.0000000000e+00 7.2571742721e+02 6.4278760969e+01 0.0000000000e+00 -7.6604444312e+01 2212 0.0000000000e+00 1.0000000000e+00
569 4.3453125768e+03 0.0000000000e+00 6.9156225249e+02 6.4278760969e+01 0.0000000000e+00 -7.6604444312e+01 2212 0.0000000000e+00 1.0000000000e+00
570 4.3218681250e+03 0.0000000000e+00 8.2550327028e+02 6.4278760969e+01 0.0000000000e+00 -7.6604444312e+01 2212 0.0000000000e+00 1.0000000000e+00
571 4.3317224272e+03 0.0000000000e+00 7.7212729030e+02 6.4278760969e+01 0.0000000000e+00 -7.6604444312e+01 2212 0.0000000000e+00 1.0000000000e+00
572 4.3285283876e+03 0.0000000000e+00 7.8983652503e+02 6.4278760969e+01 0.0000000000e+00 -7.6604444312e+01 2212 0.0000000000e+00 1.0000000000e+00
573 4.3215128686e+03 0.0000000000e+00 8.2736102486e+02 6.4278760969e+01 0.0000000000e+00 -7.6604444312e+01 2212 0.0000000000e+00 1.0000000000e+00
574 4.3307964866e+03 0.0000000000e+00 7.7730401436e+02 6.4278760969e+01 0.0000000000e+00 -7.6604444312e+01 2212 0.0000000000e+00 1.0000000000e+00
575 4.3226326072e+03 0.0000000000e+00 8.2149076788e+02 6.4278760969e+01 0.0000000000e+00 -7.6604444312e+01 2212 0.0000000000e+00 1.0000000000e+00
576 4.3191878445e+03 0.0000000000e+00 8.3941414239e+02 6.4278760969e+01 0.0000000000e+00 -7.6604444312e+01 2212 0.0000000000e+00 1.0000000000e+00
577 4.3321577058e+03 0.0000000000e+00 7.6968133083e+02 6.4278760969e+01 0.0000000000e+00 -7.6604444312e+01 2212 0.0000000000e+00 1.0000000000e+00
578 4.3357310142e+03 0.0000000000e+00 7.4929053860e+02 6.4278760969e+01 0.0000000000e+00 -7.6604444312e+01 2212 0.0000000000e+00 1.0000000000e+00
579 4.3403765738e+03 0.0000000000e+00 7.2189399239e+02 6.4278760969e+01 0.0000000000e+00 -7.6604444312e+01 2212 0.0000000000e+00 1.0000000000e+00
580 4.3379350642e+03 0.0000000000e+00 7.3642319199e+02 6.4278760969e+01 0.0000000000e+00 -7.6604444312e+01 2212 0.0000000000e+00 1.0000000000e+00
581 4.3304196889e+03 0.0000000000e+00 7.7940044678e+02 6.4278760969e+01 0.0000000000e+00 -7.6604444312e+01 2212 0.0000000000e+00 1.0000000000e+00
582 4.3295405417e+03 0.0000000000e+00 7.8426936497e+02 6.4278760969e+01 0.0000000000e+00 -7.6604444312e+01 2212 0.0000000000e+00 1.0000000000e+00
583 4.3364331601e+03 0.0000000000e+00 7.4521620139e+02 6.4278760969e+01 0.0000000000e+00 -7.6604444312e+01 2212 0.0000000000e+00 1.0000000000e+00
584 4.3303653885e+03 0.0000000000e+00 7.7970208474e+02 6.4278760969e+01 0.0000000000e+00 -7.6604444312e+01 2212 0.0000000000e+00 1.0000000000e+00
585 4.3408784664e+03 0.0000000000e+00 7.1886986247e+02 6.4278760969e+01 0.0000000000e+00 -7.6604444312e+01 2212 0.0000000000e+00 1.0000000000e+00
586 4.3324952986e+03 0.0000000000e+00 7.6777876139e+02 6.4278760969e+01 0.0000000000e+00 -7.6604444312e+01 2212 0.0000000000e+00 1.0000000000e+00
587 4.3330086463e+03 0.0000000000e+00 7.6487633662e+02 6.4278760969e+01 0.0000000000e+00 -7.6604444312e+01 2212 0.0000000000e+00 1.0000000000e+00
588 4.3352991638e+03 0.0000000000e+00 7.5178514191e+02 6.4278760969e+01 0.0000000000e+00 -7.6604444312e+01 2212 0.0000000000e+00 1.0000000000e+00
589 4.3202513761e+03 0.0000000000e+00 8.3392312943e+02 6.4278760969e+01 0.0000000000e+00 -7.6604444312e+01 2212 0.0000000000e+00 1.0000000000e+00
590 4.3231290378e+03 0.0000000000e+00 8.1887426496e+02 6.4278760969e+01 0.0000000000e+00 -7.6604444312e+01 2212 0.0000000000e+00 1.0000000000e+00
591 4.3388735066e+03 0.0000000000e+00 7.3087374576e+02 6.4278760969e+01 0.0000000000e+00 -7.6604444312e+01 2212 0.0000000000e+00 1.0000000000e+00
592 4.3458145929e+03 0.0000000000e+00 6.8840051038e+02 6.4278760969e+01 0.0000000000e+00 -7.6604444312e+01 2212 0.0000000000e+00 1.0000000000e+00
593 4.3382118931e+03 0.0000000000e+00 7.3479065686e+02 6.4278760969e+01 0.0000000000e+00 -7.6604444312e+01 2212 0.0000000000e+00 1.0000000000e+00
594 4.3333493623e+03 0.0000000000e+00 7.6294366991e+02 6.4278760969e+01 0.0000000000e+00 -7.6604444312e+01 2212 0.0000000000e+00 1.0000000000e+00
595 4.3281424949e+03 0.0000000000e+00 7.9194840902e+02 6.4278760969e+01 0.0000000000e+00 -7.6604444312e+01 2212 0.0000000000e+00 1.0000000000e+00
596 4.3329690430e+03 0.0000000000e+00 7.6510065452e+02 6.4278760969e+01 0.0000000000e+00 -7.6604444312e+01 2212 0.0000000000e+00 1.0000000000e+00
597 4.3418314670e+03 0.0000000000e+00 7.1309133443e+02 6.4278760969e+01 0.0000000000e+00 -7.6604444312e+01 2212 0.0000000000e+00 1.0000000000e+00
598 4.3245442270e+03 0.0000000000e+00 8.1136734444e+02 6.4278760969e+01 0.0000000000e+00 -7.6604444312e+01 2212 0.0000000000e+00 1.0000000000e+00
599 4.3203392059e+03 0.0000000000e+00 8.3346798669e+02 6.4278760969e+01 0.0000000000e+00 -7.6604444312e+01 2212 0.0000000000e+00 1.0000000000e+00
600 4.3276059393e+03 0.0000000000e+00 7.9487519347e+02 6.4278760969e+01 0.0000000000e+00 -7.6604444312e+01 2212 0.0000000000e+00 1.0000000000e+00
601 4.3365662847e+03 0.0000000000e+00 7.4444113079e+02 6.4278760969e+01 0.0000000000e+00 -7.6604444312e+01 2212 0.0000000000e+00 1.0000000000e+00
602 4.3408802262e+03 0.0000000000e+00 7.1885923537e+02 6.4278760969e+01 0.0000000000e+00 -7.6604444312e+01 2212 0.0000000000e+00 1.0000000000e+00
603 4.3197956620e+03 0.0000000000e+00 8.3628056135e+02 6.4278760969e+01 0.0000000000e+00 -7.6604444312e+01 2212 0.0000000000e+00 1.0000000000e+00
604 4.3275695947e+03 0.0000000000e+00 7.9507304164e+02 6.4278760969e+01 0.0000000000e+00 -7.6604444312e+01 2212 0.0000000000e+00 1.0000000000e+00
605 4.3394477560e+03 0.0000000000e+00 7.2745646710e+02 6.4278760969e+01 0.0000000000e+00 -7.6604444312e+01 2212 0.0000000000e+00 1.0000000000e+00
606 4.3383087849e+03 0.0000000000e+00 7.3421837727e+02 6.4278760969e+01 0.0000000000e+00 -7.6604444312e+01 2212 0.0000000000e+00 1.0000000000e+00
607 4.3303781022e+03 0.0000000000e+00 7.7963147105e+02 6.4278760969e+01 0.0000000000e+00 -7.6604444312e+01 2212 0.0000000000e+00 1.0000000000e+00
608 4.3269627889e+03 0.0000000000e+00 7.9836881345e+02 6.4278760969e+01 0.0000000000e+00 -7.6604444312e+01 2212 0.0000000000e+00 1.0000000000e+00
609 4.3336753226e+03 0.0000000000e+00 7.6108996632e+02 6.4278760969e+01 0.0000000000e+00 -7.6604444312e+01 2212 0.0000000000e+00 1.0000000000e+00
610 4.3437067702e+03 0.0000000000e+00 7.0157767484e+02 6.4278760969e+01 0.0000000000e+00 -7.6604444312e+01 2212 0.0000000000e+00 1.0000000000e+00
611 4.3321959450e+03 0.0000000000e+00 7.6946606980e+02 6.4278760969e+01 0.0000000000e+00 -7.6604444312e+01 2212 0.0000000000e+00 1.0000000000e+00
612 4.3276739358e+03 0.0000000000e+00 7.9450490512e+02 6.4278760969e+01 0.0000000000e+00 -7.6604444312e+01 2212 0.0000000000e+00 1.0000000000e+00
613 4.3377177451e+03 0.0000000000e+00 7.3770217738e+02 6.4278760969e+01 0.0000000000e+00 -7.6604444312e+01 2212 0.0000000000e+00 1.0000000000e+00
614 4.3431502616e+03 0.0000000000e+00 7.0501457032e+02 6.4278760969e+01 0.0000000000e+00 -7.6604444312e+01 2212 0.0000000000e+00 1.0000000000e+00
615 4.3421738679e+03 0.0000000000e+00 7.1100340354e+02 6.4278760969e+01 0.0000000000e+00 -7.6604444312e+01 2212 0.0000000000e+00 1.0000000000e+00
616 4.3445410721e+03 0.0000000000e+00 6.9639257018e+02 6.4278760969e+01 0.0000000000e+00 -7.6604444312e+01 2212 0.0000000000e+00 1.0000000000e+00
617 4.3281587554e+03 0.0000000000e+00 7.9185953752e+02 6.4278760969e+01 0.0000000000e+00 -7.6604444312e+01 2212 0.0000000000e+00 1.0000000000e+00
618 4.3240346580e+03 0.0000000000e+00 8.1407862948e+02 6.4278760969e+01 0.0000000000e+00 -7.6604444312e+01 2212 0.0000000000e+00 1.0000000000e+00
619 4.3281525530e+03 0.0000000000e+00 7.9189343779e+02 6.4278760969e+01 0.0000000000e+00 -7.6604444312e+01 2212 0.0000000000e+00 1.0000000000e+00
620 4.3293490711e+03 0.0000000000e+00 7.8532563917e+02 6.4278760969e+01 0.0000000000e+00 -7.6604444312e+01 2212 0.0000000000e+00 1.0000000000e+00
621 4.3239905371e+03 0.0000000000e+00 8.1431294578e+02 6.4278760969e+01 0.0000000000e+00 -7.6604444312e+01 2212 0.0000000000e+00 1.0000000000e+00
622 4.3379251866e+03 0.0000000000e+00 7.3648137432e+02 6.4278760969e+01 0.0000000000e+00 -7.6604444312e+01 2212 0.0000000000e+00 1.0000000000e+00
623 4.3379860368e+03 0.0000000000e+00 7.3612287232e+02 6.4278760969e+01 0.0000000000e+00 -7.6604444312e+01 2212 0.0000000000e+00 1.0000000000e+00
624 4.3439236270e+03 0.0000000000e+00 7.0023371938e+02 6.4278760969e+01 0.0000000000e+00 -7.6604444312e+01 2212 0.0000000000e+00 1.0000000000e+00
625 4.3413739492e+03 0.0000000000e+00 7.1587147765e+02 6.4278760969e+01 0.0000000000e+00 -7.6604444312e+01 2212 0.0000000000e+00 1.0000000000e+00
626 4.3233514687e+03 0.0000000000e+00 8.1769909952e+02 6.4278760969e+01 0.0000000000e+00 -7.6604444312e+01 2212 0.0000000000e+00 1.0000000000e+00
627 4.3244288708e+03 0.0000000000e+00 8.1198194559e+02 6.4278760969e+01 0.0000000000e+00 -7.6604444312e+01 2212 0.0000000000e+00 1.0000000000e+00
628 4.3220602589e+03 0.0000000000e+00 8.2449672986e+02 6.4278760969e+01 0.0000000000e+00 -7.6604444312e+01 2212 0.0000000000e+00 1.0000000000e+00
629 4.3201670534e+03 0.0000000000e+00 8.3435985607e+02 6.4278760969e+01 0.0000000000e+00 -7.6604444312e+01 2212 0.0000000000e+00 1.0000000000e+00
630 4.3307758660e+03 0.0000000000e+00 7.7741889429e+02 6.4278760969e+01 0.0000000000e+00 -7.6604444312e+01 2212 0.0000000000e+00 1.0000000000e+00
631 4.3334188982e+03 0.0000000000e+00 7.6254861572e+02 6.4278760969e+01 0.0000000000e+00 -7.6604444312e+01 2212 0.0000000000e+00 1.0000000000e+00
632 4.3452293782e+03 0.0000000000e+00 6.9208481383e+02 6.4278760969e+01 0.0000000000e+00 -7.6604444312e+01 2212 0.0000000000e+00 1.0000000000e+00
633 4.3403717766e+03 0.0000000000e+00 7.2192283519e+02 6.4278760969e+01 0.0000000000e+00 -7.6604444312e+01 2212 0.0000000000e+00 1.0000000000e+00
634 4.3203714414e+03 0.0000000000e+00 8.3330087428e+02 6.4278760969e+01 0.0000000000e+00 -7.6604444312e+01 2212 0.0000000000e+00 1.0000000000e+00
635 4.3362269312e+03 0.0000000000e+00 7.4641525989e+02 6.4278760969e+01 0.0000000000e+00 -7.6604444312e+01 2212 0.0000000000e+00 1.0000000000e+00
636 4.3245453467e+03 0.0000000000e+00 8.1136137628e+02 6.4278760969e+01 0.0000000000e+00 -7.6604444312e+01 2212 0.0000000000e+00 1.0000000000e+00
637 4.3443821507e+03 0.0000000000e+00 6.9738330026e+02 6.4278760969e+01 0.0000000000e+00 -7.6604444312e+01 2212 0.0000000000e+00 1.0000000000e+00
638 4.3360237365e+03 0.0000000000e+00 7.4759473991e+02 6.4278760969e+01 0.0000000000e+00 -7.6604444312e+01 2212 0.0000000000e+00 1.0000000000e+00
639 4.3257034226e+03 0.0000000000e+00 8.0516435520e+02 6.4278760969e+01 0.0000000000e+00 -7.6604444312e+01 2212 0.0000000000e+00 1.0000000000e+00
640 4.3216956022e+03 0.0000000000e+00 8.2640599049e+02 6.4278760969e+01 0.0000000000e+00 -7.6604444312e+01 2212 0.0000000000e+00 1.0000000000e+00
641 4.3404879424e+03 0.0000000000e+00 7.2122407095e+02 6.4278760969e+01 0.0000000000e+00 -7.6604444312e+01 2212 0.0000000000e+00 1.0000000000e+00
642 4.3281653442e+03 0.0000000000e+00 7.9182352339e+02 6.4278760969e+01 0.0000000000e+00 -7.6604444312e+01 2212 0.0000000000e+00 1.0000000000e+00
643 4.3307697302e+03 0.0000000000e+00 7.7745307453e+02 6.4278760969e+01 0.0000000000e+00 -7.6604444312e+01 2212 0.0000000000e+00 1.0000000000e+00
644 4.3360594251e+03 0.0000000000e+00 7.4738771766e+02 6.4278760969e+01 0.0000000000e+00 -7.6604444312e+01 2212 0.0000000000e+00 1.0000000000e+00
645 4.3382363436e+03 0.0000000000e+00 7.3464628631e+02 6.4278760969e+01 0.0000000000e+00 -7.6604444312e+01 2212 0.0000000000e+00 1.0000000000e+00
646 4.3249492576e+03 0.0000000000e+00 8.0920557231e+02 6.4278760969e+01 0.0000000000e+00 -7.6604444312e+01 2212 0.0000000000e+00 1.0000000000e+00
647 4.3263439359e+03 0.0000000000e+00 8.0171558994e+02 6.4278760969e+01 0.0000000000e+00 -7.6604444312e+01 2212 0.0000000000e+00 1.0000000000e+00
648 4.3381748297e+03 0.0000000000e+00 7.3500944629e+02 6.4278760969e+01 0.0000000000e+00 -7.6604444312e+01 2212 0.0000000000e+00 1.0000000000e+00
649 4.3333493653e+03 0.0000000000e+00 7.6294365276e+02 6.4278760969e+01 0.0000000000e+00 -7.6604444312e+01 2212 0.0000000000e+00 1.0000000000e+00
650 4.3261711004e+03 0.0000000000e+00 8.0264771138e+02 6.4278760969e+01 0.0000000000e+00 -7.6604444312e+01 2212 0.0000000000e+00 1.0000000000e+00
651 4.3271855819e+03 0.0000000000e+00 7.9716038469e+02 6.4278760969e+01 0.0000000000e+00 -7.6604444312e+01 2212 0.0000000000e+00 1.0000000000e+00
652 4.3378787594e+03 0.0000000000e+00 7.3675478130e+02 6.4278760969e+01 0.0000000000e+00 -7.6604444312e+01 2212 0.0000000000e+00 1.0000000000e+00
653 4.3254387625e+03 0.0000000000e+00 8.0658493071e+02 6.4278760969e+01 0.0000000000e+00 -7.6604444312e+01 2212 0.0000000000e+00 1.0000000000e+00
654 4.3327785149e+03 0.0000000000e+00 7.6617888220e+02 6.4278760969e+01 0.0000000000e+00 -7.6604444312e+01 2212 0.0000000000e+00 1.0000000000e+00
655 4.3439815819e+03 0.0000000000e+00 6.9987409927e+02 6.4278760969e+01 0.0000000000e+00 -7.6604444312e+01 2212 0.0000000000e+00 1.0000000000e+00
656 4.3266150169e+03 0.0000000000e+00 8.0025135681e+02 6.4278760969e+01 0.0000000000e+00 -7.6604444312e+01 2212 0.0000000000e+00 1.0000000000e+00
657 4.3403694203e+03 0.0000000000e+00 7.2193700134e+02 6.4278760969e+01 0.0000000000e+00 -7.6604444312e+01 2212 0.0000000000e+00 1.0000000000e+00
658 4.3272351193e+03 0.0000000000e+00 7.9689143604e+02 6.4278760969e+01 0.0000000000e+00 -7.6604444312e+01 2212 0.0000000000e+00 1.0000000000e+00
659 4.3265804471e+03 0.0000000000e+00 8.0043823859e+02 6.4278760969e+01 0.0000000000e+00 -7.6604444312e+01 2212 0.0000000000e+00 1.0000000000e+00
660 4.3435333283e+03 0.0000000000e+00 7.0265067050e+02 6.4278760969e+01 0.0000000000e+00 -7.6604444312e+01 2212 0.0000000000e+00 1.0000000000e+00
661 4.3256799265e+03 0.0000000000e+00 8.0529057645e+02 6.4278760969e+01 0.0000000000e+00 -7.6604444312e+01 2212 0.0000000000e+00 1.0000000000e+00
662 4.3270431242e+03 0.0000000000e+00 7.9793329322e+02 6.4278760969e+01 0.0000000000e+00 -7.6604444312e+01 2212 0.0000000000e+00 1.0000000000e+00
663 4.3407519206e+03 0.0000000000e+00 7.1963358908e+02 6.4278760969e+01 0.0000000000e+00 -7.6604444312e+01 2212 0.0000000000e+00 1.0000000000e+00
664 4.3419452050e+03 0.0000000000e+00 7.1239846670e+02 6.4278760969e+01 0.0000000000e+00 -7.6604444312e+01 2212 0.0000000000e+00 1.0000000000e+00
665 4.3242654413e+03 0.0000000000e+00 8.1285185150e+02 6.4278760969e+01 0.0000000000e+00 -7.6604444312e+01 2212 0.0000000000e+00 1.0000000000e+00
666 4.3248144516e+03 0.0000000000e+00 8.0992573631e+02 6.4278760969e+01 0.0000000000e+00 -7.6604444312e+01 2212 0.0000000000e+00 1.0000000000e+00
667 4.3275517248e+03 0.0000000000e+00 7.9517030155e+02 6.4278760969e+01 0.0000000000e+00 -7.6604444312e+01 2212 0.0000000000e+00 1.0000000000e+00
668 4.3285599246e+03 0.0000000000e+00 7.8966367409e+02 6.4278760969e+01 0.0000000000e+00 -7.6604444312e+01 2212 0.0000000000e+00 1.0000000000e+00
669 4.3413473655e+03 0.0000000000e+00 7.1603267448e+02 6.4278760969e+01 0.0000000000e+00 -7.6604444312e+01 2212 0.0000000000e+00 1.0000000000e+00
670 4.3445388257e+03 0.0000000000e+00 6.9640658416e+02 6.4278760969e+01 0.0000000000e+00 -7.6604444312e+01 2212 0.0000000000e+00 1.0000000000e+00
671 4.3317115916e+03 0.0000000000e+00 7.7218807704e+02 6.4278760969e+01 0.0000000000e+00 -7.6604444312e+01 2212 0.0000000000e+00 1.0000000000e+00
672 4.3333159256e+03 0.0000000000e+00 7.6313355851e+02 6.4278760969e+01 0.0000000000e+00 -7.6604444312e+01 2212 0.0000000000e+00 1.0000000000e+00
673 4.3421612826e+03 0.0000000000e+00 7.1108025917e+02 6.4278760969e+01 0.0000000000e+00 -7.6604444312e+01 2212 0.0000000000e+00 1.0000000000e+00
674 4.3305535203e+03 0.0000000000e+00 7.7865650085e+02 6.4278760969e+01 0.0000000000e+00 -7.6604444312e+01 2212 0.0000000000e+00 1.0000000000e+00
675 4.3443673821e+03 0.0000000000e+00 6.9747529571e+02 6.4278760969e+01 0.0000000000e+00 -7.6604444312e+01 2212 0.0000000000e+00 1.0000000000e+00
676 4.3199507207e+03 0.0000000000e+00 8.3547920955e+02 6.4278760969e+01 0.0000000000e+00 -7.6604444312e+01 2212 0.0000000000e+00 1.0000000000e+00
677 4.3248343172e+03 0.0000000000e+00 8.0981965139e+02 6.4278760969e+01 0.0000000000e+00 -7.6604444312e+01 2212 0.0000000000e+00 1.0000000000e+00
678 4.3363626860e+03 0.0000000000e+00 7.4562617615e+02 6.4278760969e+01 0.0000000000e+00 -7.6604444312e+01 2212 0.0000000000e+00 1.0000000000e+00
679 4.3440342991e+03 0.0000000000e+00 6.9954681541e+02 6.4278760969e+01 0.0000000000e+00 -7.6604444312e+01 2212 0.0000000000e+00 1.0000000000e+00
680 4.3290213037e+03 0.0000000000e+00 7.8713041565e+02 6.4278760969e+01 0.0000000000e+00 -7.6604444312e+01 2212 0.0000000000e+00 1.0000000000e+00
681 4.3304922284e+03 0.0000000000e+00 7.7899730312e+02 6.4278760969e+01 0.0000000000e+00 -7.6604444312e+01 2212 0.0000000000e+00 1.0000000000e+00
682 4.3270697645e+03 0.0000000000e+00 7.9778881421e+02 6.4278760969e+01 0.0000000000e+00 -7.6604444312e+01 2212 0.0000000000e+00 1.0000000000e+00
683 4.3323002771e+03 0.0000000000e+00 7.6887843508e+02 6.4278760969e+01 0.0000000000e+00 -7.6604444312e+01 2212 0.0000000000e+00 1.0000000000e+00
684 4.3210259793e+03 0.0000000000e+00 8.2990012983e+02 6.4278760969e+01 0.0000000000e+00 -7.6604444312e+01 2212 0.0000000000e+00 1.0000000000e+00
685 4.3256153279e+03 0.0000000000e+00 8.0563749517e+02 6.4278760969e+01 0.0000000000e+00 -7.6604444312e+01 2212 0.0000000000e+00 1.0000000000e+00
686 4.3286648267e+03 0.0000000000e+00 7.8908843431e+02 6.4278760969e+01 0.0000000000e+00 -7.6604444312e+01 2212 0.0000000000e+00 1.0000000000e+00
687 4.3387304884e+03 0.0000000000e+00 7.3172227504e+02 6.4278760969e+01 0.0000000000e+00 -7.6604444312e+01 2212 0.0000000000e+00 1.0000000000e+00
688 4.3211318304e+03 0.0000000000e+00 8.2934880656e+02 6.4278760969e+01 0.0000000000e+00 -7.6604444312e+01 2212 0.0000000000e+00 1.0000000000e+00
689 4.3368533563e+03 0.0000000000e+00 7.4276692472e+02 6.4278760969e+01 0.0000000000e+00 -7.6604444312e+01 2212 0.0000000000e+00 1.0000000000e+00
690 4.3192716135e+03 0.0000000000e+00 8.3898299608e+02 6.4278760969e+01 0.0000000000e+00 -7.6604444312e+01 2212 0.0000000000e+00 1.0000000000e+00
691 4.3437223562e+03 0.0000000000e+00 7.0148116931e+02 6.4278760969e+01 0.0000000000e+00 -7.6604444312e+01 2212 0.0000000000e+00 1.0000000000e+00
692 4.3203557701e+03 0.0000000000e+00 8.3338212030e+02 6.4278760969e+01 0.0000000000e+00 -7.6604444312e+01 2212 0.0000000000e+00 1.0000000000e+00
693 4.3330324898e+03 0.0000000000e+00 7.6474125134e+02 6.4278760969e+01 0.0000000000e+00 -7.6604444312e+01 2212 0.0000000000e+00 1.0000000000e+00
694 4.3290654334e+03 0.0000000000e+00 7.8688767429e+02 6.4278760969e+01 0.0000000000e+00 -7.6604444312e+01 2212 0.0000000000e+00 1.0000000000e+00
695 4.3259981893e+03 0.0000000000e+00 8.0357912178e+02 6.4278760969e+01 0.0000000000e+00 -7.6604444312e+01 2212 0.0000000000e+00 1.0000000000e+00
696 4.3218321510e+03 0.0000000000e+00 8.2569158751e+02 6.4278760969e+01 0.0000000000e+00 -7.6604444312e+01 2212 0.0000000000e+00 1.0000000000e+00
697 4.3378761115e+03 0.0000000000e+00 7.3677037139e+02 6.4278760969e+01 0.0000000000e+00 -7.6604444312e+01 2212 0.0000000000e+00 1.0000000000e+00
698 4.3336948239e+03 0.0000000000e+00 7.6097891698e+02 6.4278760969e+01 0.0000000000e+00 -7.6604444312e+01 2212 0.0000000000e+00 1.0000000000e+00
699 4.3370428487e+03 0.0000000000e+00 7.4165967065e+02 6.4278760969e+01 0.0000000000e+00 -7.6604444312e+01 2212 0.0000000000e+00 1.0000000000e+00
700 4.3253598313e+03 0.0000000000e+00 8.0700809720e+02 6.4278760969e+01 0.0000000000e+00 -7.6604444312e+01 2212 0.0000000000e+00 1.0000000000e+00
701 4.3401267716e+03 0.0000000000e+00 7.2339432235e+02 6.4278760969e+01 0.0000000000e+00 -7.6604444312e+01 2212 0.0000000000e+00 1.0000000000e+00
702 4.3456282607e+03 0.0000000000e+00 6.8957578178e+02 6.4278760969e+01 0.0000000000e+00 -7.6604444312e+01 2212 0.0000000000e+00 1.0000000000e+00
703 4.3362573068e+03 0.0000000000e+00 7.4623877403e+02 6.4278760969e+01 0.0000000000e+00 -7.6604444312e+01 2212 0.0000000000e+00 1.0000000000e+00
704 4.3268018432e+03 0.0000000000e+00 7.9924060721e+02 6.4278760969e+01 0.0000000000e+00 -7.6604444312e+01 2212 0.0000000000e+00 1.0000000000e+00
705 4.3385641451e+03 0.0000000000e+00 7.3270792102e+02 6.4278760969e+01 0.0000000000e+00 -7.6604444312e+01 2212 0.0000000000e+00 1.0000000000e+00
706 4.3378735221e+03 0.0000000000e+00 7.3678561702e+02 6.4278760969e+01 0.0000000000e+00 -7.6604444312e+01 2212 0.0000000000e+00 1.0000000000e+00
707 4.3376189795e+03 0.0000000000e+00 7.3828268788e+02 6.4278760969e+01 0.0000000000e+00 -7.6604444312e+01 2212 0.0000000000e+00 1.0000000000e+00
708 4.3338522610e+03 0.0000000000e+00 7.6008178415e+02 6.4278760969e+01 0.0000000000e+00 -7.6604444312e+01 2212 0.0000000000e+00 1.0000000000e+00
709 4.3327156938e+03 0.0000000000e+00 7.6653405353e+02 6.4278760969e+01 0.0000000000e+00 -7.6604444312e+01 2212 0.0000000000e+00 1.0000000000e+00
710 4.3315422787e+03 0.0000000000e+00 7.7313726277e+02 6.4278760969e+01 0.0000000000e+00 -7.6604444312e+01 2212 0.0000000000e+00 1.0000000000e+00
711 4.3437430169e+03 0.0000000000e+00 7.0135322183e+02 6.4278760969e+01 0.0000000000e+00 -7.6604444312e+01 2212 0.0000000000e+00 1.0000000000e+00
712 4.3373939099e+03 0.0000000000e+00 7.3960381896e+02 6.4278760969e+01 0.0000000000e+00 -7.6604444312e+01 2212 0.0000000000e+00 1.0000000000e+00
713 4.3199735341e+03 0.0000000000e+00 8.3536124143e+02 6.4278760969e+01 0.0000000000e+00 -7.6604444312e+01 2212 0.0000000000e+00 1.0000000000e+00
714 4.3230617947e+03 0.0000000000e+00 8.1922918552e+02 6.4278760969e+01 0.0000000000e+00 -7.6604444312e+01 2212 0.0000000000e+00 1.0000000000e+00
715 4.3434826535e+03 0.0000000000e+00 7.0296385239e+02 6.4278760969e+01 0.0000000000e+00 -7.6604444312e+01 2212 0.0000000000e+00 1.0000000000e+00
716 4.3406122828e+03 0.0000000000e+00 7.2047536340e+02 6.4278760969e+01 0.0000000000e+00 -7.6604444312e+01 2212 0.0000000000e+00 1.0000000000e+00
717 4.3317049382e+03 0.0000000000e+00 7.7222539916e+02 6.4278760969e+01 0.0000000000e+00 -7.6604444312e+01 2212 0.0000000000e+00 1.0000000000e+00
718 4.3231530630e+03 0.0000000000e+00 8.1874741708e+02 6.4278760969e+01 0.0000000000e+00 -7.6604444312e+01 2212 0.0000000000e+00 1.0000000000e+00
719 4.3343368937e+03 0.0000000000e+00 7.5731329758e+02 6.4278760969e+01 0.0000000000e+00 -7.6604444312e+01 2212 0.0000000000e+00 1.0000000000e+00
720 4.3366525515e+03 0.0000000000e+00 7.4393842893e+02 6.4278760969e+01 0.0000000000e+00 -7.6604444312e+01 2212 0.0000000000e+00 1.0000000000e+00
721 4.3197307123e+03 0.0000000000e+00 8.3661598826e+02 6.4278760969e+01 0.0000000000e+00 -7.6604444312e+01 2212 0.0000000000e+00 1.0000000000e+00
722 4.3253011010e+03 0.0000000000e+00 8.0732281329e+02 6.4278760969e+01 0.0000000000e+00 -7.6604444312e+01 2212 0.0000000000e+00 1.0000000000e+00
723 4.3424842024e+03 0.0000000000e+00 7.0910555701e+02 6.4278760969e+01 0.0000000000e+00 -7.6604444312e+01 2212 0.0000000000e+00 1.0000000000e+00
724 4.3198431808e+03 0.0000000000e+00 8.3603506624e+02 6.4278760969e+01 0.0000000000e+00 -7.6604444312e+01 2212 0.0000000000e+00 1.0000000000e+00
725 4.3367007179e+03 0.0000000000e+00 7.4365759720e+02 6.4278760969e+01 0.0000000000e+00 -7.6604444312e+01 2212 0.0000000000e+00 1.0000000000e+00
726 4.3364969238e+03 0.0000000000e+00 7.4484506366e+02 6.4278760969e+01 0.0000000000e+00 -7.6604444312e+01 2212 0.0000000000e+00 1.0000000000e+00
727 4.3331483568e+03 0.0000000000e+00 7.6408445690e+02 6.4278760969e+01 0.0000000000e+00 -7.6604444312e+01 2212 0.0000000000e+00 1.0000000000e+00
728 4.3368922846e+03 0.0000000000e+00 7.4253959562e+02 6.4278760969e+01 0.0000000000e+00 -7.6604444312e+01 2212 0.0000000000e+00 1.0000000000e+00
729 4.3300320510e+03 0.0000000000e+00 7.8155113452e+02 6.4278760969e+01 0.0000000000e+00 -7.6604444312e+01 2212 0.0000000000e+00 1.0000000000e+00
730 4.3368907193e+03 0.0000000000e+00 7.4254873786e+02 6.4278760969e+01 0.0000000000e+00 -7.6604444312e+01 2212 0.0000000000e+00 1.0000000000e+00
731 4.3192804897e+03 0.0000000000e+00 8.3893729803e+02 6.4278760969e+01 0.0000000000e+00 -7.6604444312e+01 2212 0.0000000000e+00 1.0000000000e+00
732 4.3425274564e+03 0.0000000000e+00 7.0884062349e+02 6.4278760969e+01 0.0000000000e+00 -7.6604444312e+01 2212 0.0000000000e+00 1.0000000000e+00
733 4.3392907612e+03 0.0000000000e+00 7.2839235921e+02 6.4278760969e+01 0.0000000000e+00 -7.6604444312e+01 2212 0.0000000000e+00 1.0000000000e+00
734 4.3287422301e+03 0.0000000000e+00 7.8866370778e+02 6.4278760969e+01 0.0000000000e+00 -7.6604444312e+01 2212 0.0000000000e+00 1.0000000000e+00
735 4.3263684797e+03 0.0000000000e+00 8.0158313130e+02 6.4278760969e+01 0.0000000000e+00 -7.6604444312e+01 2212 0.0000000000e+00 1.0000000000e+00
736 4.3307583779e+03 0.0000000000e+00 7.7751630905e+02 6.4278760969e+01 0.0000000000e+00 -7.6604444312e+01 2212 0.0000000000e+00 1.0000000000e+00
737 4.3451508723e+03 0.0000000000e+00 6.9257753030e+02 6.4278760969e+01 0.0000000000e+00 -7.6604444312e+01 2212 0.0000000000e+00 1.0000000000e+00
738 4.3360641970e+03 0.0000000000e+00 7.4736003267e+02 6.4278760969e+01 0.0000000000e+00 -7.6604444312e+01 2212 0.0000000000e+00 1.0000000000e+00
739 4.3218404334e+03 0.0000000000e+00 8.2564823436e+02 6.4278760969e+01 0.0000000000e+00 -7.6604444312e+01 2212 0.0000000000e+00 1.0000000000e+00
740 4.3443980673e+03 0.0000000000e+00 6.9728413994e+02 6.4278760969e+01 0.0000000000e+00 -7.6604444312e+01 2212 0.0000000000e+00 1.0000000000e+00
741 4.3322234134e+03 0.0000000000e+00 7.6931140346e+02 6.4278760969e+01 0.0000000000e+00 -7.6604444312e+01 2212 0.0000000000e+00 1.0000000000e+00
742 4.3235555003e+03 0.0000000000e+00 8.1661960208e+02 6.4278760969e+01 0.0000000000e+00 -7.6604444312e+01 2212 0.0000000000e+00 1.0000000000e+00
743 4.3366285460e+03 0.0000000000e+00 7.4407835110e+02 6.4278760969e+01 0.0000000000e+00 -7.6604444312e+01 2212 0.0000000000e+00 1.0000000000e+00
744 4.3244644300e+03 0.0000000000e+00 8.1179254304e+02 6.4278760969e+01 0.0000000000e+00 -7.6604444312e+01 2212 0.0000000000e+00 1.0000000000e+00
745 4.3301024789e+03 0.0000000000e+00 7.8116084180e+02 6.4278760969e+01 0.0000000000e+00 -7.6604444312e+01 2212 0.0000000000e+00 1.0000000000e+00
746 4.3236227876e+03 0.0000000000e+00 8.1626327197e+02 6.4278760969e+01 0.0000000000e+00 -7.6604444312e+01 2212 0.0000000000e+00 1.0000000000e+00
747 4.3237207189e+03 0.0000000000e+00 8.1574437432e+02 6.4278760969e+01 0.0000000000e+00 -7.6604444312e+01 2212 0.0000000000e+00 1.0000000000e+00
748 4.3387105794e+03 0.0000000000e+00 7.3184031534e+02 6.4278760969e+01 0.0000000000e+00 -7.6604444312e+01 2212 0.0000000000e+00 1.0000000000e+00
749 4.3325846673e+03 0.0000000000e+00 7.6727429241e+02 6.4278760969e+01 0.0000000000e+00 -7.6604444312e+01 2212 0.0000000000e+00 1.0000000000e+00
750 4.3440846190e+03 0.0000000000e+00 6.9923426831e+02 6.4278760969e+01 0.0000000000e+00 -7.6604444312e+01 2212 0.0000000000e+00 1.0000000000e+00
751 4.3341677434e+03 0.0000000000e+00 7.5828075985e+02 6.4278760969e+01 0.0000000000e+00 -7.6604444312e+01 2212 0.0000000000e+00 1.0000000000e+00
752 4.3310763396e+03 0.0000000000e+00 7.7574317857e+02 6.4278760969e+01 0.0000000000e+00 -7.6604444312e+01 2212 0.0000000000e+00 1.0000000000e+00
753 4.3446660682e+03 0.0000000000e+00 6.9561231660e+02 6.4278760969e+01 0.0000000000e+00 -7.6604444312e+01 2212 0.0000000000e+00 1.0000000000e+00
754 4.3343535932e+03 0.0000000000e+00 7.5721771489e+02 6.4278760969e+01 0.0000000000e+00 -7.6604444312e+01 2212 0.0000000000e+00 1.0000000000e+00
755 4.3379779490e+03 0.0000000000e+00 7.3617053250e+02 6.4278760969e+01 0.0000000000e+00 -7.6604444312e+01 2212 0.0000000000e+00 1.0000000000e+00
756 4.3283338716e+03 0.0000000000e+00 7.9090178583e+02 6.4278760969e+01 0.0000000000e+00 -7.6604444312e+01 2212 0.0000000000e+00 1.0000000000e+00
757 4.3320233738e+03 0.0000000000e+00 7.7043703687e+02 6.4278760969e+01 0.0000000000e+00 -7.6604444312e+01 2212 0.0000000000e+00 1.0000000000e+00
758 4.3238012323e+03 0.0000000000e+00 8.1531751013e+02 6.4278760969e+01 0.0000000000e+00 -7.6604444312e+01 2212 0.0000000000e+00 1.0000000000e+00
759 4.3321554618e+03 0.0000000000e+00 7.6969396122e+02 6.4278760969e+01 0.0000000000e+00 -7.6604444312e+01 2212 0.0000000000e+00 1.0000000000e+00
760 4.3384632432e+03 0.0000000000e+00 7.3330513884e+02 6.4278760969e+01 0.0000000000e+00 -7.6604444312e+01 2212 0.0000000000e+00 1.0000000000e+00
761 4.3243289057e+03 0.0000000000e+00 8.1251415621e+02 6.4278760969e+01 0.0000000000e+00 -7.6604444312e+01 2212 0.0000000000e+00 1.0000000000e+00
762 4.3391548931e+03 0.0000000000e+00 7.2920131152e+02 6.4278760969e+01 0.0000000000e+00 -7.6604444312e+01 2212 0.0000000000e+00 1.0000000000e+00
763 4.3454655320e+03 0.0000000000e+00 6.9060049860e+02 6.4278760969e+01 0.0000000000e+00 -7.6604444312e+01 2212 0.0000000000e+00 1.0000000000e+00
764 4.3448731739e+03 0.0000000000e+00 6.9431753638e+02 6.4278760969e+01 0.0000000000e+00 -7.6604444312e+01 2212 0.0000000000e+00 1.0000000000e+00
765 4.3457988485e+03 0.0000000000e+00 6.8849989606e+02 6.4278760969e+01 0.0000000000e+00 -7.6604444312e+01 2212 0.0000000000e+00 1.0000000000e+00
766 4.3296557432e+03 0.0000000000e+00 7.8363313098e+02 6.4278760969e+01 0.0000000000e+00 -7.6604444312e+01 2212 0.0000000000e+00 1.0000000000e+00
767 4.3371923509e+03 0.0000000000e+00 7.4078488770e+02 6.4278760969e+01 0.0000000000e+00 -7.6604444312e+01 2212 0.0000000000e+00 1.0000000000e+00
768 4.3388095067e+03 0.0000000000e+00 7.3125358368e+02 6.4278760969e+01 0.0000000000e+00 -7.6604444312e+01 2212 0.0000000000e+00 1.0000000000e+00
769 4.3411957494e+03 0.0000000000e+00 7.1695132628e+02 6.4278760969e+01 0.0000000000e+00 -7.6604444312e+01 2212 0.0000000000e+00 1.0000000000e+00
770 4.3454932533e+03 0.0000000000e+00 6.9042604572e+02 6.4278760969e+01 0.0000000000e+00 -7.6604444312e+01 2212 0.0000000000e+00 1.0000000000e+00
771 4.3284148495e+03 0.0000000000e+00 7.9045849307e+02 6.4278760969e+01 0.0000000000e+00 -7.6604444312e+01 2212 0.0000000000e+00 1.0000000000e+00
772 4.3223734561e+03 0.0000000000e+00 8.2285323411e+02 6.4278760969e+01 0.0000000000e+00 -7.6604444312e+01 2212 0.0000000000e+00 1.0000000000e+00
773 4.3209563410e+03 0.0000000000e+00 8.3026263217e+02 6.4278760969e+01 0.0000000000e+00 -7.6604444312e+01 2212 0.0000000000e+00 1.0000000000e+00
774 4.3398650280e+03 0.0000000000e+00 7.2496294901e+02 6.4278760969e+01 0.0000000000e+00 -7.6604444312e+01 2212 0.0000000000e+00 1.0000000000e+00
775 4.3231908427e+03 0.0000000000e+00 8.1854790739e+02 6.4278760969e+01 0.0000000000e+00 -7.6604444312e+01 2212 0.0000000000e+00 1.0000000000e+00
776 4.3237115413e+03 0.0000000000e+00 8.1579301698e+02 6.4278760969e+01 0.0000000000e+00 -7.6604444312e+01 2212 0.0000000000e+00 1.0000000000e+00
777 4.3249908851e+03 0.0000000000e+00 8.0898305478e+02 6.4278760969e+01 0.0000000000e+00 -7.6604444312e+01 2212 0.0000000000e+00 1.0000000000e+00
778 4.3413290469e+03 0.0000000000e+00 7.1614373237e+02 6.4278760969e+01 0.0000000000e+00 -7.6604444312e+01 2212 0.0000000000e+00 1.0000000000e+00
779 4.3203278199e+03 0.0000000000e+00 8.3352700464e+02 6.4278760969e+01 0.0000000000e+00 -7.6604444312e+01 2212 0.0000000000e+00 1.0000000000e+00
780 4.3345894004e+03 0.0000000000e+00 7.5586670025e+02 6.4278760969e+01 0.0000000000e+00 -7.6604444312e+01 2212 0.0000000000e+00 1.0000000000e+00
781 4.3384996814e+03 0.0000000000e+00 7.3308952629e+02 6.4278760969e+01 0.0000000000e+00 -7.6604444312e+01 2212 0.0000000000e+00 1.0000000000e+00
782 4.3353157037e+03 0.0000000000e+00 7.5168975541e+02 6.4278760969e+01 0.0000000000e+00 -7.6604444312e+01 2212 0.0000000000e+00 1.0000000000e+00
783 4.3248626252e+03 0.0000000000e+00 8.0966845815e+02 6.4278760969e+01 0.0000000000e+00 -7.6604444312e+01 2212 0.0000000000e+00 1.0000000000e+00
784 4.3442836701e+03 0.0000000000e+00 6.9799651355e+02 6.4278760969e+01 0.0000000000e+00 -7.6604444312e+01 2212 0.0000000000e+00 1.0000000000e+00
785 4.3264460712e+03 0.0000000000e+00 8.0116423502e+02 6.4278760969e+01 0.0000000000e+00 -7.6604444312e+01 2212 0.0000000000e+00 1.0000000000e+00
786 4.3313917322e+03 0.0000000000e+00 7.7398023277e+02 6.4278760969e+01 0.0000000000e+00 -7.6604444312e+01 2212 0.0000000000e+00 1.0000000000e+00
787 4.3422056133e+03 0.0000000000e+00 7.1080950402e+02 6.4278760969e+01 0.0000000000e+00 -7.6604444312e+01 2212 0.0000000000e+00 1.0000000000e+00
788 4.3328637891e+03 0.0000000000e+00 7.6569649584e+02 6.4278760969e+01 0.0000000000e+00 -7.6604444312e+01 2212 0.0000000000e+00 1.0000000000e+00
789 4.3372853824e+03 0.0000000000e+00 7.4023999499e+02 6.4278760969e+01 0.0000000000e+00 -7.6604444312e+01 2212 0.0000000000e+00 1.0000000000e+00
790 4.3375119732e+03 0.0000000000e+00 7.3891110536e+02 6.4278760969e+01 0.0000000000e+00 -7.6604444312e+01 2212 0.0000000000e+00 1.0000000000e+00
791 4.3410741448e+03 0.0000000000e+00 7.1768726327e+02 6.4278760969e+01 0.0000000000e+00 -7.6604444312e+01 2212 0.0000000000e+00 1.0000000000e+00
792 4.3365806172e+03 0.0000000000e+00 7.4435763560e+02 6.4278760969e+01 0.0000000000e+00 -7.6604444312e+01 2212 0.0000000000e+00 1.0000000000e+00
793 4.3281391661e+03 0.0000000000e+00 7.9196660151e+02 6.4278760969e+01 0.0000000000e+00 -7.6604444312e+01 2212 0.0000000000e+00 1.0000000000e+00
794 4.3229307554e+03 0.0000000000e+00 8.1992037621e+02 6.4278760969e+01 0.0000000000e+00 -7.6604444312e+01 2212 0.0000000000e+00 1.0000000000e+00
795 4.3411048005e+03 0.0000000000e+00 7.1750181184e+02 6.4278760969e+01 0.0000000000e+00 -7.6604444312e+01 2212 0.0000000000e+00 1.0000000000e+00
796 4.3291996620e+03 0.0000000000e+00 7.8614885700e+02 6.4278760969e+01 0.0000000000e+00 -7.6604444312e+01 2212 0.0000000000e+00 1.0000000000e+00
797 4.3430377013e+03 0.0000000000e+00 7.0570763373e+02 6.4278760969e+01 0.0000000000e+00 -7.6604444312e+01 2212 0.0000000000e+00 1.0000000000e+00
798 4.3367096713e+03 0.0000000000e+00 7.4360538333e+02 6.4278760969e+01 0.0000000000e+00 -7.6604444312e+01 2212 0.0000000000e+00 1.0000000000e+00
799 4.3380113649e+03 0.0000000000e+00 7.3597359792e+02 6.4278760969e+01 0.0000000000e+00 -7.6604444312e+01 2212 0.0000000000e+00 1.0000000000e+00
800 4.3438640660e+03 0.0000000000e+00 7.0060310779e+02 6.4278760969e+01 0.0000000000e+00 -7.6604444312e+01 2212 0.0000000000e+00 1.0000000000e+00
801 4.3408381651e+03 0.0000000000e+00 7.1911317859e+02 6.4278760969e+01 0.0000000000e+00 -7.6604444312e+01 2212 0.0000000000e+00 1.0000000000e+00
802 4.3218123319e+03 0.0000000000e+00 8.2579531785e+02 6.4278760969e+01 0.0000000000e+00 -7.6604444312e+01 2212 0.0000000000e+00 1.0000000000e+00
803 4.3427878616e+03 0.0000000000e+00 7.0724347161e+02 6.4278760969e+01 0.0000000000e+00 -7.6604444312e+01 2212 0.0000000000e+00 1.0000000000e+00
804 4.3212294244e+03 0.0000000000e+00 8.2884015391e+02 6.4278760969e+01 0.0000000000e+00 -7.6604444312e+01 2212 0.0000000000e+00 1.0000000000e+00
805 4.3282008802e+03 0.0000000000e+00 7.9162925655e+02 6.4278760969e+01 0.0000000000e+00 -7.6604444312e+01 2212 0.0000000000e+00 1.0000000000e+00
806 4.3308330824e+03 0.0000000000e+00 7.7710009076e+02 6.4278760969e+01 0.0000000000e+00 -7.6604444312e+01 2212 0.0000000000e+00 1.0000000000e+00
807 4.3421488400e+03 0.0000000000e+00 7.1115623486e+02 6.4278760969e+01 0.0000000000e+00 -7.6604444312e+01 2212 0.0000000000e+00 1.0000000000e+00
808 4.3253567708e+03 0.0000000000e+00 8.0702450039e+02 6.4278760969e+01 0.0000000000e+00 -7.6604444312e+01 2212 0.0000000000e+00 1.0000000000e+00
809 4.3410397177e+03 0.0000000000e+00 7.1789547157e+02 6.4278760969e+01 0.0000000000e+00 -7.6604444312e+01 2212 0.0000000000e+00 1.0000000000e+00
810 4.3336784309e+03 0.0000000000e+00 7.6107226771e+02 6.4278760969e+01 0.0000000000e+00 -7.6604444312e+01 2212 0.0000000000e+00 1.0000000000e+00
811 4.3350425543e+03 0.0000000000e+00 7.5326342773e+02 6.4278760969e+01 0.0000000000e+00 -7.6604444312e+01 2212 0.0000000000e+00 1.0000000000e+00
812 4.3347056393e+03 0.0000000000e+00 7.5519981403e+02 6.4278760969e+01 0.0000000000e+00 -7.6604444312e+01 2212 0.0000000000e+00 1.0000000000e+00
813 4.3222433673e+03 0.0000000000e+00 8.2353628498e+02 6.4278760969e+01 0.0000000000e+00 -7.6604444312e+01 2212 0.0000000000e+00 1.0000000000e+00
814 4.3324508298e+03 0.0000000000e+00 7.6802965220e+02 6.4278760969e+01 0.0000000000e+00 -7.6604444312e+01 2212 0.0000000000e+00 1.0000000000e+00
815 4.3397827100e+03 0.0000000000e+00 7.2545555949e+02 6.4278760969e+01 0.0000000000e+00 -7.6604444312e+01 2212 0.0000000000e+00 1.0000000000e+00
816 4.3253632768e+03 0.0000000000e+00 8.0698963003e+02 6.4278760969e+01 0.0000000000e+00 -7.6604444312e+01 2212 0.0000000000e+00 1.0000000000e+00
817 4.3385782390e+03 0.0000000000e+00 7.3262446223e+02 6.4278760969e+01 0.0000000000e+00 -7.6604444312e+01 2212 0.0000000000e+00 1.0000000000e+00
818 4.3260256712e+03 0.0000000000e+00 8.0343116109e+02 6.4278760969e+01 0.0000000000e+00 -7.6604444312e+01 2212 0.0000000000e+00 1.0000000000e+00
819 4.3243427741e+03 0.0000000000e+00 8.1244034319e+02 6.4278760969e+01 0.0000000000e+00 -7.6604444312e+01 2212 0.0000000000e+00 1.0000000000e+00
820 4.3253876729e+03 0.0000000000e+00 8.0685885853e+02 6.4278760969e+01 0.0000000000e+00 -7.6604444312e+01 2212 0.0000000000e+00 1.0000000000e+00
821 4.3421891562e+03 0.0000000000e+00 7.1091003004e+02 6.4278760969e+01 0.0000000000e+00 -7.6604444312e+01 2212 0.0000000000e+00 1.0000000000e+00
822 4.3372424054e+03 0.0000000000e+00 7.4049176623e+02 6.4278760969e+01 0.0000000000e+00 -7.6604444312e+01 2212 0.0000000000e+00 1.0000000000e+00
823 4.3415331965e+03 0.0000000000e+00 7.1490505821e+02 6.4278760969e+01 0.0000000000e+00 -7.6604444312e+01 2212 0.0000000000e+00 1.0000000000e+00
824 4.3420755719e+03 0.0000000000e+00 7.1160344792e+02 6.4278760969e+01 0.0000000000e+00 -7.6604444312e+01 2212 0.0000000000e+00 1.0000000000e+00
825 4.3436979351e+03 0.0000000000e+00 7.0163237375e+02 6.4278760969e+01 0.0000000000e+00 -7.6604444312e+01 2212 0.0000000000e+00 1.0000000000e+00
826 4.3441451643e+03 0.0000000000e+00 6.9885801887e+02 6.4278760969e+01 0.0000000000e+00 -7.6604444312e+01 2212 0.0000000000e+00 1.0000000000e+00
827 4.3423083008e+03 0.0000000000e+00 7.1018192038e+02 6.4278760969e+01 0.0000000000e+00 -7.6604444312e+01 2212 0.0000000000e+00 1.0000000000e+00
828 4.3409251455e+03 0.0000000000e+00 7.1858793503e+02 6.4278760969e+01 0.0000000000e+00 -7.6604444312e+01 2212 0.0000000000e+00 1.0000000000e+00
829 4.3253385609e+03 0.0000000000e+00 8.0712209293e+02 6.4278760969e+01 0.0000000000e+00 -7.6604444312e+01 2212 0.0000000000e+00 1.0000000000e+00
830 4.3378878669e+03 0.0000000000e+00 7.3670115604e+02 6.4278760969e+01 0.0000000000e+00 -7.6604444312e+01 2212 0.0000000000e+00 1.0000000000e+00
831 4.3287555356e+03 0.0000000000e+00 7.8859067427e+02 6.4278760969e+01 0.0000000000e+00 -7.6604444312e+01 2212 0.0000000000e+00 1.0000000000e+00
832 4.3251203986e+03 0.0000000000e+00 8.0829034186e+02 6.4278760969e+01 0.0000000000e+00 -7.6604444312e+01 2212 0.0000000000e+00 1.0000000000e+00
833 4.3203111916e+03 0.0000000000e+00 8.3361318747e+02 6.4278760969e+01 0.0000000000e+00 -7.6604444312e+01 2212 0.0000000000e+00 1.0000000000e+00
834 4.3394450119e+03 0.0000000000e+00 7.2747283639e+02 6.4278760969e+01 0.0000000000e+00 -7.6604444312e+01 2212 0.0000000000e+00 1.0000000000e+00
835 4.3259033718e+03 0.0000000000e+00 8.0408939575e+02 6.4278760969e+01 0.0000000000e+00 -7.6604444312e+01 2212 0.0000000000e+00 1.0000000000e+00
836 4.3383032231e+03 0.0000000000e+00 7.3425123968e+02 6.4278760969e+01 0.0000000000e+00 -7.6604444312e+01 2212 0.0000000000e+00 1.0000000000e+00
837 4.3227780524e+03 0.0000000000e+00 8.2072507472e+02 6.4278760969e+01 0.0000000000e+00 -7.6604444312e+01 2212 0.0000000000e+00 1.0000000000e+00
838 4.3299636576e+03 0.0000000000e+00 7.8192996021e+02 6.4278760969e+01 0.0000000000e+00 -7.6604444312e+01 2212 0.0000000000e+00 1.0000000000e+00
839 4.3270874858e+03 0.0000000000e+00 7.9769269095e+02 6.4278760969e+01 0.0000000000e+00 -7.6604444312e+01 2212 0.0000000000e+00 1.0000000000e+00
840 4.3421680796e+03 0.0000000000e+00 7.1103875238e+02 6.4278760969e+01 0.0000000000e+00 -7.6604444312e+01 2212 0.0000000000e+00 1.0000000000e+00
841 4.3315098277e+03 0.0000000000e+00 7.7331904889e+02 6.4278760969e+01 0.0000000000e+00 -7.6604444312e+01 2212 0.0000000000e+00 1.0000000000e+00
842 4.3339017354e+03 0.0000000000e+00 7.5979963576e+02 6.4278760969e+01 0.0000000000e+00 -7.6604444312e+01 2212 0.0000000000e+00 1.0000000000e+00
843 4.3424113489e+03 0.0000000000e+00 7.0955155944e+02 6.4278760969e+01 0.0000000000e+00 -7.6604444312e+01 2212 0.0000000000e+00 1.0000000000e+00
844 4.3432277386e+03 0.0000000000e+00 7.0453711747e+02 6.4278760969e+01 0.0000000000e+00 -7.6604444312e+01 2212 0.0000000000e+00 1.0000000000e+00
845 4.3283485701e+03 0.0000000000e+00 7.9082134181e+02 6.4278760969e+01 0.0000000000e+00 -7.6604444312e+01 2212 0.0000000000e+00 1.0000000000e+00
846 4.3414320971e+03 0.0000000000e+00 7.1551875228e+02 6.4278760969e+01 0.0000000000e+00 -7.6604444312e+01 2212 0.0000000000e+00 1.0000000000e+00
847 4.3455290581e+03 0.0000000000e+00 6.9020065489e+02 6.4278760969e+01 0.0000000000e+00 -7.6604444312e+01 2212 0.0000000000e+00 1.0000000000e+00
848 4.3257207838e+03 0.0000000000e+00 8.0507107749e+02 6.4278760969e+01 0.0000000000e+00 -7.6604444312e+01 2212 0.0000000000e+00 1.0000000000e+00
849 4.3449913671e+03 0.0000000000e+00 6.9357750719e+02 6.4278760969e+01 0.0000000000e+00 -7.6604444312e+01 2212 0.0000000000e+00 1.0000000000e+00
850 4.3414337105e+03 0.0000000000e+00 7.1550896334e+02 6.4278760969e+01 0.0000000000e+00 -7.6604444312e+01 2212 0.0000000000e+00 1.0000000000e+00
851 4.3382610770e+03 0.0000000000e+00 7.3450021571e+02 6.4278760969e+01 0.0000000000e+00 -7.6604444312e+01 2212 0.0000000000e+00 1.0000000000e+00
852 4.3231697446e+03 0.0000000000e+00 8.1865932956e+02 6.4278760969e+01 0.0000000000e+00 -7.6604444312e+01 2212 0.0000000000e+00 1.0000000000e+00
853 4.3376189841e+03 0.0000000000e+00 7.3828266091e+02 6.4278760969e+01 0.0000000000e+00 -7.6604444312e+01 2212 0.0000000000e+00 1.0000000000e+00
854 4.3326856729e+03 0.0000000000e+00 7.6670372293e+02 6.4278760969e+01 0.0000000000e+00 -7.6604444312e+01 2212 0.0000000000e+00 1.0000000000e+00
855 4.3202149893e+03 0.0000000000e+00 8.3411161420e+02 6.4278760969e+01 0.0000000000e+00 -7.6604444312e+01 2212 0.0000000000e+00 1.0000000000e+00
856 4.3234623533e+03 0.0000000000e+00 8.1711261076e+02 6.4278760969e+01 0.0000000000e+00 -7.6604444312e+01 2212 0.0000000000e+00 1.0000000000e+00
857 4.3405521003e+03 0.0000000000e+00 7.2083784812e+02 6.4278760969e+01 0.0000000000e+00 -7.6604444312e+01 2212 0.0000000000e+00 1.0000000000e+00
858 4.3317680064e+03 0.0000000000e+00 7.7187154240e+02 6.4278760969e+01 0.0000000000e+00 -7.6604444312e+01 2212 0.0000000000e+00 1.0000000000e+00
859 4.3339214368e+03 0.0000000000e+00 7.5968725034e+02 6.4278760969e+01 0.0000000000e+00 -7.6604444312e+01 2212 0.0000000000e+00 1.0000000000e+00
860 4.3375074853e+03 0.0000000000e+00 7.3893744932e+02 6.4278760969e+01 0.0000000000e+00 -7.6604444312e+01 2212 0.0000000000e+00 1.0000000000e+00
861 4.3376875630e+03 0.0000000000e+00 7.3787962737e+02 6.4278760969e+01 0.0000000000e+00 -7.6604444312e+01 2212 0.0000000000e+00 1.0000000000e+00
862 4.3406420413e+03 0.0000000000e+00 7.2029605589e+02 6.4278760969e+01 0.0000000000e+00 -7.6604444312e+01 2212 0.0000000000e+00 1.0000000000e+00
863 4.3311759465e+03 0.0000000000e+00 7.7518685427e+02 6.4278760969e+01 0.0000000000e+00 -7.6604444312e+01 2212 0.0000000000e+00 1.0000000000e+00
864 4.3374059276e+03 0.0000000000e+00 7.3953333803e+02 6.4278760969e+01 0.0000000000e+00 -7.6604444312e+01 2212 0.0000000000e+00 1.0000000000e+00
865 4.3203269541e+03 0.0000000000e+00 8.3353149240e+02 6.4278760969e+01 0.0000000000e+00 -7.6604444312e+01 2212 0.0000000000e+00 1.0000000000e+00
866 4.3386770609e+03 0.0000000000e+00 7.3203900152e+02 6.4278760969e+01 0.0000000000e+00 -7.6604444312e+01 2212 0.0000000000e+00 1.0000000000e+00
867 4.3369750423e+03 0.0000000000e+00 7.4205607683e+02 6.4278760969e+01 0.0000000000e+00 -7.6604444312e+01 2212 0.0000000000e+00 1.0000000000e+00
868 4.3431026047e+03 0.0000000000e+00 7.0530809150e+02 6.4278760969e+01 0.0000000000e+00 -7.6604444312e+01 2212 0.0000000000e+00 1.0000000000e+00
869 4.3349732711e+03 0.0000000000e+00 7.5366204503e+02 6.4278760969e+01 0.0000000000e+00 -7.6604444312e+01 2212 0.0000000000e+00 1.0000000000e+00
870 4.3232587028e+03 0.0000000000e+00 8.1818942007e+02 6.4278760969e+01 0.0000000000e+00 -7.6604444312e+01 2212 0.0000000000e+00 1.0000000000e+00
871 4.3385088127e+03 0.0000000000e+00 7.3303548440e+02 6.4278760969e+01 0.0000000000e+00 -7.6604444312e+01 2212 0.0000000000e+00 1.0000000000e+00
872 4.3234269689e+03 0.0000000000e+00 8.1729981273e+02 6.4278760969e+01 0.0000000000e+00 -7.6604444312e+01 2212 0.0000000000e+00 1.0000000000e+00
873 4.3384783742e+03 0.0000000000e+00 7.3321561296e+02 6.4278760969e+01 0.0000000000e+00 -7.6604444312e+01 2212 0.0000000000e+00 1.0000000000e+00
874 4.3284316215e+03 0.0000000000e+00 7.9036664738e+02 6.4278760969e+01 0.0000000000e+00 -7.6604444312e+01 2212 0.0000000000e+00 1.0000000000e+00
875 4.3256444936e+03 0.0000000000e+00 8.0548088372e+02 6.4278760969e+01 0.0000000000e+00 -7.6604444312e+01 2212 0.0000000000e+00 1.0000000000e+00
876 4.3200910038e+03 0.0000000000e+00 8.3475353100e+02 6.4278760969e+01 0.0000000000e+00 -7.6604444312e+01 2212 0.0000000000e+00 1.0000000000e+00
877 4.3454600170e+03 0.0000000000e+00 6.9063519982e+02 6.4278760969e+01 0.0000000000e+00 -7.6604444312e+01 2212 0.0000000000e+00 1.0000000000e+00
878 4.3380686989e+03 0.0000000000e+00 7.3563557739e+02 6.4278760969e+01 0.0000000000e+00 -7.6604444312e+01 2212 0.0000000000e+00 1.0000000000e+00
879 4.3225841428e+03 0.0000000000e+00 8.2174574391e+02 6.4278760969e+01 0.0000000000e+00 -7.6604444312e+01 2212 0.0000000000e+00 1.0000000000e+00
880 4.3400294430e+03 0.0000000000e+00 7.2397801971e+02 6.4278760969e+01 0.0000000000e+00 -7.6604444312e+01 2212 0.0000000000e+00 1.0000000000e+00
881 4.3250699453e+03 0.0000000000e+00 8.0856026794e+02 6.4278760969e+01 0.0000000000e+00 -7.6604444312e+01 2212 0.0000000000e+00 1.0000000000e+00
882 4.3290943963e+03 0.0000000000e+00 7.8672831818e+02 6.4278760969e+01 0.0000000000e+00 -7.6604444312e+01 2212 0.0000000000e+00 1.0000000000e+00
883 4.3446965962e+03 0.0000000000e+00 6.9542161736e+02 6.4278760969e+01 0.0000000000e+00 -7.6604444312e+01 2212 0.0000000000e+00 1.0000000000e+00
884 4.3362125229e+03 0.0000000000e+00 7.4649895877e+02 6.4278760969e+01 0.0000000000e+00 -7.6604444312e+01 2212 0.0000000000e+00 1.0000000000e+00
885 4.3442455642e+03 0.0000000000e+00 6.9823364050e+02 6.4278760969e+01 0.0000000000e+00 -7.6604444312e+01 2212 0.0000000000e+00 1.0000000000e+00
886 4.3448270021e+03 0.0000000000e+00 6.9460640689e+02 6.4278760969e+01 0.0000000000e+00 -7.6604444312e+01 2212 0.0000000000e+00 1.0000000000e+00
887 4.3287861753e+03 0.0000000000e+00 7.8842246774e+02 6.4278760969e+01 0.0000000000e+00 -7.6604444312e+01 2212 0.0000000000e+00 1.0000000000e+00
888 4.3274661583e+03 0.0000000000e+00 7.9563583853e+02 6.4278760969e+01 0.0000000000e+00 -7.6604444312e+01 2212 0.0000000000e+00 1.0000000000e+00
889 4.3441411616e+03 0.0000000000e+00 6.9888289961e+02 6.4278760969e+01 0.0000000000e+00 -7.6604444312e+01 2212 0.0000000000e+00 1.0000000000e+00
890 4.3380408491e+03 0.0000000000e+00 7.3579978957e+02 6.4278760969e+01 0.0000000000e+00 -7.6604444312e+01 2212 0.0000000000e+00 1.0000000000e+00
891 4.3221740902e+03 0.0000000000e+00 8.2389979565e+02 6.4278760969e+01 0.0000000000e+00 -7.6604444312e+01 2212 0.0000000000e+00 1.0000000000e+00
892 4.3203924324e+03 0.0000000000e+00 8.3319203585e+02 6.4278760969e+01 0.0000000000e+00 -7.6604444312e+01 2212 0.0000000000e+00 1.0000000000e+00
893 4.3228076517e+03 0.0000000000e+00 8.2056915931e+02 6.4278760969e+01 0.0000000000e+00 -7.6604444312e+01 2212 0.0000000000e+00 1.0000000000e+00
894 4.3209810379e+03 0.0000000000e+00 8.3013409097e+02 6.4278760969e+01 0.0000000000e+00 -7.6604444312e+01 2212 0.0000000000e+00 1.0000000000e+00
895 4.3315778216e+03 0.0000000000e+00 7.7293810531e+02 6.4278760969e+01 0.0000000000e+00 -7.6604444312e+01 2212 0.0000000000e+00 1.0000000000e+00
896 4.3412781258e+03 0.0000000000e+00 7.1645235247e+02 6.4278760969e+01 0.0000000000e+00 -7.6604444312e+01 2212 0.0000000000e+00 1.0000000000e+00
897 4.3363998167e+03 0.0000000000e+00 7.4541020182e+02 6.4278760969e+01 0.0000000000e+00 -7.6604444312e+01 2212 0.0000000000e+00 1.0000000000e+00
898 4.3314530637e+03 0.0000000000e+00 7.7363692779e+02 6.4278760969e+01 0.0000000000e+00 -7.6604444312e+01 2212 0.0000000000e+00 1.0000000000e+00
899 4.3359985028e+03 0.0000000000e+00 7.4774107965e+02 6.4278760969e+01 0.0000000000e+00 -7.6604444312e+01 2212 0.0000000000e+00 1.0000000000e+00
900 4.3302447551e+03 0.0000000000e+00 7.8037177021e+02 6.4278760969e+01 0.0000000000e+00 -7.6604444312e+01 2212 0.0000000000e+00 1.0000000000e+00
901 4.3240660490e+03 0.0000000000e+00 8.1391187674e+02 6.4278760969e+01 0.0000000000e+00 -7.6604444312e+01 2212 0.0000000000e+00 1.0000000000e+00
902 4.3285616956e+03 0.0000000000e+00 7.8965396592e+02 6.4278760969e+01 0.0000000000e+00 -7.6604444312e+01 2212 0.0000000000e+00 1.0000000000e+00
903 4.3286232297e+03 0.0000000000e+00 7.8931658688e+02 6.4278760969e+01 0.0000000000e+00 -7.6604444312e+01 2212 0.0000000000e+00 1.0000000000e+00
904 4.3320200939e+03 0.0000000000e+00 7.7045547904e+02 6.4278760969e+01 0.0000000000e+00 -7.6604444312e+01 2212 0.0000000000e+00 1.0000000000e+00
905 4.3234700514e+03 0.0000000000e+00 8.1707187803e+02 6.4278760969e+01 0.0000000000e+00 -7.6604444312e+01 2212 0.0000000000e+00 1.0000000000e+00
906 4.3418009873e+03 0.0000000000e+00 7.1327689252e+02 6.4278760969e+01 0.0000000000e+00 -7.6604444312e+01 2212 0.0000000000e+00 1.0000000000e+00
907 4.3448198263e+03 0.0000000000e+00 6.9465129085e+02 6.4278760969e+01 0.0000000000e+00 -7.6604444312e+01 2212 0.0000000000e+00 1.0000000000e+00
908 4.3322648803e+03 0.0000000000e+00 7.6907785442e+02 6.4278760969e+01 0.0000000000e+00 -7.6604444312e+01 2212 0.0000000000e+00 1.0000000000e+00
909 4.3210420746e+03 0.0000000000e+00 8.2981632186e+02 6.4278760969e+01 0.0000000000e+00 -7.6604444312e+01 2212 0.0000000000e+00 1.0000000000e+00
910 4.3310383925e+03 0.0000000000e+00 7.7595501280e+02 6.4278760969e+01 0.0000000000e+00 -7.6604444312e+01 2212 0.0000000000e+00 1.0000000000e+00
911 4.3225540800e+03 0.0000000000e+00 8.2190386587e+02 6.4278760969e+01 0.0000000000e+00 -7.6604444312e+01 2212 0.0000000000e+00 1.0000000000e+00
912 4.3350304724e+03 0.0000000000e+00 7.5333295553e+02 6.4278760969e+01 0.0000000000e+00 -7.6604444312e+01 2212 0.0000000000e+00 1.0000000000e+00
913 4.3321013289e+03 0.0000000000e+00 7.6999858139e+02 6.4278760969e+01 0.0000000000e+00 -7.6604444312e+01 2212 0.0000000000e+00 1.0000000000e+00
914 4.3393788750e+03 0.0000000000e+00 7.2786723928e+02 6.4278760969e+01 0.0000000000e+00 -7.6604444312e+01 2212 0.0000000000e+00 1.0000000000e+00
915 4.3297037307e+03 0.0000000000e+00 7.8336794908e+02 6.4278760969e+01 0.0000000000e+00 -7.6604444312e+01 2212 0.0000000000e+00 1.0000000000e+00
916 4.3207658759e+03 0.0000000000e+00 8.3125326150e+02 6.4278760969e+01 0.0000000000e+00 -7.6604444312e+01 2212 0.0000000000e+00 1.0000000000e+00
917 4.3446691051e+03 0.0000000000e+00 6.9559334839e+02 6.4278760969e+01 0.0000000000e+00 -7.6604444312e+01 2212 0.0000000000e+00 1.0000000000e+00
918 4.3364253172e+03 0.0000000000e+00 7.4526183782e+02 6.4278760969e+01 0.0000000000e+00 -7.6604444312e+01 2212 0.0000000000e+00 1.0000000000e+00
919 4.3352705033e+03 0.0000000000e+00 7.5195039862e+02 6.4278760969e+01 0.0000000000e+00 -7.6604444312e+01 2212 0.0000000000e+00 1.0000000000e+00
920 4.3363441179e+03 0.0000000000e+00 7.4573415510e+02 6.4278760969e+01 0.0000000000e+00 -7.6604444312e+01 2212 0.0000000000e+00 1.0000000000e+00
921 4.3230408651e+03 0.0000000000e+00 8.1933962263e+02 6.4278760969e+01 0.0000000000e+00 -7.6604444312e+01 2212 0.0000000000e+00 1.0000000000e+00
922 4.3191921203e+03 0.0000000000e+00 8.3939214112e+02 6.4278760969e+01 0.0000000000e+00 -7.6604444312e+01 2212 0.0000000000e+00 1.0000000000e+00
923 4.3208400440e+03 0.0000000000e+00 8.3086765063e+02 6.4278760969e+01 0.0000000000e+00 -7.6604444312e+01 2212 0.0000000000e+00 1.0000000000e+00
924 4.3358703448e+03 0.0000000000e+00 7.4848386241e+02 6.4278760969e+01 0.0000000000e+00 -7.6604444312e+01 2212 0.0000000000e+00 1.0000000000e+00
925 4.3372291505e+03 0.0000000000e+00 7.4056939904e+02 6.4278760969e+01 0.0000000000e+00 -7.6604444312e+01 2212 0.0000000000e+00 1.0000000000e+00
926 4.3203330084e+03 0.0000000000e+00 8.3350011139e+02 6.4278760969e+01 0.0000000000e+00 -7.6604444312e+01 2212 0.0000000000e+00 1.0000000000e+00
927 4.3386556106e+03 0.0000000000e+00 7.3216612281e+02 6.4278760969e+01 0.0000000000e+00 -7.6604444312e+01 2212 0.0000000000e+00 1.0000000000e+00
928 4.3354216695e+03 0.0000000000e+00 7.5107834932e+02 6.4278760969e+01 0.0000000000e+00 -7.6604444312e+01 2212 0.0000000000e+00 1.0000000000e+00
929 4.3305894637e+03 0.0000000000e+00 7.7845657302e+02 6.4278760969e+01 0.0000000000e+00 -7.6604444312e+01 2212 0.0000000000e+00 1.0000000000e+00
930 4.3317703066e+03 0.0000000000e+00 7.7185863339e+02 6.4278760969e+01 0.0000000000e+00 -7.6604444312e+01 2212 0.0000000000e+00 1.0000000000e+00
931 4.3373602958e+03 0.0000000000e+00 7.3980092115e+02 6.4278760969e+01 0.0000000000e+00 -7.6604444312e+01 2212 0.0000000000e+00 1.0000000000e+00
932 4.3291965417e+03 0.0000000000e+00 7.8616603963e+02 6.4278760969e+01 0.0000000000e+00 -7.6604444312e+01 2212 0.0000000000e+00 1.0000000000e+00
933 4.3420320915e+03 0.0000000000e+00 7.1186870676e+02 6.4278760969e+01 0.0000000000e+00 -7.6604444312e+01 2212 0.0000000000e+00 1.0000000000e+00
934 4.3442198079e+03 0.0000000000e+00 6.9839387124e+02 6.4278760969e+01 0.0000000000e+00 -7.6604444312e+01 2212 0.0000000000e+00 1.0000000000e+00
935 4.3455490538e+03 0.0000000000e+00 6.9007474970e+02 6.4278760969e+01 0.0000000000e+00 -7.6604444312e+01 2212 0.0000000000e+00 1.0000000000e+00
936 4.3268037618e+03 0.0000000000e+00 7.9923022071e+02 6.4278760969e+01 0.0000000000e+00 -7.6604444312e+01 2212 0.0000000000e+00 1.0000000000e+00
937 4.3447452066e+03 0.0000000000e+00 6.9511785224e+02 6.4278760969e+01 0.0000000000e+00 -7.6604444312e+01 2212 0.0000000000e+00 1.0000000000e+00
938 4.3271950317e+03 0.0000000000e+00 7.9710908687e+02 6.4278760969e+01 0.0000000000e+00 -7.6604444312e+01 2212 0.0000000000e+00 1.0000000000e+00
939 4.3392418625e+03 0.0000000000e+00 7.2868360610e+02 6.4278760969e+01 0.0000000000e+00 -7.6604444312e+01 2212 0.0000000000e+00 1.0000000000e+00
940 4.3332848648e+03 0.0000000000e+00 7.6330991055e+02 6.4278760969e+01 0.0000000000e+00 -7.6604444312e+01 2212 0.0000000000e+00 1.0000000000e+00
941 4.3275527194e+03 0.0000000000e+00 7.9516488839e+02 6.4278760969e+01 0.0000000000e+00 -7.6604444312e+01 2212 0.0000000000e+00 1.0000000000e+00
942 4.3370125561e+03 0.0000000000e+00 7.4183679296e+02 6.4278760969e+01 0.0000000000e+00 -7.6604444312e+01 2212 0.0000000000e+00 1.0000000000e+00
943 4.3385137668e+03 0.0000000000e+00 7.3300616228e+02 6.4278760969e+01 0.0000000000e+00 -7.6604444312e+01 2212 0.0000000000e+00 1.0000000000e+00
944 4.3451193562e+03 0.0000000000e+00 6.9277523018e+02 6.4278760969e+01 0.0000000000e+00 -7.6604444312e+01 2212 0.0000000000e+00 1.0000000000e+00
945 4.3331734219e+03 0.0000000000e+00 7.6394229782e+02 6.4278760969e+01 0.0000000000e+00 -7.6604444312e+01 2212 0.0000000000e+00 1.0000000000e+00
946 4.3202075635e+03 0.0000000000e+00 8.3415007466e+02 6.4278760969e+01 0.0000000000e+00 -7.6604444312e+01 2212 0.0000000000e+00 1.0000000000e+00
947 4.3286896502e+03 0.0000000000e+00 7.8895224914e+02 6.4278760969e+01 0.0000000000e+00 -7.6604444312e+01 2212 0.0000000000e+00 1.0000000000e+00
948 4.3310902219e+03 0.0000000000e+00 7.7566566796e+02 6.4278760969e+01 0.0000000000e+00 -7.6604444312e+01 2212 0.0000000000e+00 1.0000000000e+00
949 4.3337828449e+03 0.0000000000e+00 7.6047747622e+02 6.4278760969e+01 0.0000000000e+00 -7.6604444312e+01 2212 0.0000000000e+00 1.0000000000e+00
950 4.3354888142e+03 0.0000000000e+00 7.5069066904e+02 6.4278760969e+01 0.0000000000e+00 -7.6604444312e+01 2212 0.0000000000e+00 1.0000000000e+00
951 4.3433067226e+03 0.0000000000e+00 7.0405003534e+02 6.4278760969e+01 0.0000000000e+00 -7.6604444312e+01 2212 0.0000000000e+00 1.0000000000e+00
952 4.3391918943e+03 0.0000000000e+00 7.2898109917e+02 6.4278760969e+01 0.0000000000e+00 -7.6604444312e+01 2212 0.0000000000e+00 1.0000000000e+00
953 4.3443047538e+03 0.0000000000e+00 6.9786527720e+02 6.4278760969e+01 0.0000000000e+00 -7.6604444312e+01 2212 0.0000000000e+00 1.0000000000e+00
954 4.3242220439e+03 0.0000000000e+00 8.1308268604e+02 6.4278760969e+01 0.0000000000e+00 -7.6604444312e+01 2212 0.0000000000e+00 1.0000000000e+00
955 4.3317028533e+03 0.0000000000e+00 7.7223709417e+02 6.4278760969e+01 0.0000000000e+00 -7.6604444312e+01 2212 0.0000000000e+00 1.0000000000e+00
956 4.3334348649e+03 0.0000000000e+00 7.6245787486e+02 6.4278760969e+01 0.0000000000e+00 -7.6604444312e+01 2212 0.0000000000e+00 1.0000000000e+00
957 4.3390503830e+03 0.0000000000e+00 7.2982293256e+02 6.4278760969e+01 0.0000000000e+00 -7.6604444312e+01 2212 0.0000000000e+00 1.0000000000e+00
958 4.3331616741e+03 0.0000000000e+00 7.6400893017e+02 6.4278760969e+01 0.0000000000e+00 -7.6604444312e+01 2212 0.0000000000e+00 1.0000000000e+00
959 4.3410920321e+03 0.0000000000e+00 7.1757906042e+02 6.4278760969e+01 0.0000000000e+00 -7.6604444312e+01 2212 0.0000000000e+00 1.0000000000e+00
960 4.3432218008e+03 0.0000000000e+00 7.0457372101e+02 6.4278760969e+01 0.0000000000e+00 -7.6604444312e+01 2212 0.0000000000e+00 1.0000000000e+00
961 4.3248023267e+03 0.0000000000e+00 8.0999047777e+02 6.4278760969e+01 0.0000000000e+00 -7.6604444312e+01 2212 0.0000000000e+00 1.0000000000e+00
962 4.3299888544e+03 0.0000000000e+00 7.8179041952e+02 6.4278760969e+01 0.0000000000e+00 -7.6604444312e+01 2212 0.0000000000e+00 1.0000000000e+00
963 4.3343828422e+03 0.0000000000e+00 7.5705027310e+02 6.4278760969e+01 0.0000000000e+00 -7.6604444312e+01 2212 0.0000000000e+00 1.0000000000e+00
964 4.3374276894e+03 0.0000000000e+00 7.3940569228e+02 6.4278760969e+01 0.0000000000e+00 -7.6604444312e+01 2212 0.0000000000e+00 1.0000000000e+00
965 4.3234693966e+03 0.0000000000e+00 8.1707534245e+02 6.4278760969e+01 0.0000000000e+00 -7.6604444312e+01 2212 0.0000000000e+00 1.0000000000e+00
966 4.3205256783e+03 0.0000000000e+00 8.3250081204e+02 6.4278760969e+01 0.0000000000e+00 -7.6604444312e+01 2212 0.0000000000e+00 1.0000000000e+00
967 4.3245575605e+03 0.0000000000e+00 8.1129627429e+02 6.4278760969e+01 0.0000000000e+00 -7.6604444312e+01 2212 0.0000000000e+00 1.0000000000e+00
968 4.3396876232e+03 0.0000000000e+00 7.2602415360e+02 6.4278760969e+01 0.0000000000e+00 -7.6604444312e+01 2212 0.0000000000e+00 1.0000000000e+00
969 4.3300056316e+03 0.0000000000e+00 7.8169749232e+02 6.4278760969e+01 0.0000000000e+00 -7.6604444312e+01 2212 0.0000000000e+00 1.0000000000e+00
970 4.3296090896e+03 0.0000000000e+00 7.8389085319e+02 6.4278760969e+01 0.0000000000e+00 -7.6604444312e+01 2212 0.0000000000e+00 1.0000000000e+00
971 4.3208250251e+03 0.0000000000e+00 8.3094575127e+02 6.4278760969e+01 0.0000000000e+00 -7.6604444312e+01 2212 0.0000000000e+00 1.0000000000e+00
972 4.3445728230e+03 0.0000000000e+00 6.9619445905e+02 6.4278760969e+01 0.0000000000e+00 -7.6604444312e+01 2212 0.0000000000e+00 1.0000000000e+00
973 4.3378251074e+03 0.0000000000e+00 7.3707060459e+02 6.4278760969e+01 0.0000000000e+00 -7.6604444312e+01 2212 0.0000000000e+00 1.0000000000e+00
974 4.3290179161e+03 0.0000000000e+00 7.8714904603e+02 6.4278760969e+01 0.0000000000e+00 -7.6604444312e+01 2212 0.0000000000e+00 1.0000000000e+00
975 4.3430958073e+03 0.0000000000e+00 7.0534994654e+02 6.4278760969e+01 0.0000000000e+00 -7.6604444312e+01 2212 0.0000000000e+00 1.0000000000e+00
976 4.3379692911e+03 0.0000000000e+00 7.3622154824e+02 6.4278760969e+01 0.0000000000e+00 -7.6604444312e+01 2212 0.0000000000e+00 1.0000000000e+00
977 4.3289262702e+03 0.0000000000e+00 7.8765289667e+02 6.4278760969e+01 0.0000000000e+00 -7.6604444312e+01 2212 0.0000000000e+00 1.0000000000e+00
978 4.3415338444e+03 0.0000000000e+00 7.1490112407e+02 6.4278760969e+01 0.0000000000e+00 -7.6604444312e+01 2212 0.0000000000e+00 1.0000000000e+00
979 4.3265286052e+03 0.0000000000e+00 8.0071840693e+02 6.4278760969e+01 0.0000000000e+00 -7.6604444312e+01 2212 0.0000000000e+00 1.0000000000e+00
980 4.3327869464e+03 0.0000000000e+00 7.6613120008e+02 6.4278760969e+01 0.0000000000e+00 -7.6604444312e+01 2212 0.0000000000e+00 1.0000000000e+00
981 4.3226263366e+03 0.0000000000e+00 8.2152376288e+02 6.4278760969e+01 0.0000000000e+00 -7.6604444312e+01 2212 0.0000000000e+00 1.0000000000e+00
982 4.3454478062e+03 0.0000000000e+00 6.9071202596e+02 6.4278760969e+01 0.0000000000e+00 -7.6604444312e+01 2212 0.0000000000e+00 1.0000000000e+00
983 4.3305112839e+03 0.0000000000e+00 7.7889136504e+02 6.4278760969e+01 0.0000000000e+00 -7.6604444312e+01 2212 0.0000000000e+00 1.0000000000e+00
984 4.3358943934e+03 0.0000000000e+00 7.4834453858e+02 6.4278760969e+01 0.0000000000e+00 -7.6604444312e+01 2212 0.0000000000e+00 1.0000000000e+00
985 4.3287305569e+03 0.0000000000e+00 7.8872777618e+02 6.4278760969e+01 0.0000000000e+00 -7.6604444312e+01 2212 0.0000000000e+00 1.0000000000e+00
986 4.3399003573e+03 0.0000000000e+00 7.2475142453e+02 6.4278760969e+01 0.0000000000e+00 -7.6604444312e+01 2212 0.0000000000e+00 1.0000000000e+00
987 4.3215286818e+03 0.0000000000e+00 8.2727842426e+02 6.4278760969e+01 0.0000000000e+00 -7.6604444312e+01 2212 0.0000000000e+00 1.0000000000e+00
988 4.3379853134e+03 0.0000000000e+00 7.3612713571e+02 6.4278760969e+01 0.0000000000e+00 -7.6604444312e+01 2212 0.0000000000e+00 1.0000000000e+00
989 4.3365799013e+03 0.0000000000e+00 7.4436180594e+02 6.4278760969e+01 0.0000000000e+00 -7.6604444312e+01 2212 0.0000000000e+00 1.0000000000e+00
990 4.3441927687e+03 0.0000000000e+00 6.9856204270e+02 6.4278760969e+01 0.0000000000e+00 -7.6604444312e+01 2212 0.0000000000e+00 1.0000000000e+00
991 4.3348164234e+03 0.0000000000e+00 7.5456365843e+02 6.4278760969e+01 0.0000000000e+00 -7.6604444312e+01 2212 0.0000000000e+00 1.0000000000e+00
992 4.3446155092e+03 0.0000000000e+00 6.9592802537e+02 6.4278760969e+01 0.0000000000e+00 -7.6604444312e+01 2212 0.0000000000e+00 1.0000000000e+00
993 4.3213706447e+03 0.0000000000e+00 8.2810355022e+02 6.4278760969e+01 0.0000000000e+00 -7.6604444312e+01 2212 0.0000000000e+00 1.0000000000e+00
994 4.3455908143e+03 0.0000000000e+00 6.8981172298e+02 6.4278760969e+01 0.0000000000e+00 -7.6604444312e+01 2212 0.0000000000e+00 1.0000000000e+00
995 4.3213365710e+03 0.0000000000e+00 8.2828134031e+02 6.4278760969e+01 0.0000000000e+00 -7.6604444312e+01 2212 0.0000000000e+00 1.0000000000e+00
996 4.3228148168e+03 0.0000000000e+00 8.2053141230e+02 6.4278760969e+01 0.0000000000e+00 -7.6604444312e+01 2212 0.0000000000e+00 1.0000000000e+00
997 4.3432253191e+03 0.0000000000e+00 7.0455203270e+02 6.4278760969e+01 0.0000000000e+00 -7.6604444312e+01 2212 0.0000000000e+00 1.0000000000e+00
998 4.3452650120e+03 0.0000000000e+00 6.9186105112e+02 6.4278760969e+01 0.0000000000e+00 -7.6604444312e+01 2212 0.0000000000e+00 1.0000000000e+00
999 4.3194801695e+03 0.0000000000e+00 8.3790858949e+02 6.4278760969e+01 0.0000000000e+00 -7.6604444312e+01 2212 0.0000000000e+00 1.0000000000e+00
1000 4.3257355939e+03 0.0000000000e+00 8.0499149728e+02 6.4278760969e+01 0.0000000000e+00 -7.6604444312e+01 2212 0.0000000000e+00 1.0000000000e+00
1001 4.3366222568e+03 0.0000000000e+00 7.4411500532e+02 6.4278760969e+01 0.0000000000e+00 -7.6604444312e+01 2212 0.0000000000e+00 1.0000000000e+00
1002 4.3245210484e+03 0.0000000000e+00 8.1149087561e+02 6.4278760969e+01 0.0000000000e+00 -7.6604444312e+01 2212 0.0000000000e+00 1.0000000000e+00
1003 4.3290976810e+03 0.0000000000e+00 7.8671024326e+02 6.4278760969e+01 0.0000000000e+00 -7.6604444312e+01 2212 0.0000000000e+00 1.0000000000e+00
1004 4.3333995329e+03 0.0000000000e+00 7.6265865718e+02 6.4278760969e+01 0.0000000000e+00 -7.6604444312e+01 2212 0.0000000000e+00 1.0000000000e+00
1005 4.3230347033e+03 0.0000000000e+00 8.1937213328e+02 6.4278760969e+01 0.0000000000e+00 -7.6604444312e+01 2212 0.0000000000e+00 1.0000000000e+00
1006 4.3339650152e+03 0.0000000000e+00 7.5943859899e+02 6.4278760969e+01 0.0000000000e+00 -7.6604444312e+01 2212 0.0000000000e+00 1.0000000000e+00
1007 4.3377769657e+03 0.0000000000e+00 7.3735387374e+02 6.4278760969e+01 0.0000000000e+00 -7.6604444312e+01 2212 0.0000000000e+00 1.0000000000e+00
1008 4.3272323077e+03 0.0000000000e+00 7.9690670343e+02 6.4278760969e+01 0.0000000000e+00 -7.6604444312e+01 2212 0.0000000000e+00 1.0000000000e+00
1009 4.3424451769e+03 0.0000000000e+00 7.0934450366e+02 6.4278760969e+01 0.0000000000e+00 -7.6604444312e+01 2212 0.0000000000e+00 1.0000000000e+00
1010 4.3279959064e+03 0.0000000000e+00 7.9274912389e+02 6.4278760969e+01 0.0000000000e+00 -7.6604444312e+01 2212 0.0000000000e+00 1.0000000000e+00
1011 4.3355015005e+03 0.0000000000e+00 7.5061739807e+02 6.4278760969e+01 0.0000000000e+00 -7.6604444312e+01 2212 0.0000000000e+00 1.0000000000e+00
1012 4.3279882365e+03 0.0000000000e+00 7.9279099637e+02 6.4278760969e+01 0.0000000000e+00 -7.6604444312e+01 2212 0.0000000000e+00 1.0000000000e+00
1013 4.3435676777e+03 0.0000000000e+00 7.0243830214e+02 6.4278760969e+01 0.0000000000e+00 -7.6604444312e+01 2212 0.0000000000e+00 1.0000000000e+00
1014 4.3267795708e+03 0.0000000000e+00 7.9936117291e+02 6.4278760969e+01 0.0000000000e+00 -7.6604444312e+01 2212 0.0000000000e+00 1.0000000000e+00
1015 4.3200282288e+03 0.0000000000e+00 8.3507834452e+02 6.4278760969e+01 0.0000000000e+00 -7.6604444312e+01 2212 0.0000000000e+00 1.0000000000e+00
1016 4.3356228852e+03 0.0000000000e+00 7.4991595287e+02 6.4278760969e+01 0.0000000000e+00 -7.6604444312e+01 2212 0.0000000000e+00 1.0000000000e+00
1017 4.3407783641e+03 0.0000000000e+00 7.1947406686e+02 6.4278760969e+01 0.0000000000e+00 -7.6604444312e+01 2212 0.0000000000e+00 1.0000000000e+00
1018 4.3253988292e+03 0.0000000000e+00 8.0679905017e+02 6.4278760969e+01 0.0000000000e+00 -7.6604444312e+01 2212 0.0000000000e+00 1.0000000000e+00
1019 4.3232720605e+03 0.0000000000e+00 8.1811883579e+02 6.4278760969e+01 0.0000000000e+00 -7.6604444312e+01 2212 0.0000000000e+00 1.0000000000e+00
1020 4.3305254420e+03 0.0000000000e+00 7.7881264445e+02 6.4278760969e+01 0.0000000000e+00 -7.6604444312e+01 2212 0.0000000000e+00 1.0000000000e+00
1021 4.3457507942e+03 0.0000000000e+00 6.8880314570e+02 6.4278760969e+01 0.0000000000e+00 -7.6604444312e+01 2212 0.0000000000e+00 1.0000000000e+00
1022 4.3273969491e+03 0.0000000000e+00 7.9601217548e+02 6.4278760969e+01 0.0000000000e+00 -7.6604444312e+01 2212 0.0000000000e+00 1.0000000000e+00
1023 4.3447275422e+03 0.0000000000e+00 6.9522825235e+02 6.4278760969e+01 0.0000000000e+00 -7.6604444312e+01 2212 0.0000000000e+00 1.0000000000e+00
1024 4.3241746313e+03 0.0000000000e+00 8.1333480002e+02 6.4278760969e+01 0.0000000000e+00 -7.6604444312e+01 2212 0.0000000000e+00 1.0000000000e+00
1025 4.3264148230e+03 0.0000000000e+00 8.0133296355e+02 6.4278760969e+01 0.0000000000e+00 -7.6604444312e+01 2212 0.0000000000e+00 1.0000000000e+00
1026 4.3256402466e+03 0.0000000000e+00 8.0550369096e+02 6.4278760969e+01 0.0000000000e+00 -7.6604444312e+01 2212 0.0000000000e+00 1.0000000000e+00
1027 4.3270101882e+03 0.0000000000e+00 7.9811187805e+02 6.4278760969e+01 0.0000000000e+00 -7.6604444312e+01 2212 0.0000000000e+00 1.0000000000e+00
1028 4.3455554195e+03 0.0000000000e+00 6.9003466230e+02 6.4278760969e+01 0.0000000000e+00 -7.6604444312e+01 2212 0.0000000000e+00 1.0000000000e+00
1029 4.3427647140e+03 0.0000000000e+00 7.0738559316e+02 6.4278760969e+01 0.0000000000e+00 -7.6604444312e+01 2212 0.0000000000e+00 1.0000000000e+00
1030 4.3313837242e+03 0.0000000000e+00 7.7402504633e+02 6.4278760969e+01 0.0000000000e+00 -7.6604444312e+01 2212 0.0000000000e+00 1.0000000000e+00
1031 4.3310132353e+03 0.0000000000e+00 7.7609541584e+02 6.4278760969e+01 0.0000000000e+00 -7.6604444312e+01 2212 0.0000000000e+00 1.0000000000e+00
1032 4.3416225100e+03 0.0000000000e+00 7.1436245698e+02 6.4278760969e+01 0.0000000000e+00 -7.6604444312e+01 2212 0.0000000000e+00 1.0000000000e+00
1033 4.3453832127e+03 0.0000000000e+00 6.9111827768e+02 6.4278760969e+01 0.0000000000e+00 -7.6604444312e+01 2212 0.0000000000e+00 1.0000000000e+00
1034 4.3350741506e+03 0.0000000000e+00 7.5308156765e+02 6.4278760969e+01 0.0000000000e+00 -7.6604444312e+01 2212 0.0000000000e+00 1.0000000000e+00
1035 4.3345941992e+03 0.0000000000e+00 7.5583918078e+02 6.4278760969e+01 0.0000000000e+00 -7.6604444312e+01 2212 0.0000000000e+00 1.0000000000e+00
1036 4.3371444008e+03 0.0000000000e+00 7.4106557436e+02 6.4278760969e+01 0.0000000000e+00 -7.6604444312e+01 2212 0.0000000000e+00 1.0000000000e+00
1037 4.3266445089e+03 0.0000000000e+00 8.0009189010e+02 6.4278760969e+01 0.0000000000e+00 -7.6604444312e+01 2212 0.0000000000e+00 1.0000000000e+00
1038 4.3391419048e+03 0.0000000000e+00 7.2927859505e+02 6.4278760969e+01 0.0000000000e+00 -7.6604444312e+01 2212 0.0000000000e+00 1.0000000000e+00
1039 4.3291005012e+03 0.0000000000e+00 7.8669472466e+02 6.4278760969e+01 0.0000000000e+00 -7.6604444312e+01 2212 0.0000000000e+00 1.0000000000e+00
1040 4.3302233757e+03 0.0000000000e+00 7.8049039392e+02 6.4278760969e+01 0.0000000000e+00 -7.6604444312e+01 2212 0.0000000000e+00 1.0000000000e+00
1041 4.3372764705e+03 0.0000000000e+00 7.4029221100e+02 6.4278760969e+01 0.0000000000e+00 -7.6604444312e+01 2212 0.0000000000e+00 1.0000000000e+00
1042 4.3302663827e+03 0.0000000000e+00 7.8025175038e+02 6.4278760969e+01 0.0000000000e+00 -7.6604444312e+01 2212 0.0000000000e+00 1.0000000000e+00
1043 4.3287347981e+03 0.0000000000e+00 7.8870449870e+02 6.4278760969e+01 0.0000000000e+00 -7.6604444312e+01 2212 0.0000000000e+00 1.0000000000e+00
1044 4.3424019485e+03 0.0000000000e+00 7.0960908697e+02 6.4278760969e+01 0.0000000000e+00 -7.6604444312e+01 2212 0.0000000000e+00 1.0000000000e+00
1045 4.3260112505e+03 0.0000000000e+00 8.0350880481e+02 6.4278760969e+01 0.0000000000e+00 -7.6604444312e+01 2212 0.0000000000e+00 1.0000000000e+00
1046 4.3411685588e+03 0.0000000000e+00 7.1711594782e+02 6.4278760969e+01 0.0000000000e+00 -7.6604444312e+01 2212 0.0000000000e+00 1.0000000000e+00
1047 4.3421960718e+03 0.0000000000e+00 7.1086778884e+02 6.4278760969e+01 0.0000000000e+00 -7.6604444312e+01 2212 0.0000000000e+00 1.0000000000e+00
1048 4.3418306556e+03 0.0000000000e+00 7.1309627488e+02 6.4278760969e+01 0.0000000000e+00 -7.6604444312e+01 2212 0.0000000000e+00 1.0000000000e+00
1049 4.3340588202e+03 0.0000000000e+00 7.5890307810e+02 6.4278760969e+01 0.0000000000e+00 -7.6604444312e+01 2212 0.0000000000e+00 1.0000000000e+00
1050 4.3245757511e+03 0.0000000000e+00 8.1119930464e+02 6.4278760969e+01 0.0000000000e+00 -7.6604444312e+01 2212 0.0000000000e+00 1.0000000000e+00
1051 4.3216588043e+03 0.0000000000e+00 8.2659840172e+02 6.4278760969e+01 0.0000000000e+00 -7.6604444312e+01 2212 0.0000000000e+00 1.0000000000e+00
1052 4.3293574412e+03 0.0000000000e+00 7.8527949505e+02 6.4278760969e+01 0.0000000000e+00 -7.6604444312e+01 2212 0.0000000000e+00 1.0000000000e+00
1053 4.3314108201e+03 0.0000000000e+00 7.7387340470e+02 6.4278760969e+01 0.0000000000e+00 -7.6604444312e+01 2212 0.0000000000e+00 1.0000000000e+00
1054 4.3326727321e+03 0.0000000000e+00 7.6677684850e+02 6.4278760969e+01 0.0000000000e+00 -7.6604444312e+01 2212 0.0000000000e+00 1.0000000000e+00
1055 4.3232086640e+03 0.0000000000e+00 8.1845377805e+02 6.4278760969e+01 0.0000000000e+00 -7.6604444312e+01 2212 0.0000000000e+00 1.0000000000e+00
1056 4.3450104627e+03 0.0000000000e+00 6.9345787054e+02 6.4278760969e+01 0.0000000000e+00 -7.6604444312e+01 2212 0.0000000000e+00 1.0000000000e+00
1057 4.3369276902e+03 0.0000000000e+00 7.4233277484e+02 6.4278760969e+01 0.0000000000e+00 -7.6604444312e+01 2212 0.0000000000e+00 1.0000000000e+00
1058 4.3348320912e+03 0.0000000000e+00 7.5447364446e+02 6.4278760969e+01 0.0000000000e+00 -7.6604444312e+01 2212 0.0000000000e+00 1.0000000000e+00
1059 4.3382889848e+03 0.0000000000e+00 7.3433536145e+02 6.4278760969e+01 0.0000000000e+00 -7.6604444312e+01 2212 0.0000000000e+00 1.0000000000e+00
1060 4.3416054423e+03 0.0000000000e+00 7.1446617971e+02 6.4278760969e+01 0.0000000000e+00 -7.6604444312e+01 2212 0.0000000000e+00 1.0000000000e+00
1061 4.3349252761e+03 0.0000000000e+00 7.5393805438e+02 6.4278760969e+01 0.0000000000e+00 -7.6604444312e+01 2212 0.0000000000e+00 1.0000000000e+00
1062 4.3213747552e+03 0.0000000000e+00 8.2808209981e+02 6.4278760969e+01 0.0000000000e+00 -7.6604444312e+01 2212 0.0000000000e+00 1.0000000000e+00
1063 4.3328551823e+03 0.0000000000e+00 7.6574519808e+02 6.4278760969e+01 0.0000000000e+00 -7.6604444312e+01 2212 0.0000000000e+00 1.0000000000e+00
1064 4.3345638418e+03 0.0000000000e+00 7.5601325382e+02 6.4278760969e+01 0.0000000000e+00 -7.6604444312e+01 2212 0.0000000000e+00 1.0000000000e+00
1065 4.3246301320e+03 0.0000000000e+00 8.1090934171e+02 6.4278760969e+01 0.0000000000e+00 -7.6604444312e+01 2212 0.0000000000e+00 1.0000000000e+00
1066 4.3344266096e+03 0.0000000000e+00 7.5679964647e+02 6.4278760969e+01 0.0000000000e+00 -7.6604444312e+01 2212 0.0000000000e+00 1.0000000000e+00
1067 4.3354742224e+03 0.0000000000e+00 7.5077493700e+02 6.4278760969e+01 0.0000000000e+00 -7.6604444312e+01 2212 0.0000000000e+00 1.0000000000e+00
1068 4.3435331315e+03 0.0000000000e+00 7.0265188740e+02 6.4278760969e+01 0.0000000000e+00 -7.6604444312e+01 2212 0.0000000000e+00 1.0000000000e+00
1069 4.3343145690e+03 0.0000000000e+00 7.5744105766e+02 6.4278760969e+01 0.0000000000e+00 -7.6604444312e+01 2212 0.0000000000e+00 1.0000000000e+00
1070 4.3296283349e+03 0.0000000000e+00 7.8378454990e+02 6.4278760969e+01 0.0000000000e+00 -7.6604444312e+01 2212 0.0000000000e+00 1.0000000000e+00
1071 4.3312273975e+03 0.0000000000e+00 7.7489932881e+02 6.4278760969e+01 0.0000000000e+00 -7.6604444312e+01 2212 0.0000000000e+00 1.0000000000e+00
1072 4.3434280832e+03 0.0000000000e+00 7.0330094894e+02 6.4278760969e+01 0.0000000000e+00 -7.6604444312e+01 2212 0.0000000000e+00 1.0000000000e+00
1073 4.3293651464e+03 0.0000000000e+00 7.8523701405e+02 6.4278760969e+01 0.0000000000e+00 -7.6604444312e+01 2212 0.0000000000e+00 1.0000000000e+00
1074 4.3232288756e+03 0.0000000000e+00 8.1834700969e+02 6.4278760969e+01 0.0000000000e+00 -7.6604444312e+01 2212 0.0000000000e+00 1.0000000000e+00
1075 4.3371675472e+03 0.0000000000e+00 7.4093009530e+02 6.4278760969e+01 0.0000000000e+00 -7.6604444312e+01 2212 0.0000000000e+00 1.0000000000e+00
1076 4.3220400924e+03 0.0000000000e+00 8.2460243666e+02 6.4278760969e+01 0.0000000000e+00 -7.6604444312e+01 2212 0.0000000000e+00 1.0000000000e+00
1077 4.3217259725e+03 0.0000000000e+00 8.2624715281e+02 6.4278760969e+01 0.0000000000e+00 -7.6604444312e+01 2212 0.0000000000e+00 1.0000000000e+00
1078 4.3451824501e+03 0.0000000000e+00 6.9237938589e+02 6.4278760969e+01 0.0000000000e+00 -7.6604444312e+01 2212 0.0000000000e+00 1.0000000000e+00
1079 4.3217819944e+03 0.0000000000e+00 8.2595407367e+02 6.4278760969e+01 0.0000000000e+00 -7.6604444312e+01 2212 0.0000000000e+00 1.0000000000e+00
1080 4.3444273159e+03 0.0000000000e+00 6.9710188333e+02 6.4278760969e+01 0.0000000000e+00 -7.6604444312e+01 2212 0.0000000000e+00 1.0000000000e+00
1081 4.3278368743e+03 0.0000000000e+00 7.9361686473e+02 6.4278760969e+01 0.0000000000e+00 -7.6604444312e+01 2212 0.0000000000e+00 1.0000000000e+00
1082 4.3355578402e+03 0.0000000000e+00 7.5029191182e+02 6.4278760969e+01 0.0000000000e+00 -7.6604444312e+01 2212 0.0000000000e+00 1.0000000000e+00
1083 4.3296930383e+03 0.0000000000e+00 7.8342704366e+02 6.4278760969e+01 0.0000000000e+00 -7.6604444312e+01 2212 0.0000000000e+00 1.0000000000e+00
1084 4.3206751589e+03 0.0000000000e+00 8.3172466008e+02 6.4278760969e+01 0.0000000000e+00 -7.6604444312e+01 2212 0.0000000000e+00 1.0000000000e+00
1085 4.3337862399e+03 0.0000000000e+00 7.6045812898e+02 6.4278760969e+01 0.0000000000e+00 -7.6604444312e+01 2212 0.0000000000e+00 1.0000000000e+00
1086 4.3206227123e+03 0.0000000000e+00 8.3199706547e+02 6.4278760969e+01 0.0000000000e+00 -7.6604444312e+01 2212 0.0000000000e+00 1.0000000000e+00
1087 4.3439499100e+03 0.0000000000e+00 7.0007065228e+02 6.4278760969e+01 0.0000000000e+00 -7.6604444312e+01 2212 0.0000000000e+00 1.0000000000e+00
1088 4.3283949602e+03 0.0000000000e+00 7.9056739611e+02 6.4278760969e+01 0.0000000000e+00 -7.6604444312e+01 2212 0.0000000000e+00 1.0000000000e+00
1089 4.3386424656e+03 0.0000000000e+00 7.3224401301e+02 6.4278760969e+01 0.0000000000e+00 -7.6604444312e+01 2212 0.0000000000e+00 1.0000000000e+00
1090 4.3297995300e+03 0.0000000000e+00 7.8283827745e+02 6.4278760969e+01 0.0000000000e+00 -7.6604444312e+01 2212 0.0000000000e+00 1.0000000000e+00
1091 4.3286470587e+03 0.0000000000e+00 7.8918589678e+02 6.4278760969e+01 0.0000000000e+00 -7.6604444312e+01 2212 0.0000000000e+00 1.0000000000e+00
1092 4.3400147663e+03 0.0000000000e+00 7.2406599650e+02 6.4278760969e+01 0.0000000000e+00 -7.6604444312e+01 2212 0.0000000000e+00 1.0000000000e+00
1093 4.3332285527e+03 0.0000000000e+00 7.6362952352e+02 6.4278760969e+01 0.0000000000e+00 -7.6604444312e+01 2212 0.0000000000e+00 1.0000000000e+00
1094 4.3423948792e+03 0.0000000000e+00 7.0965234556e+02 6.4278760969e+01 0.0000000000e+00 -7.6604444312e+01 2212 0.0000000000e+00 1.0000000000e+00
1095 4.3265724306e+03 0.0000000000e+00 8.0048156858e+02 6.4278760969e+01 0.0000000000e+00 -7.6604444312e+01 2212 0.0000000000e+00 1.0000000000e+00
1096 4.3343676282e+03 0.0000000000e+00 7.5713737375e+02 6.4278760969e+01 0.0000000000e+00 -7.6604444312e+01 2212 0.0000000000e+00 1.0000000000e+00
1097 4.3386420580e+03 0.0000000000e+00 7.3224642818e+02 6.4278760969e+01 0.0000000000e+00 -7.6604444312e+01 2212 0.0000000000e+00 1.0000000000e+00
1098 4.3283743394e+03 0.0000000000e+00 7.9068028764e+02 6.4278760969e+01 0.0000000000e+00 -7.6604444312e+01 2212 0.0000000000e+00 1.0000000000e+00
1099 4.3203919075e+03 0.0000000000e+00 8.3319475768e+02 6.4278760969e+01 0.0000000000e+00 -7.6604444312e+01 2212 0.0000000000e+00 1.0000000000e+00
1100 4.3306187110e+03 0.0000000000e+00 7.7829385130e+02 6.4278760969e+01 0.0000000000e+00 -7.6604444312e+01 2212 0.0000000000e+00 1.0000000000e+00
1101 4.3324082167e+03 0.0000000000e+00 7.6826999330e+02 6.4278760969e+01 0.0000000000e+00 -7.6604444312e+01 2212 0.0000000000e+00 1.0000000000e+00
1102 4.3223418636e+03 0.0000000000e+00 8.2301916929e+02 6.4278760969e+01 0.0000000000e+00 -7.6604444312e+01 2212 0.0000000000e+00 1.0000000000e+00
1103 4.3290688323e+03 0.0000000000e+00 7.8686897502e+02 6.4278760969e+01 0.0000000000e+00 -7.6604444312e+01 2212 0.0000000000e+00 1.0000000000e+00
1104 4.3231334451e+03 0.0000000000e+00 8.1885099680e+02 6.4278760969e+01 0.0000000000e+00 -7.6604444312e+01 2212 0.0000000000e+00 1.0000000000e+00
1105 4.3368496795e+03 0.0000000000e+00 7.4278839278e+02 6.4278760969e+01 0.0000000000e+00 -7.6604444312e+01 2212 0.0000000000e+00 1.0000000000e+00
1106 4.3395396739e+03 0.0000000000e+00 7.2690794321e+02 6.4278760969e+01 0.0000000000e+00 -7.6604444312e+01 2212 0.0000000000e+00 1.0000000000e+00
1107 4.3428822468e+03 0.0000000000e+00 7.0666366080e+02 6.4278760969e+01 0.0000000000e+00 -7.6604444312e+01 2212 0.0000000000e+00 1.0000000000e+00
1108 4.3428189254e+03 0.0000000000e+00 7.0705269936e+02 6.4278760969e+01 0.0000000000e+00 -7.6604444312e+01 2212 0.0000000000e+00 1.0000000000e+00
1109 4.3367281640e+03 0.0000000000e+00 7.4349752551e+02 6.4278760969e+01 0.0000000000e+00 -7.6604444312e+01 2212 0.0000000000e+00 1.0000000000e+00
1110 4.3265729573e+03 0.0000000000e+00 8.0047872192e+02 6.4278760969e+01 0.0000000000e+00 -7.6604444312e+01 2212 0.0000000000e+00 1.0000000000e+00
1111 4.3263016492e+03 0.0000000000e+00 8.0194375054e+02 6.4278760969e+01 0.0000000000e+00 -7.6604444312e+01 2212 0.0000000000e+00 1.0000000000e+00
1112 4.3380131893e+03 0.0000000000e+00 7.3596284450e+02 6.4278760969e+01 0.0000000000e+00 -7.6604444312e+01 2212 0.0000000000e+00 1.0000000000e+00
1113 4.3261039617e+03 0.0000000000e+00 8.0300949643e+02 6.4278760969e+01 0.0000000000e+00 -7.6604444312e+01 2212 0.0000000000e+00 1.0000000000e+00
1114 4.3293441386e+03 0.0000000000e+00 7.8535283041e+02 6.4278760969e+01 0.0000000000e+00 -7.6604444312e+01 2212 0.0000000000e+00 1.0000000000e+00
1115 4.3289040350e+03 0.0000000000e+00 7.8777509127e+02 6.4278760969e+01 0.0000000000e+00 -7.6604444312e+01 2212 0.0000000000e+00 1.0000000000e+00
1116 4.3193358214e+03 0.0000000000e+00 8.3865237170e+02 6.4278760969e+01 0.0000000000e+00 -7.6604444312e+01 2212 0.0000000000e+00 1.0000000000e+00
1117 4.3435965988e+03 0.0000000000e+00 7.0225944311e+02 6.4278760969e+01 0.0000000000e+00 -7.6604444312e+01 2212 0.0000000000e+00 1.0000000000e+00
1118 4.3399397160e+03 0.0000000000e+00 7.2451570067e+02 6.4278760969e+01 0.0000000000e+00 -7.6604444312e+01 2212 0.0000000000e+00 1.0000000000e+00
1119 4.3262668372e+03 0.0000000000e+00 8.0213153040e+02 6.4278760969e+01 0.0000000000e+00 -7.6604444312e+01 2212 0.0000000000e+00 1.0000000000e+00
1120 4.3308415117e+03 0.0000000000e+00 7.7705311247e+02 6.4278760969e+01 0.0000000000e+00 -7.6604444312e+01 2212 0.0000000000e+00 1.0000000000e+00
1121 4.3454995812e+03 0.0000000000e+00 6.9038621708e+02 6.4278760969e+01 0.0000000000e+00 -7.6604444312e+01 2212 0.0000000000e+00 1.0000000000e+00
1122 4.3286510941e+03 0.0000000000e+00 7.8916376248e+02 6.4278760969e+01 0.0000000000e+00 -7.6604444312e+01 2212 0.0000000000e+00 1.0000000000e+00
1123 4.3245214534e+03 0.0000000000e+00 8.1148871700e+02 6.4278760969e+01 0.0000000000e+00 -7.6604444312e+01 2212 0.0000000000e+00 1.0000000000e+00
1124 4.3271043992e+03 0.0000000000e+00 7.9760093862e+02 6.4278760969e+01 0.0000000000e+00 -7.6604444312e+01 2212 0.0000000000e+00 1.0000000000e+00
1125 4.3433191181e+03 0.0000000000e+00 7.0397356267e+02 6.4278760969e+01 0.0000000000e+00 -7.6604444312e+01 2212 0.0000000000e+00 1.0000000000e+00
1126 4.3355988789e+03 0.0000000000e+00 7.5005473125e+02 6.4278760969e+01 0.0000000000e+00 -7.6604444312e+01 2212 0.0000000000e+00 1.0000000000e+00
1127 4.3252251404e+03 0.0000000000e+00 8.0772967242e+02 6.4278760969e+01 0.0000000000e+00 -7.6604444312e+01 2212 0.0000000000e+00 1.0000000000e+00
1128 4.3284087153e+03 0.0000000000e+00 7.9049208208e+02 6.4278760969e+01 0.0000000000e+00 -7.6604444312e+01 2212 0.0000000000e+00 1.0000000000e+00
1129 4.3350441335e+03 0.0000000000e+00 7.5325433918e+02 6.4278760969e+01 0.0000000000e+00 -7.6604444312e+01 2212 0.0000000000e+00 1.0000000000e+00
1130 4.3442997437e+03 0.0000000000e+00 6.9789646467e+02 6.4278760969e+01 0.0000000000e+00 -7.6604444312e+01 2212 0.0000000000e+00 1.0000000000e+00
1131 4.3317668532e+03 0.0000000000e+00 7.7187801377e+02 6.4278760969e+01 0.0000000000e+00 -7.6604444312e+01 2212 0.0000000000e+00 1.0000000000e+00
1132 4.3219482227e+03 0.0000000000e+00 8.2508381359e+02 6.4278760969e+01 0.0000000000e+00 -7.6604444312e+01 2212 0.0000000000e+00 1.0000000000e+00
1133 4.3431460943e+03 0.0000000000e+00 7.0504024198e+02 6.4278760969e+01 0.0000000000e+00 -7.6604444312e+01 2212 0.0000000000e+00 1.0000000000e+00
1134 4.3429886092e+03 0.0000000000e+00 7.0600968759e+02 6.4278760969e+01 0.0000000000e+00 -7.6604444312e+01 2212 0.0000000000e+00 1.0000000000e+00
1135 4.3239286483e+03 0.0000000000e+00 8.1464150581e+02 6.4278760969e+01 0.0000000000e+00 -7.6604444312e+01 2212 0.0000000000e+00 1.0000000000e+00
1136 4.3349559323e+03 0.0000000000e+00 7.5376176852e+02 6.4278760969e+01 0.0000000000e+00 -7.6604444312e+01 2212 0.0000000000e+00 1.0000000000e+00
1137 4.3351062704e+03 0.0000000000e+00 7.5289664827e+02 6.4278760969e+01 0.0000000000e+00 -7.6604444312e+01 2212 0.0000000000e+00 1.0000000000e+00
1138 4.3209642257e+03 0.0000000000e+00 8.3022159662e+02 6.4278760969e+01 0.0000000000e+00 -7.6604444312e+01 2212 0.0000000000e+00 1.0000000000e+00
1139 4.3209747074e+03 0.0000000000e+00 8.3016704154e+02 6.4278760969e+01 0.0000000000e+00 -7.6604444312e+01 2212 0.0000000000e+00 1.0000000000e+00
1140 4.3427837036e+03 0.0000000000e+00 7.0726900280e+02 6.4278760969e+01 0.0000000000e+00 -7.6604444312e+01 2212 0.0000000000e+00 1.0000000000e+00
1141 4.3375782384e+03 0.0000000000e+00 7.3852201342e+02 6.4278760969e+01 0.0000000000e+00 -7.6604444312e+01 2212 0.0000000000e+00 1.0000000000e+00
1142 4.3256160422e+03 0.0000000000e+00 8.0563365990e+02 6.4278760969e+01 0.0000000000e+00 -7.6604444312e+01 2212 0.0000000000e+00 1.0000000000e+00
1143 4.3343418108e+03 0.0000000000e+00 7.5728515507e+02 6.4278760969e+01 0.0000000000e+00 -7.6604444312e+01 2212 0.0000000000e+00 1.0000000000e+00
1144 4.3409020103e+03 0.0000000000e+00 7.1872767850e+02 6.4278760969e+01 0.0000000000e+00 -7.6604444312e+01 2212 0.0000000000e+00 1.0000000000e+00
1145 4.3416476656e+03 0.0000000000e+00 7.1420955399e+02 6.4278760969e+01 0.0000000000e+00 -7.6604444312e+01 2212 0.0000000000e+00 1.0000000000e+00
1146 4.3409645067e+03 0.0000000000e+00 7.1835011719e+02 6.4278760969e+01 0.0000000000e+00 -7.6604444312e+01 2212 0.0000000000e+00 1.0000000000e+00
1147 4.3289976154e+03 0.0000000000e+00 7.8726068384e+02 6.4278760969e+01 0.0000000000e+00 -7.6604444312e+01 2212 0.0000000000e+00 1.0000000000e+00
1148 4.3200059175e+03 0.0000000000e+00 8.3519375685e+02 6.4278760969e+01 0.0000000000e+00 -7.6604444312e+01 2212 0.0000000000e+00 1.0000000000e+00
1149 4.3420008745e+03 0.0000000000e+00 7.1205908800e+02 6.4278760969e+01 0.0000000000e+00 -7.6604444312e+01 2212 0.0000000000e+00 1.0000000000e+00
1150 4.3365012145e+03 0.0000000000e+00 7.4482008284e+02 6.4278760969e+01 0.0000000000e+00 -7.6604444312e+01 2212 0.0000000000e+00 1.0000000000e+00
1151 4.3325568981e+03 0.0000000000e+00 7.6743108041e+02 6.4278760969e+01 0.0000000000e+00 -7.6604444312e+01 2212 0.0000000000e+00 1.0000000000e+00
1152 4.3359159480e+03 0.0000000000e+00 7.4821964045e+02 6.4278760969e+01 0.0000000000e+00 -7.6604444312e+01 2212 0.0000000000e+00 1.0000000000e+00
1153 4.3420366529e+03 0.0000000000e+00 7.1184088345e+02 6.4278760969e+01 0.0000000000e+00 -7.6604444312e+01 2212 0.0000000000e+00 1.0000000000e+00
1154 4.3214354427e+03 0.0000000000e+00 8.2776533728e+02 6.4278760969e+01 0.0000000000e+00 -7.6604444312e+01 2212 0.0000000000e+00 1.0000000000e+00
1155 4.3276747043e+03 0.0000000000e+00 7.9450071929e+02 6.4278760969e+01 0.0000000000e+00 -7.6604444312e+01 2212 0.0000000000e+00 1.0000000000e+00
1156 4.3402370857e+03 0.0000000000e+00 7.2273216230e+02 6.4278760969e+01 0.0000000000e+00 -7.6604444312e+01 2212 0.0000000000e+00 1.0000000000e+00
1157 4.3202071239e+03 0.0000000000e+00 8.3415235166e+02 6.4278760969e+01 0.0000000000e+00 -7.6604444312e+01 2212 0.0000000000e+00 1.0000000000e+00
1158 4.3233055725e+03 0.0000000000e+00 8.1794172490e+02 6.4278760969e+01 0.0000000000e+00 -7.6604444312e+01 2212 0.0000000000e+00 1.0000000000e+00
1159 4.3382312920e+03 0.0000000000e+00 7.3467611618e+02 6.4278760969e+01 0.0000000000e+00 -7.6604444312e+01 2212 0.0000000000e+00 1.0000000000e+00
1160 4.3321820550e+03 0.0000000000e+00 7.6954426854e+02 6.4278760969e+01 0.0000000000e+00 -7.6604444312e+01 2212 0.0000000000e+00 1.0000000000e+00
1161 4.3350431756e+03 0.0000000000e+00 7.5325985215e+02 6.4278760969e+01 0.0000000000e+00 -7.6604444312e+01 2212 0.0000000000e+00 1.0000000000e+00
1162 4.3219806983e+03 0.0000000000e+00 8.2491368197e+02 6.4278760969e+01 0.0000000000e+00 -7.6604444312e+01 2212 0.0000000000e+00 1.0000000000e+00
1163 4.3274890457e+03 0.0000000000e+00 7.9551134365e+02 6.4278760969e+01 0.0000000000e+00 -7.6604444312e+01 2212 0.0000000000e+00 1.0000000000e+00
1164 4.3350042435e+03 0.0000000000e+00 7.5348387358e+02 6.4278760969e+01 0.0000000000e+00 -7.6604444312e+01 2212 0.0000000000e+00 1.0000000000e+00
1165 4.3235636122e+03 0.0000000000e+00 8.1657665299e+02 6.4278760969e+01 0.0000000000e+00 -7.6604444312e+01 2212 0.0000000000e+00 1.0000000000e+00
1166 4.3305630631e+03 0.0000000000e+00 7.7860342639e+02 6.4278760969e+01 0.0000000000e+00 -7.6604444312e+01 2212 0.0000000000e+00 1.0000000000e+00
1167 4.3402584306e+03 0.0000000000e+00 7.2260396804e+02 6.4278760969e+01 0.0000000000e+00 -7.6604444312e+01 2212 0.0000000000e+00 1.0000000000e+00
1168 4.3354433849e+03 0.0000000000e+00 7.5095299138e+02 6.4278760969e+01 0.0000000000e+00 -7.6604444312e+01 2212 0.0000000000e+00 1.0000000000e+00
1169 4.3203728383e+03 0.0000000000e+00 8.3329363186e+02 6.4278760969e+01 0.0000000000e+00 -7.6604444312e+01 2212 0.0000000000e+00 1.0000000000e+00
1170 4.3396238204e+03 0.0000000000e+00 7.2640542150e+02 6.4278760969e+01 0.0000000000e+00 -7.6604444312e+01 2212 0.0000000000e+00 1.0000000000e+00
1171 4.3340182237e+03 0.0000000000e+00 7.5913488609e+02 6.4278760969e+01 0.0000000000e+00 -7.6604444312e+01 2212 0.0000000000e+00 1.0000000000e+00
1172 4.3431442090e+03 0.0000000000e+00 7.0505185521e+02 6.4278760969e+01 0.0000000000e+00 -7.6604444312e+01 2212 0.0000000000e+00 1.0000000000e+00
1173 4.3322673798e+03 0.0000000000e+00 7.6906377422e+02 6.4278760969e+01 0.0000000000e+00 -7.6604444312e+01 2212 0.0000000000e+00 1.0000000000e+00
1174 4.3298989732e+03 0.0000000000e+00 7.8228806781e+02 6.4278760969e+01 0.0000000000e+00 -7.6604444312e+01 2212 0.0000000000e+00 1.0000000000e+00
1175 4.3380429521e+03 0.0000000000e+00 7.3578739093e+02 6.4278760969e+01 0.0000000000e+00 -7.6604444312e+01 2212 0.0000000000e+00 1.0000000000e+00
1176 4.3275045812e+03 0.0000000000e+00 7.9542682789e+02 6.4278760969e+01 0.0000000000e+00 -7.6604444312e+01 2212 0.0000000000e+00 1.0000000000e+00
1177 4.3368856894e+03 0.0000000000e+00 7.4257811464e+02 6.4278760969e+01 0.0000000000e+00 -7.6604444312e+01 2212 0.0000000000e+00 1.0000000000e+00
1178 4.3334016309e+03 0.0000000000e+00 7.6264673599e+02 6.4278760969e+01 0.0000000000e+00 -7.6604444312e+01 2212 0.0000000000e+00 1.0000000000e+00
1179 4.3434444144e+03 0.0000000000e+00 7.0320008370e+02 6.4278760969e+01 0.0000000000e+00 -7.6604444312e+01 2212 0.0000000000e+00 1.0000000000e+00
1180 4.3340263947e+03 0.0000000000e+00 7.5908823536e+02 6.4278760969e+01 0.0000000000e+00 -7.6604444312e+01 2212 0.0000000000e+00 1.0000000000e+00
1181 4.3432284596e+03 0.0000000000e+00 7.0453267261e+02 6.4278760969e+01 0.0000000000e+00 -7.6604444312e+01 2212 0.0000000000e+00 1.0000000000e+00
1182 4.3222198292e+03 0.0000000000e+00 8.2365981259e+02 6.4278760969e+01 0.0000000000e+00 -7.6604444312e+01 2212 0.0000000000e+00 1.0000000000e+00
1183 4.3307682622e+03 0.0000000000e+00 7.7746125198e+02 6.4278760969e+01 0.0000000000e+00 -7.6604444312e+01 2212 0.0000000000e+00 1.0000000000e+00
1184 4.3205003782e+03 0.0000000000e+00 8.3263210440e+02 6.4278760969e+01 0.0000000000e+00 -7.6604444312e+01 2212 0.0000000000e+00 1.0000000000e+00
1185 4.3222375164e+03 0.0000000000e+00 8.2356699243e+02 6.4278760969e+01 0.0000000000e+00 -7.6604444312e+01 2212 0.0000000000e+00 1.0000000000e+00
1186 4.3363683978e+03 0.0000000000e+00 7.4559295666e+02 6.4278760969e+01 0.0000000000e+00 -7.6604444312e+01 2212 0.0000000000e+00 1.0000000000e+00
1187 4.3281569230e+03 0.0000000000e+00 7.9186955297e+02 6.4278760969e+01 0.0000000000e+00 -7.6604444312e+01 2212 0.0000000000e+00 1.0000000000e+00
1188 4.3414791817e+03 0.0000000000e+00 7.1523300674e+02 6.4278760969e+01 0.0000000000e+00 -7.6604444312e+01 2212 0.0000000000e+00 1.0000000000e+00
1189 4.3426879207e+03 0.0000000000e+00 7.0785687991e+02 6.4278760969e+01 0.0000000000e+00 -7.6604444312e+01 2212 0.0000000000e+00 1.0000000000e+00
1190 4.3207653004e+03 0.0000000000e+00 8.3125625266e+02 6.4278760969e+01 0.0000000000e+00 -7.6604444312e+01 2212 0.0000000000e+00 1.0000000000e+00
1191 4.3262726391e+03 0.0000000000e+00 8.0210023775e+02 6.4278760969e+01 0.0000000000e+00 -7.6604444312e+01 2212 0.0000000000e+00 1.0000000000e+00
1192 4.3408666346e+03 0.0000000000e+00 7.1894130472e+02 6.4278760969e+01 0.0000000000e+00 -7.6604444312e+01 2212 0.0000000000e+00 1.0000000000e+00
1193 4.3417304113e+03 0.0000000000e+00 7.1370636436e+02 6.4278760969e+01 0.0000000000e+00 -7.6604444312e+01 2212 0.0000000000e+00 1.0000000000e+00
1194 4.3261603957e+03 0.0000000000e+00 8.0270540629e+02 6.4278760969e+01 0.0000000000e+00 -7.6604444312e+01 2212 0.0000000000e+00 1.0000000000e+00
1195 4.3325592418e+03 0.0000000000e+00 7.6741784914e+02 6.4278760969e+01 0.0000000000e+00 -7.6604444312e+01 2212 0.0000000000e+00 1.0000000000e+00
1196 4.3410061933e+03 0.0000000000e+00 7.1809816104e+02 6.4278760969e+01 0.0000000000e+00 -7.6604444312e+01 2212 0.0000000000e+00 1.0000000000e+00
1197 4.3219129390e+03 0.0000000000e+00 8.2526861494e+02 6.4278760969e+01 0.0000000000e+00 -7.6604444312e+01 2212 0.0000000000e+00 1.0000000000e+00
1198 4.3276638359e+03 0.0000000000e+00 7.9455991712e+02 6.4278760969e+01 0.0000000000e+00 -7.6604444312e+01 2212 0.0000000000e+00 1.0000000000e+00
1199 4.3417326423e+03 0.0000000000e+00 7.1369279241e+02 6.4278760969e+01 0.0000000000e+00 -7.6604444312e+01 2212 0.0000000000e+00 1.0000000000e+00
1200 4.3322783585e+03 0.0000000000e+00 7.6900192701e+02 6.4278760969e+01 0.0000000000e+00 -7.6604444312e+01 2212 0.0000000000e+00 1.0000000000e+00
1201 4.3201586891e+03 0.0000000000e+00 8.3440316382e+02 6.4278760969e+01 0.0000000000e+00 -7.6604444312e+01 2212 0.0000000000e+00 1.0000000000e+00
1202 4.3442026057e+03 0.0000000000e+00 6.9850086580e+02 6.4278760969e+01 0.0000000000e+00 -7.6604444312e+01 2212 0.0000000000e+00 1.0000000000e+00
1203 4.3223886174e+03 0.0000000000e+00 8.2277358905e+02 6.4278760969e+01 0.0000000000e+00 -7.6604444312e+01 2212 0.0000000000e+00 1.0000000000e+00
1204 4.3436388726e+03 0.0000000000e+00 7.0199792266e+02 6.4278760969e+01 0.0000000000e+00 -7.6604444312e+01 2212 0.0000000000e+00 1.0000000000e+00
1205 4.3373074255e+03 0.0000000000e+00 7.4011082633e+02 6.4278760969e+01 0.0000000000e+00 -7.6604444312e+01 2212 0.0000000000e+00 1.0000000000e+00
1206 4.3229228264e+03 0.0000000000e+00 8.1996217962e+02 6.4278760969e+01 0.0000000000e+00 -7.6604444312e+01 2212 0.0000000000e+00 1.0000000000e+00
1207 4.3429752488e+03 0.0000000000e+00 7.0609186888e+02 6.4278760969e+01 0.0000000000e+00 -7.6604444312e+01 2212 0.0000000000e+00 1.0000000000e+00
1208 4.3339385037e+03 0.0000000000e+00 7.5958987958e+02 6.4278760969e+01 0.0000000000e+00 -7.6604444312e+01 2212 0.0000000000e+00 1.0000000000e+00
1209 4.3305476880e+03 0.0000000000e+00 7.7868893742e+02 6.4278760969e+01 0.0000000000e+00 -7.6604444312e+01 2212 0.0000000000e+00 1.0000000000e+00
1210 4.3362947913e+03 0.0000000000e+00 7.4602092613e+02 6.4278760969e+01 0.0000000000e+00 -7.6604444312e+01 2212 0.0000000000e+00 1.0000000000e+00
1211 4.3455517213e+03 0.0000000000e+00 6.9005795130e+02 6.4278760969e+01 0.0000000000e+00 -7.6604444312e+01 2212 0.0000000000e+00 1.0000000000e+00
1212 4.3364366220e+03 0.0000000000e+00 7.4519605625e+02 6.4278760969e+01 0.0000000000e+00 -7.6604444312e+01 2212 0.0000000000e+00 1.0000000000e+00
1213 4.3319005783e+03 0.0000000000e+00 7.7112717416e+02 6.4278760969e+01 0.0000000000e+00 -7.6604444312e+01 2212 0.0000000000e+00 1.0000000000e+00
1214 4.3370126265e+03 0.0000000000e+00 7.4183638133e+02 6.4278760969e+01 0.0000000000e+00 -7.6604444312e+01 2212 0.0000000000e+00 1.0000000000e+00
1215 4.3305556106e+03 0.0000000000e+00 7.7864487577e+02 6.4278760969e+01 0.0000000000e+00 -7.6604444312e+01 2212 0.0000000000e+00 1.0000000000e+00
1216 4.3286010737e+03 0.0000000000e+00 7.8943808082e+02 6.4278760969e+01 0.0000000000e+00 -7.6604444312e+01 2212 0.0000000000e+00 1.0000000000e+00
1217 4.3385948824e+03 0.0000000000e+00 7.3252589379e+02 6.4278760969e+01 0.0000000000e+00 -7.6604444312e+01 2212 0.0000000000e+00 1.0000000000e+00
1218 4.3224726561e+03 0.0000000000e+00 8.2233197417e+02 6.4278760969e+01 0.0000000000e+00 -7.6604444312e+01 2212 0.0000000000e+00 1.0000000000e+00
1219 4.3348999860e+03 0.0000000000e+00 7.5408345069e+02 6.4278760969e+01 0.0000000000e+00 -7.6604444312e+01 2212 0.0000000000e+00 1.0000000000e+00
1220 4.3350371235e+03 0.0000000000e+00 7.5329468119e+02 6.4278760969e+01 0.0000000000e+00 -7.6604444312e+01 2212 0.0000000000e+00 1.0000000000e+00
1221 4.3263736878e+03 0.0000000000e+00 8.0155502137e+02 6.4278760969e+01 0.0000000000e+00 -7.6604444312e+01 2212 0.0000000000e+00 1.0000000000e+00
1222 4.3277696473e+03 0.0000000000e+00 7.9398338703e+02 6.4278760969e+01 0.0000000000e+00 -7.6604444312e+01 2212 0.0000000000e+00 1.0000000000e+00
1223 4.3261255783e+03 0.0000000000e+00 8.0289303151e+02 6.4278760969e+01 0.0000000000e+00 -7.6604444312e+01 2212 0.0000000000e+00 1.0000000000e+00
1224 4.3247319104e+03 0.0000000000e+00 8.1036636278e+02 6.4278760969e+01 0.0000000000e+00 -7.6604444312e+01 2212 0.0000000000e+00 1.0000000000e+00
1225 4.3409175101e+03 0.0000000000e+00 7.1863405797e+02 6.4278760969e+01 0.0000000000e+00 -7.6604444312e+01 2212 0.0000000000e+00 1.0000000000e+00
1226 4.3348687592e+03 0.0000000000e+00 7.5426293782e+02 6.4278760969e+01 0.0000000000e+00 -7.6604444312e+01 2212 0.0000000000e+00 1.0000000000e+00
1227 4.3446512845e+03 0.0000000000e+00 6.9570464649e+02 6.4278760969e+01 0.0000000000e+00 -7.6604444312e+01 2212 0.0000000000e+00 1.0000000000e+00
1228 4.3360684745e+03 0.0000000000e+00 7.4733521475e+02 6.4278760969e+01 0.0000000000e+00 -7.6604444312e+01 2212 0.0000000000e+00 1.0000000000e+00
1229 4.3346190121e+03 0.0000000000e+00 7.5569686975e+02 6.4278760969e+01 0.0000000000e+00 -7.6604444312e+01 2212 0.0000000000e+00 1.0000000000e+00
1230 4.3204826123e+03 0.0000000000e+00 8.3272428540e+02 6.4278760969e+01 0.0000000000e+00 -7.6604444312e+01 2212 0.0000000000e+00 1.0000000000e+00
1231 4.3237821408e+03 0.0000000000e+00 8.1541874972e+02 6.4278760969e+01 0.0000000000e+00 -7.6604444312e+01 2212 0.0000000000e+00 1.0000000000e+00
1232 4.3454767293e+03 0.0000000000e+00 6.9053003837e+02 6.4278760969e+01 0.0000000000e+00 -7.6604444312e+01 2212 0.0000000000e+00 1.0000000000e+00
1233 4.3386534858e+03 0.0000000000e+00 7.3217871369e+02 6.4278760969e+01 0.0000000000e+00 -7.6604444312e+01 2212 0.0000000000e+00 1.0000000000e+00
1234 4.3221711005e+03 0.0000000000e+00 8.2391547908e+02 6.4278760969e+01 0.0000000000e+00 -7.6604444312e+01 2212 0.0000000000e+00 1.0000000000e+00
1235 4.3254966082e+03 0.0000000000e+00 8.0627466223e+02 6.4278760969e+01 0.0000000000e+00 -7.6604444312e+01 2212 0.0000000000e+00 1.0000000000e+00
1236 4.3306209517e+03 0.0000000000e+00 7.7828138321e+02 6.4278760969e+01 0.0000000000e+00 -7.6604444312e+01 2212 0.0000000000e+00 1.0000000000e+00
1237 4.3219600055e+03 0.0000000000e+00 8.2502209030e+02 6.4278760969e+01 0.0000000000e+00 -7.6604444312e+01 2212 0.0000000000e+00 1.0000000000e+00
1238 4.3374972348e+03 0.0000000000e+00 7.3899761630e+02 6.4278760969e+01 0.0000000000e+00 -7.6604444312e+01 2212 0.0000000000e+00 1.0000000000e+00
1239 4.3210672537e+03 0.0000000000e+00 8.2968519801e+02 6.4278760969e+01 0.0000000000e+00 -7.6604444312e+01 2212 0.0000000000e+00 1.0000000000e+00
1240 4.3248310652e+03 0.0000000000e+00 8.0983701859e+02 6.4278760969e+01 0.0000000000e+00 -7.6604444312e+01 2212 0.0000000000e+00 1.0000000000e+00
1241 4.3258141841e+03 0.0000000000e+00 8.0456906715e+02 6.4278760969e+01 0.0000000000e+00 -7.6604444312e+01 2212 0.0000000000e+00 1.0000000000e+00
1242 4.3260913264e+03 0.0000000000e+00 8.0307756459e+02 6.4278760969e+01 0.0000000000e+00 -7.6604444312e+01 2212 0.0000000000e+00 1.0000000000e+00
1243 4.3199175799e+03 0.0000000000e+00 8.3565055015e+02 6.4278760969e+01 0.0000000000e+00 -7.6604444312e+01 2212 0.0000000000e+00 1.0000000000e+00
1244 4.3363990869e+03 0.0000000000e+00 7.4541444716e+02 6.4278760969e+01 0.0000000000e+00 -7.6604444312e+01 2212 0.0000000000e+00 1.0000000000e+00
1245 4.3417928731e+03 0.0000000000e+00 7.1332628269e+02 6.4278760969e+01 0.0000000000e+00 -7.6604444312e+01 2212 0.0000000000e+00 1.0000000000e+00
1246 4.3408858291e+03 0.0000000000e+00 7.1882540163e+02 6.4278760969e+01 0.0000000000e+00 -7.6604444312e+01 2212 0.0000000000e+00 1.0000000000e+00
1247 4.3391715153e+03 0.0000000000e+00 7.2910239298e+02 6.4278760969e+01 0.0000000000e+00 -7.6604444312e+01 2212 0.0000000000e+00 1.0000000000e+00
1248 4.3343392955e+03 0.0000000000e+00 7.5729955119e+02 6.4278760969e+01 0.0000000000e+00 -7.6604444312e+01 2212 0.0000000000e+00 1.0000000000e+00
1249 4.3401972496e+03 0.0000000000e+00 7.2297135034e+02 6.4278760969e+01 0.0000000000e+00 -7.6604444312e+01 2212 0.0000000000e+00 1.0000000000e+00
1250 4.3248473279e+03 0.0000000000e+00 8.0975016483e+02 6.4278760969e+01 0.0000000000e+00 -7.6604444312e+01 2212 0.0000000000e+00 1.0000000000e+00
1251 4.3398319162e+03 0.0000000000e+00 7.2516113932e+02 6.4278760969e+01 0.0000000000e+00 -7.6604444312e+01 2212 0.0000000000e+00 1.0000000000e+00
1252 4.3405185078e+03 0.0000000000e+00 7.2104009761e+02 6.4278760969e+01 0.0000000000e+00 -7.6604444312e+01 2212 0.0000000000e+00 1.0000000000e+00
1253 4.3350043088e+03 0.0000000000e+00 7.5348349786e+02 6.4278760969e+01 0.0000000000e+00 -7.6604444312e+01 2212 0.0000000000e+00 1.0000000000e+00
1254 4.3412765033e+03 0.0000000000e+00 7.1646218350e+02 6.4278760969e+01 0.0000000000e+00 -7.6604444312e+01 2212 0.0000000000e+00 1.0000000000e+00
1255 4.3314800087e+03 0.0000000000e+00 7.7348605233e+02 6.4278760969e+01 0.0000000000e+00 -7.6604444312e+01 2212 0.0000000000e+00 1.0000000000e+00
1256 4.3386611299e+03 0.0000000000e+00 7.3213341613e+02 6.4278760969e+01 0.0000000000e+00 -7.6604444312e+01 2212 0.0000000000e+00 1.0000000000e+00
1257 4.3387118792e+03 0.0000000000e+00 7.3183260944e+02 6.4278760969e+01 0.0000000000e+00 -7.6604444312e+01 2212 0.0000000000e+00 1.0000000000e+00
1258 4.3444759166e+03 0.0000000000e+00 6.9679892983e+02 6.4278760969e+01 0.0000000000e+00 -7.6604444312e+01 2212 0.0000000000e+00 1.0000000000e+00
1259 4.3400246217e+03 0.0000000000e+00 7.2400692104e+02 6.4278760969e+01 0.0000000000e+00 -7.6604444312e+01 2212 0.0000000000e+00 1.0000000000e+00
1260 4.3422878603e+03 0.0000000000e+00 7.1030688972e+02 6.4278760969e+01 0.0000000000e+00 -7.6604444312e+01 2212 0.0000000000e+00 1.0000000000e+00
1261 4.3245178500e+03 0.0000000000e+00 8.1150791954e+02 6.4278760969e+01 0.0000000000e+00 -7.6604444312e+01 2212 0.0000000000e+00 1.0000000000e+00
1262 4.3449500191e+03 0.0000000000e+00 6.9383648657e+02 6.4278760969e+01 0.0000000000e+00 -7.6604444312e+01 2212 0.0000000000e+00 1.0000000000e+00
1263 4.3345796735e+03 0.0000000000e+00 7.5592247810e+02 6.4278760969e+01 0.0000000000e+00 -7.6604444312e+01 2212 0.0000000000e+00 1.0000000000e+00
1264 4.3322076950e+03 0.0000000000e+00 7.6939991326e+02 6.4278760969e+01 0.0000000000e+00 -7.6604444312e+01 2212 0.0000000000e+00 1.0000000000e+00
1265 4.3328455876e+03 0.0000000000e+00 7.6579948591e+02 6.4278760969e+01 0.0000000000e+00 -7.6604444312e+01 2212 0.0000000000e+00 1.0000000000e+00
1266 4.3327533061e+03 0.0000000000e+00 7.6632142570e+02 6.4278760969e+01 0.0000000000e+00 -7.6604444312e+01 2212 0.0000000000e+00 1.0000000000e+00
1267 4.3430195133e+03 0.0000000000e+00 7.0581955605e+02 6.4278760969e+01 0.0000000000e+00 -7.6604444312e+01 2212 0.0000000000e+00 1.0000000000e+00
1268 4.3354405022e+03 0.0000000000e+00 7.5096963359e+02 6.4278760969e+01 0.0000000000e+00 -7.6604444312e+01 2212 0.0000000000e+00 1.0000000000e+00
1269 4.3371181929e+03 0.0000000000e+00 7.4121894209e+02 6.4278760969e+01 0.0000000000e+00 -7.6604444312e+01 2212 0.0000000000e+00 1.0000000000e+00
1270 4.3444259497e+03 0.0000000000e+00 6.9711039792e+02 6.4278760969e+01 0.0000000000e+00 -7.6604444312e+01 2212 0.0000000000e+00 1.0000000000e+00
1271 4.3428600190e+03 0.0000000000e+00 7.0680025087e+02 6.4278760969e+01 0.0000000000e+00 -7.6604444312e+01 2212 0.0000000000e+00 1.0000000000e+00
1272 4.3297047715e+03 0.0000000000e+00 7.8336219601e+02 6.4278760969e+01 0.0000000000e+00 -7.6604444312e+01 2212 0.0000000000e+00 1.0000000000e+00
1273 4.3192667106e+03 0.0000000000e+00 8.3900823670e+02 6.4278760969e+01 0.0000000000e+00 -7.6604444312e+01 2212 0.0000000000e+00 1.0000000000e+00
1274 4.3357487642e+03 0.0000000000e+00 7.4918782211e+02 6.4278760969e+01 0.0000000000e+00 -7.6604444312e+01 2212 0.0000000000e+00 1.0000000000e+00
1275 4.3409941969e+03 0.0000000000e+00 7.1817067730e+02 6.4278760969e+01 0.0000000000e+00 -7.6604444312e+01 2212 0.0000000000e+00 1.0000000000e+00
1276 4.3361500914e+03 0.0000000000e+00 7.4686151575e+02 6.4278760969e+01 0.0000000000e+00 -7.6604444312e+01 2212 0.0000000000e+00 1.0000000000e+00
1277 4.3434262162e+03 0.0000000000e+00 7.0331247898e+02 6.4278760969e+01 0.0000000000e+00 -7.6604444312e+01 2212 0.0000000000e+00 1.0000000000e+00
1278 4.3347464957e+03 0.0000000000e+00 7.5496526877e+02 6.4278760969e+01 0.0000000000e+00 -7.6604444312e+01 2212 0.0000000000e+00 1.0000000000e+00
1279 4.3209805257e+03 0.0000000000e+00 8.3013675709e+02 6.4278760969e+01 0.0000000000e+00 -7.6604444312e+01 2212 0.0000000000e+00 1.0000000000e+00
1280 4.3225959094e+03 0.0000000000e+00 8.2168384628e+02 6.4278760969e+01 0.0000000000e+00 -7.6604444312e+01 2212 0.0000000000e+00 1.0000000000e+00
1281 4.3242807363e+03 0.0000000000e+00 8.1277047977e+02 6.4278760969e+01 0.0000000000e+00 -7.6604444312e+01 2212 0.0000000000e+00 1.0000000000e+00
1282 4.3305398262e+03 0.0000000000e+00 7.7873265797e+02 6.4278760969e+01 0.0000000000e+00 -7.6604444312e+01 2212 0.0000000000e+00 1.0000000000e+00
1283 4.3266667967e+03 0.0000000000e+00 7.9997135510e+02 6.4278760969e+01 0.0000000000e+00 -7.6604444312e+01 2212 0.0000000000e+00 1.0000000000e+00
1284 4.3255216944e+03 0.0000000000e+00 8.0614006881e+02 6.4278760969e+01 0.0000000000e+00 -7.6604444312e+01 2212 0.0000000000e+00 1.0000000000e+00
1285 4.3198698942e+03 0.0000000000e+00 8.3589702488e+02 6.4278760969e+01 0.0000000000e+00 -7.6604444312e+01 2212 0.0000000000e+00 1.0000000000e+00
1286 4.3406230888e+03 0.0000000000e+00 7.2041025802e+02 6.4278760969e+01 0.0000000000e+00 -7.6604444312e+01 2212 0.0000000000e+00 1.0000000000e+00
1287 4.3317717175e+03 0.0000000000e+00 7.7185071521e+02 6.4278760969e+01 0.0000000000e+00 -7.6604444312e+01 2212 0.0000000000e+00 1.0000000000e+00
1288 4.3400106799e+03 0.0000000000e+00 7.2409048988e+02 6.4278760969e+01 0.0000000000e+00 -7.6604444312e+01 2212 0.0000000000e+00 1.0000000000e+00
1289 4.3358689312e+03 0.0000000000e+00 7.4849205086e+02 6.4278760969e+01 0.0000000000e+00 -7.6604444312e+01 2212 0.0000000000e+00 1.0000000000e+00
1290 4.3241898819e+03 0.0000000000e+00 8.1325371467e+02 6.4278760969e+01 0.0000000000e+00 -7.6604444312e+01 2212 0.0000000000e+00 1.0000000000e+00
1291 4.3202093050e+03 0.0000000000e+00 8.3414105488e+02 6.4278760969e+01 0.0000000000e+00 -7.6604444312e+01 2212 0.0000000000e+00 1.0000000000e+00
1292 4.3389920170e+03 0.0000000000e+00 7.3016985367e+02 6.4278760969e+01 0.0000000000e+00 -7.6604444312e+01 2212 0.0000000000e+00 1.0000000000e+00
1293 4.3285321687e+03 0.0000000000e+00 7.8981580365e+02 6.4278760969e+01 0.0000000000e+00 -7.6604444312e+01 2212 0.0000000000e+00 1.0000000000e+00
1294 4.3440010880e+03 0.0000000000e+00 6.9975301792e+02 6.4278760969e+01 0.0000000000e+00 -7.6604444312e+01 2212 0.0000000000e+00 1.0000000000e+00
1295 4.3349954725e+03 0.0000000000e+00 7.5353433361e+02 6.4278760969e+01 0.0000000000e+00 -7.6604444312e+01 2212 0.0000000000e+00 1.0000000000e+00
1296 4.3325107297e+03 0.0000000000e+00 7.6769168041e+02 6.4278760969e+01 0.0000000000e+00 -7.6604444312e+01 2212 0.0000000000e+00 1.0000000000e+00
1297 4.3408277805e+03 0.0000000000e+00 7.1917586078e+02 6.4278760969e+01 0.0000000000e+00 -7.6604444312e+01 2212 0.0000000000e+00 1.0000000000e+00
1298 4.3437168212e+03 0.0000000000e+00 7.0151544276e+02 6.4278760969e+01 0.0000000000e+00 -7.6604444312e+01 2212 0.0000000000e+00 1.0000000000e+00
1299 4.3374166626e+03 0.0000000000e+00 7.3947037377e+02 6.4278760969e+01 0.0000000000e+00 -7.6604444312e+01 2212 0.0000000000e+00 1.0000000000e+00
1300 4.3314747634e+03 0.0000000000e+00 7.7351542499e+02 6.4278760969e+01 0.0000000000e+00 -7.6604444312e+01 2212 0.0000000000e+00 1.0000000000e+00
1301 4.3322971895e+03 0.0000000000e+00 7.6889583240e+02 6.4278760969e+01 0.0000000000e+00 -7.6604444312e+01 2212 0.0000000000e+00 1.0000000000e+00
1302 4.3210782815e+03 0.0000000000e+00 8.2962776256e+02 6.4278760969e+01 0.0000000000e+00 -7.6604444312e+01 2212 0.0000000000e+00 1.0000000000e+00
1303 4.3282854917e+03 0.0000000000e+00 7.9116650685e+02 6.4278760969e+01 0.0000000000e+00 -7.6604444312e+01 2212 0.0000000000e+00 1.0000000000e+00
1304 4.3294700278e+03 0.0000000000e+00 7.8465853565e+02 6.4278760969e+01 0.0000000000e+00 -7.6604444312e+01 2212 0.0000000000e+00 1.0000000000e+00
1305 4.3221799772e+03 0.0000000000e+00 8.2386891185e+02 6.4278760969e+01 0.0000000000e+00 -7.6604444312e+01 2212 0.0000000000e+00 1.0000000000e+00
1306 4.3246171139e+03 0.0000000000e+00 8.1097876460e+02 6.4278760969e+01 0.0000000000e+00 -7.6604444312e+01 2212 0.0000000000e+00 1.0000000000e+00
1307 4.3377712713e+03 0.0000000000e+00 7.3738737220e+02 6.4278760969e+01 0.0000000000e+00 -7.6604444312e+01 2212 0.0000000000e+00 1.0000000000e+00
1308 4.3234487201e+03 0.0000000000e+00 8.1718474243e+02 6.4278760969e+01 0.0000000000e+00 -7.6604444312e+01 2212 0.0000000000e+00 1.0000000000e+00
1309 4.3352828304e+03 0.0000000000e+00 7.5187932523e+02 6.4278760969e+01 0.0000000000e+00 -7.6604444312e+01 2212 0.0000000000e+00 1.0000000000e+00
1310 4.3252282432e+03 0.0000000000e+00 8.0771305762e+02 6.4278760969e+01 0.0000000000e+00 -7.6604444312e+01 2212 0.0000000000e+00 1.0000000000e+00
1311 4.3321231735e+03 0.0000000000e+00 7.6987567079e+02 6.4278760969e+01 0.0000000000e+00 -7.6604444312e+01 2212 0.0000000000e+00 1.0000000000e+00
1312 4.3428964964e+03 0.0000000000e+00 7.0657608230e+02 6.4278760969e+01 0.0000000000e+00 -7.6604444312e+01 2212 0.0000000000e+00 1.0000000000e+00
1313 4.3284226357e+03 0.0000000000e+00 7.9041585629e+02 6.4278760969e+01 0.0000000000e+00 -7.6604444312e+01 2212 0.0000000000e+00 1.0000000000e+00
1314 4.3413618111e+03 0.0000000000e+00 7.1594508445e+02 6.4278760969e+01 0.0000000000e+00 -7.6604444312e+01 2212 0.0000000000e+00 1.0000000000e+00
1315 4.3321185103e+03 0.0000000000e+00 7.6990191014e+02 6.4278760969e+01 0.0000000000e+00 -7.6604444312e+01 2212 0.0000000000e+00 1.0000000000e+00
1316 4.3366172396e+03 0.0000000000e+00 7.4414424395e+02 6.4278760969e+01 0.0000000000e+00 -7.6604444312e+01 2212 0.0000000000e+00 1.0000000000e+00
1317 4.3277487944e+03 0.0000000000e+00 7.9409704175e+02 6.4278760969e+01 0.0000000000e+00 -7.6604444312e+01 2212 0.0000000000e+00 1.0000000000e+00
1318 4.3447489653e+03 0.0000000000e+00 6.9509435845e+02 6.4278760969e+01 0.0000000000e+00 -7.6604444312e+01 2212 0.0000000000e+00 1.0000000000e+00
1319 4.3280244257e+03 0.0000000000e+00 7.9259340743e+02 6.4278760969e+01 0.0000000000e+00 -7.6604444312e+01 2212 0.0000000000e+00 1.0000000000e+00
1320 4.3226111803e+03 0.0000000000e+00 8.2160350682e+02 6.4278760969e+01 0.0000000000e+00 -7.6604444312e+01 2212 0.0000000000e+00 1.0000000000e+00
1321 4.3315203386e+03 0.0000000000e+00 7.7326017330e+02 6.4278760969e+01 0.0000000000e+00 -7.6604444312e+01 2212 0.0000000000e+00 1.0000000000e+00
1322 4.3358541109e+03 0.0000000000e+00 7.4857789723e+02 6.4278760969e+01 0.0000000000e+00 -7.6604444312e+01 2212 0.0000000000e+00 1.0000000000e+00
1323 4.3240090679e+03 0.0000000000e+00 8.1421454157e+02 6.4278760969e+01 0.0000000000e+00 -7.6604444312e+01 2212 0.0000000000e+00 1.0000000000e+00
1324 4.3285831104e+03 0.0000000000e+00 7.8953657009e+02 6.4278760969e+01 0.0000000000e+00 -7.6604444312e+01 2212 0.0000000000e+00 1.0000000000e+00
1325 4.3341418723e+03 0.0000000000e+00 7.5842861848e+02 6.4278760969e+01 0.0000000000e+00 -7.6604444312e+01 2212 0.0000000000e+00 1.0000000000e+00
1326 4.3414563539e+03 0.0000000000e+00 7.1537155824e+02 6.4278760969e+01 0.0000000000e+00 -7.6604444312e+01 2212 0.0000000000e+00 1.0000000000e+00
1327 4.3400238964e+03 0.0000000000e+00 7.2401126883e+02 6.4278760969e+01 0.0000000000e+00 -7.6604444312e+01 2212 0.0000000000e+00 1.0000000000e+00
1328 4.3373482955e+03 0.0000000000e+00 7.3987127398e+02 6.4278760969e+01 0.0000000000e+00 -7.6604444312e+01 2212 0.0000000000e+00 1.0000000000e+00
1329 4.3296919410e+03 0.0000000000e+00 7.8343310835e+02 6.4278760969e+01 0.0000000000e+00 -7.6604444312e+01 2212 0.0000000000e+00 1.0000000000e+00
1330 4.3310731953e+03 0.0000000000e+00 7.7576073336e+02 6.4278760969e+01 0.0000000000e+00 -7.6604444312e+01 2212 0.0000000000e+00 1.0000000000e+00
1331 4.3267007029e+03 0.0000000000e+00 7.9978795073e+02 6.4278760969e+01 0.0000000000e+00 -7.6604444312e+01 2212 0.0000000000e+00 1.0000000000e+00
1332 4.3387937953e+03 0.0000000000e+00 7.3134679924e+02 6.4278760969e+01 0.0000000000e+00 -7.6604444312e+01 2212 0.0000000000e+00 1.0000000000e+00
1333 4.3426043909e+03 0.0000000000e+00 7.0836914344e+02 6.4278760969e+01 0.0000000000e+00 -7.6604444312e+01 2212 0.0000000000e+00 1.0000000000e+00
1334 4.3253468464e+03 0.0000000000e+00 8.0707768955e+02 6.4278760969e+01 0.0000000000e+00 -7.6604444312e+01 2212 0.0000000000e+00 1.0000000000e+00
1335 4.3336762071e+03 0.0000000000e+00 7.6108493015e+02 6.4278760969e+01 0.0000000000e+00 -7.6604444312e+01 2212 0.0000000000e+00 1.0000000000e+00
1336 4.3196521393e+03 0.0000000000e+00 8.3702158509e+02 6.4278760969e+01 0.0000000000e+00 -7.6604444312e+01 2212 0.0000000000e+00 1.0000000000e+00
1337 4.3351719849e+03 0.0000000000e+00 7.5251817258e+02 6.4278760969e+01 0.0000000000e+00 -7.6604444312e+01 2212 0.0000000000e+00 1.0000000000e+00
1338 4.3271792058e+03 0.0000000000e+00 7.9719499463e+02 6.4278760969e+01 0.0000000000e+00 -7.6604444312e+01 2212 0.0000000000e+00 1.0000000000e+00
1339 4.3315783132e+03 0.0000000000e+00 7.7293535026e+02 6.4278760969e+01 0.0000000000e+00 -7.6604444312e+01 2212 0.0000000000e+00 1.0000000000e+00
1340 4.3358397095e+03 0.0000000000e+00 7.4866130715e+02 6.4278760969e+01 0.0000000000e+00 -7.6604444312e+01 2212 0.0000000000e+00 1.0000000000e+00
1341 4.3207735502e+03 0.0000000000e+00 8.3121337009e+02 6.4278760969e+01 0.0000000000e+00 -7.6604444312e+01 2212 0.0000000000e+00 1.0000000000e+00
1342 4.3320979858e+03 0.0000000000e+00 7.7001738946e+02 6.4278760969e+01 0.0000000000e+00 -7.6604444312e+01 2212 0.0000000000e+00 1.0000000000e+00
1343 4.3267888278e+03 0.0000000000e+00 7.9931106514e+02 6.4278760969e+01 0.0000000000e+00 -7.6604444312e+01 2212 0.0000000000e+00 1.0000000000e+00
1344 4.3386554511e+03 0.0000000000e+00 7.3216706776e+02 6.4278760969e+01 0.0000000000e+00 -7.6604444312e+01 2212 0.0000000000e+00 1.0000000000e+00
1345 4.3327253791e+03 0.0000000000e+00 7.6647930702e+02 6.4278760969e+01 0.0000000000e+00 -7.6604444312e+01 2212 0.0000000000e+00 1.0000000000e+00
1346 4.3239142101e+03 0.0000000000e+00 8.1471813663e+02 6.4278760969e+01 0.0000000000e+00 -7.6604444312e+01 2212 0.0000000000e+00 1.0000000000e+00
1347 4.3431049401e+03 0.0000000000e+00 7.0529371079e+02 6.4278760969e+01 0.0000000000e+00 -7.6604444312e+01 2212 0.0000000000e+00 1.0000000000e+00
1348 4.3443832891e+03 0.0000000000e+00 6.9737620871e+02 6.4278760969e+01 0.0000000000e+00 -7.6604444312e+01 2212 0.0000000000e+00 1.0000000000e+00
1349 4.3192536884e+03 0.0000000000e+00 8.3907527341e+02 6.4278760969e+01 0.0000000000e+00 -7.6604444312e+01 2212 0.0000000000e+00 1.0000000000e+00
1350 4.3447529900e+03 0.0000000000e+00 6.9506920149e+02 6.4278760969e+01 0.0000000000e+00 -7.6604444312e+01 2212 0.0000000000e+00 1.0000000000e+00
1351 4.3388429432e+03 0.0000000000e+00 7.3105516430e+02 6.4278760969e+01 0.0000000000e+00 -7.6604444312e+01 2212 0.0000000000e+00 1.0000000000e+00
1352 4.3453647133e+03 0.0000000000e+00 6.9123458203e+02 6.4278760969e+01 0.0000000000e+00 -7.6604444312e+01 2212 0.0000000000e+00 1.0000000000e+00
1353 4.3288346837e+03 0.0000000000e+00 7.8815608859e+02 6.4278760969e+01 0.0000000000e+00 -7.6604444312e+01 2212 0.0000000000e+00 1.0000000000e+00
1354 4.3208745487e+03 0.0000000000e+00 8.3068819257e+02 6.4278760969e+01 0.0000000000e+00 -7.6604444312e+01 2212 0.0000000000e+00 1.0000000000e+00
1355 4.3374590581e+03 0.0000000000e+00 7.3922165679e+02 6.4278760969e+01 0.0000000000e+00 -7.6604444312e+01 2212 0.0000000000e+00 1.0000000000e+00
1356 4.3394122605e+03 0.0000000000e+00 7.2766817438e+02 6.4278760969e+01 0.0000000000e+00 -7.6604444312e+01 2212 0.0000000000e+00 1.0000000000e+00
1357 4.3238213846e+03 0.0000000000e+00 8.1521063117e+02 6.4278760969e+01 0.0000000000e+00 -7.6604444312e+01 2212 0.0000000000e+00 1.0000000000e+00
1358 4.3358117700e+03 0.0000000000e+00 7.4882309944e+02 6.4278760969e+01 0.0000000000e+00 -7.6604444312e+01 2212 0.0000000000e+00 1.0000000000e+00
1359 4.3349212584e+03 0.0000000000e+00 7.5396115433e+02 6.4278760969e+01 0.0000000000e+00 -7.6604444312e+01 2212 0.0000000000e+00 1.0000000000e+00
1360 4.3217456329e+03 0.0000000000e+00 8.2614431168e+02 6.4278760969e+01 0.0000000000e+00 -7.6604444312e+01 2212 0.0000000000e+00 1.0000000000e+00
1361 4.3292622441e+03 0.0000000000e+00 7.8580414893e+02 6.4278760969e+01 0.0000000000e+00 -7.6604444312e+01 2212 0.0000000000e+00 1.0000000000e+00
1362 4.3455722701e+03 0.0000000000e+00 6.8992853553e+02 6.4278760969e+01 0.0000000000e+00 -7.6604444312e+01 2212 0.0000000000e+00 1.0000000000e+00
1363 4.3231553015e+03 0.0000000000e+00 8.1873559723e+02 6.4278760969e+01 0.0000000000e+00 -7.6604444312e+01 2212 0.0000000000e+00 1.0000000000e+00
1364 4.3344504316e+03 0.0000000000e+00 7.5666319780e+02 6.4278760969e+01 0.0000000000e+00 -7.6604444312e+01 2212 0.0000000000e+00 1.0000000000e+00
1365 4.3420282458e+03 0.0000000000e+00 7.1189216267e+02 6.4278760969e+01 0.0000000000e+00 -7.6604444312e+01 2212 0.0000000000e+00 1.0000000000e+00
1366 4.3377268360e+03 0.0000000000e+00 7.3764872076e+02 6.4278760969e+01 0.0000000000e+00 -7.6604444312e+01 2212 0.0000000000e+00 1.0000000000e+00
1367 4.3277779442e+03 0.0000000000e+00 7.9393816156e+02 6.4278760969e+01 0.0000000000e+00 -7.6604444312e+01 2212 0.0000000000e+00 1.0000000000e+00
1368 4.3390185005e+03 0.0000000000e+00 7.3001245991e+02 6.4278760969e+01 0.0000000000e+00 -7.6604444312e+01 2212 0.0000000000e+00 1.0000000000e+00
1369 4.3375133294e+03 0.0000000000e+00 7.3890314414e+02 6.4278760969e+01 0.0000000000e+00 -7.6604444312e+01 2212 0.0000000000e+00 1.0000000000e+00
1370 4.3349684748e+03 0.0000000000e+00 7.5368963199e+02 6.4278760969e+01 0.0000000000e+00 -7.6604444312e+01 2212 0.0000000000e+00 1.0000000000e+00
1371 4.3267014198e+03 0.0000000000e+00 7.9978407234e+02 6.4278760969e+01 0.0000000000e+00 -7.6604444312e+01 2212 0.0000000000e+00 1.0000000000e+00
1372 4.3338852028e+03 0.0000000000e+00 7.5989393193e+02 6.4278760969e+01 0.0000000000e+00 -7.6604444312e+01 2212 0.0000000000e+00 1.0000000000e+00
1373 4.3273283036e+03 0.0000000000e+00 7.9638526593e+02 6.4278760969e+01 0.0000000000e+00 -7.6604444312e+01 2212 0.0000000000e+00 1.0000000000e+00
1374 4.3235177453e+03 0.0000000000e+00 8.1681946923e+02 6.4278760969e+01 0.0000000000e+00 -7.6604444312e+01 2212 0.0000000000e+00 1.0000000000e+00
1375 4.3434557851e+03 0.0000000000e+00 7.0312984719e+02 6.4278760969e+01 0.0000000000e+00 -7.6604444312e+01 2212 0.0000000000e+00 1.0000000000e+00
1376 4.3260493846e+03 0.0000000000e+00 8.0330346738e+02 6.4278760969e+01 0.0000000000e+00 -7.6604444312e+01 2212 0.0000000000e+00 1.0000000000e+00
1377 4.3306830729e+03 0.0000000000e+00 7.7793564086e+02 6.4278760969e+01 0.0000000000e+00 -7.6604444312e+01 2212 0.0000000000e+00 1.0000000000e+00
1378 4.3305308351e+03 0.0000000000e+00 7.7878265615e+02 6.4278760969e+01 0.0000000000e+00 -7.6604444312e+01 2212 0.0000000000e+00 1.0000000000e+00
1379 4.3249137531e+03 0.0000000000e+00 8.0939530942e+02 6.4278760969e+01 0.0000000000e+00 -7.6604444312e+01 2212 0.0000000000e+00 1.0000000000e+00
1380 4.3211355174e+03 0.0000000000e+00 8.2932959630e+02 6.4278760969e+01 0.0000000000e+00 -7.6604444312e+01 2212 0.0000000000e+00 1.0000000000e+00
1381 4.3384073693e+03 0.0000000000e+00 7.3363562933e+02 6.4278760969e+01 0.0000000000e+00 -7.6604444312e+01 2212 0.0000000000e+00 1.0000000000e+00
1382 4.3398689846e+03 0.0000000000e+00 7.2493926342e+02 6.4278760969e+01 0.0000000000e+00 -7.6604444312e+01 2212 0.0000000000e+00 1.0000000000e+00
1383 4.3247007008e+03 0.0000000000e+00 8.1053290314e+02 6.4278760969e+01 0.0000000000e+00 -7.6604444312e+01 2212 0.0000000000e+00 1.0000000000e+00
1384 4.3288933070e+03 0.0000000000e+00 7.8783404068e+02 6.4278760969e+01 0.0000000000e+00 -7.6604444312e+01 2212 0.0000000000e+00 1.0000000000e+00
1385 4.3306418133e+03 0.0000000000e+00 7.7816529353e+02 6.4278760969e+01 0.0000000000e+00 -7.6604444312e+01 2212 0.0000000000e+00 1.0000000000e+00
1386 4.3455818497e+03 0.0000000000e+00 6.8986819499e+02 6.4278760969e+01 0.0000000000e+00 -7.6604444312e+01 2212 0.0000000000e+00 1.0000000000e+00
1387 4.3315896448e+03 0.0000000000e+00 7.7287184463e+02 6.4278760969e+01 0.0000000000e+00 -7.6604444312e+01 2212 0.0000000000e+00 1.0000000000e+00
1388 4.3431182996e+03 0.0000000000e+00 7.0521143985e+02 6.4278760969e+01 0.0000000000e+00 -7.6604444312e+01 2212 0.0000000000e+00 1.0000000000e+00
1389 4.3329491150e+03 0.0000000000e+00 7.6521350347e+02 6.4278760969e+01 0.0000000000e+00 -7.6604444312e+01 2212 0.0000000000e+00 1.0000000000e+00
1390 4.3443420241e+03 0.0000000000e+00 6.9763322463e+02 6.4278760969e+01 0.0000000000e+00 -7.6604444312e+01 2212 0.0000000000e+00 1.0000000000e+00
1391 4.3371242465e+03 0.0000000000e+00 7.4118351916e+02 6.4278760969e+01 0.0000000000e+00 -7.6604444312e+01 2212 0.0000000000e+00 1.0000000000e+00
1392 4.3393800140e+03 0.0000000000e+00 7.2786044893e+02 6.4278760969e+01 0.0000000000e+00 -7.6604444312e+01 2212 0.0000000000e+00 1.0000000000e+00
1393 4.3368292240e+03 0.0000000000e+00 7.4290781457e+02 6.4278760969e+01 0.0000000000e+00 -7.6604444312e+01 2212 0.0000000000e+00 1.0000000000e+00
1394 4.3199473755e+03 0.0000000000e+00 8.3549650626e+02 6.4278760969e+01 0.0000000000e+00 -7.6604444312e+01 2212 0.0000000000e+00 1.0000000000e+00
1395 4.3307400702e+03 0.0000000000e+00 7.7761827594e+02 6.4278760969e+01 0.0000000000e+00 -7.6604444312e+01 2212 0.0000000000e+00 1.0000000000e+00
1396 4.3299810271e+03 0.0000000000e+00 7.8183376996e+02 6.4278760969e+01 0.0000000000e+00 -7.6604444312e+01 2212 0.0000000000e+00 1.0000000000e+00
1397 4.3210227695e+03 0.0000000000e+00 8.2991684171e+02 6.4278760969e+01 0.0000000000e+00 -7.6604444312e+01 2212 0.0000000000e+00 1.0000000000e+00
1398 4.3194677745e+03 0.0000000000e+00 8.3797248376e+02 6.4278760969e+01 0.0000000000e+00 -7.6604444312e+01 2212 0.0000000000e+00 1.0000000000e+00
1399 4.3447109356e+03 0.0000000000e+00 6.9533202497e+02 6.4278760969e+01 0.0000000000e+00 -7.6604444312e+01 2212 0.0000000000e+00 1.0000000000e+00
1400 4.3210600806e+03 0.0000000000e+00 8.2972255537e+02 6.4278760969e+01 0.0000000000e+00 -7.6604444312e+01 2212 0.0000000000e+00 1.0000000000e+00
1401 4.3265158919e+03 0.0000000000e+00 8.0078709808e+02 6.4278760969e+01 0.0000000000e+00 -7.6604444312e+01 2212 0.0000000000e+00 1.0000000000e+00
1402 4.3379050143e+03 0.0000000000e+00 7.3660018042e+02 6.4278760969e+01 0.0000000000e+00 -7.6604444312e+01 2212 0.0000000000e+00 1.0000000000e+00
1403 4.3325798940e+03 0.0000000000e+00 7.6730124507e+02 6.4278760969e+01 0.0000000000e+00 -7.6604444312e+01 2212 0.0000000000e+00 1.0000000000e+00
1404 4.3455076705e+03 0.0000000000e+00 6.9033529835e+02 6.4278760969e+01 0.0000000000e+00 -7.6604444312e+01 2212 0.0000000000e+00 1.0000000000e+00
1405 4.3240069392e+03 0.0000000000e+00 8.1422584621e+02 6.4278760969e+01 0.0000000000e+00 -7.6604444312e+01 2212 0.0000000000e+00 1.0000000000e+00
1406 4.3375150725e+03 0.0000000000e+00 7.3889291175e+02 6.4278760969e+01 0.0000000000e+00 -7.6604444312e+01 2212 0.0000000000e+00 1.0000000000e+00
1407 4.3419327823e+03 0.0000000000e+00 7.1247417673e+02 6.4278760969e+01 0.0000000000e+00 -7.6604444312e+01 2212 0.0000000000e+00 1.0000000000e+00
1408 4.3308708197e+03 0.0000000000e+00 7.7688974877e+02 6.4278760969e+01 0.0000000000e+00 -7.6604444312e+01 2212 0.0000000000e+00 1.0000000000e+00
1409 4.3410702634e+03 0.0000000000e+00 7.1771074060e+02 6.4278760969e+01 0.0000000000e+00 -7.6604444312e+01 2212 0.0000000000e+00 1.0000000000e+00
1410 4.3203613816e+03 0.0000000000e+00 8.3335302919e+02 6.4278760969e+01 0.0000000000e+00 -7.6604444312e+01 2212 0.0000000000e+00 1.0000000000e+00
1411 4.3209363039e+03 0.0000000000e+00 8.3036690491e+02 6.4278760969e+01 0.0000000000e+00 -7.6604444312e+01 2212 0.0000000000e+00 1.0000000000e+00
1412 4.3432591589e+03 0.0000000000e+00 7.0434339462e+02 6.4278760969e+01 0.0000000000e+00 -7.6604444312e+01 2212 0.0000000000e+00 1.0000000000e+00
1413 4.3259957083e+03 0.0000000000e+00 8.0359247814e+02 6.4278760969e+01 0.0000000000e+00 -7.6604444312e+01 2212 0.0000000000e+00 1.0000000000e+00
1414 4.3385562525e+03 0.0000000000e+00 7.3275465385e+02 6.4278760969e+01 0.0000000000e+00 -7.6604444312e+01 2212 0.0000000000e+00 1.0000000000e+00
1415 4.3392072643e+03 0.0000000000e+00 7.2888960522e+02 6.4278760969e+01 0.0000000000e+00 -7.6604444312e+01 2212 0.0000000000e+00 1.0000000000e+00
1416 4.3325901443e+03 0.0000000000e+00 7.6724336440e+02 6.4278760969e+01 0.0000000000e+00 -7.6604444312e+01 2212 0.0000000000e+00 1.0000000000e+00
1417 4.3236649999e+03 0.0000000000e+00 8.1603964851e+02 6.4278760969e+01 0.0000000000e+00 -7.6604444312e+01 2212 0.0000000000e+00 1.0000000000e+00
1418 4.3253559630e+03 0.0000000000e+00 8.0702882980e+02 6.4278760969e+01 0.0000000000e+00 -7.6604444312e+01 2212 0.0000000000e+00 1.0000000000e+00
1419 4.3428232423e+03 0.0000000000e+00 7.0702618396e+02 6.4278760969e+01 0.0000000000e+00 -7.6604444312e+01 2212 0.0000000000e+00 1.0000000000e+00
1420 4.3215382315e+03 0.0000000000e+00 8.2722853732e+02 6.4278760969e+01 0.0000000000e+00 -7.6604444312e+01 2212 0.0000000000e+00 1.0000000000e+00
1421 4.3282418472e+03 0.0000000000e+00 7.9140523829e+02 6.4278760969e+01 0.0000000000e+00 -7.6604444312e+01 2212 0.0000000000e+00 1.0000000000e+00
1422 4.3376942415e+03 0.0000000000e+00 7.3784036608e+02 6.4278760969e+01 0.0000000000e+00 -7.6604444312e+01 2212 0.0000000000e+00 1.0000000000e+00
1423 4.3287041647e+03 0.0000000000e+00 7.8887260933e+02 6.4278760969e+01 0.0000000000e+00 -7.6604444312e+01 2212 0.0000000000e+00 1.0000000000e+00
1424 4.3457031587e+03 0.0000000000e+00 6.8910361736e+02 6.4278760969e+01 0.0000000000e+00 -7.6604444312e+01 2212 0.0000000000e+00 1.0000000000e+00
1425 4.3353075269e+03 0.0000000000e+00 7.5173691274e+02 6.4278760969e+01 0.0000000000e+00 -7.6604444312e+01 2212 0.0000000000e+00 1.0000000000e+00
1426 4.3356255336e+03 0.0000000000e+00 7.4990064098e+02 6.4278760969e+01 0.0000000000e+00 -7.6604444312e+01 2212 0.0000000000e+00 1.0000000000e+00
1427 4.3201518617e+03 0.0000000000e+00 8.3443851205e+02 6.4278760969e+01 0.0000000000e+00 -7.6604444312e+01 2212 0.0000000000e+00 1.0000000000e+00
1428 4.3419211908e+03 0.0000000000e+00 7.1254481381e+02 6.4278760969e+01 0.0000000000e+00 -7.6604444312e+01 2212 0.0000000000e+00 1.0000000000e+00
1429 4.3312090928e+03 0.0000000000e+00 7.7500163468e+02 6.4278760969e+01 0.0000000000e+00 -7.6604444312e+01 2212 0.0000000000e+00 1.0000000000e+00
1430 4.3235811755e+03 0.0000000000e+00 8.1648365404e+02 6.4278760969e+01 0.0000000000e+00 -7.6604444312e+01 2212 0.0000000000e+00 1.0000000000e+00
1431 4.3311428785e+03 0.0000000000e+00 7.7537159158e+02 6.4278760969e+01 0.0000000000e+00 -7.6604444312e+01 2212 0.0000000000e+00 1.0000000000e+00
1432 4.3428121637e+03 0.0000000000e+00 7.0709422976e+02 6.4278760969e+01 0.0000000000e+00 -7.6604444312e+01 2212 0.0000000000e+00 1.0000000000e+00
1433 4.3302777640e+03 0.0000000000e+00 7.8018858351e+02 6.4278760969e+01 0.0000000000e+00 -7.6604444312e+01 2212 0.0000000000e+00 1.0000000000e+00
1434 4.3343445621e+03 0.0000000000e+00 7.5726940800e+02 6.4278760969e+01 0.0000000000e+00 -7.6604444312e+01 2212 0.0000000000e+00 1.0000000000e+00
1435 4.3445280237e+03 0.0000000000e+00 6.9647396962e+02 6.4278760969e+01 0.0000000000e+00 -7.6604444312e+01 2212 0.0000000000e+00 1.0000000000e+00
1436 4.3454349403e+03 0.0000000000e+00 6.9079296377e+02 6.4278760969e+01 0.0000000000e+00 -7.6604444312e+01 2212 0.0000000000e+00 1.0000000000e+00
1437 4.3304983328e+03 0.0000000000e+00 7.7896336771e+02 6.4278760969e+01 0.0000000000e+00 -7.6604444312e+01 2212 0.0000000000e+00 1.0000000000e+00
1438 4.3392936335e+03 0.0000000000e+00 7.2837524722e+02 6.4278760969e+01 0.0000000000e+00 -7.6604444312e+01 2212 0.0000000000e+00 1.0000000000e+00
1439 4.3418844722e+03 0.0000000000e+00 7.1276852417e+02 6.4278760969e+01 0.0000000000e+00 -7.6604444312e+01 2212 0.0000000000e+00 1.0000000000e+00
1440 4.3218646846e+03 0.0000000000e+00 8.2552128181e+02 6.4278760969e+01 0.0000000000e+00 -7.6604444312e+01 2212 0.0000000000e+00 1.0000000000e+00
1441 4.3348313688e+03 0.0000000000e+00 7.5447779480e+02 6.4278760969e+01 0.0000000000e+00 -7.6604444312e+01 2212 0.0000000000e+00 1.0000000000e+00
1442 4.3274986880e+03 0.0000000000e+00 7.9545888925e+02 6.4278760969e+01 0.0000000000e+00 -7.6604444312e+01 2212 0.0000000000e+00 1.0000000000e+00
1443 4.3371360149e+03 0.0000000000e+00 7.4111465205e+02 6.4278760969e+01 0.0000000000e+00 -7.6604444312e+01 2212 0.0000000000e+00 1.0000000000e+00
1444 4.3269652674e+03 0.0000000000e+00 7.9835538039e+02 6.4278760969e+01 0.0000000000e+00 -7.6604444312e+01 2212 0.0000000000e+00 1.0000000000e+00
1445 4.3368167156e+03 0.0000000000e+00 7.4298083014e+02 6.4278760969e+01 0.0000000000e+00 -7.6604444312e+01 2212 0.0000000000e+00 1.0000000000e+00
1446 4.3212318631e+03 0.0000000000e+00 8.2882743923e+02 6.4278760969e+01 0.0000000000e+00 -7.6604444312e+01 2212 0.0000000000e+00 1.0000000000e+00
1447 4.3279872268e+03 0.0000000000e+00 7.9279650828e+02 6.4278760969e+01 0.0000000000e+00 -7.6604444312e+01 2212 0.0000000000e+00 1.0000000000e+00
1448 4.3378697887e+03 0.0000000000e+00 7.3680759713e+02 6.4278760969e+01 0.0000000000e+00 -7.6604444312e+01 2212 0.0000000000e+00 1.0000000000e+00
1449 4.3369558881e+03 0.0000000000e+00 7.4216801558e+02 6.4278760969e+01 0.0000000000e+00 -7.6604444312e+01 2212 0.0000000000e+00 1.0000000000e+00
1450 4.3256123947e+03 0.0000000000e+00 8.0565324431e+02 6.4278760969e+01 0.0000000000e+00 -7.6604444312e+01 2212 0.0000000000e+00 1.0000000000e+00
1451 4.3441964595e+03 0.0000000000e+00 6.9853908980e+02 6.4278760969e+01 0.0000000000e+00 -7.6604444312e+01 2212 0.0000000000e+00 1.0000000000e+00
1452 4.3345206024e+03 0.0000000000e+00 7.5626112298e+02 6.4278760969e+01 0.0000000000e+00 -7.6604444312e+01 2212 0.0000000000e+00 1.0000000000e+00
1453 4.3200021828e+03 0.0000000000e+00 8.3521307434e+02 6.4278760969e+01 0.0000000000e+00 -7.6604444312e+01 2212 0.0000000000e+00 1.0000000000e+00
1454 4.3401560452e+03 0.0000000000e+00 7.2321866803e+02 6.4278760969e+01 0.0000000000e+00 -7.6604444312e+01 2212 0.0000000000e+00 1.0000000000e+00
1455 4.3236025059e+03 0.0000000000e+00 8.1637069401e+02 6.4278760969e+01 0.0000000000e+00 -7.6604444312e+01 2212 0.0000000000e+00 1.0000000000e+00
1456 4.3252462133e+03 0.0000000000e+00 8.0761682320e+02 6.4278760969e+01 0.0000000000e+00 -7.6604444312e+01 2212 0.0000000000e+00 1.0000000000e+00
1457 4.3240874986e+03 0.0000000000e+00 8.1379791310e+02 6.4278760969e+01 0.0000000000e+00 -7.6604444312e+01 2212 0.0000000000e+00 1.0000000000e+00
1458 4.3275143621e+03 0.0000000000e+00 7.9537361326e+02 6.4278760969e+01 0.0000000000e+00 -7.6604444312e+01 2212 0.0000000000e+00 1.0000000000e+00
1459 4.3370969236e+03 0.0000000000e+00 7.4134338464e+02 6.4278760969e+01 0.0000000000e+00 -7.6604444312e+01 2212 0.0000000000e+00 1.0000000000e+00
1460 4.3292702611e+03 0.0000000000e+00 7.8575997953e+02 6.4278760969e+01 0.0000000000e+00 -7.6604444312e+01 2212 0.0000000000e+00 1.0000000000e+00
1461 4.3222128425e+03 0.0000000000e+00 8.2369647521e+02 6.4278760969e+01 0.0000000000e+00 -7.6604444312e+01 2212 0.0000000000e+00 1.0000000000e+00
1462 4.3447752880e+03 0.0000000000e+00 6.9492980642e+02 6.4278760969e+01 0.0000000000e+00 -7.6604444312e+01 2212 0.0000000000e+00 1.0000000000e+00
1463 4.3379352111e+03 0.0000000000e+00 7.3642232664e+02 6.4278760969e+01 0.0000000000e+00 -7.6604444312e+01 2212 0.0000000000e+00 1.0000000000e+00
1464 4.3373600493e+03 0.0000000000e+00 7.3980236687e+02 6.4278760969e+01 0.0000000000e+00 -7.6604444312e+01 2212 0.0000000000e+00 1.0000000000e+00
1465 4.3220925299e+03 0.0000000000e+00 8.2432754507e+02 6.4278760969e+01 0.0000000000e+00 -7.6604444312e+01 2212 0.0000000000e+00 1.0000000000e+00
1466 4.3446331667e+03 0.0000000000e+00 6.9581778189e+02 6.4278760969e+01 0.0000000000e+00 -7.6604444312e+01 2212 0.0000000000e+00 1.0000000000e+00
1467 4.3290979747e+03 0.0000000000e+00 7.8670862716e+02 6.4278760969e+01 0.0000000000e+00 -7.6604444312e+01 2212 0.0000000000e+00 1.0000000000e+00
1468 4.3219736985e+03 0.0000000000e+00 8.2495035524e+02 6.4278760969e+01 0.0000000000e+00 -7.6604444312e+01 2212 0.0000000000e+00 1.0000000000e+00
1469 4.3195297859e+03 0.0000000000e+00 8.3765277287e+02 6.4278760969e+01 0.0000000000e+00 -7.6604444312e+01 2212 0.0000000000e+00 1.0000000000e+00
1470 4.3267275949e+03 0.0000000000e+00 7.9964245649e+02 6.4278760969e+01 0.0000000000e+00 -7.6604444312e+01 2212 0.0000000000e+00 1.0000000000e+00
1471 4.3335296242e+03 0.0000000000e+00 7.6191911340e+02 6.4278760969e+01 0.0000000000e+00 -7.6604444312e+01 2212 0.0000000000e+00 1.0000000000e+00
1472 4.3269399009e+03 0.0000000000e+00 7.9849285065e+02 6.4278760969e+01 0.0000000000e+00 -7.6604444312e+01 2212 0.0000000000e+00 1.0000000000e+00
1473 4.3242286803e+03 0.0000000000e+00 8.1304739082e+02 6.4278760969e+01 0.0000000000e+00 -7.6604444312e+01 2212 0.0000000000e+00 1.0000000000e+00
1474 4.3417943899e+03 0.0000000000e+00 7.1331705055e+02 6.4278760969e+01 0.0000000000e+00 -7.6604444312e+01 2212 0.0000000000e+00 1.0000000000e+00
1475 4.3228262922e+03 0.0000000000e+00 8.2047095389e+02 6.4278760969e+01 0.0000000000e+00 -7.6604444312e+01 2212 0.0000000000e+00 1.0000000000e+00
1476 4.3412394480e+03 0.0000000000e+00 7.1668667786e+02 6.4278760969e+01 0.0000000000e+00 -7.6604444312e+01 2212 0.0000000000e+00 1.0000000000e+00
1477 4.3372367559e+03 0.0000000000e+00 7.4052485600e+02 6.4278760969e+01 0.0000000000e+00 -7.6604444312e+01 2212 0.0000000000e+00 1.0000000000e+00
1478 4.3275408913e+03 0.0000000000e+00 7.9522925805e+02 6.4278760969e+01 0.0000000000e+00 -7.6604444312e+01 2212 0.0000000000e+00 1.0000000000e+00
1479 4.3282970383e+03 0.0000000000e+00 7.9110333556e+02 6.4278760969e+01 0.0000000000e+00 -7.6604444312e+01 2212 0.0000000000e+00 1.0000000000e+00
1480 4.3370877281e+03 0.0000000000e+00 7.4139717915e+02 6.4278760969e+01 0.0000000000e+00 -7.6604444312e+01 2212 0.0000000000e+00 1.0000000000e+00
1481 4.3444977517e+03 0.0000000000e+00 6.9666277652e+02 6.4278760969e+01 0.0000000000e+00 -7.6604444312e+01 2212 0.0000000000e+00 1.0000000000e+00
1482 4.3310305006e+03 0.0000000000e+00 7.7599906046e+02 6.4278760969e+01 0.0000000000e+00 -7.6604444312e+01 2212 0.0000000000e+00 1.0000000000e+00
1483 4.3423850027e+03 0.0000000000e+00 7.0971277811e+02 6.4278760969e+01 0.0000000000e+00 -7.6604444312e+01 2212 0.0000000000e+00 1.0000000000e+00
1484 4.3213326650e+03 0.0000000000e+00 8.2830171867e+02 6.4278760969e+01 0.0000000000e+00 -7.6604444312e+01 2212 0.0000000000e+00 1.0000000000e+00
1485 4.3239551294e+03 0.0000000000e+00 8.1450093777e+02 6.4278760969e+01 0.0000000000e+00 -7.6604444312e+01 2212 0.0000000000e+00 1.0000000000e+00
1486 4.3393725457e+03 0.0000000000e+00 7.2790497223e+02 6.4278760969e+01 0.0000000000e+00 -7.6604444312e+01 2212 0.0000000000e+00 1.0000000000e+00
1487 4.3331421747e+03 0.0000000000e+00 7.6411951445e+02 6.4278760969e+01 0.0000000000e+00 -7.6604444312e+01 2212 0.0000000000e+00 1.0000000000e+00
1488 4.3354116981e+03 0.0000000000e+00 7.5113590443e+02 6.4278760969e+01 0.0000000000e+00 -7.6604444312e+01 2212 0.0000000000e+00 1.0000000000e+00
1489 4.3240763624e+03 0.0000000000e+00 8.1385708260e+02 6.4278760969e+01 0.0000000000e+00 -7.6604444312e+01 2212 0.0000000000e+00 1.0000000000e+00
1490 4.3289477065e+03 0.0000000000e+00 7.8753507453e+02 6.4278760969e+01 0.0000000000e+00 -7.6604444312e+01 2212 0.0000000000e+00 1.0000000000e+00
1491 4.3335755973e+03 0.0000000000e+00 7.6165758817e+02 6.4278760969e+01 0.0000000000e+00 -7.6604444312e+01 2212 0.0000000000e+00 1.0000000000e+00
1492 4.3265453992e+03 0.0000000000e+00 8.0062765872e+02 6.4278760969e+01 0.0000000000e+00 -7.6604444312e+01 2212 0.0000000000e+00 1.0000000000e+00
1493 4.3307992960e+03 0.0000000000e+00 7.7728836159e+02 6.4278760969e+01 0.0000000000e+00 -7.6604444312e+01 2212 0.0000000000e+00 1.0000000000e+00
1494 4.3274874147e+03 0.0000000000e+00 7.9552021628e+02 6.4278760969e+01 0.0000000000e+00 -7.6604444312e+01 2212 0.0000000000e+00 1.0000000000e+00
1495 4.3315709842e+03 0.0000000000e+00 7.7297642120e+02 6.4278760969e+01 0.0000000000e+00 -7.6604444312e+01 2212 0.0000000000e+00 1.0000000000e+00
1496 4.3401557443e+03 0.0000000000e+00 7.2322047405e+02 6.4278760969e+01 0.0000000000e+00 -7.6604444312e+01 2212 0.0000000000e+00 1.0000000000e+00
1497 4.3425558591e+03 0.0000000000e+00 7.0866659970e+02 6.4278760969e+01 0.0000000000e+00 -7.6604444312e+01 2212 0.0000000000e+00 1.0000000000e+00
1498 4.3311204236e+03 0.0000000000e+00 7.7549701147e+02 6.4278760969e+01 0.0000000000e+00 -7.6604444312e+01 2212 0.0000000000e+00 1.0000000000e+00
1499 4.3330398711e+03 0.0000000000e+00 7.6469942768e+02 6.4278760969e+01 0.0000000000e+00 -7.6604444312e+01 2212 0.0000000000e+00 1.0000000000e+00
1500 4.3273972437e+03 0.0000000000e+00 7.9601057429e+02 6.4278760969e+01 0.0000000000e+00 -7.6604444312e+01 2212 0.0000000000e+00 1.0000000000e+00
1501 4.3238465098e+03 0.0000000000e+00 8.1507735753e+02 6.4278760969e+01 0.0000000000e+00 -7.6604444312e+01 2212 0.0000000000e+00 1.0000000000e+00
1502 4.3267179679e+03 0.0000000000e+00 7.9969454472e+02 6.4278760969e+01 0.0000000000e+00 -7.6604444312e+01 2212 0.0000000000e+00 1.0000000000e+00
1503 4.3208152431e+03 0.0000000000e+00 8.3099661493e+02 6.4278760969e+01 0.0000000000e+00 -7.6604444312e+01 2212 0.0000000000e+00 1.0000000000e+00
1504 4.3270730981e+03 0.0000000000e+00 7.9777073305e+02 6.4278760969e+01 0.0000000000e+00 -7.6604444312e+01 2212 0.0000000000e+00 1.0000000000e+00
1505 4.3281724691e+03 0.0000000000e+00 7.9178457704e+02 6.4278760969e+01 0.0000000000e+00 -7.6604444312e+01 2212 0.0000000000e+00 1.0000000000e+00
1506 4.3419752402e+03 0.0000000000e+00 7.1221538355e+02 6.4278760969e+01 0.0000000000e+00 -7.6604444312e+01 2212 0.0000000000e+00 1.0000000000e+00
1507 4.3415793736e+03 0.0000000000e+00 7.1462457359e+02 6.4278760969e+01 0.0000000000e+00 -7.6604444312e+01 2212 0.0000000000e+00 1.0000000000e+00
1508 4.3240548175e+03 0.0000000000e+00 8.1397154385e+02 6.4278760969e+01 0.0000000000e+00 -7.6604444312e+01 2212 0.0000000000e+00 1.0000000000e+00
1509 4.3194478050e+03 0.0000000000e+00 8.3807541371e+02 6.4278760969e+01 0.0000000000e+00 -7.6604444312e+01 2212 0.0000000000e+00 1.0000000000e+00
1510 4.3263799560e+03 0.0000000000e+00 8.0152118824e+02 6.4278760969e+01 0.0000000000e+00 -7.6604444312e+01 2212 0.0000000000e+00 1.0000000000e+00
1511 4.3264573923e+03 0.0000000000e+00 8.0110309677e+02 6.4278760969e+01 0.0000000000e+00 -7.6604444312e+01 2212 0.0000000000e+00 1.0000000000e+00
1512 4.3355821487e+03 0.0000000000e+00 7.5015143169e+02 6.4278760969e+01 0.0000000000e+00 -7.6604444312e+01 2212 0.0000000000e+00 1.0000000000e+00
1513 4.3376560679e+03 0.0000000000e+00 7.3806475001e+02 6.4278760969e+01 0.0000000000e+00 -7.6604444312e+01 2212 0.0000000000e+00 1.0000000000e+00
1514 4.3452350396e+03 0.0000000000e+00 6.9204926844e+02 6.4278760969e+01 0.0000000000e+00 -7.6604444312e+01 2212 0.0000000000e+00 1.0000000000e+00
1515 4.3289510003e+03 0.0000000000e+00 7.8751696881e+02 6.4278760969e+01 0.0000000000e+00 -7.6604444312e+01 2212 0.0000000000e+00 1.0000000000e+00
1516 4.3192806014e+03 0.0000000000e+00 8.3893672288e+02 6.4278760969e+01 0.0000000000e+00 -7.6604444312e+01 2212 0.0000000000e+00 1.0000000000e+00
1517 4.3388443656e+03 0.0000000000e+00 7.3104672233e+02 6.4278760969e+01 0.0000000000e+00 -7.6604444312e+01 2212 0.0000000000e+00 1.0000000000e+00
1518 4.3260418589e+03 0.0000000000e+00 8.0334399454e+02 6.4278760969e+01 0.0000000000e+00 -7.6604444312e+01 2212 0.0000000000e+00 1.0000000000e+00
1519 4.3322940998e+03 0.0000000000e+00 7.6891324091e+02 6.4278760969e+01 0.0000000000e+00 -7.6604444312e+01 2212 0.0000000000e+00 1.0000000000e+00
1520 4.3390598546e+03 0.0000000000e+00 7.2976661808e+02 6.4278760969e+01 0.0000000000e+00 -7.6604444312e+01 2212 0.0000000000e+00 1.0000000000e+00
1521 4.3280912729e+03 0.0000000000e+00 7.9222829539e+02 6.4278760969e+01 0.0000000000e+00 -7.6604444312e+01 2212 0.0000000000e+00 1.0000000000e+00
1522 4.3263418417e+03 0.0000000000e+00 8.0172689076e+02 6.4278760969e+01 0.0000000000e+00 -7.6604444312e+01 2212 0.0000000000e+00 1.0000000000e+00
1523 4.3296380480e+03 0.0000000000e+00 7.8373089298e+02 6.4278760969e+01 0.0000000000e+00 -7.6604444312e+01 2212 0.0000000000e+00 1.0000000000e+00
1524 4.3438445554e+03 0.0000000000e+00 7.0072406663e+02 6.4278760969e+01 0.0000000000e+00 -7.6604444312e+01 2212 0.0000000000e+00 1.0000000000e+00
1525 4.3452711023e+03 0.0000000000e+00 6.9182279985e+02 6.4278760969e+01 0.0000000000e+00 -7.6604444312e+01 2212 0.0000000000e+00 1.0000000000e+00
1526 4.3333713236e+03 0.0000000000e+00 7.6281892409e+02 6.4278760969e+01 0.0000000000e+00 -7.6604444312e+01 2212 0.0000000000e+00 1.0000000000e+00
1527 4.3355738896e+03 0.0000000000e+00 7.5019916469e+02 6.4278760969e+01 0.0000000000e+00 -7.6604444312e+01 2212 0.0000000000e+00 1.0000000000e+00
1528 4.3332215987e+03 0.0000000000e+00 7.6366898313e+02 6.4278760969e+01 0.0000000000e+00 -7.6604444312e+01 2212 0.0000000000e+00 1.0000000000e+00
1529 4.3217445359e+03 0.0000000000e+00 8.2615005024e+02 6.4278760969e+01 0.0000000000e+00 -7.6604444312e+01 2212 0.0000000000e+00 1.0000000000e+00
1530 4.3386972829e+03 0.0000000000e+00 7.3191913920e+02 6.4278760969e+01 0.0000000000e+00 -7.6604444312e+01 2212 0.0000000000e+00 1.0000000000e+00
1531 4.3407733811e+03 0.0000000000e+00 7.1950412958e+02 6.4278760969e+01 0.0000000000e+00 -7.6604444312e+01 2212 0.0000000000e+00 1.0000000000e+00
1532 4.3368301740e+03 0.0000000000e+00 7.4290226849e+02 6.4278760969e+01 0.0000000000e+00 -7.6604444312e+01 2212 0.0000000000e+00 1.0000000000e+00
1533 4.3352120685e+03 0.0000000000e+00 7.5228721904e+02 6.4278760969e+01 0.0000000000e+00 -7.6604444312e+01 2212 0.0000000000e+00 1.0000000000e+00
1534 4.3272785717e+03 0.0000000000e+00 7.9665544757e+02 6.4278760969e+01 0.0000000000e+00 -7.6604444312e+01 2212 0.0000000000e+00 1.0000000000e+00
1535 4.3372293039e+03 0.0000000000e+00 7.4056850080e+02 6.4278760969e+01 0.0000000000e+00 -7.6604444312e+01 2212 0.0000000000e+00 1.0000000000e+00
1536 4.3194460377e+03 0.0000000000e+00 8.3808452208e+02 6.4278760969e+01 0.0000000000e+00 -7.6604444312e+01 2212 0.0000000000e+00 1.0000000000e+00
1537 4.3209746379e+03 0.0000000000e+00 8.3016740333e+02 6.4278760969e+01 0.0000000000e+00 -7.6604444312e+01 2212 0.0000000000e+00 1.0000000000e+00
1538 4.3356571312e+03 0.0000000000e+00 7.4971793361e+02 6.4278760969e+01 0.0000000000e+00 -7.6604444312e+01 2212 0.0000000000e+00 1.0000000000e+00
1539 4.3249695703e+03 0.0000000000e+00 8.0909699951e+02 6.4278760969e+01 0.0000000000e+00 -7.6604444312e+01 2212 0.0000000000e+00 1.0000000000e+00
1540 4.3419418961e+03 0.0000000000e+00 7.1241863358e+02 6.4278760969e+01 0.0000000000e+00 -7.6604444312e+01 2212 0.0000000000e+00 1.0000000000e+00
1541 4.3236653508e+03 0.0000000000e+00 8.1603778888e+02 6.4278760969e+01 0.0000000000e+00 -7.6604444312e+01 2212 0.0000000000e+00 1.0000000000e+00
1542 4.3327959654e+03 0.0000000000e+00 7.6608019243e+02 6.4278760969e+01 0.0000000000e+00 -7.6604444312e+01 2212 0.0000000000e+00 1.0000000000e+00
1543 4.3399784659e+03 0.0000000000e+00 7.2428354529e+02 6.4278760969e+01 0.0000000000e+00 -7.6604444312e+01 2212 0.0000000000e+00 1.0000000000e+00
1544 4.3404347512e+03 0.0000000000e+00 7.2154411481e+02 6.4278760969e+01 0.0000000000e+00 -7.6604444312e+01 2212 0.0000000000e+00 1.0000000000e+00
1545 4.3268269088e+03 0.0000000000e+00 7.9910489940e+02 6.4278760969e+01 0.0000000000e+00 -7.6604444312e+01 2212 0.0000000000e+00 1.0000000000e+00
1546 4.3308011577e+03 0.0000000000e+00 7.7727798858e+02 6.4278760969e+01 0.0000000000e+00 -7.6604444312e+01 2212 0.0000000000e+00 1.0000000000e+00
1547 4.3452026529e+03 0.0000000000e+00 6.9225258668e+02 6.4278760969e+01 0.0000000000e+00 -7.6604444312e+01 2212 0.0000000000e+00 1.0000000000e+00
1548 4.3299103163e+03 0.0000000000e+00 7.8222528178e+02 6.4278760969e+01 0.0000000000e+00 -7.6604444312e+01 2212 0.0000000000e+00 1.0000000000e+00
1549 4.3386725857e+03 0.0000000000e+00 7.3206552535e+02 6.4278760969e+01 0.0000000000e+00 -7.6604444312e+01 2212 0.0000000000e+00 1.0000000000e+00
1550 4.3433613585e+03 0.0000000000e+00 7.0371290189e+02 6.4278760969e+01 0.0000000000e+00 -7.6604444312e+01 2212 0.0000000000e+00 1.0000000000e+00
1551 4.3437979630e+03 0.0000000000e+00 7.0101283573e+02 6.4278760969e+01 0.0000000000e+00 -7.6604444312e+01 2212 0.0000000000e+00 1.0000000000e+00
1552 4.3433191154e+03 0.0000000000e+00 7.0397357940e+02 6.4278760969e+01 0.0000000000e+00 -7.6604444312e+01 2212 0.0000000000e+00 1.0000000000e+00
1553 4.3266412198e+03 0.0000000000e+00 8.0010967617e+02 6.4278760969e+01 0.0000000000e+00 -7.6604444312e+01 2212 0.0000000000e+00 1.0000000000e+00
1554 4.3389051485e+03 0.0000000000e+00 7.3068587731e+02 6.4278760969e+01 0.0000000000e+00 -7.6604444312e+01 2212 0.0000000000e+00 1.0000000000e+00
1555 4.3409138401e+03 0.0000000000e+00 7.1865622632e+02 6.4278760969e+01 0.0000000000e+00 -7.6604444312e+01 2212 0.0000000000e+00 1.0000000000e+00
1556 4.3272938406e+03 0.0000000000e+00 7.9657250494e+02 6.4278760969e+01 0.0000000000e+00 -7.6604444312e+01 2212 0.0000000000e+00 1.0000000000e+00
1557 4.3267705760e+03 0.0000000000e+00 7.9940985807e+02 6.4278760969e+01 0.0000000000e+00 -7.6604444312e+01 2212 0.0000000000e+00 1.0000000000e+00
1558 4.3288164789e+03 0.0000000000e+00 7.8825606953e+02 6.4278760969e+01 0.0000000000e+00 -7.6604444312e+01 2212 0.0000000000e+00 1.0000000000e+00
1559 4.3409416213e+03 0.0000000000e+00 7.1848839889e+02 6.4278760969e+01 0.0000000000e+00 -7.6604444312e+01 2212 0.0000000000e+00 1.0000000000e+00
1560 4.3273027182e+03 0.0000000000e+00 7.9652427693e+02 6.4278760969e+01 0.0000000000e+00 -7.6604444312e+01 2212 0.0000000000e+00 1.0000000000e+00
1561 4.3238153507e+03 0.0000000000e+00 8.1524263355e+02 6.4278760969e+01 0.0000000000e+00 -7.6604444312e+01 2212 0.0000000000e+00 1.0000000000e+00
1562 4.3404049178e+03 0.0000000000e+00 7.2172355409e+02 6.4278760969e+01 0.0000000000e+00 -7.6604444312e+01 2212 0.0000000000e+00 1.0000000000e+00
1563 4.3227922903e+03 0.0000000000e+00 8.2065008025e+02 6.4278760969e+01 0.0000000000e+00 -7.6604444312e+01 2212 0.0000000000e+00 1.0000000000e+00
1564 4.3192935363e+03 0.0000000000e+00 8.3887012491e+02 6.4278760969e+01 0.0000000000e+00 -7.6604444312e+01 2212 0.0000000000e+00 1.0000000000e+00
1565 4.3411502116e+03 0.0000000000e+00 7.1722700699e+02 6.4278760969e+01 0.0000000000e+00 -7.6604444312e+01 2212 0.0000000000e+00 1.0000000000e+00
1566 4.3216225695e+03 0.0000000000e+00 8.2678782366e+02 6.4278760969e+01 0.0000000000e+00 -7.6604444312e+01 2212 0.0000000000e+00 1.0000000000e+00
1567 4.3455333767e+03 0.0000000000e+00 6.9017346431e+02 6.4278760969e+01 0.0000000000e+00 -7.6604444312e+01 2212 0.0000000000e+00 1.0000000000e+00
1568 4.3315809787e+03 0.0000000000e+00 7.7292041251e+02 6.4278760969e+01 0.0000000000e+00 -7.6604444312e+01 2212 0.0000000000e+00 1.0000000000e+00
1569 4.3298392666e+03 0.0000000000e+00 7.8261846686e+02 6.4278760969e+01 0.0000000000e+00 -7.6604444312e+01 2212 0.0000000000e+00 1.0000000000e+00
1570 4.3263514347e+03 0.0000000000e+00 8.0167512246e+02 6.4278760969e+01 0.0000000000e+00 -7.6604444312e+01 2212 0.0000000000e+00 1.0000000000e+00
1571 4.3311146223e+03 0.0000000000e+00 7.7552941124e+02 6.4278760969e+01 0.0000000000e+00 -7.6604444312e+01 2212 0.0000000000e+00 1.0000000000e+00
1572 4.3435436530e+03 0.0000000000e+00 7.0258684377e+02 6.4278760969e+01 0.0000000000e+00 -7.6604444312e+01 2212 0.0000000000e+00 1.0000000000e+00
1573 4.3402333752e+03 0.0000000000e+00 7.2275444474e+02 6.4278760969e+01 0.0000000000e+00 -7.6604444312e+01 2212 0.0000000000e+00 1.0000000000e+00
1574 4.3429291252e+03 0.0000000000e+00 7.0637550364e+02 6.4278760969e+01 0.0000000000e+00 -7.6604444312e+01 2212 0.0000000000e+00 1.0000000000e+00
1575 4.3369040372e+03 0.0000000000e+00 7.4247094954e+02 6.4278760969e+01 0.0000000000e+00 -7.6604444312e+01 2212 0.0000000000e+00 1.0000000000e+00
1576 4.3388049629e+03 0.0000000000e+00 7.3128054325e+02 6.4278760969e+01 0.0000000000e+00 -7.6604444312e+01 2212 0.0000000000e+00 1.0000000000e+00
1577 4.3302484163e+03 0.0000000000e+00 7.8035145392e+02 6.4278760969e+01 0.0000000000e+00 -7.6604444312e+01 2212 0.0000000000e+00 1.0000000000e+00
1578 4.3260042833e+03 0.0000000000e+00 8.0354631488e+02 6.4278760969e+01 0.0000000000e+00 -7.6604444312e+01 2212 0.0000000000e+00 1.0000000000e+00
1579 4.3264168579e+03 0.0000000000e+00 8.0132197671e+02 6.4278760969e+01 0.0000000000e+00 -7.6604444312e+01 2212 0.0000000000e+00 1.0000000000e+00
1580 4.3440188881e+03 0.0000000000e+00 6.9964250755e+02 6.4278760969e+01 0.0000000000e+00 -7.6604444312e+01 2212 0.0000000000e+00 1.0000000000e+00
1581 4.3228991748e+03 0.0000000000e+00 8.2008686351e+02 6.4278760969e+01 0.0000000000e+00 -7.6604444312e+01 2212 0.0000000000e+00 1.0000000000e+00
1582 4.3450962598e+03 0.0000000000e+00 6.9292007627e+02 6.4278760969e+01 0.0000000000e+00 -7.6604444312e+01 2212 0.0000000000e+00 1.0000000000e+00
1583 4.3353092419e+03 0.0000000000e+00 7.5172702211e+02 6.4278760969e+01 0.0000000000e+00 -7.6604444312e+01 2212 0.0000000000e+00 1.0000000000e+00
1584 4.3352245910e+03 0.0000000000e+00 7.5221505207e+02 6.4278760969e+01 0.0000000000e+00 -7.6604444312e+01 2212 0.0000000000e+00 1.0000000000e+00
1585 4.3224964865e+03 0.0000000000e+00 8.2220670315e+02 6.4278760969e+01 0.0000000000e+00 -7.6604444312e+01 2212 0.0000000000e+00 1.0000000000e+00
1586 4.3268531809e+03 0.0000000000e+00 7.9896263335e+02 6.4278760969e+01 0.0000000000e+00 -7.6604444312e+01 2212 0.0000000000e+00 1.0000000000e+00
1587 4.3427797030e+03 0.0000000000e+00 7.0729356723e+02 6.4278760969e+01 0.0000000000e+00 -7.6604444312e+01 2212 0.0000000000e+00 1.0000000000e+00
1588 4.3277396554e+03 0.0000000000e+00 7.9414684633e+02 6.4278760969e+01 0.0000000000e+00 -7.6604444312e+01 2212 0.0000000000e+00 1.0000000000e+00
1589 4.3239896923e+03 0.0000000000e+00 8.1431743203e+02 6.4278760969e+01 0.0000000000e+00 -7.6604444312e+01 2212 0.0000000000e+00 1.0000000000e+00
1590 4.3364552726e+03 0.0000000000e+00 7.4508751649e+02 6.4278760969e+01 0.0000000000e+00 -7.6604444312e+01 2212 0.0000000000e+00 1.0000000000e+00
1591 4.3212793692e+03 0.0000000000e+00 8.2857971964e+02 6.4278760969e+01 0.0000000000e+00 -7.6604444312e+01 2212 0.0000000000e+00 1.0000000000e+00
1592 4.3404107947e+03 0.0000000000e+00 7.2168820983e+02 6.4278760969e+01 0.0000000000e+00 -7.6604444312e+01 2212 0.0000000000e+00 1.0000000000e+00
1593 4.3264509515e+03 0.0000000000e+00 8.0113788021e+02 6.4278760969e+01 0.0000000000e+00 -7.6604444312e+01 2212 0.0000000000e+00 1.0000000000e+00
1594 4.3310334461e+03 0.0000000000e+00 7.7598262051e+02 6.4278760969e+01 0.0000000000e+00 -7.6604444312e+01 2212 0.0000000000e+00 1.0000000000e+00
1595 4.3329952175e+03 0.0000000000e+00 7.6495240621e+02 6.4278760969e+01 0.0000000000e+00 -7.6604444312e+01 2212 0.0000000000e+00 1.0000000000e+00
1596 4.3372757280e+03 0.0000000000e+00 7.4029656119e+02 6.4278760969e+01 0.0000000000e+00 -7.6604444312e+01 2212 0.0000000000e+00 1.0000000000e+00
1597 4.3206227498e+03 0.0000000000e+00 8.3199687054e+02 6.4278760969e+01 0.0000000000e+00 -7.6604444312e+01 2212 0.0000000000e+00 1.0000000000e+00
1598 4.3311015947e+03 0.0000000000e+00 7.7560216276e+02 6.4278760969e+01 0.0000000000e+00 -7.6604444312e+01 2212 0.0000000000e+00 1.0000000000e+00
1599 4.3236354961e+03 0.0000000000e+00 8.1619595426e+02 6.4278760969e+01 0.0000000000e+00 -7.6604444312e+01 2212 0.0000000000e+00 1.0000000000e+00
1600 4.3291415256e+03 0.0000000000e+00 7.8646893775e+02 6.4278760969e+01 0.0000000000e+00 -7.6604444312e+01 2212 0.0000000000e+00 1.0000000000e+00
1601 4.3454332470e+03 0.0000000000e+00 6.9080361523e+02 6.4278760969e+01 0.0000000000e+00 -7.6604444312e+01 2212 0.0000000000e+00 1.0000000000e+00
1602 4.3364369633e+03 0.0000000000e+00 7.4519406999e+02 6.4278760969e+01 0.0000000000e+00 -7.6604444312e+01 2212 0.0000000000e+00 1.0000000000e+00
1603 4.3255088552e+03 0.0000000000e+00 8.0620895701e+02 6.4278760969e+01 0.0000000000e+00 -7.6604444312e+01 2212 0.0000000000e+00 1.0000000000e+00
1604 4.3412055688e+03 0.0000000000e+00 7.1689186668e+02 6.4278760969e+01 0.0000000000e+00 -7.6604444312e+01 2212 0.0000000000e+00 1.0000000000e+00
1605 4.3364849524e+03 0.0000000000e+00 7.4491475798e+02 6.4278760969e+01 0.0000000000e+00 -7.6604444312e+01 2212 0.0000000000e+00 1.0000000000e+00
1606 4.3329864391e+03 0.0000000000e+00 7.6500212886e+02 6.4278760969e+01 0.0000000000e+00 -7.6604444312e+01 2212 0.0000000000e+00 1.0000000000e+00
1607 4.3440703519e+03 0.0000000000e+00 6.9932289848e+02 6.4278760969e+01 0.0000000000e+00 -7.6604444312e+01 2212 0.0000000000e+00 1.0000000000e+00
1608 4.3207097856e+03 0.0000000000e+00 8.3154475998e+02 6.4278760969e+01 0.0000000000e+00 -7.6604444312e+01 2212 0.0000000000e+00 1.0000000000e+00
1609 4.3194735036e+03 0.0000000000e+00 8.3794295201e+02 6.4278760969e+01 0.0000000000e+00 -7.6604444312e+01 2212 0.0000000000e+00 1.0000000000e+00
1610 4.3327035179e+03 0.0000000000e+00 7.6660287294e+02 6.4278760969e+01 0.0000000000e+00 -7.6604444312e+01 2212 0.0000000000e+00 1.0000000000e+00
1611 4.3365838554e+03 0.0000000000e+00 7.4433876969e+02 6.4278760969e+01 0.0000000000e+00 -7.6604444312e+01 2212 0.0000000000e+00 1.0000000000e+00
1612 4.3332776211e+03 0.0000000000e+00 7.6335103162e+02 6.4278760969e+01 0.0000000000e+00 -7.6604444312e+01 2212 0.0000000000e+00 1.0000000000e+00
1613 4.3215504315e+03 0.0000000000e+00 8.2716480009e+02 6.4278760969e+01 0.0000000000e+00 -7.6604444312e+01 2212 0.0000000000e+00 1.0000000000e+00
1614 4.3314611501e+03 0.0000000000e+00 7.7359165200e+02 6.4278760969e+01 0.0000000000e+00 -7.6604444312e+01 2212 0.0000000000e+00 1.0000000000e+00
1615 4.3329841992e+03 0.0000000000e+00 7.6501481565e+02 6.4278760969e+01 0.0000000000e+00 -7.6604444312e+01 2212 0.0000000000e+00 1.0000000000e+00
1616 4.3298067974e+03 0.0000000000e+00 7.8279808127e+02 6.4278760969e+01 0.0000000000e+00 -7.6604444312e+01 2212 0.0000000000e+00 1.0000000000e+00
1617 4.3437513244e+03 0.0000000000e+00 7.0130176847e+02 6.4278760969e+01 0.0000000000e+00 -7.6604444312e+01 2212 0.0000000000e+00 1.0000000000e+00
1618 4.3403612566e+03 0.0000000000e+00 7.2198608095e+02 6.4278760969e+01 0.0000000000e+00 -7.6604444312e+01 2212 0.0000000000e+00 1.0000000000e+00
1619 4.3443766263e+03 0.0000000000e+00 6.9741771386e+02 6.4278760969e+01 0.0000000000e+00 -7.6604444312e+01 2212 0.0000000000e+00 1.0000000000e+00
1620 4.3220661103e+03 0.0000000000e+00 8.2446605552e+02 6.4278760969e+01 0.0000000000e+00 -7.6604444312e+01 2212 0.0000000000e+00 1.0000000000e+00
1621 4.3449775040e+03 0.0000000000e+00 6.9366434844e+02 6.4278760969e+01 0.0000000000e+00 -7.6604444312e+01 2212 0.0000000000e+00 1.0000000000e+00
1622 4.3196418123e+03 0.0000000000e+00 8.3707487878e+02 6.4278760969e+01 0.0000000000e+00 -7.6604444312e+01 2212 0.0000000000e+00 1.0000000000e+00
1623 4.3255475166e+03 0.0000000000e+00 8.0600150173e+02 6.4278760969e+01 0.0000000000e+00 -7.6604444312e+01 2212 0.0000000000e+00 1.0000000000e+00
1624 4.3404745612e+03 0.0000000000e+00 7.2130459737e+02 6.4278760969e+01 0.0000000000e+00 -7.6604444312e+01 2212 0.0000000000e+00 1.0000000000e+00
1625 4.3378996900e+03 0.0000000000e+00 7.3663153521e+02 6.4278760969e+01 0.0000000000e+00 -7.6604444312e+01 2212 0.0000000000e+00 1.0000000000e+00
1626 4.3422434973e+03 0.0000000000e+00 7.1057803848e+02 6.4278760969e+01 0.0000000000e+00 -7.6604444312e+01 2212 0.0000000000e+00 1.0000000000e+00
1627 4.3354349419e+03 0.0000000000e+00 7.5100173309e+02 6.4278760969e+01 0.0000000000e+00 -7.6604444312e+01 2212 0.0000000000e+00 1.0000000000e+00
1628 4.3255836702e+03 0.0000000000e+00 8.0580745303e+02 6.4278760969e+01 0.0000000000e+00 -7.6604444312e+01 2212 0.0000000000e+00 1.0000000000e+00
1629 4.3261673748e+03 0.0000000000e+00 8.0266779192e+02 6.4278760969e+01 0.0000000000e+00 -7.6604444312e+01 2212 0.0000000000e+00 1.0000000000e+00
1630 4.3364966272e+03 0.0000000000e+00 7.4484679027e+02 6.4278760969e+01 0.0000000000e+00 -7.6604444312e+01 2212 0.0000000000e+00 1.0000000000e+00
1631 4.3392674207e+03 0.0000000000e+00 7.2853139311e+02 6.4278760969e+01 0.0000000000e+00 -7.6604444312e+01 2212 0.0000000000e+00 1.0000000000e+00
1632 4.3210438090e+03 0.0000000000e+00 8.2980729040e+02 6.4278760969e+01 0.0000000000e+00 -7.6604444312e+01 2212 0.0000000000e+00 1.0000000000e+00
1633 4.3321578096e+03 0.0000000000e+00 7.6968074661e+02 6.4278760969e+01 0.0000000000e+00 -7.6604444312e+01 2212 0.0000000000e+00 1.0000000000e+00
1634 4.3260111409e+03 0.0000000000e+00 8.0350939502e+02 6.4278760969e+01 0.0000000000e+00 -7.6604444312e+01 2212 0.0000000000e+00 1.0000000000e+00
1635 4.3261235358e+03 0.0000000000e+00 8.0290403629e+02 6.4278760969e+01 0.0000000000e+00 -7.6604444312e+01 2212 0.0000000000e+00 1.0000000000e+00
1636 4.3320769415e+03 0.0000000000e+00 7.7013577463e+02 6.4278760969e+01 0.0000000000e+00 -7.6604444312e+01 2212 0.0000000000e+00 1.0000000000e+00
1637 4.3276990134e+03 0.0000000000e+00 7.9436829536e+02 6.4278760969e+01 0.0000000000e+00 -7.6604444312e+01 2212 0.0000000000e+00 1.0000000000e+00
1638 4.3374230107e+03 0.0000000000e+00 7.3943313788e+02 6.4278760969e+01 0.0000000000e+00 -7.6604444312e+01 2212 0.0000000000e+00 1.0000000000e+00
1639 4.3427944551e+03 0.0000000000e+00 7.0720298350e+02 6.4278760969e+01 0.0000000000e+00 -7.6604444312e+01 2212 0.0000000000e+00 1.0000000000e+00
1640 4.3254148035e+03 0.0000000000e+00 8.0671340447e+02 6.4278760969e+01 0.0000000000e+00 -7.6604444312e+01 2212 0.0000000000e+00 1.0000000000e+00
1641 4.3422541116e+03 0.0000000000e+00 7.1051317300e+02 6.4278760969e+01 0.0000000000e+00 -7.6604444312e+01 2212 0.0000000000e+00 1.0000000000e+00
1642 4.3323501732e+03 0.0000000000e+00 7.6859723888e+02 6.4278760969e+01 0.0000000000e+00 -7.6604444312e+01 2212 0.0000000000e+00 1.0000000000e+00
1643 4.3417925695e+03 0.0000000000e+00 7.1332813085e+02 6.4278760969e+01 0.0000000000e+00 -7.6604444312e+01 2212 0.0000000000e+00 1.0000000000e+00
1644 4.3453058276e+03 0.0000000000e+00 6.9160465842e+02 6.4278760969e+01 0.0000000000e+00 -7.6604444312e+01 2212 0.0000000000e+00 1.0000000000e+00
1645 4.3269820031e+03 0.0000000000e+00 7.9826467025e+02 6.4278760969e+01 0.0000000000e+00 -7.6604444312e+01 2212 0.0000000000e+00 1.0000000000e+00
1646 4.3335017832e+03 0.0000000000e+00 7.6207744588e+02 6.4278760969e+01 0.0000000000e+00 -7.6604444312e+01 2212 0.0000000000e+00 1.0000000000e+00
1647 4.3238609830e+03 0.0000000000e+00 8.1500057557e+02 6.4278760969e+01 0.0000000000e+00 -7.6604444312e+01 2212 0.0000000000e+00 1.0000000000e+00
1648 4.3323551180e+03 0.0000000000e+00 7.6856936588e+02 6.4278760969e+01 0.0000000000e+00 -7.6604444312e+01 2212 0.0000000000e+00 1.0000000000e+00
1649 4.3417289218e+03 0.0000000000e+00 7.1371542547e+02 6.4278760969e+01 0.0000000000e+00 -7.6604444312e+01 2212 0.0000000000e+00 1.0000000000e+00
1650 4.3375122455e+03 0.0000000000e+00 7.3890950670e+02 6.4278760969e+01 0.0000000000e+00 -7.6604444312e+01 2212 0.0000000000e+00 1.0000000000e+00
1651 4.3202015452e+03 0.0000000000e+00 8.3418124398e+02 6.4278760969e+01 0.0000000000e+00 -7.6604444312e+01 2212 0.0000000000e+00 1.0000000000e+00
1652 4.3337188546e+03 0.0000000000e+00 7.6084205184e+02 6.4278760969e+01 0.0000000000e+00 -7.6604444312e+01 2212 0.0000000000e+00 1.0000000000e+00
1653 4.3308850007e+03 0.0000000000e+00 7.7681069071e+02 6.4278760969e+01 0.0000000000e+00 -7.6604444312e+01 2212 0.0000000000e+00 1.0000000000e+00
1654 4.3265248826e+03 0.0000000000e+00 8.0073852120e+02 6.4278760969e+01 0.0000000000e+00 -7.6604444312e+01 2212 0.0000000000e+00 1.0000000000e+00
1655 4.3237681100e+03 0.0000000000e+00 8.1549314522e+02 6.4278760969e+01 0.0000000000e+00 -7.6604444312e+01 2212 0.0000000000e+00 1.0000000000e+00
1656 4.3415221906e+03 0.0000000000e+00 7.1497189254e+02 6.4278760969e+01 0.0000000000e+00 -7.6604444312e+01 2212 0.0000000000e+00 1.0000000000e+00
1657 4.3419146458e+03 0.0000000000e+00 7.1258469519e+02 6.4278760969e+01 0.0000000000e+00 -7.6604444312e+01 2212 0.0000000000e+00 1.0000000000e+00
1658 4.3228901197e+03 0.0000000000e+00 8.2013459375e+02 6.4278760969e+01 0.0000000000e+00 -7.6604444312e+01 2212 0.0000000000e+00 1.0000000000e+00
1659 4.3391195584e+03 0.0000000000e+00 7.2941154139e+02 6.4278760969e+01 0.0000000000e+00 -7.6604444312e+01 2212 0.0000000000e+00 1.0000000000e+00
1660 4.3241207636e+03 0.0000000000e+00 8.1362114087e+02 6.4278760969e+01 0.0000000000e+00 -7.6604444312e+01 2212 0.0000000000e+00 1.0000000000e+00
1661 4.3384178626e+03 0.0000000000e+00 7.3357357371e+02 6.4278760969e+01 0.0000000000e+00 -7.6604444312e+01 2212 0.0000000000e+00 1.0000000000e+00
1662 4.3242050379e+03 0.0000000000e+00 8.1317312355e+02 6.4278760969e+01 0.0000000000e+00 -7.6604444312e+01 2212 0.0000000000e+00 1.0000000000e+00
1663 4.3241578195e+03 0.0000000000e+00 8.1342417639e+02 6.4278760969e+01 0.0000000000e+00 -7.6604444312e+01 2212 0.0000000000e+00 1.0000000000e+00
1664 4.3299685999e+03 0.0000000000e+00 7.8190259182e+02 6.4278760969e+01 0.0000000000e+00 -7.6604444312e+01 2212 0.0000000000e+00 1.0000000000e+00
1665 4.3379540850e+03 0.0000000000e+00 7.3631114054e+02 6.4278760969e+01 0.0000000000e+00 -7.6604444312e+01 2212 0.0000000000e+00 1.0000000000e+00
1666 4.3221097206e+03 0.0000000000e+00 8.2423740620e+02 6.4278760969e+01 0.0000000000e+00 -7.6604444312e+01 2212 0.0000000000e+00 1.0000000000e+00
1667 4.3256418203e+03 0.0000000000e+00 8.0549523970e+02 6.4278760969e+01 0.0000000000e+00 -7.6604444312e+01 2212 0.0000000000e+00 1.0000000000e+00
1668 4.3301828567e+03 0.0000000000e+00 7.8071516335e+02 6.4278760969e+01 0.0000000000e+00 -7.6604444312e+01 2212 0.0000000000e+00 1.0000000000e+00
1669 4.3241364147e+03 0.0000000000e+00 8.1353795596e+02 6.4278760969e+01 0.0000000000e+00 -7.6604444312e+01 2212 0.0000000000e+00 1.0000000000e+00
1670 4.3411659258e+03 0.0000000000e+00 7.1713188741e+02 6.4278760969e+01 0.0000000000e+00 -7.6604444312e+01 2212 0.0000000000e+00 1.0000000000e+00
1671 4.3449964721e+03 0.0000000000e+00 6.9354552603e+02 6.4278760969e+01 0.0000000000e+00 -7.6604444312e+01 2212 0.0000000000e+00 1.0000000000e+00
1672 4.3291971326e+03 0.0000000000e+00 7.8616278585e+02 6.4278760969e+01 0.0000000000e+00 -7.6604444312e+01 2212 0.0000000000e+00 1.0000000000e+00
1673 4.3243418081e+03 0.0000000000e+00 8.1244548478e+02 6.4278760969e+01 0.0000000000e+00 -7.6604444312e+01 2212 0.0000000000e+00 1.0000000000e+00
1674 4.3428214496e+03 0.0000000000e+00 7.0703719570e+02 6.4278760969e+01 0.0000000000e+00 -7.6604444312e+01 2212 0.0000000000e+00 1.0000000000e+00
1675 4.3209999918e+03 0.0000000000e+00 8.3003542675e+02 6.4278760969e+01 0.0000000000e+00 -7.6604444312e+01 2212 0.0000000000e+00 1.0000000000e+00
1676 4.3448350645e+03 0.0000000000e+00 6.9455597409e+02 6.4278760969e+01 0.0000000000e+00 -7.6604444312e+01 2212 0.0000000000e+00 1.0000000000e+00
1677 4.3316706287e+03 0.0000000000e+00 7.7241782978e+02 6.4278760969e+01 0.0000000000e+00 -7.6604444312e+01 2212 0.0000000000e+00 1.0000000000e+00
1678 4.3418850200e+03 0.0000000000e+00 7.1276518696e+02 6.4278760969e+01 0.0000000000e+00 -7.6604444312e+01 2212 0.0000000000e+00 1.0000000000e+00
1679 4.3262764096e+03 0.0000000000e+00 8.0207990030e+02 6.4278760969e+01 0.0000000000e+00 -7.6604444312e+01 2212 0.0000000000e+00 1.0000000000e+00
1680 4.3224962796e+03 0.0000000000e+00 8.2220779117e+02 6.4278760969e+01 0.0000000000e+00 -7.6604444312e+01 2212 0.0000000000e+00 1.0000000000e+00
1681 4.3444780872e+03 0.0000000000e+00 6.9678539618e+02 6.4278760969e+01 0.0000000000e+00 -7.6604444312e+01 2212 0.0000000000e+00 1.0000000000e+00
1682 4.3348083466e+03 0.0000000000e+00 7.5461005646e+02 6.4278760969e+01 0.0000000000e+00 -7.6604444312e+01 2212 0.0000000000e+00 1.0000000000e+00
1683 4.3406965246e+03 0.0000000000e+00 7.1996765217e+02 6.4278760969e+01 0.0000000000e+00 -7.6604444312e+01 2212 0.0000000000e+00 1.0000000000e+00
1684 4.3223065301e+03 0.0000000000e+00 8.2320471264e+02 6.4278760969e+01 0.0000000000e+00 -7.6604444312e+01 2212 0.0000000000e+00 1.0000000000e+00
1685 4.3291589922e+03 0.0000000000e+00 7.8637278656e+02 6.4278760969e+01 0.0000000000e+00 -7.6604444312e+01 2212 0.0000000000e+00 1.0000000000e+00
1686 4.3428054213e+03 0.0000000000e+00 7.0713563851e+02 6.4278760969e+01 0.0000000000e+00 -7.6604444312e+01 2212 0.0000000000e+00 1.0000000000e+00
1687 4.3399323346e+03 0.0000000000e+00 7.2455991497e+02 6.4278760969e+01 0.0000000000e+00 -7.6604444312e+01 2212 0.0000000000e+00 1.0000000000e+00
1688 4.3290943523e+03 0.0000000000e+00 7.8672856028e+02 6.4278760969e+01 0.0000000000e+00 -7.6604444312e+01 2212 0.0000000000e+00 1.0000000000e+00
1689 4.3322785840e+03 0.0000000000e+00 7.6900065654e+02 6.4278760969e+01 0.0000000000e+00 -7.6604444312e+01 2212 0.0000000000e+00 1.0000000000e+00
1690 4.3433434149e+03 0.0000000000e+00 7.0382364235e+02 6.4278760969e+01 0.0000000000e+00 -7.6604444312e+01 2212 0.0000000000e+00 1.0000000000e+00
1691 4.3244955366e+03 0.0000000000e+00 8.1162681884e+02 6.4278760969e+01 0.0000000000e+00 -7.6604444312e+01 2212 0.0000000000e+00 1.0000000000e+00
1692 4.3227581530e+03 0.0000000000e+00 8.2082987882e+02 6.4278760969e+01 0.0000000000e+00 -7.6604444312e+01 2212 0.0000000000e+00 1.0000000000e+00
1693 4.3314085674e+03 0.0000000000e+00 7.7388601306e+02 6.4278760969e+01 0.0000000000e+00 -7.6604444312e+01 2212 0.0000000000e+00 1.0000000000e+00
1694 4.3367807325e+03 0.0000000000e+00 7.4319083491e+02 6.4278760969e+01 0.0000000000e+00 -7.6604444312e+01 2212 0.0000000000e+00 1.0000000000e+00
1695 4.3305059995e+03 0.0000000000e+00 7.7892074532e+02 6.4278760969e+01 0.0000000000e+00 -7.6604444312e+01 2212 0.0000000000e+00 1.0000000000e+00
1696 4.3427228677e+03 0.0000000000e+00 7.0764244759e+02 6.4278760969e+01 0.0000000000e+00 -7.6604444312e+01 2212 0.0000000000e+00 1.0000000000e+00
1697 4.3280602086e+03 0.0000000000e+00 7.9239798686e+02 6.4278760969e+01 0.0000000000e+00 -7.6604444312e+01 2212 0.0000000000e+00 1.0000000000e+00
1698 4.3191908026e+03 0.0000000000e+00 8.3939892153e+02 6.4278760969e+01 0.0000000000e+00 -7.6604444312e+01 2212 0.0000000000e+00 1.0000000000e+00
1699 4.3374421382e+03 0.0000000000e+00 7.3932092917e+02 6.4278760969e+01 0.0000000000e+00 -7.6604444312e+01 2212 0.0000000000e+00 1.0000000000e+00
1700 4.3278452449e+03 0.0000000000e+00 7.9357121601e+02 6.4278760969e+01 0.0000000000e+00 -7.6604444312e+01 2212 0.0000000000e+00 1.0000000000e+00
1701 4.3440635140e+03 0.0000000000e+00 6.9936537338e+02 6.4278760969e+01 0.0000000000e+00 -7.6604444312e+01 2212 0.0000000000e+00 1.0000000000e+00
1702 4.3200021319e+03 0.0000000000e+00 8.3521333739e+02 6.4278760969e+01 0.0000000000e+00 -7.6604444312e+01 2212 0.0000000000e+00 1.0000000000e+00
1703 4.3426969709e+03 0.0000000000e+00 7.0780135459e+02 6.4278760969e+01 0.0000000000e+00 -7.6604444312e+01 2212 0.0000000000e+00 1.0000000000e+00
1704 4.3344738627e+03 0.0000000000e+00 7.5652896313e+02 6.4278760969e+01 0.0000000000e+00 -7.6604444312e+01 2212 0.0000000000e+00 1.0000000000e+00
1705 4.3437236118e+03 0.0000000000e+00 7.0147339467e+02 6.4278760969e+01 0.0000000000e+00 -7.6604444312e+01 2212 0.0000000000e+00 1.0000000000e+00
1706 4.3242129702e+03 0.0000000000e+00 8.1313094083e+02 6.4278760969e+01 0.0000000000e+00 -7.6604444312e+01 2212 0.0000000000e+00 1.0000000000e+00
1707 4.3375815478e+03 0.0000000000e+00 7.3850257620e+02 6.4278760969e+01 0.0000000000e+00 -7.6604444312e+01 2212 0.0000000000e+00 1.0000000000e+00
1708 4.3355337056e+03 0.0000000000e+00 7.5043136000e+02 6.4278760969e+01 0.0000000000e+00 -7.6604444312e+01 2212 0.0000000000e+00 1.0000000000e+00
1709 4.3441657342e+03 0.0000000000e+00 6.9873014282e+02 6.4278760969e+01 0.0000000000e+00 -7.6604444312e+01 2212 0.0000000000e+00 1.0000000000e+00
1710 4.3193095746e+03 0.0000000000e+00 8.3878754040e+02 6.4278760969e+01 0.0000000000e+00 -7.6604444312e+01 2212 0.0000000000e+00 1.0000000000e+00
1711 4.3200827044e+03 0.0000000000e+00 8.3479648194e+02 6.4278760969e+01 0.0000000000e+00 -7.6604444312e+01 2212 0.0000000000e+00 1.0000000000e+00
1712 4.3272151582e+03 0.0000000000e+00 7.9699982010e+02 6.4278760969e+01 0.0000000000e+00 -7.6604444312e+01 2212 0.0000000000e+00 1.0000000000e+00
1713 4.3435312816e+03 0.0000000000e+00 7.0266332241e+02 6.4278760969e+01 0.0000000000e+00 -7.6604444312e+01 2212 0.0000000000e+00 1.0000000000e+00
1714 4.3399047360e+03 0.0000000000e+00 7.2472520373e+02 6.4278760969e+01 0.0000000000e+00 -7.6604444312e+01 2212 0.0000000000e+00 1.0000000000e+00
1715 4.3323158024e+03 0.0000000000e+00 7.6879095162e+02 6.4278760969e+01 0.0000000000e+00 -7.6604444312e+01 2212 0.0000000000e+00 1.0000000000e+00
1716 4.3427085364e+03 0.0000000000e+00 7.0773039138e+02 6.4278760969e+01 0.0000000000e+00 -7.6604444312e+01 2212 0.0000000000e+00 1.0000000000e+00
1717 4.3381336555e+03 0.0000000000e+00 7.3525242351e+02 6.4278760969e+01 0.0000000000e+00 -7.6604444312e+01 2212 0.0000000000e+00 1.0000000000e+00
1718 4.3332985931e+03 0.0000000000e+00 7.6323197150e+02 6.4278760969e+01 0.0000000000e+00 -7.6604444312e+01 2212 0.0000000000e+00 1.0000000000e+00
1719 4.3234672981e+03 0.0000000000e+00 8.1708644637e+02 6.4278760969e+01 0.0000000000e+00 -7.6604444312e+01 2212 0.0000000000e+00 1.0000000000e+00
1720 4.3327198495e+03 0.0000000000e+00 7.6651056394e+02 6.4278760969e+01 0.0000000000e+00 -7.6604444312e+01 2212 0.0000000000e+00 1.0000000000e+00
1721 4.3318110972e+03 0.0000000000e+00 7.7162967630e+02 6.4278760969e+01 0.0000000000e+00 -7.6604444312e+01 2212 0.0000000000e+00 1.0000000000e+00
1722 4.3205531855e+03 0.0000000000e+00 8.3235804219e+02 6.4278760969e+01 0.0000000000e+00 -7.6604444312e+01 2212 0.0000000000e+00 1.0000000000e+00
1723 4.3249476165e+03 0.0000000000e+00 8.0921434346e+02 6.4278760969e+01 0.0000000000e+00 -7.6604444312e+01 2212 0.0000000000e+00 1.0000000000e+00
1724 4.3396770200e+03 0.0000000000e+00 7.2608752970e+02 6.4278760969e+01 0.0000000000e+00 -7.6604444312e+01 2212 0.0000000000e+00 1.0000000000e+00
1725 4.3274836691e+03 0.0000000000e+00 7.9554059133e+02 6.4278760969e+01 0.0000000000e+00 -7.6604444312e+01 2212 0.0000000000e+00 1.0000000000e+00
1726 4.3417009083e+03 0.0000000000e+00 7.1388581835e+02 6.4278760969e+01 0.0000000000e+00 -7.6604444312e+01 2212 0.0000000000e+00 1.0000000000e+00
1727 4.3451302217e+03 0.0000000000e+00 6.9270707789e+02 6.4278760969e+01 0.0000000000e+00 -7.6604444312e+01 2212 0.0000000000e+00 1.0000000000e+00
1728 4.3425624120e+03 0.0000000000e+00 7.0862644346e+02 6.4278760969e+01 0.0000000000e+00 -7.6604444312e+01 2212 0.0000000000e+00 1.0000000000e+00
1729 4.3241371689e+03 0.0000000000e+00 8.1353394709e+02 6.4278760969e+01 0.0000000000e+00 -7.6604444312e+01 2212 0.0000000000e+00 1.0000000000e+00
1730 4.3415874125e+03 0.0000000000e+00 7.1457573327e+02 6.4278760969e+01 0.0000000000e+00 -7.6604444312e+01 2212 0.0000000000e+00 1.0000000000e+00
1731 4.3426251143e+03 0.0000000000e+00 7.0824208847e+02 6.4278760969e+01 0.0000000000e+00 -7.6604444312e+01 2212 0.0000000000e+00 1.0000000000e+00
1732 4.3331428882e+03 0.0000000000e+00 7.6411546842e+02 6.4278760969e+01 0.0000000000e+00 -7.6604444312e+01 2212 0.0000000000e+00 1.0000000000e+00
1733 4.3194405348e+03 0.0000000000e+00 8.3811288337e+02 6.4278760969e+01 0.0000000000e+00 -7.6604444312e+01 2212 0.0000000000e+00 1.0000000000e+00
1734 4.3194162745e+03 0.0000000000e+00 8.3823790584e+02 6.4278760969e+01 0.0000000000e+00 -7.6604444312e+01 2212 0.0000000000e+00 1.0000000000e+00
1735 4.3306548408e+03 0.0000000000e+00 7.7809278921e+02 6.4278760969e+01 0.0000000000e+00 -7.6604444312e+01 2212 0.0000000000e+00 1.0000000000e+00
1736 4.3288521044e+03 0.0000000000e+00 7.8806040179e+02 6.4278760969e+01 0.0000000000e+00 -7.6604444312e+01 2212 0.0000000000e+00 1.0000000000e+00
1737 4.3444673862e+03 0.0000000000e+00 6.9685211424e+02 6.4278760969e+01 0.0000000000e+00 -7.6604444312e+01 2212 0.0000000000e+00 1.0000000000e+00
1738 4.3394059791e+03 0.0000000000e+00 7.2770563257e+02 6.4278760969e+01 0.0000000000e+00 -7.6604444312e+01 2212 0.0000000000e+00 1.0000000000e+00
1739 4.3220742375e+03 0.0000000000e+00 8.2442344994e+02 6.4278760969e+01 0.0000000000e+00 -7.6604444312e+01 2212 0.0000000000e+00 1.0000000000e+00
1740 4.3436641424e+03 0.0000000000e+00 7.0184154662e+02 6.4278760969e+01 0.0000000000e+00 -7.6604444312e+01 2212 0.0000000000e+00 1.0000000000e+00
1741 4.3418397989e+03 0.0000000000e+00 7.1304060187e+02 6.4278760969e+01 0.0000000000e+00 -7.6604444312e+01 2212 0.0000000000e+00 1.0000000000e+00
1742 4.3275468284e+03 0.0000000000e+00 7.9519694874e+02 6.4278760969e+01 0.0000000000e+00 -7.6604444312e+01 2212 0.0000000000e+00 1.0000000000e+00
1743 4.3364451485e+03 0.0000000000e+00 7.4514643696e+02 6.4278760969e+01 0.0000000000e+00 -7.6604444312e+01 2212 0.0000000000e+00 1.0000000000e+00
1744 4.3245394839e+03 0.0000000000e+00 8.1139262459e+02 6.4278760969e+01 0.0000000000e+00 -7.6604444312e+01 2212 0.0000000000e+00 1.0000000000e+00
1745 4.3273890358e+03 0.0000000000e+00 7.9605519413e+02 6.4278760969e+01 0.0000000000e+00 -7.6604444312e+01 2212 0.0000000000e+00 1.0000000000e+00
1746 4.3430113097e+03 0.0000000000e+00 7.0587003223e+02 6.4278760969e+01 0.0000000000e+00 -7.6604444312e+01 2212 0.0000000000e+00 1.0000000000e+00
1747 4.3310888015e+03 0.0000000000e+00 7.7567359901e+02 6.4278760969e+01 0.0000000000e+00 -7.6604444312e+01 2212 0.0000000000e+00 1.0000000000e+00
1748 4.3300266477e+03 0.0000000000e+00 7.8158106993e+02 6.4278760969e+01 0.0000000000e+00 -7.6604444312e+01 2212 0.0000000000e+00 1.0000000000e+00
1749 4.3337382061e+03 0.0000000000e+00 7.6073181866e+02 6.4278760969e+01 0.0000000000e+00 -7.6604444312e+01 2212 0.0000000000e+00 1.0000000000e+00
1750 4.3362359355e+03 0.0000000000e+00 7.4636294843e+02 6.4278760969e+01 0.0000000000e+00 -7.6604444312e+01 2212 0.0000000000e+00 1.0000000000e+00
1751 4.3458253683e+03 0.0000000000e+00 6.8833248281e+02 6.4278760969e+01 0.0000000000e+00 -7.6604444312e+01 2212 0.0000000000e+00 1.0000000000e+00
1752 4.3357156357e+03 0.0000000000e+00 7.4937952006e+02 6.4278760969e+01 0.0000000000e+00 -7.6604444312e+01 2212 0.0000000000e+00 1.0000000000e+00
1753 4.3193816504e+03 0.0000000000e+00 8.3841630308e+02 6.4278760969e+01 0.0000000000e+00 -7.6604444312e+01 2212 0.0000000000e+00 1.0000000000e+00
1754 4.3283590378e+03 0.0000000000e+00 7.9076404762e+02 6.4278760969e+01 0.0000000000e+00 -7.6604444312e+01 2212 0.0000000000e+00 1.0000000000e+00
1755 4.3389854585e+03 0.0000000000e+00 7.3020882644e+02 6.4278760969e+01 0.0000000000e+00 -7.6604444312e+01 2212 0.0000000000e+00 1.0000000000e+00
1756 4.3368371380e+03 0.0000000000e+00 7.4286161393e+02 6.4278760969e+01 0.0000000000e+00 -7.6604444312e+01 2212 0.0000000000e+00 1.0000000000e+00
1757 4.3219058175e+03 0.0000000000e+00 8.2530590894e+02 6.4278760969e+01 0.0000000000e+00 -7.6604444312e+01 2212 0.0000000000e+00 1.0000000000e+00
1758 4.3317759965e+03 0.0000000000e+00 7.7182670019e+02 6.4278760969e+01 0.0000000000e+00 -7.6604444312e+01 2212 0.0000000000e+00 1.0000000000e+00
1759 4.3254787766e+03 0.0000000000e+00 8.0637031940e+02 6.4278760969e+01 0.0000000000e+00 -7.6604444312e+01 2212 0.0000000000e+00 1.0000000000e+00
1760 4.3383430814e+03 0.0000000000e+00 7.3401569924e+02 6.4278760969e+01 0.0000000000e+00 -7.6604444312e+01 2212 0.0000000000e+00 1.0000000000e+00
1761 4.3223300513e+03 0.0000000000e+00 8.2308120275e+02 6.4278760969e+01 0.0000000000e+00 -7.6604444312e+01 2212 0.0000000000e+00 1.0000000000e+00
1762 4.3238363203e+03 0.0000000000e+00 8.1513140893e+02 6.4278760969e+01 0.0000000000e+00 -7.6604444312e+01 2212 0.0000000000e+00 1.0000000000e+00
1763 4.3363912235e+03 0.0000000000e+00 7.4546019075e+02 6.4278760969e+01 0.0000000000e+00 -7.6604444312e+01 2212 0.0000000000e+00 1.0000000000e+00
1764 4.3247843034e+03 0.0000000000e+00 8.1008670408e+02 6.4278760969e+01 0.0000000000e+00 -7.6604444312e+01 2212 0.0000000000e+00 1.0000000000e+00
1765 4.3335359649e+03 0.0000000000e+00 7.6188304841e+02 6.4278760969e+01 0.0000000000e+00 -7.6604444312e+01 2212 0.0000000000e+00 1.0000000000e+00
1766 4.3326943573e+03 0.0000000000e+00 7.6665464532e+02 6.4278760969e+01 0.0000000000e+00 -7.6604444312e+01 2212 0.0000000000e+00 1.0000000000e+00
1767 4.3393727207e+03 0.0000000000e+00 7.2790392919e+02 6.4278760969e+01 0.0000000000e+00 -7.6604444312e+01 2212 0.0000000000e+00 1.0000000000e+00
1768 4.3331557551e+03 0.0000000000e+00 7.6404249924e+02 6.4278760969e+01 0.0000000000e+00 -7.6604444312e+01 2212 0.0000000000e+00 1.0000000000e+00
1769 4.3430966776e+03 0.0000000000e+00 7.0534458799e+02 6.4278760969e+01 0.0000000000e+00 -7.6604444312e+01 2212 0.0000000000e+00 1.0000000000e+00
1770 4.3401144341e+03 0.0000000000e+00 7.2346833919e+02 6.4278760969e+01 0.0000000000e+00 -7.6604444312e+01 2212 0.0000000000e+00 1.0000000000e+00
1771 4.3282260877e+03 0.0000000000e+00 7.9149142320e+02 6.4278760969e+01 0.0000000000e+00 -7.6604444312e+01 2212 0.0000000000e+00 1.0000000000e+00
1772 4.3247136510e+03 0.0000000000e+00 8.1046380284e+02 6.4278760969e+01 0.0000000000e+00 -7.6604444312e+01 2212 0.0000000000e+00 1.0000000000e+00
1773 4.3298026365e+03 0.0000000000e+00 7.8282109548e+02 6.4278760969e+01 0.0000000000e+00 -7.6604444312e+01 2212 0.0000000000e+00 1.0000000000e+00
1774 4.3456403632e+03 0.0000000000e+00 6.8949950904e+02 6.4278760969e+01 0.0000000000e+00 -7.6604444312e+01 2212 0.0000000000e+00 1.0000000000e+00
1775 4.3395349494e+03 0.0000000000e+00 7.2693614677e+02 6.4278760969e+01 0.0000000000e+00 -7.6604444312e+01 2212 0.0000000000e+00 1.0000000000e+00
1776 4.3284142048e+03 0.0000000000e+00 7.9046202375e+02 6.4278760969e+01 0.0000000000e+00 -7.6604444312e+01 2212 0.0000000000e+00 1.0000000000e+00
1777 4.3455363248e+03 0.0000000000e+00 6.9015490203e+02 6.4278760969e+01 0.0000000000e+00 -7.6604444312e+01 2212 0.0000000000e+00 1.0000000000e+00
1778 4.3420658099e+03 0.0000000000e+00 7.1166301108e+02 6.4278760969e+01 0.0000000000e+00 -7.6604444312e+01 2212 0.0000000000e+00 1.0000000000e+00
1779 4.3400286685e+03 0.0000000000e+00 7.2398266232e+02 6.4278760969e+01 0.0000000000e+00 -7.6604444312e+01 2212 0.0000000000e+00 1.0000000000e+00
1780 4.3413717075e+03 0.0000000000e+00 7.1588507191e+02 6.4278760969e+01 0.0000000000e+00 -7.6604444312e+01 2212 0.0000000000e+00 1.0000000000e+00
1781 4.3351024707e+03 0.0000000000e+00 7.5291852650e+02 6.4278760969e+01 0.0000000000e+00 -7.6604444312e+01 2212 0.0000000000e+00 1.0000000000e+00
1782 4.3435608041e+03 0.0000000000e+00 7.0248080379e+02 6.4278760969e+01 0.0000000000e+00 -7.6604444312e+01 2212 0.0000000000e+00 1.0000000000e+00
1783 4.3223046484e+03 0.0000000000e+00 8.2321459226e+02 6.4278760969e+01 0.0000000000e+00 -7.6604444312e+01 2212 0.0000000000e+00 1.0000000000e+00
1784 4.3393887829e+03 0.0000000000e+00 7.2780816831e+02 6.4278760969e+01 0.0000000000e+00 -7.6604444312e+01 2212 0.0000000000e+00 1.0000000000e+00
1785 4.3368019141e+03 0.0000000000e+00 7.4306722250e+02 6.4278760969e+01 0.0000000000e+00 -7.6604444312e+01 2212 0.0000000000e+00 1.0000000000e+00
1786 4.3281756379e+03 0.0000000000e+00 7.9176725537e+02 6.4278760969e+01 0.0000000000e+00 -7.6604444312e+01 2212 0.0000000000e+00 1.0000000000e+00
1787 4.3300575348e+03 0.0000000000e+00 7.8140993326e+02 6.4278760969e+01 0.0000000000e+00 -7.6604444312e+01 2212 0.0000000000e+00 1.0000000000e+00
1788 4.3199652017e+03 0.0000000000e+00 8.3540433047e+02 6.4278760969e+01 0.0000000000e+00 -7.6604444312e+01 2212 0.0000000000e+00 1.0000000000e+00
1789 4.3365530151e+03 0.0000000000e+00 7.4451842584e+02 6.4278760969e+01 0.0000000000e+00 -7.6604444312e+01 2212 0.0000000000e+00 1.0000000000e+00
1790 4.3348248608e+03 0.0000000000e+00 7.5451518561e+02 6.4278760969e+01 0.0000000000e+00 -7.6604444312e+01 2212 0.0000000000e+00 1.0000000000e+00
1791 4.3329962049e+03 0.0000000000e+00 7.6494681318e+02 6.4278760969e+01 0.0000000000e+00 -7.6604444312e+01 2212 0.0000000000e+00 1.0000000000e+00
1792 4.3447827156e+03 0.0000000000e+00 6.9488336671e+02 6.4278760969e+01 0.0000000000e+00 -7.6604444312e+01 2212 0.0000000000e+00 1.0000000000e+00
1793 4.3230851483e+03 0.0000000000e+00 8.1910593885e+02 6.4278760969e+01 0.0000000000e+00 -7.6604444312e+01 2212 0.0000000000e+00 1.0000000000e+00
1794 4.3236675215e+03 0.0000000000e+00 8.1602628757e+02 6.4278760969e+01 0.0000000000e+00 -7.6604444312e+01 2212 0.0000000000e+00 1.0000000000e+00
1795 4.3315984816e+03 0.0000000000e+00 7.7282231636e+02 6.4278760969e+01 0.0000000000e+00 -7.6604444312e+01 2212 0.0000000000e+00 1.0000000000e+00
1796 4.3398525295e+03 0.0000000000e+00 7.2503776525e+02 6.4278760969e+01 0.0000000000e+00 -7.6604444312e+01 2212 0.0000000000e+00 1.0000000000e+00
1797 4.3424549377e+03 0.0000000000e+00 7.0928474754e+02 6.4278760969e+01 0.0000000000e+00 -7.6604444312e+01 2212 0.0000000000e+00 1.0000000000e+00
1798 4.3203666819e+03 0.0000000000e+00 8.3332555042e+02 6.4278760969e+01 0.0000000000e+00 -7.6604444312e+01 2212 0.0000000000e+00 1.0000000000e+00
1799 4.3383782482e+03 0.0000000000e+00 7.3380781820e+02 6.4278760969e+01 0.0000000000e+00 -7.6604444312e+01 2212 0.0000000000e+00 1.0000000000e+00
1800 4.3247614124e+03 0.0000000000e+00 8.1020890202e+02 6.4278760969e+01 0.0000000000e+00 -7.6604444312e+01 2212 0.0000000000e+00 1.0000000000e+00
1801 4.3386526111e+03 0.0000000000e+00 7.3218389726e+02 6.4278760969e+01 0.0000000000e+00 -7.6604444312e+01 2212 0.0000000000e+00 1.0000000000e+00
1802 4.3336932445e+03 0.0000000000e+00 7.6098791176e+02 6.4278760969e+01 0.0000000000e+00 -7.6604444312e+01 2212 0.0000000000e+00 1.0000000000e+00
1803 4.3243011388e+03 0.0000000000e+00 8.1266192211e+02 6.4278760969e+01 0.0000000000e+00 -7.6604444312e+01 2212 0.0000000000e+00 1.0000000000e+00
1804 4.3322146391e+03 0.0000000000e+00 7.6936081227e+02 6.4278760969e+01 0.0000000000e+00 -7.6604444312e+01 2212 0.0000000000e+00 1.0000000000e+00
1805 4.3339043997e+03 0.0000000000e+00 7.5978443871e+02 6.4278760969e+01 0.0000000000e+00 -7.6604444312e+01 2212 0.0000000000e+00 1.0000000000e+00
1806 4.3406540401e+03 0.0000000000e+00 7.2022374530e+02 6.4278760969e+01 0.0000000000e+00 -7.6604444312e+01 2212 0.0000000000e+00 1.0000000000e+00
1807 4.3410756644e+03 0.0000000000e+00 7.1767807178e+02 6.4278760969e+01 0.0000000000e+00 -7.6604444312e+01 2212 0.0000000000e+00 1.0000000000e+00
1808 4.3228693151e+03 0.0000000000e+00 8.2024424602e+02 6.4278760969e+01 0.0000000000e+00 -7.6604444312e+01 2212 0.0000000000e+00 1.0000000000e+00
1809 4.3347022621e+03 0.0000000000e+00 7.5521919838e+02 6.4278760969e+01 0.0000000000e+00 -7.6604444312e+01 2212 0.0000000000e+00 1.0000000000e+00
1810 4.3432131356e+03 0.0000000000e+00 7.0462713349e+02 6.4278760969e+01 0.0000000000e+00 -7.6604444312e+01 2212 0.0000000000e+00 1.0000000000e+00
1811 4.3388196208e+03 0.0000000000e+00 7.3119357031e+02 6.4278760969e+01 0.0000000000e+00 -7.6604444312e+01 2212 0.0000000000e+00 1.0000000000e+00
1812 4.3242470470e+03 0.0000000000e+00 8.1294970053e+02 6.4278760969e+01 0.0000000000e+00 -7.6604444312e+01 2212 0.0000000000e+00 1.0000000000e+00
1813 4.3283652963e+03 0.0000000000e+00 7.9072978999e+02 6.4278760969e+01 0.0000000000e+00 -7.6604444312e+01 2212 0.0000000000e+00 1.0000000000e+00
1814 4.3314061299e+03 0.0000000000e+00 7.7389965525e+02 6.4278760969e+01 0.0000000000e+00 -7.6604444312e+01 2212 0.0000000000e+00 1.0000000000e+00
1815 4.3441716335e+03 0.0000000000e+00 6.9869346456e+02 6.4278760969e+01 0.0000000000e+00 -7.6604444312e+01 2212 0.0000000000e+00 1.0000000000e+00
1816 4.3234778352e+03 0.0000000000e+00 8.1703068934e+02 6.4278760969e+01 0.0000000000e+00 -7.6604444312e+01 2212 0.0000000000e+00 1.0000000000e+00
1817 4.3294798632e+03 0.0000000000e+00 7.8460426510e+02 6.4278760969e+01 0.0000000000e+00 -7.6604444312e+01 2212 0.0000000000e+00 1.0000000000e+00
1818 4.3380944178e+03 0.0000000000e+00 7.3548389583e+02 6.4278760969e+01 0.0000000000e+00 -7.6604444312e+01 2212 0.0000000000e+00 1.0000000000e+00
1819 4.3260835155e+03 0.0000000000e+00 8.0311963970e+02 6.4278760969e+01 0.0000000000e+00 -7.6604444312e+01 2212 0.0000000000e+00 1.0000000000e+00
1820 4.3412682444e+03 0.0000000000e+00 7.1651222562e+02 6.4278760969e+01 0.0000000000e+00 -7.6604444312e+01 2212 0.0000000000e+00 1.0000000000e+00
1821 4.3429225565e+03 0.0000000000e+00 7.0641588840e+02 6.4278760969e+01 0.0000000000e+00 -7.6604444312e+01 2212 0.0000000000e+00 1.0000000000e+00
1822 4.3247048672e+03 0.0000000000e+00 8.1051067279e+02 6.4278760969e+01 0.0000000000e+00 -7.6604444312e+01 2212 0.0000000000e+00 1.0000000000e+00
1823 4.3244463571e+03 0.0000000000e+00 8.1188881229e+02 6.4278760969e+01 0.0000000000e+00 -7.6604444312e+01 2212 0.0000000000e+00 1.0000000000e+00
1824 4.3352219646e+03 0.0000000000e+00 7.5223018838e+02 6.4278760969e+01 0.0000000000e+00 -7.6604444312e+01 2212 0.0000000000e+00 1.0000000000e+00
1825 4.3324534034e+03 0.0000000000e+00 7.6801513404e+02 6.4278760969e+01 0.0000000000e+00 -7.6604444312e+01 2212 0.0000000000e+00 1.0000000000e+00
1826 4.3389158560e+03 0.0000000000e+00 7.3062229205e+02 6.4278760969e+01 0.0000000000e+00 -7.6604444312e+01 2212 0.0000000000e+00 1.0000000000e+00
1827 4.3359940010e+03 0.0000000000e+00 7.4776718452e+02 6.4278760969e+01 0.0000000000e+00 -7.6604444312e+01 2212 0.0000000000e+00 1.0000000000e+00
1828 4.3324892239e+03 0.0000000000e+00 7.6781303981e+02 6.4278760969e+01 0.0000000000e+00 -7.6604444312e+01 2212 0.0000000000e+00 1.0000000000e+00
1829 4.3429742702e+03 0.0000000000e+00 7.0609788790e+02 6.4278760969e+01 0.0000000000e+00 -7.6604444312e+01 2212 0.0000000000e+00 1.0000000000e+00
1830 4.3266556927e+03 0.0000000000e+00 8.0003140932e+02 6.4278760969e+01 0.0000000000e+00 -7.6604444312e+01 2212 0.0000000000e+00 1.0000000000e+00
1831 4.3231747423e+03 0.0000000000e+00 8.1863293729e+02 6.4278760969e+01 0.0000000000e+00 -7.6604444312e+01 2212 0.0000000000e+00 1.0000000000e+00
1832 4.3392536409e+03 0.0000000000e+00 7.2861346350e+02 6.4278760969e+01 0.0000000000e+00 -7.6604444312e+01 2212 0.0000000000e+00 1.0000000000e+00
1833 4.3330798374e+03 0.0000000000e+00 7.6447293048e+02 6.4278760969e+01 0.0000000000e+00 -7.6604444312e+01 2212 0.0000000000e+00 1.0000000000e+00
1834 4.3290723572e+03 0.0000000000e+00 7.8684958223e+02 6.4278760969e+01 0.0000000000e+00 -7.6604444312e+01 2212 0.0000000000e+00 1.0000000000e+00
1835 4.3398037927e+03 0.0000000000e+00 7.2532942863e+02 6.4278760969e+01 0.0000000000e+00 -7.6604444312e+01 2212 0.0000000000e+00 1.0000000000e+00
1836 4.3376494760e+03 0.0000000000e+00 7.3810349026e+02 6.4278760969e+01 0.0000000000e+00 -7.6604444312e+01 2212 0.0000000000e+00 1.0000000000e+00
1837 4.3375621451e+03 0.0000000000e+00 7.3861652834e+02 6.4278760969e+01 0.0000000000e+00 -7.6604444312e+01 2212 0.0000000000e+00 1.0000000000e+00
1838 4.3207651491e+03 0.0000000000e+00 8.3125703937e+02 6.4278760969e+01 0.0000000000e+00 -7.6604444312e+01 2212 0.0000000000e+00 1.0000000000e+00
1839 4.3250848710e+03 0.0000000000e+00 8.0848042507e+02 6.4278760969e+01 0.0000000000e+00 -7.6604444312e+01 2212 0.0000000000e+00 1.0000000000e+00
1840 4.3433269629e+03 0.0000000000e+00 7.0392516090e+02 6.4278760969e+01 0.0000000000e+00 -7.6604444312e+01 2212 0.0000000000e+00 1.0000000000e+00
1841 4.3431536032e+03 0.0000000000e+00 7.0499398435e+02 6.4278760969e+01 0.0000000000e+00 -7.6604444312e+01 2212 0.0000000000e+00 1.0000000000e+00
1842 4.3337301331e+03 0.0000000000e+00 7.6077780729e+02 6.4278760969e+01 0.0000000000e+00 -7.6604444312e+01 2212 0.0000000000e+00 1.0000000000e+00
1843 4.3254777391e+03 0.0000000000e+00 8.0637588454e+02 6.4278760969e+01 0.0000000000e+00 -7.6604444312e+01 2212 0.0000000000e+00 1.0000000000e+00
1844 4.3270258644e+03 0.0000000000e+00 7.9802688419e+02 6.4278760969e+01 0.0000000000e+00 -7.6604444312e+01 2212 0.0000000000e+00 1.0000000000e+00
1845 4.3337833224e+03 0.0000000000e+00 7.6047475503e+02 6.4278760969e+01 0.0000000000e+00 -7.6604444312e+01 2212 0.0000000000e+00 1.0000000000e+00
1846 4.3420036949e+03 0.0000000000e+00 7.1204188951e+02 6.4278760969e+01 0.0000000000e+00 -7.6604444312e+01 2212 0.0000000000e+00 1.0000000000e+00
1847 4.3225187270e+03 0.0000000000e+00 8.2208977213e+02 6.4278760969e+01 0.0000000000e+00 -7.6604444312e+01 2212 0.0000000000e+00 1.0000000000e+00
1848 4.3316110924e+03 0.0000000000e+00 7.7275163106e+02 6.4278760969e+01 0.0000000000e+00 -7.6604444312e+01 2212 0.0000000000e+00 1.0000000000e+00
1849 4.3244572630e+03 0.0000000000e+00 8.1183072101e+02 6.4278760969e+01 0.0000000000e+00 -7.6604444312e+01 2212 0.0000000000e+00 1.0000000000e+00
1850 4.3375924063e+03 0.0000000000e+00 7.3843879610e+02 6.4278760969e+01 0.0000000000e+00 -7.6604444312e+01 2212 0.0000000000e+00 1.0000000000e+00
1851 4.3307972703e+03 0.0000000000e+00 7.7729964790e+02 6.4278760969e+01 0.0000000000e+00 -7.6604444312e+01 2212 0.0000000000e+00 1.0000000000e+00
1852 4.3456518512e+03 0.0000000000e+00 6.8942710053e+02 6.4278760969e+01 0.0000000000e+00 -7.6604444312e+01 2212 0.0000000000e+00 1.0000000000e+00
1853 4.3332408797e+03 0.0000000000e+00 7.6355957003e+02 6.4278760969e+01 0.0000000000e+00 -7.6604444312e+01 2212 0.0000000000e+00 1.0000000000e+00
1854 4.3422313514e+03 0.0000000000e+00 7.1065225655e+02 6.4278760969e+01 0.0000000000e+00 -7.6604444312e+01 2212 0.0000000000e+00 1.0000000000e+00
1855 4.3267750011e+03 0.0000000000e+00 7.9938590752e+02 6.4278760969e+01 0.0000000000e+00 -7.6604444312e+01 2212 0.0000000000e+00 1.0000000000e+00
1856 4.3442203659e+03 0.0000000000e+00 6.9839040030e+02 6.4278760969e+01 0.0000000000e+00 -7.6604444312e+01 2212 0.0000000000e+00 1.0000000000e+00
1857 4.3208212334e+03 0.0000000000e+00 8.3096546717e+02 6.4278760969e+01 0.0000000000e+00 -7.6604444312e+01 2212 0.0000000000e+00 1.0000000000e+00
1858 4.3424657548e+03 0.0000000000e+00 7.0921851841e+02 6.4278760969e+01 0.0000000000e+00 -7.6604444312e+01 2212 0.0000000000e+00 1.0000000000e+00
1859 4.3456556684e+03 0.0000000000e+00 6.8940303903e+02 6.4278760969e+01 0.0000000000e+00 -7.6604444312e+01 2212 0.0000000000e+00 1.0000000000e+00
1860 4.3211127071e+03 0.0000000000e+00 8.2944843789e+02 6.4278760969e+01 0.0000000000e+00 -7.6604444312e+01 2212 0.0000000000e+00 1.0000000000e+00
1861 4.3320688177e+03 0.0000000000e+00 7.7018147045e+02 6.4278760969e+01 0.0000000000e+00 -7.6604444312e+01 2212 0.0000000000e+00 1.0000000000e+00
1862 4.3274873305e+03 0.0000000000e+00 7.9552067424e+02 6.4278760969e+01 0.0000000000e+00 -7.6604444312e+01 2212 0.0000000000e+00 1.0000000000e+00
1863 4.3329315526e+03 0.0000000000e+00 7.6531294226e+02 6.4278760969e+01 0.0000000000e+00 -7.6604444312e+01 2212 0.0000000000e+00 1.0000000000e+00
1864 4.3248117602e+03 0.0000000000e+00 8.0994010770e+02 6.4278760969e+01 0.0000000000e+00 -7.6604444312e+01 2212 0.0000000000e+00 1.0000000000e+00
1865 4.3339359550e+03 0.0000000000e+00 7.5960442113e+02 6.4278760969e+01 0.0000000000e+00 -7.6604444312e+01 2212 0.0000000000e+00 1.0000000000e+00
1866 4.3307597964e+03 0.0000000000e+00 7.7750840806e+02 6.4278760969e+01 0.0000000000e+00 -7.6604444312e+01 2212 0.0000000000e+00 1.0000000000e+00
1867 4.3371459932e+03 0.0000000000e+00 7.4105625460e+02 6.4278760969e+01 0.0000000000e+00 -7.6604444312e+01 2212 0.0000000000e+00 1.0000000000e+00
1868 4.3309814190e+03 0.0000000000e+00 7.7627294622e+02 6.4278760969e+01 0.0000000000e+00 -7.6604444312e+01 2212 0.0000000000e+00 1.0000000000e+00
1869 4.3231587693e+03 0.0000000000e+00 8.1871728605e+02 6.4278760969e+01 0.0000000000e+00 -7.6604444312e+01 2212 0.0000000000e+00 1.0000000000e+00
1870 4.3448213696e+03 0.0000000000e+00 6.9464163785e+02 6.4278760969e+01 0.0000000000e+00 -7.6604444312e+01 2212 0.0000000000e+00 1.0000000000e+00
1871 4.3439452374e+03 0.0000000000e+00 7.0009964503e+02 6.4278760969e+01 0.0000000000e+00 -7.6604444312e+01 2212 0.0000000000e+00 1.0000000000e+00
1872 4.3439893607e+03 0.0000000000e+00 6.9982581648e+02 6.4278760969e+01 0.0000000000e+00 -7.6604444312e+01 2212 0.0000000000e+00 1.0000000000e+00
1873 4.3412094053e+03 0.0000000000e+00 7.1686863397e+02 6.4278760969e+01 0.0000000000e+00 -7.6604444312e+01 2212 0.0000000000e+00 1.0000000000e+00
1874 4.3454355865e+03 0.0000000000e+00 6.9078889885e+02 6.4278760969e+01 0.0000000000e+00 -7.6604444312e+01 2212 0.0000000000e+00 1.0000000000e+00
1875 4.3227977986e+03 0.0000000000e+00 8.2062106463e+02 6.4278760969e+01 0.0000000000e+00 -7.6604444312e+01 2212 0.0000000000e+00 1.0000000000e+00
1876 4.3299519986e+03 0.0000000000e+00 7.8199451940e+02 6.4278760969e+01 0.0000000000e+00 -7.6604444312e+01 2212 0.0000000000e+00 1.0000000000e+00
1877 4.3235047840e+03 0.0000000000e+00 8.1688807160e+02 6.4278760969e+01 0.0000000000e+00 -7.6604444312e+01 2212 0.0000000000e+00 1.0000000000e+00
1878 4.3449623953e+03 0.0000000000e+00 6.9375898007e+02 6.4278760969e+01 0.0000000000e+00 -7.6604444312e+01 2212 0.0000000000e+00 1.0000000000e+00
1879 4.3441766633e+03 0.0000000000e+00 6.9866219101e+02 6.4278760969e+01 0.0000000000e+00 -7.6604444312e+01 2212 0.0000000000e+00 1.0000000000e+00
1880 4.3355412911e+03 0.0000000000e+00 7.5038753477e+02 6.4278760969e+01 0.0000000000e+00 -7.6604444312e+01 2212 0.0000000000e+00 1.0000000000e+00
1881 4.3207340113e+03 0.0000000000e+00 8.3141887288e+02 6.4278760969e+01 0.0000000000e+00 -7.6604444312e+01 2212 0.0000000000e+00 1.0000000000e+00
1882 4.3331825034e+03 0.0000000000e+00 7.6389078452e+02 6.4278760969e+01 0.0000000000e+00 -7.6604444312e+01 2212 0.0000000000e+00 1.0000000000e+00
1883 4.3242060852e+03 0.0000000000e+00 8.1316755432e+02 6.4278760969e+01 0.0000000000e+00 -7.6604444312e+01 2212 0.0000000000e+00 1.0000000000e+00
1884 4.3272172247e+03 0.0000000000e+00 7.9698860016e+02 6.4278760969e+01 0.0000000000e+00 -7.6604444312e+01 2212 0.0000000000e+00 1.0000000000e+00
1885 4.3339438292e+03 0.0000000000e+00 7.5955949332e+02 6.4278760969e+01 0.0000000000e+00 -7.6604444312e+01 2212 0.0000000000e+00 1.0000000000e+00
1886 4.3238485089e+03 0.0000000000e+00 8.1506675252e+02 6.4278760969e+01 0.0000000000e+00 -7.6604444312e+01 2212 0.0000000000e+00 1.0000000000e+00
1887 4.3447593961e+03 0.0000000000e+00 6.9502915674e+02 6.4278760969e+01 0.0000000000e+00 -7.6604444312e+01 2212 0.0000000000e+00 1.0000000000e+00
1888 4.3317813015e+03 0.0000000000e+00 7.7179692615e+02 6.4278760969e+01 0.0000000000e+00 -7.6604444312e+01 2212 0.0000000000e+00 1.0000000000e+00
1889 4.3193604201e+03 0.0000000000e+00 8.3852567046e+02 6.4278760969e+01 0.0000000000e+00 -7.6604444312e+01 2212 0.0000000000e+00 1.0000000000e+00
1890 4.3290198960e+03 0.0000000000e+00 7.8713815743e+02 6.4278760969e+01 0.0000000000e+00 -7.6604444312e+01 2212 0.0000000000e+00 1.0000000000e+00
1891 4.3220451357e+03 0.0000000000e+00 8.2457600260e+02 6.4278760969e+01 0.0000000000e+00 -7.6604444312e+01 2212 0.0000000000e+00 1.0000000000e+00
1892 4.3337888225e+03 0.0000000000e+00 7.6044341073e+02 6.4278760969e+01 0.0000000000e+00 -7.6604444312e+01 2212 0.0000000000e+00 1.0000000000e+00
1893 4.3384083034e+03 0.0000000000e+00 7.3363010535e+02 6.4278760969e+01 0.0000000000e+00 -7.6604444312e+01 2212 0.0000000000e+00 1.0000000000e+00
1894 4.3343179703e+03 0.0000000000e+00 7.5742159423e+02 6.4278760969e+01 0.0000000000e+00 -7.6604444312e+01 2212 0.0000000000e+00 1.0000000000e+00
1895 4.3273756176e+03 0.0000000000e+00 7.9612813259e+02 6.4278760969e+01 0.0000000000e+00 -7.6604444312e+01 2212 0.0000000000e+00 1.0000000000e+00
1896 4.3194754611e+03 0.0000000000e+00 8.3793286118e+02 6.4278760969e+01 0.0000000000e+00 -7.6604444312e+01 2212 0.0000000000e+00 1.0000000000e+00
1897 4.3408214712e+03 0.0000000000e+00 7.1921394195e+02 6.4278760969e+01 0.0000000000e+00 -7.6604444312e+01 2212 0.0000000000e+00 1.0000000000e+00
1898 4.3276189272e+03 0.0000000000e+00 7.9480447906e+02 6.4278760969e+01 0.0000000000e+00 -7.6604444312e+01 2212 0.0000000000e+00 1.0000000000e+00
1899 4.3456546766e+03 0.0000000000e+00 6.8940929134e+02 6.4278760969e+01 0.0000000000e+00 -7.6604444312e+01 2212 0.0000000000e+00 1.0000000000e+00
1900 4.3240166933e+03 0.0000000000e+00 8.1417404441e+02 6.4278760969e+01 0.0000000000e+00 -7.6604444312e+01 2212 0.0000000000e+00 1.0000000000e+00
1901 4.3393902005e+03 0.0000000000e+00 7.2779971576e+02 6.4278760969e+01 0.0000000000e+00 -7.6604444312e+01 2212 0.0000000000e+00 1.0000000000e+00
1902 4.3448272071e+03 0.0000000000e+00 6.9460512444e+02 6.4278760969e+01 0.0000000000e+00 -7.6604444312e+01 2212 0.0000000000e+00 1.0000000000e+00
1903 4.3421407980e+03 0.0000000000e+00 7.1120533555e+02 6.4278760969e+01 0.0000000000e+00 -7.6604444312e+01 2212 0.0000000000e+00 1.0000000000e+00
1904 4.3259413113e+03 0.0000000000e+00 8.0388525907e+02 6.4278760969e+01 0.0000000000e+00 -7.6604444312e+01 2212 0.0000000000e+00 1.0000000000e+00
1905 4.3434386311e+03 0.0000000000e+00 7.0323580454e+02 6.4278760969e+01 0.0000000000e+00 -7.6604444312e+01 2212 0.0000000000e+00 1.0000000000e+00
1906 4.3417338225e+03 0.0000000000e+00 7.1368561270e+02 6.4278760969e+01 0.0000000000e+00 -7.6604444312e+01 2212 0.0000000000e+00 1.0000000000e+00
1907 4.3382594581e+03 0.0000000000e+00 7.3450977716e+02 6.4278760969e+01 0.0000000000e+00 -7.6604444312e+01 2212 0.0000000000e+00 1.0000000000e+00
1908 4.3385810162e+03 0.0000000000e+00 7.3260801602e+02 6.4278760969e+01 0.0000000000e+00 -7.6604444312e+01 2212 0.0000000000e+00 1.0000000000e+00
1909 4.3407701219e+03 0.0000000000e+00 7.1952379232e+02 6.4278760969e+01 0.0000000000e+00 -7.6604444312e+01 2212 0.0000000000e+00 1.0000000000e+00
1910 4.3347621682e+03 0.0000000000e+00 7.5487527704e+02 6.4278760969e+01 0.0000000000e+00 -7.6604444312e+01 2212 0.0000000000e+00 1.0000000000e+00
1911 4.3379280031e+03 0.0000000000e+00 7.3646478460e+02 6.4278760969e+01 0.0000000000e+00 -7.6604444312e+01 2212 0.0000000000e+00 1.0000000000e+00
1912 4.3384111670e+03 0.0000000000e+00 7.3361317112e+02 6.4278760969e+01 0.0000000000e+00 -7.6604444312e+01 2212 0.0000000000e+00 1.0000000000e+00
1913 4.3364509718e+03 0.0000000000e+00 7.4511254706e+02 6.4278760969e+01 0.0000000000e+00 -7.6604444312e+01 2212 0.0000000000e+00 1.0000000000e+00
1914 4.3252542826e+03 0.0000000000e+00 8.0757360629e+02 6.4278760969e+01 0.0000000000e+00 -7.6604444312e+01 2212 0.0000000000e+00 1.0000000000e+00
1915 4.3228906465e+03 0.0000000000e+00 8.2013181690e+02 6.4278760969e+01 0.0000000000e+00 -7.6604444312e+01 2212 0.0000000000e+00 1.0000000000e+00
1916 4.3381528119e+03 0.0000000000e+00 7.3513938778e+02 6.4278760969e+01 0.0000000000e+00 -7.6604444312e+01 2212 0.0000000000e+00 1.0000000000e+00
1917 4.3442129066e+03 0.0000000000e+00 6.9843679805e+02 6.4278760969e+01 0.0000000000e+00 -7.6604444312e+01 2212 0.0000000000e+00 1.0000000000e+00
1918 4.3363583164e+03 0.0000000000e+00 7.4565158815e+02 6.4278760969e+01 0.0000000000e+00 -7.6604444312e+01 2212 0.0000000000e+00 1.0000000000e+00
1919 4.3334407636e+03 0.0000000000e+00 7.6242434846e+02 6.4278760969e+01 0.0000000000e+00 -7.6604444312e+01 2212 0.0000000000e+00 1.0000000000e+00
1920 4.3388286730e+03 0.0000000000e+00 7.3113985337e+02 6.4278760969e+01 0.0000000000e+00 -7.6604444312e+01 2212 0.0000000000e+00 1.0000000000e+00
1921 4.3234404202e+03 0.0000000000e+00 8.1722865330e+02 6.4278760969e+01 0.0000000000e+00 -7.6604444312e+01 2212 0.0000000000e+00 1.0000000000e+00
1922 4.3235731726e+03 0.0000000000e+00 8.1652603128e+02 6.4278760969e+01 0.0000000000e+00 -7.6604444312e+01 2212 0.0000000000e+00 1.0000000000e+00
1923 4.3331089602e+03 0.0000000000e+00 7.6430784221e+02 6.4278760969e+01 0.0000000000e+00 -7.6604444312e+01 2212 0.0000000000e+00 1.0000000000e+00
1924 4.3218984008e+03 0.0000000000e+00 8.2534474747e+02 6.4278760969e+01 0.0000000000e+00 -7.6604444312e+01 2212 0.0000000000e+00 1.0000000000e+00
1925 4.3372229650e+03 0.0000000000e+00 7.4060562413e+02 6.4278760969e+01 0.0000000000e+00 -7.6604444312e+01 2212 0.0000000000e+00 1.0000000000e+00
1926 4.3446494885e+03 0.0000000000e+00 6.9571586216e+02 6.4278760969e+01 0.0000000000e+00 -7.6604444312e+01 2212 0.0000000000e+00 1.0000000000e+00
1927 4.3417420614e+03 0.0000000000e+00 7.1363548892e+02 6.4278760969e+01 0.0000000000e+00 -7.6604444312e+01 2212 0.0000000000e+00 1.0000000000e+00
1928 4.3305679836e+03 0.0000000000e+00 7.7857605809e+02 6.4278760969e+01 0.0000000000e+00 -7.6604444312e+01 2212 0.0000000000e+00 1.0000000000e+00
1929 4.3239280114e+03 0.0000000000e+00 8.1464488664e+02 6.4278760969e+01 0.0000000000e+00 -7.6604444312e+01 2212 0.0000000000e+00 1.0000000000e+00
1930 4.3369249655e+03 0.0000000000e+00 7.4234869346e+02 6.4278760969e+01 0.0000000000e+00 -7.6604444312e+01 2212 0.0000000000e+00 1.0000000000e+00
1931 4.3436762355e+03 0.0000000000e+00 7.0176669884e+02 6.4278760969e+01 0.0000000000e+00 -7.6604444312e+01 2212 0.0000000000e+00 1.0000000000e+00
1932 4.3448752831e+03 0.0000000000e+00 6.9430433774e+02 6.4278760969e+01 0.0000000000e+00 -7.6604444312e+01 2212 0.0000000000e+00 1.0000000000e+00
1933 4.3257429395e+03 0.0000000000e+00 8.0495202343e+02 6.4278760969e+01 0.0000000000e+00 -7.6604444312e+01 2212 0.0000000000e+00 1.0000000000e+00
1934 4.3418499087e+03 0.0000000000e+00 7.1297903811e+02 6.4278760969e+01 0.0000000000e+00 -7.6604444312e+01 2212 0.0000000000e+00 1.0000000000e+00
1935 4.3417788448e+03 0.0000000000e+00 7.1341166359e+02 6.4278760969e+01 0.0000000000e+00 -7.6604444312e+01 2212 0.0000000000e+00 1.0000000000e+00
1936 4.3229430328e+03 0.0000000000e+00 8.1985564196e+02 6.4278760969e+01 0.0000000000e+00 -7.6604444312e+01 2212 0.0000000000e+00 1.0000000000e+00
1937 4.3323040625e+03 0.0000000000e+00 7.6885710576e+02 6.4278760969e+01 0.0000000000e+00 -7.6604444312e+01 2212 0.0000000000e+00 1.0000000000e+00
1938 4.3331800681e+03 0.0000000000e+00 7.6390459916e+02 6.4278760969e+01 0.0000000000e+00 -7.6604444312e+01 2212 0.0000000000e+00 1.0000000000e+00
1939 4.3299550573e+03 0.0000000000e+00 7.8197758306e+02 6.4278760969e+01 0.0000000000e+00 -7.6604444312e+01 2212 0.0000000000e+00 1.0000000000e+00
1940 4.3243982302e+03 0.0000000000e+00 8.1214511347e+02 6.4278760969e+01 0.0000000000e+00 -7.6604444312e+01 2212 0.0000000000e+00 1.0000000000e+00
1941 4.3428247227e+03 0.0000000000e+00 7.0701709091e+02 6.4278760969e+01 0.0000000000e+00 -7.6604444312e+01 2212 0.0000000000e+00 1.0000000000e+00
1942 4.3206292489e+03 0.0000000000e+00 8.3196311940e+02 6.4278760969e+01 0.0000000000e+00 -7.6604444312e+01 2212 0.0000000000e+00 1.0000000000e+00
1943 4.3303996920e+03 0.0000000000e+00 7.7951154358e+02 6.4278760969e+01 0.0000000000e+00 -7.6604444312e+01 2212 0.0000000000e+00 1.0000000000e+00
1944 4.3432783519e+03 0.0000000000e+00 7.0422503298e+02 6.4278760969e+01 0.0000000000e+00 -7.6604444312e+01 2212 0.0000000000e+00 1.0000000000e+00
1945 4.3399135784e+03 0.0000000000e+00 7.2467225054e+02 6.4278760969e+01 0.0000000000e+00 -7.6604444312e+01 2212 0.0000000000e+00 1.0000000000e+00
1946 4.3267697504e+03 0.0000000000e+00 7.9941432674e+02 6.4278760969e+01 0.0000000000e+00 -7.6604444312e+01 2212 0.0000000000e+00 1.0000000000e+00
1947 4.3346430491e+03 0.0000000000e+00 7.5555898257e+02 6.4278760969e+01 0.0000000000e+00 -7.6604444312e+01 2212 0.0000000000e+00 1.0000000000e+00
1948 4.3207275752e+03 0.0000000000e+00 8.3145231944e+02 6.4278760969e+01 0.0000000000e+00 -7.6604444312e+01 2212 0.0000000000e+00 1.0000000000e+00
1949 4.3237928370e+03 0.0000000000e+00 8.1536203115e+02 6.4278760969e+01 0.0000000000e+00 -7.6604444312e+01 2212 0.0000000000e+00 1.0000000000e+00
1950 4.3331366618e+03 0.0000000000e+00 7.6415077614e+02 6.4278760969e+01 0.0000000000e+00 -7.6604444312e+01 2212 0.0000000000e+00 1.0000000000e+00
1951 4.3212827226e+03 0.0000000000e+00 8.2856223078e+02 6.4278760969e+01 0.0000000000e+00 -7.6604444312e+01 2212 0.0000000000e+00 1.0000000000e+00
1952 4.3404175219e+03 0.0000000000e+00 7.2164774948e+02 6.4278760969e+01 0.0000000000e+00 -7.6604444312e+01 2212 0.0000000000e+00 1.0000000000e+00
1953 4.3337839712e+03 0.0000000000e+00 7.6047105763e+02 6.4278760969e+01 0.0000000000e+00 -7.6604444312e+01 2212 0.0000000000e+00 1.0000000000e+00
1954 4.3346643495e+03 0.0000000000e+00 7.5543677159e+02 6.4278760969e+01 0.0000000000e+00 -7.6604444312e+01 2212 0.0000000000e+00 1.0000000000e+00
1955 4.3289604999e+03 0.0000000000e+00 7.8746474776e+02 6.4278760969e+01 0.0000000000e+00 -7.6604444312e+01 2212 0.0000000000e+00 1.0000000000e+00
1956 4.3230694675e+03 0.0000000000e+00 8.1918869505e+02 6.4278760969e+01 0.0000000000e+00 -7.6604444312e+01 2212 0.0000000000e+00 1.0000000000e+00
1957 4.3403980895e+03 0.0000000000e+00 7.2176461785e+02 6.4278760969e+01 0.0000000000e+00 -7.6604444312e+01 2212 0.0000000000e+00 1.0000000000e+00
1958 4.3301496087e+03 0.0000000000e+00 7.8089954881e+02 6.4278760969e+01 0.0000000000e+00 -7.6604444312e+01 2212 0.0000000000e+00 1.0000000000e+00
1959 4.3434224051e+03 0.0000000000e+00 7.0333601479e+02 6.4278760969e+01 0.0000000000e+00 -7.6604444312e+01 2212 0.0000000000e+00 1.0000000000e+00
1960 4.3265361759e+03 0.0000000000e+00 8.0067749889e+02 6.4278760969e+01 0.0000000000e+00 -7.6604444312e+01 2212 0.0000000000e+00 1.0000000000e+00
1961 4.3223163134e+03 0.0000000000e+00 8.2315334282e+02 6.4278760969e+01 0.0000000000e+00 -7.6604444312e+01 2212 0.0000000000e+00 1.0000000000e+00
1962 4.3338808724e+03 0.0000000000e+00 7.5991862929e+02 6.4278760969e+01 0.0000000000e+00 -7.6604444312e+01 2212 0.0000000000e+00 1.0000000000e+00
1963 4.3275758293e+03 0.0000000000e+00 7.9503910606e+02 6.4278760969e+01 0.0000000000e+00 -7.6604444312e+01 2212 0.0000000000e+00 1.0000000000e+00
1964 4.3434651033e+03 0.0000000000e+00 7.0307228297e+02 6.4278760969e+01 0.0000000000e+00 -7.6604444312e+01 2212 0.0000000000e+00 1.0000000000e+00
1965 4.3223252971e+03 0.0000000000e+00 8.2310616886e+02 6.4278760969e+01 0.0000000000e+00 -7.6604444312e+01 2212 0.0000000000e+00 1.0000000000e+00
1966 4.3422423826e+03 0.0000000000e+00 7.1058485066e+02 6.4278760969e+01 0.0000000000e+00 -7.6604444312e+01 2212 0.0000000000e+00 1.0000000000e+00
1967 4.3266957202e+03 0.0000000000e+00 7.9981490567e+02 6.4278760969e+01 0.0000000000e+00 -7.6604444312e+01 2212 0.0000000000e+00 1.0000000000e+00
1968 4.3418376095e+03 0.0000000000e+00 7.1305393297e+02 6.4278760969e+01 0.0000000000e+00 -7.6604444312e+01 2212 0.0000000000e+00 1.0000000000e+00
1969 4.3278595469e+03 0.0000000000e+00 7.9349321427e+02 6.4278760969e+01 0.0000000000e+00 -7.6604444312e+01 2212 0.0000000000e+00 1.0000000000e+00
1970 4.3253634565e+03 0.0000000000e+00 8.0698866640e+02 6.4278760969e+01 0.0000000000e+00 -7.6604444312e+01 2212 0.0000000000e+00 1.0000000000e+00
1971 4.3403413364e+03 0.0000000000e+00 7.2210582479e+02 6.4278760969e+01 0.0000000000e+00 -7.6604444312e+01 2212 0.0000000000e+00 1.0000000000e+00
1972 4.3230264639e+03 0.0000000000e+00 8.1941560375e+02 6.4278760969e+01 0.0000000000e+00 -7.6604444312e+01 2212 0.0000000000e+00 1.0000000000e+00
1973 4.3348343976e+03 0.0000000000e+00 7.5446039297e+02 6.4278760969e+01 0.0000000000e+00 -7.6604444312e+01 2212 0.0000000000e+00 1.0000000000e+00
1974 4.3226453544e+03 0.0000000000e+00 8.2142369026e+02 6.4278760969e+01 0.0000000000e+00 -7.6604444312e+01 2212 0.0000000000e+00 1.0000000000e+00
1975 4.3431991665e+03 0.0000000000e+00 7.0471323199e+02 6.4278760969e+01 0.0000000000e+00 -7.6604444312e+01 2212 0.0000000000e+00 1.0000000000e+00
1976 4.3427747098e+03 0.0000000000e+00 7.0732422474e+02 6.4278760969e+01 0.0000000000e+00 -7.6604444312e+01 2212 0.0000000000e+00 1.0000000000e+00
1977 4.3278458440e+03 0.0000000000e+00 7.9356794861e+02 6.4278760969e+01 0.0000000000e+00 -7.6604444312e+01 2212 0.0000000000e+00 1.0000000000e+00
1978 4.3214880472e+03 0.0000000000e+00 8.2749066291e+02 6.4278760969e+01 0.0000000000e+00 -7.6604444312e+01 2212 0.0000000000e+00 1.0000000000e+00
1979 4.3403790154e+03 0.0000000000e+00 7.2187931204e+02 6.4278760969e+01 0.0000000000e+00 -7.6604444312e+01 2212 0.0000000000e+00 1.0000000000e+00
1980 4.3301724283e+03 0.0000000000e+00 7.8077300183e+02 6.4278760969e+01 0.0000000000e+00 -7.6604444312e+01 2212 0.0000000000e+00 1.0000000000e+00
1981 4.3227587256e+03 0.0000000000e+00 8.2082686305e+02 6.4278760969e+01 0.0000000000e+00 -7.6604444312e+01 2212 0.0000000000e+00 1.0000000000e+00
1982 4.3244009625e+03 0.0000000000e+00 8.1213056470e+02 6.4278760969e+01 0.0000000000e+00 -7.6604444312e+01 2212 0.0000000000e+00 1.0000000000e+00
1983 4.3225740613e+03 0.0000000000e+00 8.2179877313e+02 6.4278760969e+01 0.0000000000e+00 -7.6604444312e+01 2212 0.0000000000e+00 1.0000000000e+00
1984 4.3307636680e+03 0.0000000000e+00 7.7748684263e+02 6.4278760969e+01 0.0000000000e+00 -7.6604444312e+01 2212 0.0000000000e+00 1.0000000000e+00
1985 4.3252251587e+03 0.0000000000e+00 8.0772957428e+02 6.4278760969e+01 0.0000000000e+00 -7.6604444312e+01 2212 0.0000000000e+00 1.0000000000e+00
1986 4.3417519549e+03 0.0000000000e+00 7.1357529441e+02 6.4278760969e+01 0.0000000000e+00 -7.6604444312e+01 2212 0.0000000000e+00 1.0000000000e+00
1987 4.3328934505e+03 0.0000000000e+00 7.6552863126e+02 6.4278760969e+01 0.0000000000e+00 -7.6604444312e+01 2212 0.0000000000e+00 1.0000000000e+00
1988 4.3453096219e+03 0.0000000000e+00 6.9158081889e+02 6.4278760969e+01 0.0000000000e+00 -7.6604444312e+01 2212 0.0000000000e+00 1.0000000000e+00
1989 4.3405441464e+03 0.0000000000e+00 7.2088574138e+02 6.4278760969e+01 0.0000000000e+00 -7.6604444312e+01 2212 0.0000000000e+00 1.0000000000e+00
1990 4.3192840627e+03 0.0000000000e+00 8.3891890241e+02 6.4278760969e+01 0.0000000000e+00 -7.6604444312e+01 2212 0.0000000000e+00 1.0000000000e+00
1991 4.3413626352e+03 0.0000000000e+00 7.1594008737e+02 6.4278760969e+01 0.0000000000e+00 -7.6604444312e+01 2212 0.0000000000e+00 1.0000000000e+00
1992 4.3347410220e+03 0.0000000000e+00 7.5499669585e+02 6.4278760969e+01 0.0000000000e+00 -7.6604444312e+01 2212 0.0000000000e+00 1.0000000000e+00
1993 4.3377064856e+03 0.0000000000e+00 7.3776838106e+02 6.4278760969e+01 0.0000000000e+00 -7.6604444312e+01 2212 0.0000000000e+00 1.0000000000e+00
1994 4.3397017264e+03 0.0000000000e+00 7.2593984932e+02 6.4278760969e+01 0.0000000000e+00 -7.6604444312e+01 2212 0.0000000000e+00 1.0000000000e+00
1995 4.3286656220e+03 0.0000000000e+00 7.8908407137e+02 6.4278760969e+01 0.0000000000e+00 -7.6604444312e+01 2212 0.0000000000e+00 1.0000000000e+00
1996 4.3301896206e+03 0.0000000000e+00 7.8067764682e+02 6.4278760969e+01 0.0000000000e+00 -7.6604444312e+01 2212 0.0000000000e+00 1.0000000000e+00
1997 4.3403038338e+03 0.0000000000e+00 7.2233120465e+02 6.4278760969e+01 0.0000000000e+00 -7.6604444312e+01 2212 0.0000000000e+00 1.0000000000e+00
1998 4.3279528327e+03 0.0000000000e+00 7.9298424756e+02 6.4278760969e+01 0.0000000000e+00 -7.6604444312e+01 2212 0.0000000000e+00 1.0000000000e+00
1999 4.3405581976e+03 0.0000000000e+00 7.2080113218e+02 6.4278760969e+01 0.0000000000e+00 -7.6604444312e+01 2212 0.0000000000e+00 1.0000000000e+00
