# EvtID pe_px[MeV/c] pe_py[MeV/c] pe_pz[MeV/c] prec_px[MeV/c] prec_py[MeV/c] prec_pz[MeV/c] pidrec zvtx[cm] weight
151 -7.4777131450e+01 -9.8339151198e+02 4.0213041979e+03 3.1541674740e+02 -3.9343330308e+01 -1.6926901429e+01 2212 -1.3765593078e+00 1.2199047351e+01
213 -1.3600502461e+02 -8.7733993586e+02 4.0433099735e+03 2.3561621047e+02 -6.9899536034e+01 -4.1116069401e+02 2212 -1.1340418686e+00 6.4794417746e-02
496 -3.1333330767e+02 -1.1166078231e+03 4.5482648730e+03 2.8401815072e+01 -4.2435396847e+00 -3.0275323003e+02 2212 -2.1715484462e+00 8.7511355693e-01
633 -3.7058613924e+00 -9.2712334301e+02 4.2670002217e+03 3.4899720702e+02 -1.1271735464e+02 -2.3909990190e+02 2212 -5.3672696727e+00 1.3238109777e+00
930 -2.0122305951e+02 -1.0862855908e+03 4.7778909707e+03 6.6356918248e+01 -1.7974691920e+01 -4.6637867750e+02 2212 -4.5119335870e+00 4.0496264820e-03
974 3.1647959613e+02 -1.0573201914e+03 4.5091990119e+03 2.7161914767e+02 -5.3228768928e+01 -3.8926814010e+02 2212 -5.4848783603e-01 2.2001009765e-02
1068 -1.6140461206e+02 -1.0041002515e+03 4.6964329081e+03 4.0202801264e+02 9.5584150542e+01 -3.0571570370e+02 2212 -1.1503061345e+00 2.5531065643e-01
1155 2.6178945310e+02 -9.7133420392e+02 4.3951872233e+03 2.2375809079e+02 -2.6984071639e+01 -3.8200381850e+02 2212 -1.1026650302e+00 1.2268753180e-01
1459 -1.0656464836e+01 -8.9222010107e+02 4.0448462628e+03 1.5007731859e+02 -2.8749638560e+01 -3.8442000868e+02 2212 -4.4406873158e+00 3.3991431412e-01
1638 2.8517442644e+02 -9.4884810242e+02 4.1194315710e+03 2.3221205509e+02 3.9555890722e+01 -4.0640683531e+02 2212 -3.1490258728e+00 6.1897643291e-02
2014 1.1962082992e+02 -9.8705213944e+02 3.8723916378e+03 1.9451422898e+02 5.7191793369e+01 -4.1206577190e+02 2212 -1.1736355252e+00 5.0791757835e-02
2093 -3.1732122888e+01 -9.6623371892e+02 4.3092717797e+03 2.3537375054e+01 1.0130479361e+00 -4.7009459715e+02 2212 -4.9347960234e+00 4.5512746311e-03
2258 1.2094730022e+02 -1.1429495225e+03 4.8087369413e+03 3.3282815256e+02 -7.6865599877e+01 -1.9348891978e+02 2212 -4.3284512900e+00 1.0902395021e+00
2355 2.0705959953e+02 -1.0354035207e+03 4.0710309309e+03 3.0627449311e+02 1.9414895472e+01 -3.7825006509e+02 2212 -3.9852409014e+00 4.2935796220e-02
3078 1.7534321877e+02 -1.0527492545e+03 4.6540908247e+03 1.4552037505e+02 2.3340494589e+01 -1.4492724170e+02 2212 -3.7992108178e+00 4.1850180526e+01
3398 -2.8687155806e+01 -1.0396257436e+03 3.9322463140e+03 4.2917918369e+02 -1.5191156522e+02 -2.4852460371e+02 2212 -2.1907631780e+00 1.7369743997e-01
3546 2.9920195356e+01 -1.1024977070e+03 4.4430666166e+03 4.5308268565e+02 -1.3655481550e+02 -2.2624588302e+02 2212 -5.4825667986e+00 1.8581151921e-01
6175 -1.4527888179e+02 -1.0342409807e+03 4.5004708790e+03 3.3588312776e+02 -9.2266504394e+01 -1.2424363131e+02 2212 -3.1530927699e+00 3.8485176717e+00
6346 -8.2461259489e+01 -9.3950641697e+02 3.7878895781e+03 2.1199907535e+02 -2.7937304279e+01 -3.7993266515e+02 2212 -9.3436142965e-01 1.6113514033e-01
6741 -1.4009797632e+01 -8.4199926459e+02 3.8296060572e+03 5.1646564450e+02 2.7684088990e+01 -2.2073747568e+02 2212 -3.2303855133e+00 5.4806205422e-01
7378 -2.2744831899e+02 -1.0525342443e+03 4.9068838484e+03 1.6879802293e+02 -3.2369599381e+01 -1.6957090638e+02 2212 -1.0921088019e+00 1.8061458156e+01
7620 8.8996325067e+01 -9.5436569913e+02 4.1005120343e+03 3.1408388444e+02 3.5853979908e+01 -3.9248720204e+02 2212 -3.2467548801e+00 4.9628129105e-02
7694 -1.8929660439e+01 -1.0778166141e+03 4.5107418814e+03 2.5152467506e+02 9.3128908560e+00 -1.5687667234e+02 2212 -4.0852212890e+00 6.3366493214e+00
8017 -2.6424180597e+02 -9.2835348834e+02 3.9094978056e+03 7.1606652803e+01 1.7160343897e+01 -3.8238918577e+02 2212 -3.9464645898e+00 2.9657638572e-01
8669 -1.5711736521e+02 -9.5579574779e+02 3.9177857717e+03 2.0659945574e+02 7.0427439830e+01 -2.7602474203e+02 2212 -3.2450467739e+00 1.6639413544e+00
9184 -8.4685288231e+01 -9.9118234609e+02 4.2334106640e+03 5.5799653871e+02 2.0070892981e+02 -3.1262672219e+01 2212 -1.0290945875e+00 1.3410821656e+00
9427 -7.9396477847e+01 -9.7849941593e+02 4.2294617911e+03 5.9802473161e+02 -1.8671936531e+02 -4.2792580955e+01 2212 -5.2173513286e+00 7.3916131467e-01
10213 -1.9572155586e+02 -1.2757447411e+03 4.8486090001e+03 3.7032222947e+02 -8.4792132397e+01 -1.8980535820e+02 2212 -1.4068184509e+00 3.3838427295e-01
10727 2.0206058951e+02 -1.1238340799e+03 4.7736843546e+03 1.4097120799e+02 -2.3255405498e+01 -6.9857715492e+01 2212 -3.8840067103e+00 1.4555808640e+02
10993 -1.3784875604e+02 -8.5645851016e+02 3.8427896134e+03 5.4739168837e+02 -1.4704827520e+02 -9.6834248401e+01 2212 -4.1506527301e+00 1.2435030505e+00
11019 -3.8571980838e+00 -1.0099178167e+03 4.0488495653e+03 2.7540950476e+02 -7.4615371231e+01 -3.6061489800e+02 2212 -1.0599504872e+00 1.0311476894e-01
11188 2.0931759926e+02 -1.0823750469e+03 4.2830692477e+03 1.9814027068e+02 5.9485937739e+01 -3.8451138520e+02 2212 -1.2209675096e+00 9.8335579832e-02
11342 1.7015421502e+02 -1.1520910747e+03 4.6218024202e+03 2.7227357808e+02 -5.7676548211e+01 -3.2813253584e+02 2212 -5.1365983225e+00 1.6484996451e-01
12083 1.5222411531e+02 -1.2132247186e+03 4.7570636523e+03 2.3308680132e+02 -1.1741113194e+01 -1.7952721918e+02 2212 -5.2453839867e+00 2.5283024431e+00
12221 -2.6821542824e+02 -1.0710846240e+03 4.8836446718e+03 7.0679105417e+01 -1.4246455413e+00 -4.1134025793e+02 2212 -2.3212843046e+00 7.9384458090e-02
12424 -2.0145451333e+02 -1.2003318529e+03 4.6496830592e+03 2.3980447915e+02 3.3050157135e+01 -1.9198382132e+02 2212 -1.2202401734e+00 2.0860126160e+00
12635 -6.5549720273e+01 -1.2159325711e+03 4.7811950754e+03 2.8001482992e+02 -6.6526613461e+01 -1.7285090212e+02 2212 -3.6105092901e+00 1.6273731673e+00
13321 -4.7115017664e+01 -9.9237542246e+02 3.9875290361e+03 2.5933912595e+02 6.1794409958e+01 -2.0487248535e+02 2212 -1.7635292229e+00 3.1761901883e+00
13529 -2.6498458649e+02 -9.1055194887e+02 3.7970346572e+03 2.8782340478e+02 6.1178260938e+01 -2.1935033627e+02 2212 -4.4997598901e+00 2.4064910315e+00
13783 6.1232214773e+01 -9.0495819237e+02 4.2261228399e+03 4.5019341507e+02 -1.1300643601e+02 -1.8771406452e+02 2212 -2.1173797217e+00 1.1983774188e+00
13995 -2.2823154529e+02 -1.0486614264e+03 4.9188455828e+03 1.4653284927e+02 4.9271303913e+01 -4.6221526634e+02 2212 -2.5959093014e+00 6.6714547034e-03
14470 -2.7913960101e+02 -1.0911553741e+03 4.8753173914e+03 5.0823897573e+02 -9.5558583227e+01 -5.7769797967e+01 2212 -1.8271597773e+00 1.3896928759e+00
14517 -8.5292395473e+01 -1.0339228430e+03 4.8229291282e+03 3.1441362071e+02 1.0316275808e+02 -3.5664864140e+02 2212 -5.4807003373e+00 1.6108056744e-01
14638 -9.0106461640e+01 -9.2995146956e+02 4.3524669075e+03 1.9466630931e+02 1.9070304364e+01 -2.1295690736e+02 2212 -5.0079222578e+00 8.7942596291e+00
15581 -3.9437316888e+01 -1.0180809715e+03 4.6905364590e+03 2.2523564250e+02 1.7371821877e+01 -3.7422264953e+02 2212 -7.5350227836e-01 2.0483439319e-01
16425 -2.3809832774e+02 -1.1254870296e+03 4.7997485481e+03 4.9688156244e+01 6.1708909336e-01 -4.5776724191e+02 2212 -3.6651816890e+00 9.2693572247e-03
16486 2.6071342889e+02 -1.0253018138e+03 4.1622336011e+03 2.2305357655e+02 4.1760173121e+01 -4.1859447843e+02 2212 -2.0487169311e+00 1.8263075474e-02
18210 1.9232630173e+02 -1.0630920426e+03 4.6598834724e+03 4.7285389183e+02 8.8151004993e+01 -2.1670144274e+02 2212 -5.2295376169e+00 3.4443294588e-01
19250 5.9842843714e+01 -8.8718692955e+02 4.1997230906e+03 2.2737015974e+02 -5.0368346036e+01 -7.3287873310e+01 2212 -1.5315074492e+00 5.0479808851e+01
19308 1.1739649831e+02 -1.0938404662e+03 4.2531915091e+03 1.8944756135e+02 -2.0398707500e+00 -3.9449821023e+02 2212 -5.0428474492e+00 5.1765445270e-02
19347 -2.8404299418e+02 -1.0291754061e+03 4.3788038482e+03 1.9166071826e+02 -4.2724074981e+00 -4.4836675634e+02 2212 -2.8257469432e+00 6.2570570765e-03
20205 2.1179932598e+02 -8.9444924601e+02 4.0731540534e+03 3.2538231021e+02 -4.3887233819e+00 -3.7396856355e+02 2212 -6.7329848139e-01 8.4106482816e-02
21073 -4.8452640868e+01 -1.1938135869e+03 4.8540069219e+03 1.9513415850e+02 4.9567197364e+01 -4.5128320280e+02 2212 -7.1704863291e-01 6.1483675961e-04
21096 5.6276615667e+01 -1.0816338023e+03 4.8437791095e+03 4.3586585964e+02 -8.5872124887e+01 -3.1009774004e+02 2212 -3.3450218355e+00 6.2230178220e-02
21215 -2.7992721142e+01 -8.9490990378e+02 3.9554113043e+03 2.1523103433e+02 -7.3324236895e+01 -1.1553425675e+02 2212 -3.2216043044e+00 2.7721093518e+01
21756 1.1424869405e+02 -1.0601802810e+03 4.4465135474e+03 2.3054902852e+01 2.0701087315e+00 -8.9405223197e+01 2212 -2.7400481335e+00 9.5804696990e+02
21814 -1.2437197144e+02 -1.0982746271e+03 4.7213614508e+03 1.1513568600e+02 -4.1608581165e+01 -4.5598975227e+02 2212 -1.0587285466e+00 4.6200933973e-03
21944 2.0242329452e+02 -8.6416549193e+02 4.0606618233e+03 4.4506404382e+02 -2.7608578037e+01 -2.8799891902e+02 2212 -3.9298201825e+00 2.6034207687e-01
22578 -9.2287815098e+01 -1.0741116599e+03 4.2938241677e+03 3.3527147149e+02 1.1387262142e+02 -3.6467999767e+02 2212 -4.1490455293e+00 6.3821920709e-02
23479 3.1360045768e+01 -1.1921415307e+03 4.4870372057e+03 6.2035273051e+02 -3.0169860905e+01 -3.2484368197e+01 2212 -1.2266366051e+00 3.2335965693e-01
23515 -1.2612662923e+02 -1.0908048131e+03 4.3009810094e+03 3.1382773141e+02 -4.5661627863e+01 -1.6441440491e+02 2212 -4.9719164632e+00 2.2478748216e+00
24508 1.6435195215e+02 -9.9593110264e+02 4.1191752369e+03 1.3706555811e+02 -8.8050103566e+00 -3.8597785760e+02 2212 -3.5742990214e+00 1.5697855730e-01
24539 9.3344445084e+01 -1.0309806445e+03 4.7557585991e+03 4.0864679467e+02 8.6022003081e+01 -1.2469094625e+02 2212 -2.4777095411e+00 2.7619633398e+00
24885 5.3082869638e+01 -1.1937685971e+03 4.7956629058e+03 2.0484977692e+02 2.8063061989e+01 -4.0765084993e+02 2212 -1.1465984217e+00 1.6532780697e-02
24983 -2.1379542609e+02 -1.0010782803e+03 4.2110496909e+03 2.1384599330e+02 1.3791501420e+01 -4.0321798106e+02 2212 -3.7514110289e+00 7.7236345213e-02
25407 -2.0955077833e+02 -9.6909296462e+02 4.2671637289e+03 4.1946072471e+02 7.6874974637e+01 -2.3947315194e+02 2212 -3.5408246769e+00 6.8431638621e-01
25871 -1.8486625034e+01 -1.2229647273e+03 4.8241724929e+03 3.5131109425e+02 1.0428881969e+02 -2.7025830888e+02 2212 -1.7097105884e+00 2.0098342014e-01
25910 -1.3054674117e+02 -1.0003709410e+03 4.3446918992e+03 2.5748871730e+02 -5.8479295253e+01 -4.1305506851e+02 2212 -3.8311199851e+00 2.4619245500e-02
26119 2.2158862052e+01 -9.0891694847e+02 4.1657011693e+03 8.5951564571e+01 2.1902842543e+01 -4.2439232015e+02 2212 -3.5414868728e+00 1.1959191766e-01
26418 -2.5631673386e+02 -1.1322753521e+03 4.4688529528e+03 1.8343637058e+02 6.0244395715e+00 -2.1465330778e+02 2212 -1.8462231983e+00 3.0824362706e+00
26447 4.1658369939e+01 -9.5697327418e+02 3.9703235740e+03 2.3724037707e+02 -5.4206675360e+01 -3.5649795114e+02 2212 -4.0284994275e+00 2.3914266513e-01
26452 2.1264325447e+02 -1.0167303251e+03 4.7563264609e+03 8.2473183204e+01 2.3646220692e+01 -4.2464169996e+02 2212 -1.8649268728e+00 6.8535602581e-02
27191 4.4306181485e+01 -1.1728340091e+03 4.6913035961e+03 5.4550544211e+02 7.3793453944e+01 -1.7608918318e+02 2212 -2.7311328491e+00 1.7130982274e-01
27201 -2.5400743232e+02 -9.5259937213e+02 4.1352475273e+03 6.1773242975e+02 -1.4056289611e+01 -1.4503961608e+02 2212 -2.6473329805e+00 3.0683072632e-01
27612 1.9871620855e+02 -9.6000683632e+02 4.0945970213e+03 2.1760377470e+02 -1.4268028255e+01 -3.2509683988e+02 2212 -5.4249581934e+00 5.8142779861e-01
27889 1.8732836916e+02 -9.1877274598e+02 3.9788657473e+03 4.1466737749e+02 1.4332729392e+02 -3.2990602804e+01 2212 -6.6071616439e-01 4.5622838162e+00
28315 -2.6949331800e+02 -1.0313578263e+03 4.4577956263e+03 2.2297246682e+02 -3.6246634166e+01 -4.2322552209e+02 2212 -2.9696122075e+00 2.2686712790e-02
28564 -1.2694515336e+01 -1.0037504445e+03 3.9820668382e+03 1.8263657261e+02 2.9090044963e+01 -4.0062820492e+02 2212 -5.2783140151e+00 8.0973971594e-02
28566 2.7469504864e+02 -1.0252933310e+03 4.1821047714e+03 4.0404996154e+02 1.0273024907e+02 -2.7260317147e+02 2212 -2.4597233436e+00 2.0554439007e-01
28708 -2.1014595163e+02 -9.1998203406e+02 3.9011501606e+03 1.5612416689e+02 8.3876340648e+00 -4.0692886456e+02 2212 -1.5444269446e+00 1.1471296751e-01
29316 -2.0610149385e+02 -9.3310625151e+02 3.8110157322e+03 2.7132631381e+02 -2.3096774745e+01 -3.9237268110e+02 2212 -3.2102186973e+00 6.4677549344e-02
29645 2.1304940576e+02 -9.6924501518e+02 4.0515900408e+03 2.8420020610e+02 1.4542229765e+01 -3.8894005296e+02 2212 -2.6045691520e+00 5.7669290245e-02
30576 -8.7688353435e+01 -8.2262893132e+02 3.7871548467e+03 4.2446583314e+02 4.0232922554e+01 -1.5114678870e+02 2212 -4.5942706342e+00 3.1735216197e+00
30852 2.2490141274e+02 -1.0998555669e+03 4.4463762318e+03 3.3851679120e+02 1.0837240517e+01 -3.5581180247e+02 2212 -3.9227817901e+00 3.7560013726e-02
31765 -2.7365029375e+02 -1.1155956016e+03 4.4919551147e+03 1.4200633223e+02 -1.7176168057e+01 -3.0566802401e+02 2212 -4.9502940995e+00 5.9542158699e-01
32439 1.2812895906e+02 -1.0088844331e+03 4.6355799817e+03 2.2726287825e+02 2.7930646024e+01 -4.2935740043e+02 2212 -3.1715388591e+00 2.3300088653e-02
32626 1.3753555533e+02 -9.1565728305e+02 3.9654692540e+03 5.9232971316e+02 -8.0819426270e+01 -1.1221721178e+02 2212 -4.8395565369e+00 5.5934843794e-01
32896 -5.0116619633e+01 -9.5831674674e+02 4.2962946514e+03 1.0798046441e+02 -2.9172056102e+01 -2.2805352403e+02 2212 -2.1930867673e+00 1.1279646369e+01
32925 -2.3444493640e+02 -1.2011967231e+03 4.6924843465e+03 4.2878882210e+02 -9.9972997005e+01 -1.7644043388e+02 2212 -1.4256267792e+00 3.6252989098e-01
33450 2.7261011156e+01 -9.9730527447e+02 4.3660044010e+03 3.9786060556e+02 -1.4018719174e+02 -2.7691221731e+02 2212 -9.6445987769e-01 2.4733333339e-01
33643 -6.1602657705e+01 -9.6893120916e+02 4.3047894148e+03 3.2582838198e+02 3.0710653866e+01 -3.0789332321e+02 2212 -3.6330158643e+00 5.1414845632e-01
34299 2.0122709146e+02 -1.0518891976e+03 4.2966544615e+03 2.4571214957e+02 6.1644348060e+01 -3.2703910360e+02 2212 -1.0822508177e+00 2.9154790909e-01
34354 1.1678078125e+01 -1.0427018911e+03 4.4624723532e+03 3.3699476712e+02 -5.4000154708e+01 -3.2643436374e+02 2212 -4.6986970068e+00 1.6536497692e-01
34658 2.3361553397e+02 -8.9273860409e+02 3.9488605272e+03 2.5011296156e+02 5.1798100818e+01 -3.0730875163e+02 2212 -2.6669314534e+00 9.0266442426e-01
34740 -1.4287504017e+01 -9.6874762234e+02 3.8091865270e+03 5.7160572404e+02 -1.9149442453e+02 -8.3555496530e+01 2212 -4.0280469398e+00 5.1525486816e-01
34984 -1.8052916291e+02 -9.7519510583e+02 4.5740093386e+03 8.5764290190e+01 2.0855835484e+01 -1.8102164152e+02 2212 -1.7885792216e+00 5.1378134737e+01
35134 -1.4770792012e+02 -8.3488878487e+02 3.8610812529e+03 2.8728984121e+02 8.5059048563e+01 -3.3669743432e+02 2212 -5.3310255166e+00 6.0045074284e-01
35497 4.2922567271e+01 -1.0672779796e+03 4.8237550589e+03 3.1685574827e+02 1.8222971207e+00 -3.3497530355e+02 2212 -2.8917256773e+00 2.0084177356e-01
35791 1.6339522250e+02 -1.1083017992e+03 4.7085237442e+03 2.7422397482e+02 -9.5770754601e+00 -1.4946232790e+02 2212 -8.3935068757e-01 4.5276737573e+00
36043 1.5380495351e+02 -1.0675225615e+03 4.6384296111e+03 4.3607590046e+02 8.7411139003e+01 -3.9250138651e+01 2212 -8.3565802383e-01 3.1718591483e+00
36367 1.6084652874e+02 -9.9053840185e+02 4.2515226426e+03 4.3889213255e+02 1.0378651752e+02 -1.0375249212e+02 2212 -3.4802754032e+00 2.2586231337e+00
36877 6.9913359047e+01 -1.0432439338e+03 4.6956314612e+03 5.0227738495e+02 -1.5044595931e+02 -2.1419051996e+02 2212 -4.1277681519e+00 2.0168211673e-01
37207 -1.8788622417e+02 -9.7376531579e+02 3.9993929920e+03 1.9972023136e+02 -2.1285932491e+01 -4.3333448353e+02 2212 -3.1831399987e+00 1.8311891827e-02
38622 1.2254369800e+02 -1.1565321505e+03 4.7974138959e+03 2.4635796606e+02 5.6589277485e+01 -4.2679047173e+02 2212 -5.1924461336e-01 8.8493616322e-03
38732 -6.0317103710e+01 -9.8834087080e+02 4.5798205278e+03 5.6711192658e+02 3.6774975098e+01 -1.5673210249e+02 2212 -1.5962651356e+00 5.5833897153e-01
39350 -1.2793793454e+02 -1.0037876402e+03 4.3759464293e+03 5.0642621310e+02 1.4332442815e+01 -2.7560710947e+02 2212 -3.0151469733e+00 1.1584582730e-01
40472 8.6945713530e+01 -1.0605180531e+03 4.7466029771e+03 3.7759061116e+02 1.9212862189e+01 -1.6717381308e+02 2212 -2.7321546741e+00 1.9926242190e+00
40874 -5.6281450387e+01 -1.0232302075e+03 4.0871950745e+03 4.0798510603e+02 1.4006385390e+02 -1.4136580949e+02 2212 -4.7279883102e+00 1.6078408805e+00
41706 -2.5542690892e+02 -1.2430212502e+03 4.9113670358e+03 1.9005901570e+02 8.5727404571e+00 -8.6721502743e+01 2212 -7.8036323260e-01 2.3727921486e+01
41881 2.0994033970e+02 -1.0348972744e+03 4.3927324691e+03 2.8462223882e+02 4.4583278786e+01 -3.9094264246e+02 2212 -3.3933370148e+00 3.7608916441e-02
42253 1.9534827645e+02 -1.0158261378e+03 4.4919524608e+03 1.7759026195e+02 6.3618060288e+01 -4.0254704672e+02 2212 -3.0619725417e+00 1.1610567982e-01
42755 -1.1179942456e+01 -1.0170554583e+03 3.8513650070e+03 8.2384771299e+01 7.7254086033e+00 -4.3675070482e+02 2212 -1.0650536029e+00 2.5355448573e-02
43054 -2.7200859723e+02 -1.0376161557e+03 4.4754770481e+03 1.6678309180e+02 -4.6178272606e+01 -4.4348537089e+02 2212 -2.0622255113e+00 8.0582046601e-03
43224 -1.5587566091e+02 -1.1161835369e+03 4.3050389920e+03 2.5279084957e+02 9.1530408900e+01 -1.1448309480e+02 2212 -5.3703015782e+00 6.8444732059e+00
43612 2.7453987831e+01 -1.1309138909e+03 4.8307934372e+03 4.7854990294e+02 2.4520829639e+01 -2.6985096932e+02 2212 -4.3180650014e+00 1.1577491905e-01
43996 -1.0090083761e+02 -1.0584815431e+03 4.6114437971e+03 4.1571215799e+02 -1.5859203260e+01 -2.6981341931e+02 2212 -6.2004662072e-01 2.9755870815e-01
44372 -2.0215635003e+02 -9.2979701571e+02 4.1471577031e+03 5.1369481930e+02 2.7727656482e+00 -6.0338251806e+01 2212 -3.4134219291e+00 2.3333729355e+00
44644 1.9191120905e+02 -1.1030087060e+03 4.7544839720e+03 9.3895892381e+01 1.2364018641e+01 -4.2065471793e+02 2212 -3.9776070120e+00 4.6550329832e-02
45148 -9.6490499499e+01 -8.6955428344e+02 3.8994248862e+03 3.6036920742e+02 -1.0366412720e+02 -3.1379507875e+02 2212 -4.8469758611e+00 3.4891630036e-01
45413 2.8295698763e+02 -1.0466645397e+03 4.7238739387e+03 3.2074854306e+02 -9.7466179687e+00 -2.1672121891e+02 2212 -4.8233410805e+00 1.3715360077e+00
45427 1.6620865788e+02 -1.1712885539e+03 4.5780965527e+03 3.4558870831e+02 3.0837840531e+01 -3.7379932109e+02 2212 -4.1983951391e+00 1.1100630005e-02
45543 1.9822427496e+02 -1.0530714871e+03 4.3468433723e+03 5.2723868667e+02 8.7650964092e-01 -3.5383998763e+01 2212 -6.6951391124e-01 1.3902190677e+00
46456 2.7243091015e+00 -1.0793042725e+03 4.5521452405e+03 5.2613892568e+02 -1.3118490026e+02 -1.9104984380e+02 2212 -1.8526777399e+00 1.9482169814e-01
46598 1.7460917308e+02 -1.0177185061e+03 4.1569900915e+03 5.6144274564e+02 -1.1353602514e+02 -1.6750846503e+02 2212 -5.0671885693e+00 1.9268468494e-01
46843 1.1207810323e+02 -1.0750757749e+03 4.2012793671e+03 1.3705635133e+02 1.4019221602e+01 -4.0977169999e+02 2212 -6.7593486933e-01 4.9657614813e-02
47073 -2.7152731616e+02 -1.1956291203e+03 4.9190092608e+03 4.0940016202e+02 -3.4996931324e+01 -2.7210704274e+02 2212 -3.3000393615e+00 1.5297740525e-01
47123 -1.0384420635e+01 -1.0403966651e+03 4.0167159092e+03 6.0807559209e+02 -9.0977160599e+01 -1.0812694506e+01 2212 -3.5081029388e+00 7.3028649544e-01
47196 -2.0378861076e+02 -9.5160754726e+02 3.8854210376e+03 5.3871959116e+02 1.5919934973e+02 -2.0264013441e+02 2212 -1.5391976428e+00 2.7070741953e-01
47320 2.1734931551e+02 -1.1028021881e+03 4.2888876587e+03 2.9237403169e+02 5.3223475433e+01 -3.7418363062e+02 2212 -2.0833556768e+00 3.2938462903e-02
47553 -2.7071753614e+02 -1.1221481118e+03 4.6699126352e+03 2.7851983815e+02 -2.9681820472e+00 -4.0671298010e+02 2212 -4.8810798856e+00 1.3989552896e-02
47999 8.7293379016e+01 -1.0139564467e+03 4.7002962361e+03 3.0154856922e+02 -9.3330060237e+01 -3.4292186596e+02 2212 -2.4345369725e+00 1.7765965367e-01
48263 7.6274099219e+01 -9.2015099974e+02 4.1215103453e+03 2.5239852848e+02 -4.2229013369e+01 -3.9247120158e+02 2212 -2.6586403507e+00 9.5624454326e-02
48745 1.7249312371e+02 -1.0269459427e+03 4.2291408632e+03 4.0158917423e+02 -1.2080657164e+02 -2.2173472234e+02 2212 -1.9228659030e+00 4.8064733422e-01
48888 1.1983977962e+02 -1.0784548345e+03 4.5349802378e+03 4.8341713164e+01 -1.5440936197e+01 -4.6196059718e+02 2212 -2.9568832153e+00 3.5050143748e-03
49182 -1.3277892687e+02 -1.0184030943e+03 3.9220119944e+03 1.7702416440e+02 -1.0743930750e+01 -2.5874018644e+02 2212 -1.6961961957e+00 1.9927694046e+00
49282 -1.1321302997e+02 -1.1672777315e+03 4.8764545360e+03 5.9528092368e+02 -1.8324778451e+02 -1.4390975033e+01 2212 -1.1046617241e+00 4.7588455169e-01
50349 1.3753182076e+02 -8.8955924242e+02 4.0026966568e+03 1.8362932319e+02 4.9364597965e+01 -3.6368939651e+02 2212 -2.2563767161e+00 4.8600260809e-01
50401 -1.2169977356e+02 -8.8270258007e+02 3.8868882546e+03 1.7585681226e+02 5.1552720752e+01 -3.9586153127e+02 2212 -3.4594857711e+00 2.1642936920e-01
50906 -1.6375039750e+02 -1.0620950596e+03 4.2419302789e+03 1.2879070479e+02 -2.7248697752e+01 -4.0029833860e+02 2212 -2.9710170948e+00 1.0245958952e-01
51049 8.8348283664e+01 -1.0526029042e+03 4.2267216037e+03 2.8036646820e+02 -9.3290471453e+01 -3.7255809671e+02 2212 -1.0801801523e+00 5.0586961375e-02
51899 1.1803781299e+02 -9.4608174547e+02 4.3901190414e+03 2.4667180434e+02 8.8329205606e+01 -3.5228115201e+02 2212 -4.7216768127e+00 3.8068141422e-01
52273 1.6163084059e+02 -1.1033072504e+03 4.5032433923e+03 5.3265818091e+02 3.5495177971e+01 -1.5354788348e+02 2212 -2.5969309867e+00 3.4355580278e-01
52741 -2.6092099064e+02 -1.1547496802e+03 4.5124886265e+03 5.4827719154e+02 -1.0470175070e+02 -1.2794418473e+02 2212 -2.5432068023e+00 2.8292861196e-01
52828 -2.8430820835e+02 -1.1574447490e+03 4.5798340956e+03 3.9457412485e+02 -1.3561781738e+01 -2.9966539909e+02 2212 -1.0894815200e+00 1.0037710179e-01
52901 2.0497769733e+02 -9.7263663465e+02 4.3661355475e+03 4.6886765713e+02 -8.3734024908e+01 -1.8112239571e+02 2212 -5.2018558590e+00 7.3821080864e-01
53580 -1.2638662350e+02 -9.3801974616e+02 4.4652389862e+03 5.7025377356e+02 1.8643188045e+02 -9.1414213624e+01 2212 -3.5567004124e+00 1.1155111131e+00
53607 1.2253950591e+02 -1.1704666793e+03 4.4694082763e+03 4.4154482443e+02 1.5813062780e+02 -8.7765942563e+01 2212 -3.5261926574e+00 1.0471940306e+00
53637 1.7136910511e+02 -1.1659490130e+03 4.6009537245e+03 1.6870001734e+02 -8.6572809523e+00 -1.5499260344e+02 2212 -2.0084764734e+00 1.2167054411e+01
53994 1.2404306252e+02 -1.0146585337e+03 4.5461122988e+03 2.5143109595e+02 -5.4718184464e+01 -3.8890140690e+02 2212 -4.8282099196e+00 7.6308606866e-02
54350 -9.0130324096e+01 -1.1261199754e+03 4.5753944376e+03 1.8383073910e+02 2.9883029151e+01 -4.5249652554e+02 2212 -4.0201584874e+00 4.7165711870e-03
54401 1.2666292238e+02 -1.0967589992e+03 4.2901708523e+03 1.5030489088e+02 -5.1916239506e+01 -4.3702721738e+02 2212 -1.2775406120e+00 5.4357731438e-03
54408 -6.5085306541e+01 -9.8400003550e+02 4.2945316217e+03 3.5808999006e+02 1.2586201715e+01 -3.7337278669e+02 2212 -3.0962103531e+00 6.1557493624e-02
54555 -2.5462399645e+01 -9.0466902548e+02 3.8744805917e+03 5.3430419523e+02 -7.4792415990e+01 -1.3819688194e+02 2212 -4.9394081971e+00 8.9989807047e-01
54711 2.2426173203e+02 -1.0025131414e+03 3.9874167154e+03 2.6201203079e+02 -4.7035629121e+01 -1.5558940493e+02 2212 -2.8705169023e+00 4.8144775236e+00
54895 -1.0651800805e+02 -1.0024098632e+03 4.6605979562e+03 3.0450170737e+02 -2.9183397217e+01 -3.9816410872e+02 2212 -3.1962333464e+00 4.1574771532e-02
54912 -1.5520790077e+02 -1.1845457022e+03 4.5727723505e+03 4.6571484655e+02 -3.8318165826e+01 -2.6673005489e+02 2212 -2.8901270353e+00 8.8822992656e-02
55783 -5.0926885194e+01 -1.0350838478e+03 4.3354354938e+03 2.1950133460e+02 -1.5149786688e+01 -2.5621060403e+02 2212 -4.8302150082e+00 1.8670451304e+00
55786 -1.4277051402e+02 -1.0115506951e+03 4.2468298121e+03 4.5366747327e+02 -1.4796361942e+02 -2.8457288986e+02 2212 -1.0740060413e+00 8.8553211196e-02
55915 -5.6939476794e+01 -8.4433216129e+02 3.8462069125e+03 2.7643494029e+02 -1.5395425925e+01 -3.4728395320e+02 2212 -4.6437566734e+00 4.9242735250e-01
56070 1.8436964871e+02 -1.0440941796e+03 4.6309058880e+03 1.5386732646e+02 1.6964018232e+01 -1.6973604901e+02 2212 -3.9202719748e+00 2.0940802564e+01
56653 9.8969641240e+01 -1.0666885036e+03 4.1377784860e+03 1.4814929395e+02 -1.8758663929e+01 -2.5611709838e+02 2212 -2.5296331611e+00 2.1624006531e+00
57764 -1.2292761899e+01 -1.0547109660e+03 4.8571811784e+03 4.9433379823e+02 1.7696909620e+02 -1.5477513877e+02 2212 -2.1699623154e+00 8.2723594811e-01
57768 -1.0151221790e+01 -1.0111438469e+03 4.7544427016e+03 3.9865053909e+02 -1.2393601764e+02 -1.0251798090e+02 2212 -3.7155585033e+00 3.3937493756e+00
58290 -2.5631957513e+02 -1.0059730419e+03 4.4223020168e+03 4.6742975850e+02 1.0613159228e+02 -2.4524875321e+02 2212 -1.8660392712e+00 3.2494140217e-01
59023 1.7237728042e+02 -1.0473161445e+03 4.4542762049e+03 4.5991488919e+02 8.2034363339e+01 -1.4250369293e+02 2212 -2.2979768361e+00 1.0855493820e+00
59100 1.8701772009e+02 -8.9249463208e+02 3.9504179268e+03 4.7823177792e+02 -1.4427402879e+02 -7.5116859817e+01 2212 -2.4791830028e+00 2.1812409342e+00
59173 1.5733504886e+02 -1.0680777974e+03 4.8305065270e+03 2.6681121101e+01 -3.1447250311e+00 -3.6491613192e+02 2212 -3.4565844254e+00 3.8227795009e-01
59480 4.6185627256e+01 -9.4406134527e+02 4.0117222047e+03 2.3453204941e+02 -1.7840899209e+01 -3.5513401379e+02 2212 -5.4726353888e+00 3.1521330619e-01
59521 -1.8190613406e+02 -8.7848260176e+02 3.9237029470e+03 1.6611347542e+02 3.8858594019e+01 -4.4449018362e+02 2212 -1.0540148844e+00 3.2649619648e-02
59991 -2.3994375874e+02 -1.0255298283e+03 4.7383715043e+03 1.1911828873e+02 2.5324753769e+01 -2.8377417990e+02 2212 -3.3428962163e+00 2.4078490840e+00
60273 9.3090264607e+01 -1.0065897154e+03 3.8543201040e+03 1.9344136450e+02 -4.6077736802e+01 -3.9160180519e+02 2212 -3.7444028708e+00 7.0118071675e-02
60355 -2.5738765965e+02 -1.0383853225e+03 4.4589399453e+03 1.7781662465e+02 1.5397092223e+01 -4.2973228046e+02 2212 -3.6663957750e+00 2.6480476138e-02
60492 -5.2475659209e+01 -9.9031368823e+02 4.1130819355e+03 2.2020590233e+02 2.2681550672e+01 -4.2461820712e+02 2212 -5.0252330869e+00 3.2385547863e-02
60698 1.7735536067e+02 -1.1711670417e+03 4.7488736900e+03 2.6005909377e+02 -5.2150108756e+01 -4.1850669200e+02 2212 -2.8818137718e+00 1.8908149834e-03
60978 -9.2737961557e+01 -1.0061682282e+03 4.0682463825e+03 1.6039140218e+02 -3.9623908321e+01 -4.0052022602e+02 2212 -4.2399719201e+00 8.5782710224e-02
61129 1.2562223860e+01 -9.4404082928e+02 4.0380192987e+03 3.5800783370e+02 2.3174093378e+01 -1.4839397557e+02 2212 -5.2678087221e+00 3.6275926997e+00
61225 1.8474194928e+02 -1.1504231208e+03 4.7865360389e+03 1.3293099815e+02 -1.7278373423e+01 -4.1868318708e+02 2212 -1.0618343246e+00 1.8097433166e-02
61727 -2.0016763939e+02 -8.7037055821e+02 3.8805451016e+03 4.1330454840e+02 -1.2037384625e+02 -2.9036139433e+02 2212 -2.7810200660e+00 2.9687927039e-01
61990 2.4757940012e+02 -9.1977864422e+02 4.2235530314e+03 3.5470821343e+02 5.2115413035e+00 -3.6464460544e+02 2212 -3.7486174616e+00 7.1818587642e-02
62067 -1.1774067680e+01 -8.8365849213e+02 4.1723991131e+03 4.2323850036e+02 -9.4850517265e+01 -2.2434044842e+02 2212 -5.3458236922e+00 1.1085919004e+00
62170 -1.1307836257e+02 -9.9056803956e+02 4.2735443894e+03 3.1912835041e+02 -5.9053376555e+01 -3.6265267923e+02 2212 -3.7427313027e+00 9.5264231240e-02
63409 2.0040995683e+02 -9.4444854018e+02 4.0801329356e+03 3.2986238508e+02 2.1273940416e+01 -2.3679407943e+02 2212 -3.3701031441e+00 1.3886227427e+00
64102 1.6665112946e+02 -1.0519137356e+03 4.5898604210e+03 2.7103123280e+02 -6.5593575835e+01 -3.8383469350e+02 2212 -5.2819536517e+00 4.2074459842e-02
64552 -1.1963295094e+02 -1.0549692221e+03 4.2868268894e+03 3.6120813018e+02 3.4164449181e+00 -9.6047376007e+01 2212 -4.4016927488e+00 3.8032883212e+00
64711 -7.0842147990e+01 -1.1097900097e+03 4.2951777407e+03 4.2947813337e+02 8.9856348052e+01 -1.7266673007e+02 2212 -6.5912150498e-01 7.3901134247e-01
65286 5.1817766392e+01 -9.0856357991e+02 4.0681737653e+03 1.5799888144e+02 -4.9965310742e+01 -3.0161737516e+02 2212 -3.8898554277e+00 1.9035726570e+00
65886 -1.8245421946e+00 -8.6325011847e+02 4.0146169760e+03 3.5583228634e+02 -8.1536258298e+01 -3.6976863907e+02 2212 -9.4380169362e-01 8.2558930421e-02
66023 7.0482388534e+01 -1.0575186652e+03 4.3258386607e+03 1.2481187408e+02 1.8369895131e+01 -3.2046151075e+02 2212 -2.8018802737e+00 7.7049325577e-01
66295 -3.1284702511e+02 -1.0776629192e+03 4.4572280479e+03 4.1412127997e+02 -1.2448889518e+02 -2.0075510230e+02 2212 -3.5452207336e+00 4.9126529563e-01
66382 -8.4439276592e+01 -9.1549932222e+02 4.0554143259e+03 5.9767945378e+02 -4.5944219674e+00 -1.0533701362e+02 2212 -4.5964920796e+00 7.7838341105e-01
66434 -2.1117063780e+02 -1.1840491627e+03 4.7879894152e+03 4.7409882515e+02 -1.6136276953e+02 -9.7773055516e+01 2212 -9.1168005671e-01 6.1010806551e-01
66643 -6.8893410010e+01 -9.2573202448e+02 4.3923441836e+03 1.8130121252e+02 2.5137362843e+00 -4.0414963784e+02 2212 -4.1330489197e+00 1.6105060222e-01
66956 3.2582104029e+01 -9.2756080396e+02 3.8404548063e+03 3.4543305353e+02 9.8626734473e+01 -3.5148901296e+02 2212 -2.0221564483e+00 1.3205339386e-01
67108 1.4279769162e+01 -9.9713788095e+02 3.8275155964e+03 4.4700474524e+02 -5.0174991033e+01 -3.2180224483e+01 2212 -2.4566281734e+00 2.8647865484e+00
67505 1.6112898121e+02 -1.1026152991e+03 4.3944120526e+03 2.9695781305e+02 -8.1616263291e+01 -3.9719887309e+02 2212 -2.4123595476e+00 6.6865986655e-03
67623 -4.2323560363e+00 -1.0202417429e+03 4.2947480351e+03 6.5238638271e+01 -1.7987343178e+01 -4.5682616559e+02 2212 -2.2310159770e+00 9.8169896197e-03
68281 -6.7354991031e+01 -9.0524526903e+02 4.2224155143e+03 1.1867429056e+02 3.1607064588e+01 -3.3198336290e+02 2212 -2.4243928033e+00 1.5128089211e+00
68772 -7.3766585579e+01 -9.7885965151e+02 3.9462842820e+03 4.7507899915e+02 -2.1793424839e+01 -1.6940146006e+02 2212 -2.6675044496e+00 8.5335282364e-01
68918 1.0267636894e+02 -9.9389776796e+02 4.3672852988e+03 9.3382675847e+01 -2.8397487953e+01 -1.8585189472e+02 2212 -3.1350704220e+00 3.2620699322e+01
69481 2.0225411611e+02 -9.0963709133e+02 4.0148832903e+03 1.1156561960e+02 -2.8676538225e+01 -4.6031737516e+02 2212 -2.6737618593e+00 3.6811993019e-03
69879 -6.9078426359e+01 -1.0487374592e+03 4.6861818944e+03 1.1120233000e+02 3.2789205853e+00 -3.5116652991e+02 2212 -5.1169490728e+00 5.2125169474e-01
69923 -1.6417569102e+02 -1.1897174523e+03 4.5864125085e+03 1.8161430560e+02 1.2871633181e+01 -9.6082418607e+01 2212 -3.8117709402e+00 2.8662115875e+01
70228 -1.0819779596e+02 -1.1230267782e+03 4.2089905483e+03 2.5917967638e+02 6.0489444588e+01 -2.6614322485e+02 2212 -7.7142581996e-01 6.4049792363e-01
70360 -2.0506238231e+02 -9.6078880160e+02 4.4728763985e+03 3.9827782846e+02 -3.5142067728e+01 -1.0657142378e+02 2212 -3.7720468729e+00 4.0960720810e+00
70752 -2.8770632103e+02 -1.0050882482e+03 4.2792772977e+03 4.5266449258e+02 -1.4627700056e+02 -3.1163984580e+01 2212 -5.0400744560e+00 2.4998353531e+00
71079 2.5186035924e+01 -1.1004205481e+03 4.2127523425e+03 3.5380375318e+02 5.9501450353e+01 -3.5090970081e+02 2212 -1.1353374943e+00 6.7124246093e-02
71207 -9.9324054316e+00 -9.2213376007e+02 4.3502265668e+03 1.8851144521e+02 -1.8730267153e+01 -4.0581965507e+02 2212 -4.9797004911e+00 1.3504457571e-01
71219 2.1362455540e+02 -9.0316511242e+02 3.9685032026e+03 1.4644641238e+02 -3.1601231391e+01 -4.1982469292e+02 2212 -1.3669861837e+00 6.6117972748e-02
72142 4.6016730184e+01 -1.1358957023e+03 4.3932603677e+03 3.0484576695e+02 9.5740566868e+01 -4.0619651492e+02 2212 -9.2374018696e-01 8.5330809273e-03
72268 1.7797192787e+02 -8.9321548433e+02 3.9835218223e+03 5.1969080851e+02 1.5533956460e+02 -1.7856485995e+02 2212 -5.0723959955e+00 5.9508022194e-01
73292 2.1387724877e+02 -1.0772159062e+03 4.3557146938e+03 1.4352852064e+02 1.8160622303e+01 -3.8522962399e+02 2212 -2.4726839685e+00 1.3025874019e-01
74386 5.2672524858e+01 -8.7166175978e+02 4.0905172037e+03 3.6262868493e+02 -1.7835448621e+01 -3.7114740580e+02 2212 -2.2397839029e+00 8.7739609299e-02
75122 -1.9270139474e+02 -1.2203223567e+03 4.8885095694e+03 7.6682799872e+01 1.6742769627e+01 -2.6286596049e+02 2212 -2.7057885176e+00 1.6137994575e+00
75178 -2.1615651089e+02 -9.0731428386e+02 4.0393220964e+03 3.2119596767e+02 -1.1619448217e+02 -7.1273589533e+01 2212 -2.0731882094e+00 8.6709059326e+00
75438 4.8538258500e+01 -1.0149722132e+03 4.7140023431e+03 1.0609059047e+02 -3.2435598934e+01 -4.0698193796e+02 2212 -1.1586863846e+00 1.7343226263e-01
75454 5.0275692447e+00 -1.0343366940e+03 4.0626544486e+03 7.7325164918e+01 -2.2773787713e+00 -2.4631847725e+02 2212 -2.6036874049e+00 5.3379490848e+00
75968 -2.5531151922e+02 -1.0587797005e+03 4.2259107349e+03 2.2923142772e+02 2.7143705263e+01 -4.2974894525e+02 2212 -4.0426750069e+00 1.3115935254e-02
75989 -1.3691833434e+02 -9.2261559140e+02 3.9690701616e+03 4.7111498568e+02 -6.1925391419e+00 -2.3880858688e+02 2212 -3.6285598152e+00 4.6475747521e-01
76066 -1.4674422002e+02 -1.2077529444e+03 4.8303341960e+03 1.6809311512e+02 2.5328279539e+01 -2.6194276091e+02 2212 -2.2014052381e+00 1.0502502883e+00
76363 -9.5446062768e+01 -1.1126493178e+03 4.3562815189e+03 5.8397765894e+02 -3.3736239228e+01 -1.4360289748e+02 2212 -1.1658509118e+00 2.1100522023e-01
76403 2.2004399556e+02 -1.0439131507e+03 4.1200440530e+03 3.0334052030e+02 1.0621123242e+02 -4.0191558421e+02 2212 -3.1621873607e+00 1.3964442465e-02
76724 -5.1629401169e+01 -9.5251284320e+02 4.0771914878e+03 2.4400565803e+02 -6.2699455507e+01 -3.4659805038e+02 2212 -8.6897619837e-01 3.3096503727e-01
76916 2.5696021872e+01 -1.1279758263e+03 4.8031596549e+03 4.2879138582e+02 6.5174116139e+01 -6.4004501633e+01 2212 -3.7427018636e+00 2.5378591130e+00
77236 1.5508385603e+02 -1.1054343217e+03 4.4812134995e+03 2.6209988568e+02 5.0414550329e+01 -1.1545796823e+02 2212 -2.3982204411e+00 7.4678209832e+00
77796 -9.5457801412e+01 -9.7198054687e+02 4.4099231111e+03 1.0944385601e+02 -1.3284747892e+01 -1.3057591025e+02 2212 -3.3236834146e+00 1.4524977077e+02
77799 -3.4851460444e+01 -8.6799311638e+02 3.8842892861e+03 2.1081245854e+02 -6.1335149370e+01 -3.2510601111e+02 2212 -1.2235264720e+00 1.0165997631e+00
79422 1.9028283493e+02 -1.0617388732e+03 4.7871099668e+03 2.8188690491e+02 6.7334927166e+01 -2.4682584157e+02 2212 -4.3826173730e+00 1.3248457884e+00
80000 2.0961788186e+02 -9.9083192179e+02 4.6910822267e+03 4.9451378688e+02 -5.9950504891e+01 -2.4769374888e+02 2212 -3.4566551163e+00 1.8888224946e-01
81268 -4.0186597983e+01 -1.1152120223e+03 4.5285916166e+03 1.0807283023e+02 1.5986318269e+01 -4.1456150872e+02 2212 -4.1933997145e+00 4.4726066331e-02
81569 -2.5422920908e+02 -1.1099017392e+03 4.6918463156e+03 2.1551536574e+02 -5.4206912038e+01 -3.7752030428e+02 2212 -2.8565050715e+00 7.1427888884e-02
81931 1.3958101590e+02 -1.1007402343e+03 4.3507230491e+03 2.6741772194e+02 -4.8734235855e+01 -3.0721206418e+02 2212 -6.6709055286e-01 2.6132192061e-01
82388 -6.4619411261e+01 -1.1235763845e+03 4.4072872967e+03 4.1625643831e+02 -1.5069455344e+02 -2.5981545334e+01 2212 -2.6190125111e+00 2.2604090241e+00
83326 -4.9737581715e+01 -1.0493995252e+03 4.2603128081e+03 4.5262109814e+02 -2.3037314819e+01 -1.1895586472e+02 2212 -5.4671671761e+00 1.4665629939e+00
83545 -3.1715750505e+01 -1.0575552475e+03 4.8455076486e+03 2.9475257711e+02 1.0318633648e+02 -3.9349659739e+02 2212 -5.1730125672e+00 5.2203186229e-02
84044 2.6019396880e+02 -1.0145751887e+03 4.3004443297e+03 6.0903781907e+02 3.7701784634e+01 -8.0285988414e+01 2212 -2.9546940171e+00 4.4656663188e-01
84234 -2.1012416078e+02 -9.6039542351e+02 3.9436638701e+03 5.2591400834e+02 -3.7419514213e+01 -1.4958065444e+02 2212 -1.2438507443e+00 6.7654040124e-01
84490 -1.8632559218e+02 -9.9751143856e+02 4.2328434470e+03 5.4653546911e+02 6.0985297286e+01 -3.9484522952e+01 2212 -1.1373368436e+00 1.6012351763e+00
84825 -2.2981747052e+02 -1.0205266686e+03 4.6202247286e+03 3.8237741970e+02 3.6912939363e+01 -4.4652072701e+01 2212 -4.3528012251e+00 5.8035300390e+00
84868 -3.0835338238e+02 -1.0674779437e+03 4.5940078742e+03 1.0257285542e+02 1.7550660620e+01 -3.9167499387e+02 2212 -5.3545766727e+00 1.6533610851e-01
85060 1.5600257151e+02 -9.9391864694e+02 4.1827669093e+03 3.6520255552e+00 8.8501031316e-01 -6.4032280441e+01 2212 -1.3201231330e+00 3.0946412732e+03
85582 -1.0848887787e+02 -9.7737319030e+02 4.4478880297e+03 1.5979477979e+02 7.2688212943e+00 -2.8744326015e+02 2212 -1.8801462075e+00 2.2842146018e+00
85589 2.4283048049e+01 -9.3629379926e+02 4.3657217068e+03 2.5128078052e+02 7.7969014621e+01 -2.2472859818e+02 2212 -1.8587626454e+00 4.1097026565e+00
86735 -1.6267255067e+02 -8.7714493179e+02 4.1093675299e+03 4.8408670006e+02 5.4010505477e+01 -9.2451213157e+01 2212 -5.1382972773e+00 2.9669760520e+00
86856 -1.8090533376e+02 -8.7957712224e+02 4.0966799560e+03 4.3193011276e+02 -1.1810946450e+02 -2.0922378424e+02 2212 -1.7885321688e+00 1.1161501427e+00
87075 -3.0791630468e+02 -1.0637705983e+03 4.4586041336e+03 5.5606997513e+02 -1.6924142298e+02 -7.7682863412e+01 2212 -1.8553997583e+00 5.4106558278e-01
87558 1.4084114427e+02 -1.0843183522e+03 4.2118802055e+03 8.0084947424e+01 -2.8672221292e+01 -4.4157102296e+02 2212 -5.1192412358e+00 9.2812578477e-03
87587 2.8930340627e+02 -9.2787949402e+02 4.2018348054e+03 4.3362560505e+02 -5.7065472633e+01 -1.8780022207e+02 2212 -4.6484127846e+00 1.0217529683e+00
87634 -2.8253697623e+01 -9.4127723419e+02 3.8062579138e+03 3.6398266494e+02 2.8081208737e+01 -3.2960814062e+02 2212 -4.5032222494e+00 1.8535969333e-01
87999 -1.9458387386e+02 -9.9835252223e+02 4.2835048705e+03 2.9788390951e+02 -8.0279779612e-01 -1.4142642361e+01 2212 -4.1012944824e+00 1.6777823195e+01
88763 -5.8740348776e+00 -1.0112762783e+03 4.3488929217e+03 6.5574128312e+02 1.4840778446e+02 -3.2319142204e+01 2212 -3.8191455086e+00 5.6431040849e-01
88897 -3.6948224466e+01 -9.6173894073e+02 3.8349337202e+03 5.4424694248e+02 -7.9520698385e+01 -1.8394565757e+02 2212 -4.4155832038e+00 3.0735148169e-01
89136 8.7241101254e+00 -1.0057053812e+03 3.9446239904e+03 3.5891106419e+02 1.1938670009e+02 -3.3972618764e+02 2212 -3.0359029672e+00 9.7335403418e-02
89242 -7.5314999446e+01 -1.0628669437e+03 4.5862963683e+03 5.0475558975e+02 3.6681660574e+01 -8.5083472989e+00 2212 -1.3389049245e+00 2.4939723620e+00
90237 4.4989913177e+01 -1.0152745021e+03 4.5853419957e+03 4.6366987534e+02 -7.7923074059e+01 -1.9571337066e+02 2212 -2.2503388715e+00 6.8261289422e-01
90362 3.0549372885e+02 -1.1024416552e+03 4.6246341706e+03 2.2564968517e+02 8.1271927718e+01 -3.4120528914e+02 2212 -1.4788627608e+00 1.7542276362e-01
90722 -2.0076955925e+02 -1.0586302594e+03 4.7479326354e+03 1.6287515072e+02 -2.0397522241e+01 -2.7670822841e+02 2212 -1.2038449356e+00 1.8241267926e+00
90858 -1.0575020009e+02 -1.2097278249e+03 4.6596781944e+03 8.7703930666e+01 -4.2415382076e-01 -3.9162710793e+02 2212 -6.2600255664e-01 5.7921148573e-02
90877 -1.0146034699e+01 -1.0352837370e+03 4.6211699610e+03 3.4562212463e+02 9.1626239691e+01 -1.7968747338e+02 2212 -3.1451891195e+00 2.4097324847e+00
91070 -1.7026181474e+02 -1.1378124977e+03 4.6441350986e+03 1.5021655917e+02 2.7373234652e+01 -4.6158428085e+02 2212 -4.3020197500e+00 3.8143399605e-03
91480 6.2637893519e+01 -1.0405123265e+03 4.3693876691e+03 3.0870169782e+02 -1.3372054117e+01 -3.8417122789e+02 2212 -4.5270133782e+00 4.1775767610e-02
91762 -2.6347243987e+02 -8.6919835168e+02 3.8674178838e+03 4.0458673364e+02 -1.0747871549e+02 -8.2068788060e+01 2212 -1.1371836434e+00 4.2008838093e+00
92406 -4.0890964409e+01 -9.2622986228e+02 4.3091813237e+03 2.3565236816e+02 -4.3136814868e+01 -2.2316860863e+02 2212 -1.2998570811e+00 4.8562004188e+00
92481 6.1247588497e+01 -1.0153300938e+03 4.6786453215e+03 5.1413087107e+02 -2.4506306846e+01 -1.8411062894e+01 2212 -4.2998888642e+00 2.7933676035e+00
92936 -7.4455895493e+01 -1.1503794442e+03 4.6340758545e+03 1.7521584794e+02 3.4813812610e+00 -4.5361092908e+02 2212 -3.4055096034e+00 4.0055522577e-03
93671 -1.4065758507e+02 -1.2658416134e+03 4.8733042502e+03 2.1532680027e+02 3.7016023589e+01 -2.0685642225e+02 2212 -1.9965430810e+00 1.5733237511e+00
94651 1.5308290097e+02 -9.7698491186e+02 4.1674900231e+03 2.7765874012e+02 -7.4173778934e+01 -3.8256147269e+02 2212 -1.2300636754e+00 7.0696350168e-02
94884 -3.1823950270e+02 -1.1989961842e+03 4.8837465312e+03 1.7290306730e+02 -2.0682671209e+01 -4.3011561149e+02 2212 -4.3348193385e+00 5.7704569488e-03
95162 -1.3773393334e+02 -9.2524107484e+02 4.0783286257e+03 6.0404556248e+02 -2.9739448477e+01 -6.6475623545e+01 2212 -7.2544980049e-01 1.0871986375e+00
96183 1.2084199994e+02 -1.2423771529e+03 4.7014871174e+03 3.4689879643e+02 5.3577557429e+01 -1.0111040233e+02 2212 -2.5833051112e+00 1.8108687906e+00
96445 4.4910463709e+01 -9.1962621104e+02 3.9399356540e+03 2.9894053690e+02 -4.4219015112e+00 -2.5602364042e+02 2212 -3.8260778454e+00 1.5996339220e+00
96717 -8.4755393427e+00 -1.1180035980e+03 4.3453417443e+03 5.0545050565e+02 1.0175495419e+02 -4.0299215843e+01 2212 -2.6005026379e+00 1.3165186765e+00
96807 8.8961113589e+01 -8.6002909703e+02 3.9409447638e+03 2.3210565929e+02 5.7518398056e+01 -4.2385796448e+02 2212 -1.4977720084e+00 5.0687261260e-02
97773 -2.3108678529e+02 -9.7626248666e+02 4.4369730365e+03 3.5922920534e+02 -7.6388322480e+01 -3.6744343779e+02 2212 -4.3543787191e+00 7.3012137795e-02
97988 2.4831390062e+01 -9.4787451800e+02 4.5461849678e+03 4.8927524373e+02 -9.3025235759e+01 -6.0804266858e+01 2212 -4.8418533041e+00 3.0436631636e+00
98059 2.4837739566e+02 -1.0416437444e+03 4.5648744480e+03 3.0014821413e+02 2.9924916399e+01 -3.2763266151e+01 2212 -1.2901183423e+00 1.2561130793e+01
98859 2.5965625339e+02 -1.0481858001e+03 4.4280612586e+03 8.3609443560e+01 -1.0144980751e+01 -2.8780649068e+02 2212 -4.6121526412e+00 1.6933679191e+00
99433 2.0309146844e+02 -9.9941460988e+02 4.0139895243e+03 3.4386620098e+02 -7.6865944633e+01 -3.6522423820e+02 2212 -2.4505373924e+00 3.7953772547e-02
100090 -1.2248858804e+02 -1.0829980345e+03 4.3936570404e+03 2.2942436578e+02 4.7793760396e+00 -2.6133495551e+01 2212 -4.7316454160e+00 3.8070580714e+01
100747 1.3774517592e+02 -9.3252283157e+02 4.0675482122e+03 2.3023736175e+02 -2.8342655037e+00 -4.2550384075e+02 2212 -3.8806738071e+00 3.3395851262e-02
100832 -1.1438194337e+01 -1.2265096848e+03 4.7923869926e+03 3.2225462323e+02 1.7156928771e+01 -3.9281895100e+02 2212 -1.8683165645e+00 1.2838147363e-02
101086 9.6619298802e+01 -1.0420251943e+03 4.6138476563e+03 5.7947970546e+02 5.0775276618e+01 -2.5044771613e+01 2212 -3.5674135569e+00 1.2997131420e+00
101628 2.2394068068e-01 -1.1202036638e+03 4.6665866025e+03 5.6665930045e+02 8.4613671276e+01 -1.3546978339e+02 2212 -5.9760954184e-01 3.5135007022e-01
101674 -1.1759895755e+02 -1.0159865957e+03 4.4542884901e+03 3.8752475331e+02 -1.0285515442e+02 -3.1648208095e+02 2212 -2.2491509113e+00 1.6464166025e-01
101936 -3.1033471555e+02 -1.0785713186e+03 4.5504709709e+03 1.3543704632e+02 -7.8868614285e+00 -4.1000221357e+02 2212 -4.2627821486e+00 4.6475245879e-02
102051 -2.9324815587e+01 -1.1360644409e+03 4.5093377694e+03 2.8189782797e+02 -3.1327251857e+01 -3.8961978573e+02 2212 -2.5921098697e+00 2.4002019423e-02
103188 1.8398163738e+02 -9.5083574749e+02 4.2688929901e+03 1.3887768070e+01 -4.7936838653e+00 -4.7283430871e+02 2212 -1.2833377551e+00 1.7389215373e-03
103226 -8.9252129841e+01 -8.7401695696e+02 3.8203750615e+03 5.2783756713e+02 -2.0114503941e+01 -1.4706527650e+02 2212 -1.3692515222e+00 1.0713776988e+00
103401 -7.3039588667e+01 -9.3817875078e+02 4.1248481692e+03 4.0550912362e+02 -1.3243265603e+02 -1.5710786442e+01 2212 -5.2025809798e+00 5.6547198186e+00
103615 -2.3774051694e+02 -8.6595215150e+02 3.8221324124e+03 1.9676306659e+02 2.0268659067e+01 -2.1366938848e+02 2212 -2.6894839837e+00 7.5532720668e+00
103622 2.4984176391e+02 -1.0482802724e+03 4.3863220049e+03 7.2459180487e+01 -2.2586843319e+01 -4.5470945873e+02 2212 -3.2084423054e+00 4.6541829947e-03
103853 -3.0478450759e+02 -1.1516192351e+03 4.9379850273e+03 2.8491191478e+02 4.0722913209e+00 -1.8716060833e+02 2212 -3.2267765894e+00 2.0048774595e+00
104118 1.6965296129e+02 -1.0169808535e+03 4.0659643460e+03 2.5932251329e+02 3.7832012524e+01 -3.8201824259e+02 2212 -6.5878107050e-01 7.0478683405e-02
104526 -7.6809226672e+01 -1.0032332590e+03 4.1421025851e+03 5.8812630212e+02 7.6274298183e+01 -1.3624545866e+02 2212 -2.1008500394e+00 4.0673785565e-01
104754 2.4355421466e+02 -9.9758369140e+02 4.2730325696e+03 1.4120699160e+02 5.5718499190e+00 -2.4080884263e+02 2212 -1.5258070391e+00 4.5595453510e+00
104791 6.5086652729e+01 -9.3671338676e+02 4.4309433435e+03 5.7762081764e+02 -9.2421855214e+01 -1.1811637061e+02 2212 -4.2316367473e+00 7.5463134829e-01
105224 -1.4742858101e+02 -9.2697329698e+02 3.9502991745e+03 4.1365658481e+02 1.2865553461e+02 -3.2566965080e+02 2212 -3.2997949126e+00 1.3226960834e-01
105258 5.4980259527e+01 -1.0469918274e+03 4.5883174912e+03 2.4153745051e+02 5.6836076403e+01 -3.9494444241e+02 2212 -1.5373811075e+00 9.2603700086e-02
105264 -2.8011131089e+02 -1.1948257758e+03 4.8912326171e+03 4.1421623002e+02 -1.2218516030e+02 -2.3451259537e+02 2212 -2.9194169883e+00 1.6962543079e-01
105359 -5.0013841929e+01 -1.2528242641e+03 4.8468475045e+03 2.8339896747e+02 5.7193744122e+00 -2.9107823285e+02 2212 -5.4432308285e+00 2.0481830435e-01
105667 -2.5174865078e+02 -1.0799631077e+03 4.6224018853e+03 5.0066113869e+02 6.9038440190e+01 -1.4751200047e+02 2212 -5.1924412355e+00 7.0738709687e-01
105815 5.1124578731e+01 -8.8443553440e+02 4.0716187297e+03 3.7944475661e+02 4.7566107368e+01 -2.5660051998e+01 2212 -3.8077019313e+00 9.4837958501e+00
105928 1.6419126099e+02 -1.1413515519e+03 4.4214866490e+03 1.3197430929e+02 -2.4041316306e+01 -4.5949088111e+02 2212 -3.3099997423e+00 2.6604642934e-04
106143 7.7285540008e+01 -9.1035824225e+02 4.0782493025e+03 1.5728063185e+02 5.2106138634e+01 -4.3780699317e+02 2212 -3.0522704853e+00 4.5256249228e-02
106645 -1.7432868333e+02 -1.1177501551e+03 4.6254978175e+03 1.2733305457e+02 1.1512110205e+01 -3.5352487658e+02 2212 -1.0174250726e+00 2.5734834005e-01
106778 1.3336277691e+02 -1.0867670173e+03 4.1797678715e+03 4.7101385676e+02 1.0902564055e+02 -2.5366561560e+02 2212 -3.5284028174e+00 1.1852280975e-01
106842 -1.6130780650e+02 -1.1034114441e+03 4.7927543078e+03 4.2766274880e+02 1.1526005558e+02 -3.3423759414e+02 2212 -3.9123578959e+00 6.2580505208e-02
107059 -5.2814999975e+01 -1.1165582383e+03 4.6161785821e+03 7.3923632653e+01 -3.1562595808e+00 -4.7012218620e+02 2212 -4.1179769202e+00 2.2233377272e-03
107165 5.5738965318e+01 -8.9930909395e+02 4.2310781127e+03 4.4682518844e+02 8.3261830612e+01 -3.0660517152e+02 2212 -2.6105898311e+00 2.0009859913e-01
107196 3.9736764815e+01 -1.0498435958e+03 4.8252094817e+03 3.1282118394e+02 5.0276083226e+01 -2.9552790192e+02 2212 -8.9719333407e-01 5.7137384239e-01
108040 -1.8326440773e+02 -1.0951322285e+03 4.1795028645e+03 4.4731511369e+02 -1.1339818799e+02 -2.9847592957e+02 2212 -8.4286373062e-01 5.6027202553e-02
108186 2.6528550642e+02 -9.4957422698e+02 4.2942500666e+03 1.2284978171e+02 -2.6852705457e+01 -3.7618614376e+02 2212 -2.8507274559e+00 2.8251075965e-01
108321 -7.8194365440e+01 -9.9602513825e+02 4.2213808634e+03 1.5599799482e+02 4.0731623915e+01 -4.2344557906e+02 2212 -3.5867271021e+00 7.2051959794e-02
108365 -4.9010450601e+01 -1.1372224441e+03 4.4782266412e+03 3.8029715157e+02 -1.0057087620e+02 -1.9583784516e+02 2212 -2.9526114645e+00 6.2692165752e-01
108498 -1.7924830462e+02 -1.0802242663e+03 4.3328326098e+03 2.6331275562e+02 1.5228166058e+01 -3.7257842075e+02 2212 -4.1231670505e+00 9.4963645510e-02
109111 7.6110518951e+01 -9.7196905742e+02 4.5767054147e+03 3.3290924010e+02 3.9661352055e+01 -2.1314063174e+02 2212 -3.6778724969e+00 2.4350807347e+00
109181 1.8495152756e+02 -1.0511634371e+03 4.0968702708e+03 3.9654423823e+02 1.0614669853e+02 -2.1964781434e+02 2212 -2.5621686836e+00 5.4085891240e-01
109358 -1.5774932248e+02 -9.8299600790e+02 4.1969783368e+03 3.8556290130e+02 1.3654103685e+02 -6.3755137290e+01 2212 -2.3403878785e+00 4.3267636752e+00
109739 -2.2351195761e+02 -1.0858178758e+03 4.4092394517e+03 4.1671144308e+02 1.1950209556e+02 -3.4492237000e+02 2212 -2.6412329737e+00 4.9458754636e-02
109848 9.6960013971e+01 -9.8975996510e+02 4.4966542969e+03 1.2002762835e+02 -1.2698613184e+01 -4.6176602558e+02 2212 -1.9089268842e+00 4.0005661477e-03
109899 -1.1238070373e+02 -9.0594245275e+02 4.0543081470e+03 1.7077749034e+02 2.8610520452e+01 -4.2268459241e+02 2212 -6.7295598984e-01 7.9974631703e-02
110344 -1.0274560229e+02 -1.1743399133e+03 4.8505367699e+03 3.8421618673e+02 -2.5456956278e+01 -3.2256938577e+02 2212 -9.4414153905e-01 5.8969078738e-02
110643 1.6824598682e+02 -9.2192528681e+02 3.8931697012e+03 5.3794125809e+02 -1.1069855197e+02 -4.2242679442e+01 2212 -3.2044847957e+00 1.5759510643e+00
110780 -1.2540371811e+02 -8.8117239110e+02 3.8864913397e+03 9.0890385152e+01 -1.6830956782e+01 -2.0674908085e+02 2212 -2.0256097133e+00 2.5862892411e+01
110900 -1.1601462000e+02 -9.1706582995e+02 4.3288783705e+03 3.1955999967e+02 -1.0521882390e+02 -2.5840567404e+02 2212 -5.2665565403e+00 1.3766149508e+00
110912 7.2215674993e+01 -1.0368836451e+03 4.2448047251e+03 4.8621196157e+01 1.7648295095e+01 -4.6976704371e+02 2212 -1.8599965861e+00 2.2111655840e-03
111167 1.7036805558e+02 -1.0339696077e+03 4.7252791749e+03 3.7727708715e+01 2.9475936441e+00 -4.6991400592e+02 2212 -3.5873936799e+00 2.7182540586e-03
111168 -1.6482118042e+02 -1.0255616949e+03 4.1395743760e+03 2.4108205480e+02 -4.0393332396e+01 -3.5242190651e+02 2212 -1.3530827775e+00 1.8237143749e-01
111275 1.3267855690e+02 -9.9524126543e+02 4.2322930718e+03 7.3759020502e+01 -1.5730091573e+01 -4.6404878358e+02 2212 -2.3367632304e+00 3.4386134107e-03
111670 1.7883429862e+02 -9.6628715907e+02 4.0831557161e+03 4.6446933956e+02 -1.5060893521e+02 -2.5944745085e+02 2212 -3.8660741500e+00 1.2685296446e-01
112241 -1.8436282564e+01 -1.1872317809e+03 4.7224671005e+03 1.2925349728e+02 1.4912878875e+01 -1.6768287987e+02 2212 -1.1901808036e+00 1.6787812511e+01
112339 -3.2130332035e+00 -9.7401484084e+02 3.8222048027e+03 1.0916623625e+02 -2.8145311514e+01 -4.5435319786e+02 2212 -3.2766365057e+00 6.8276945811e-03
112489 -9.0600873789e+01 -1.0577600399e+03 4.4862430711e+03 2.2397486096e+02 -6.4935869030e+01 -4.2021438909e+02 2212 -3.5784680066e+00 1.8438898700e-02
112942 1.0217381204e+02 -1.1115954986e+03 4.6376501489e+03 2.6412092450e+02 -8.1436673831e+01 -1.1086505814e+01 2212 -1.7499670265e+00 1.7396317360e+01
113703 1.2476396570e+02 -1.0094799849e+03 3.9690198156e+03 5.2010001499e+02 -8.0535482021e+01 -2.3351682665e+02 2212 -4.0602794227e+00 1.1245670086e-01
113826 -1.0252942325e+02 -9.1323484535e+02 3.7688904448e+03 2.1389140809e+02 -5.9878145417e+01 -7.5545053877e+01 2212 -2.6050465025e+00 4.2032259073e+01
113864 2.8389295117e+02 -1.0313869404e+03 4.5498059254e+03 1.4682232757e+02 -1.4214176918e+01 -1.6811928657e+02 2212 -1.6120493140e+00 2.1493832144e+01
115300 -1.8317865157e+02 -9.6272005861e+02 4.0902987439e+03 3.8164343896e+02 -1.0627244635e+02 -3.1682473976e+02 2212 -5.2011490050e+00 1.4928978275e-01
115525 2.0032193691e+02 -9.2664193898e+02 3.9186406789e+03 6.1656471267e+02 6.7944976392e+01 -6.9677235024e+01 2212 -5.3500749969e+00 6.4301616678e-01
115875 -2.4089833861e+02 -1.1784658541e+03 4.6685751975e+03 2.5549807517e+02 7.7369264064e+01 -4.0208543064e+02 2212 -1.2627305272e+00 1.5891440493e-02
115958 1.2681989526e+02 -1.1199424321e+03 4.8225464479e+03 1.4512171561e+02 2.1041006915e+01 -4.2647795042e+02 2212 -4.1797999253e+00 2.2310387935e-02
116187 -7.5590821581e+01 -9.3590867506e+02 4.4373750608e+03 2.8803548035e+02 -3.2881749684e+01 -2.0192834248e+02 2212 -2.7857551917e+00 4.4231262090e+00
116941 -1.3882285921e+02 -1.0795691259e+03 4.2494465199e+03 2.2912220243e+02 4.7842663144e+01 -4.2438319929e+02 2212 -3.5617949134e+00 1.7389494968e-02
117019 -1.3699473016e+02 -1.0774916850e+03 4.4220079635e+03 6.6226910368e+02 4.1708009118e+00 -3.8729191042e+01 2212 -1.5254152922e+00 3.9749148567e-01
117138 1.5767197083e+02 -1.0845449021e+03 4.3077815729e+03 2.0509831189e+02 -4.1405275719e+00 -3.8690230592e+02 2212 -1.8733064453e+00 7.1075803056e-02
117900 3.0514616218e+02 -1.1135683359e+03 4.5383717550e+03 3.3954495171e+02 -1.0381873628e-01 -3.4996911970e+02 2212 -3.4159319005e+00 3.7309722848e-02
117985 5.9774940056e+00 -1.0506629967e+03 4.6926302459e+03 2.0990474405e+02 6.2522134502e+01 -3.6506926059e+02 2212 -3.7868035010e+00 2.3455951791e-01
118099 -1.7628712415e+02 -1.1542839281e+03 4.4334077646e+03 3.1605035298e+02 -5.6177816546e+01 -3.6726203008e+02 2212 -7.9899553861e-01 2.9423198877e-02
118302 3.7259595980e+01 -1.0637550863e+03 4.3061730586e+03 2.8384808411e+02 -6.7288235262e+01 -9.6379234519e+01 2212 -2.1067987483e+00 7.4888347094e+00
119086 1.2528030111e+02 -1.1120759043e+03 4.6777444070e+03 4.8286976948e+02 1.0598643874e+02 -1.4727490386e+02 2212 -1.1470902660e+00 6.7541027055e-01
119241 -1.1089772625e+02 -9.8058789071e+02 3.8838247939e+03 1.9631656171e+02 -3.7879232459e+01 -4.4380151320e+02 2212 -5.9172947379e-01 6.9808277701e-03
119742 2.4659970329e+01 -1.0404165199e+03 4.3404006233e+03 6.0698675609e+02 -1.7040672494e+02 -2.1512659074e+01 2212 -1.1406784547e+00 6.3600721474e-01
121344 -6.5188176804e+00 -9.1235755091e+02 4.2585321048e+03 2.8364690955e+02 -9.3708606748e+00 -6.3247898156e+01 2212 -4.4901009470e+00 2.3172129067e+01
121352 -3.9782357798e+01 -9.9031173732e+02 4.1090236231e+03 1.5841320077e+02 5.8872750231e-01 -3.9675068290e+02 2212 -9.7544947476e-01 1.4685925956e-01
121512 -1.8890087377e+02 -1.0196417587e+03 4.1679488567e+03 2.9232923435e+02 2.9789680583e+01 -3.7806907994e+02 2212 -1.0622612778e+00 7.2745914476e-02
121864 3.0760465946e+02 -1.1063627249e+03 4.4393161945e+03 2.3353343869e+02 -1.0615427761e+01 -1.1433109469e+02 2212 -2.7416612552e+00 9.7554643322e+00
122309 -1.2986072970e+02 -9.8724049021e+02 4.3025224639e+03 3.7141366609e+02 -2.9877571106e+01 -1.9223524338e+02 2212 -4.8154642347e+00 1.8161652865e+00
122956 1.6746311489e+02 -1.1350183813e+03 4.7447690444e+03 3.8052754072e+02 -9.8309069984e+01 -3.4597250145e+01 2212 -2.0011909336e+00 3.3856901026e+00
123592 1.8948513937e+02 -1.1811570563e+03 4.5187248494e+03 1.0448428076e+02 4.9234868680e+00 -2.6167460606e+02 2212 -2.8202232050e+00 1.4527024332e+00
123834 -4.7815515079e+01 -1.0830323231e+03 4.5300195503e+03 4.4358077304e+02 -1.0248662970e+02 -2.3549047292e+02 2212 -9.7469166922e-01 2.6034811735e-01
125745 -1.4452423374e+02 -8.8525391608e+02 4.0778296021e+03 8.4709858170e+01 1.2222054323e+01 -4.6717364406e+02 2212 -1.7226326973e+00 8.3904977798e-03
125931 -3.1596756913e+01 -9.1857133341e+02 4.2773626478e+03 9.7263032188e+01 1.1272069429e+01 -4.5063574363e+02 2212 -5.4346878601e+00 4.1307579923e-02
126093 -1.5169777020e+02 -1.0164615845e+03 4.4115917795e+03 3.8727374076e+02 -1.3821057155e+02 -2.5631412490e+02 2212 -3.3167221404e+00 3.9625474705e-01
126576 -2.2123632778e+02 -9.9343969508e+02 4.4917823815e+03 1.1781676738e+02 1.2812646447e+01 -4.3505855143e+02 2212 -3.2521466941e+00 4.1274018653e-02
126762 -9.1459627341e+01 -8.3889476722e+02 3.9280256963e+03 4.8426467610e+02 -1.6855471997e+02 -1.3944777905e+02 2212 -3.7780240686e+00 1.5761698140e+00
126865 -1.9536330536e+02 -1.0661583453e+03 4.4082231806e+03 5.0948895801e+02 1.5538048098e+02 -6.0395486999e+01 2212 -1.5732195363e+00 1.3185667324e+00
127769 -7.4504469902e+01 -9.8314191087e+02 3.9849790953e+03 1.4416084890e+02 1.0062579289e+01 -8.1950988221e+01 2212 -5.0680449822e+00 1.5547382638e+02
127992 5.1312083316e+01 -9.7276819616e+02 4.3809047627e+03 2.8595068800e+02 -1.3243113536e+01 -4.1012127363e+02 2212 -2.0562394762e+00 3.0264178662e-02
128440 -1.2848716712e+00 -9.4732671156e+02 4.1618700963e+03 2.1164575473e+02 -2.6767566342e+01 -4.1776809453e+02 2212 -1.6013990606e+00 5.8719885680e-02
128601 -2.2954499489e+01 -1.0815131477e+03 4.3337912679e+03 4.1761365572e+02 3.4521597930e+01 -3.3130207093e+02 2212 -3.3114039823e+00 6.5534613134e-02
128744 6.2607437698e+01 -8.9001530285e+02 4.0050148464e+03 3.5053231348e+02 1.5613094309e+01 -1.6015604348e+02 2212 -8.2101389486e-01 4.2855686841e+00
129543 -1.8475865333e+02 -1.0214455538e+03 3.9072563690e+03 4.8987632808e+02 1.2952390128e+02 -2.0104162683e+02 2212 -1.4678503568e+00 3.4433747470e-01
129556 1.5990824857e+01 -9.4808467168e+02 4.3711479160e+03 3.3344206090e+02 -1.0835806802e+02 -2.8467989280e+02 2212 -2.7182801447e+00 6.5069772557e-01
129853 -1.7950427708e+02 -8.1373206499e+02 3.8111661347e+03 2.9391244463e+02 4.8734198695e+01 -3.0807710878e+02 2212 -4.8685407285e+00 1.1044184033e+00
130226 2.7416254784e+02 -1.0185360291e+03 4.4643311454e+03 5.3253800131e+02 -2.1881868662e+01 -2.2153210166e+02 2212 -3.4948237550e+00 1.3259265453e-01
130399 9.1964732639e+01 -1.1559376980e+03 4.8168962544e+03 2.1783350368e+02 -6.3832754885e+01 -4.1427376980e+02 2212 -1.7133890635e+00 1.1161033771e-02
130404 -1.5511573561e+02 -1.1347117396e+03 4.4822133673e+03 2.2648960143e+02 4.6843990254e+01 -3.9847822361e+02 2212 -3.5792694958e+00 3.4373444779e-02
130932 -9.8842126649e+01 -8.8443225109e+02 3.9074968463e+03 3.5380562337e+02 4.1591281603e+01 -6.1067673344e+00 2212 -4.2533348834e+00 1.1789238536e+01
131043 1.7690364001e+02 -1.0083618121e+03 4.6279002809e+03 4.8759584578e+02 -4.5248784059e+01 -2.6114393895e+02 2212 -4.2736386037e+00 1.4911627424e-01
131563 -7.5581559526e+01 -1.0204916630e+03 4.1101371596e+03 4.0649552596e+02 7.6163662664e+01 -2.5322271013e+02 2212 -2.0197645093e+00 4.3943514437e-01
131610 -1.8155247409e+02 -1.1036543047e+03 4.3717989940e+03 2.0114376481e+02 4.4782644600e+01 -8.1773013497e+01 2212 -2.2394355882e+00 3.0944756003e+01
131800 1.8321122079e+02 -1.0278900553e+03 4.1837947951e+03 4.2624297721e+02 -2.6074575256e+01 -2.7845384289e+02 2212 -3.7855545159e+00 1.5512924207e-01
131851 2.0802247899e+02 -1.1225200626e+03 4.3611090680e+03 2.6302662235e+02 6.0833270591e+01 -2.7715175520e+02 2212 -1.8711487339e+00 4.6359673225e-01
132511 -1.4876971868e+02 -8.6160536556e+02 3.9973602349e+03 5.8098710224e+02 -2.3311927689e+01 -1.0897389416e+02 2212 -3.5394343392e+00 1.0877488081e+00
134016 4.5239953448e+01 -1.1229305333e+03 4.3071518291e+03 5.7061896655e+02 7.6916967534e+01 -3.9216838135e+01 2212 -1.9435593388e+00 7.1641074793e-01
134065 -1.9464309181e+02 -1.0895319888e+03 4.9092286004e+03 9.4019679159e+01 -3.1562805072e+01 -3.3126957269e+02 2212 -5.2534134779e-01 6.3886600135e-01
134209 3.4165640817e+01 -9.4380255689e+02 4.2142356380e+03 4.4221908693e+02 2.8400670484e+01 -2.8044240433e+02 2212 -2.1891843209e+00 2.9881971397e-01
134237 7.5558105823e+01 -1.1973217046e+03 4.6325883515e+03 1.9191364639e+02 5.7896767347e+01 -4.4585963961e+01 2212 -4.7967046774e+00 4.1104154143e+01
134290 9.1759129340e+01 -1.0260406236e+03 4.0450971828e+03 3.3144906930e+02 1.4937007088e+01 -3.4831795620e+02 2212 -4.1055229732e+00 8.9652650563e-02
134613 1.2757174070e+02 -1.0164806798e+03 4.3842165001e+03 2.4903954552e+02 6.4460088881e+01 -3.1785134933e+02 2212 -8.0891307048e-01 5.2659537983e-01
134870 4.4833393091e+01 -1.1233344909e+03 4.3372045614e+03 2.9678257701e+02 -1.0520959457e+02 -3.5662131602e+02 2212 -2.8160010471e+00 3.6519656405e-02
134886 1.7206494401e+02 -9.2040318465e+02 3.8870885401e+03 4.1605050592e+02 1.0193871232e+02 -1.6838101234e+02 2212 -2.8704815970e+00 1.6127627209e+00
134969 1.7626979453e+02 -1.0854301688e+03 4.1893373475e+03 2.2781068835e+02 8.0442738201e+01 -2.7776048611e+02 2212 -4.0725824721e+00 7.0147935186e-01
135155 -9.0547281968e+01 -1.0851150447e+03 4.6019622999e+03 4.2075515751e+02 -1.4256691123e+02 -2.8314201274e+02 2212 -3.7381828921e+00 1.1336564260e-01
135464 1.2333847721e+01 -9.9796759541e+02 3.8572767695e+03 3.2564179779e+02 1.0686000203e+02 -3.7347524283e+02 2212 -1.2402417506e+00 5.1086351785e-02
135956 2.3885705835e+02 -9.4512156051e+02 3.9258614330e+03 2.7697501147e+02 -1.8088845288e+01 -4.1306214476e+02 2212 -3.9080823720e+00 1.5309572389e-02
136156 -7.7672543797e+01 -1.0062713744e+03 4.3987308087e+03 2.0359603671e+02 4.4254321804e+01 -4.4014509108e+02 2212 -5.3837003438e+00 1.7200385966e-02
136171 -2.2351093793e+02 -9.7451324597e+02 4.2224445023e+03 2.1407681548e+02 -1.0683558181e+01 -1.0832097621e+02 2212 -3.5855516286e+00 2.9009101461e+01
137036 9.1435727051e+01 -9.1978152490e+02 3.9151579192e+03 1.9206380846e+02 -2.6273336410e+01 -4.1188438784e+02 2212 -3.0692140183e+00 6.9238510200e-02
137889 -5.7798275231e+01 -1.0533154361e+03 4.7768218698e+03 3.6945573750e+02 1.9018764674e+01 -4.0258945646e+01 2212 -4.4443091652e+00 6.8990286866e+00
138337 1.7187938723e+02 -1.0442889588e+03 4.6695832068e+03 2.1145411342e+02 -2.3838210461e+01 -4.3666886617e+02 2212 -4.9570826483e+00 7.0641620486e-03
138519 -1.3873371699e+02 -9.3309095164e+02 4.4239605306e+03 2.5611163462e+02 -9.2709149100e+01 -4.0641573099e+02 2212 -3.5955129082e+00 6.7201790057e-02
138574 -1.0663747850e+02 -8.2790348336e+02 3.8649930896e+03 3.7454487936e+02 -1.3535963484e+02 -1.2147037869e+02 2212 -4.0431852553e+00 4.9155313825e+00
138917 -7.1019824872e+01 -9.3922716815e+02 4.2374104358e+03 2.7813502141e+02 -7.8757304952e+01 -3.7930594381e+02 2212 -2.4274106133e+00 1.0592364868e-01
139106 -1.3854778131e+02 -1.1037987290e+03 4.8875791233e+03 2.6884229085e+02 -7.5337448756e+01 -2.9028394924e+02 2212 -1.6057386221e+00 5.1033542514e-01
139284 -6.9237359608e+01 -9.0969052390e+02 3.8691167354e+03 2.7483083207e+02 -6.5173003830e+01 -3.5405834546e+00 2212 -2.6538036841e+00 2.7075837499e+01
139316 -1.2694750455e+01 -9.0774704335e+02 3.8441994217e+03 4.5006912430e+02 1.1499168639e+02 -2.9204480783e+02 2212 -3.0251228677e+00 2.0328624446e-01
139375 -1.5655338935e+02 -9.9463662872e+02 4.5584103148e+03 5.4752979403e+02 -1.7341832672e+01 -9.5808151080e+01 2212 -6.3515112805e-01 1.2295062319e+00
140342 9.7108604006e+01 -1.1699792601e+03 4.4020726421e+03 3.2915640578e+02 8.9557503818e+00 -3.6311065592e+02 2212 -1.3401003934e+00 2.7413585857e-02
140349 -1.4476345291e+02 -1.1396979272e+03 4.6232864837e+03 1.6981906087e+02 5.6043958184e+01 -3.7717073721e+02 2212 -1.6984143313e+00 1.5095014140e-01
140373 2.6760077955e+02 -1.1479941332e+03 4.7953734209e+03 8.5847884446e+01 1.0320585938e+01 -4.6282311267e+02 2212 -4.5409154107e+00 1.5218313712e-04
140489 -1.2072756102e+02 -1.0674376800e+03 4.1619352771e+03 2.8505306651e+02 4.6028064523e+00 -2.5259561097e+02 2212 -3.9384577745e+00 9.1551623386e-01
141848 -2.1524569693e+02 -1.0850828991e+03 4.3519182564e+03 3.6145214272e+02 -5.8544731100e+01 -1.0238858241e+02 2212 -3.9330186306e+00 2.7796228569e+00
142068 -2.9348153133e+02 -1.0896276938e+03 4.5899891076e+03 4.3030263727e+02 -5.6434280132e-01 -1.7112842956e+02 2212 -1.8042887393e+00 8.7361257377e-01
143052 -2.5031970402e+01 -1.0939524210e+03 4.3488257990e+03 4.3706572697e+02 -1.3504387284e+02 -2.8814069828e+02 2212 -2.0166965290e+00 7.5903680099e-02
143081 2.4206521800e+02 -8.9747563258e+02 4.0064052513e+03 4.0454344531e+02 -5.9731592199e+01 -3.0772558326e+02 2212 -3.6899853493e+00 1.7460992172e-01
143407 1.7480801279e+02 -1.0388412866e+03 4.2712721314e+03 2.4859770885e+02 -1.4749523257e+01 -3.7407477347e+02 2212 -4.8630972784e+00 9.8947678335e-02
143868 -2.8332711241e+02 -1.0808958576e+03 4.3646810153e+03 2.9568906150e+02 7.2075011624e+01 -4.0725356561e+02 2212 -4.3629464863e+00 1.8763974125e-02
143971 -5.1461849903e+01 -9.2797574867e+02 4.3150428909e+03 3.7114653616e+02 -1.0035978257e+02 -2.1696490487e+02 2212 -5.3928273167e+00 1.6201989092e+00
144162 -2.5518903911e+02 -1.0155989008e+03 4.1751223128e+03 3.1352088905e+02 -7.6892439271e+01 -2.8966135199e+02 2212 -2.3958821415e+00 4.0535197800e-01
144233 2.5837554674e+00 -1.0093898155e+03 4.5518675060e+03 2.1097323900e+02 7.6847912528e+00 -3.7857781332e+02 2212 -8.0296658981e-01 1.8848756434e-01
145579 5.6081387332e+01 -9.7190233709e+02 3.9849777410e+03 2.7738589349e+02 1.0885786500e+01 -3.4423336065e+02 2212 -4.5850407141e+00 2.5078513040e-01
145754 6.4473505551e+01 -9.4415141105e+02 4.0825551324e+03 2.9699594107e+02 -2.0962599195e+00 -3.8975013843e+02 2212 -2.6587696450e+00 6.4086777678e-02
145844 -2.1340985086e+02 -8.8064047442e+02 3.7642267995e+03 1.7279266074e+02 -3.3702323396e+01 -1.5819009605e+02 2212 -3.2878581255e+00 2.6240636920e+01
147440 6.7605620368e+01 -8.6885974183e+02 4.0776861470e+03 2.2700344345e+02 -8.9246741795e-01 -4.0506731926e+02 2212 -2.4090787740e+00 1.1946534337e-01
147534 2.8409832257e+02 -1.0518975258e+03 4.2884731342e+03 3.2498569129e+02 9.8880484874e+01 -3.5995591632e+02 2212 -2.1489559331e+00 9.1820174834e-02
147750 2.2250602884e+02 -1.2485593750e+03 4.7722125827e+03 4.6538370815e+02 -4.8873312949e+01 -2.3016753635e+02 2212 -1.7495258590e+00 6.2967652310e-02
148210 -4.6532991554e+01 -8.7348131332e+02 4.1667212657e+03 4.0402322233e+02 -4.7941837189e+01 -6.6301162151e+01 2212 -4.9391104917e+00 7.0065892433e+00
148653 8.7678536271e+01 -9.7434331416e+02 3.9101884156e+03 7.5780781187e+01 7.4547549509e+00 -3.8155995061e+02 2212 -3.7188825170e+00 2.5862155351e-01
149666 2.4081109270e+02 -1.1667712115e+03 4.5500315252e+03 4.9972398881e+02 -9.3117971475e+01 -2.0611196151e+02 2212 -2.5237931353e+00 9.8872851371e-02
150095 -2.2066870357e+01 -9.7094207157e+02 4.2973029419e+03 1.7244064321e+02 -6.0664390631e+01 -3.8380276401e+02 2212 -3.2120691619e+00 1.8648778416e-01
150479 4.0520392585e+01 -1.0512896994e+03 4.3451260502e+03 2.5927271992e+02 6.7098472594e+01 -4.2607624177e+02 2212 -5.1870494948e+00 1.4676106806e-02
150758 2.4520173817e+01 -1.0129877177e+03 4.4809809282e+03 3.7638261545e+02 5.4128794094e+01 -1.0596362970e+02 2212 -1.6489192850e+00 4.1836295518e+00
151265 1.5013564080e+02 -1.1716697101e+03 4.6661177419e+03 3.3988158009e+02 -9.1351712111e+01 -2.1574536151e+02 2212 -1.5194546299e+00 5.0899234805e-01
151977 2.3703372059e+02 -1.1012421412e+03 4.4295178770e+03 4.4947767891e+02 -5.7789117768e+01 -1.3494210428e+02 2212 -4.6745673411e+00 7.8047798583e-01
152030 -2.4699226131e+02 -1.0643357275e+03 4.5700398318e+03 3.6123581957e+02 -9.3489911884e+01 -3.5136376225e+02 2212 -4.1932987953e+00 4.8359511397e-02
152859 -1.2064734098e+02 -1.0645627206e+03 4.4428497049e+03 2.8777995623e+02 2.5787002435e+01 -3.3262138581e+02 2212 -1.3975422126e+00 2.2767136379e-01
153126 1.2764263622e+02 -1.1347622137e+03 4.7606999819e+03 1.0202141525e+02 -1.3026017663e+01 -4.5314049026e+02 2212 -4.3278923824e+00 7.9512322123e-03
153808 -3.1371177786e+02 -1.0540041142e+03 4.5057422021e+03 1.4392595867e+02 3.7841008006e+01 -3.5069475906e+02 2212 -1.0526971724e+00 3.1853086565e-01
153831 1.8520397411e+02 -1.0879452431e+03 4.7540441543e+03 3.1276841680e+02 7.0891013867e+01 -2.2593899942e+02 2212 -4.0743187647e+00 1.2152100268e+00
153858 -2.8284032704e+02 -1.1266590669e+03 4.9415952077e+03 1.5941740818e+02 2.2660976386e+00 -4.2530315197e+02 2212 -4.2551837799e+00 1.9166442969e-02
154531 1.1019226106e+01 -8.8324145386e+02 4.0160490386e+03 1.9726787248e+02 6.8723004396e+01 -1.0995236059e+02 2212 -4.8619476876e+00 4.7565277058e+01
154746 -1.9532678748e+02 -1.0154775789e+03 4.2744072011e+03 1.5865836594e+01 -1.1096119597e+00 -2.8363213491e+02 2212 -3.5024350213e+00 2.7896402800e+00
155045 -9.7383625043e+01 -9.9814465876e+02 4.0776102867e+03 4.9241840694e+02 -7.0826649566e+01 -2.4755487110e+02 2212 -2.2934309749e+00 1.8032061344e-01
155161 -1.4834242466e+02 -1.0223322531e+03 4.1317790829e+03 4.3406706803e+01 -1.2699921333e+01 -4.0594971351e+02 2212 -3.2343624760e+00 1.0414078448e-01
155508 -8.5045814102e+01 -1.0335157495e+03 4.3797250320e+03 1.3163258612e+02 -1.2671457356e+01 -4.1882185482e+02 2212 -2.1016263608e+00 6.1216146860e-02
155982 -1.9409317358e+01 -1.0279869760e+03 4.2327008597e+03 2.1544508039e+02 5.5995578979e+01 -4.1795820082e+02 2212 -2.3355928652e+00 3.7598208282e-02
156998 2.1171062184e+02 -9.8178224538e+02 4.4231800495e+03 2.6597494643e+02 6.6924969940e+01 -3.0762487558e+02 2212 -1.7774389458e+00 6.5039001882e-01
157623 3.8755418053e+01 -1.1887283270e+03 4.8015110811e+03 9.4465301184e+01 -2.6599505417e+01 -4.5144717002e+02 2212 -7.4765713024e-01 1.2498618204e-03
157687 -1.1422903463e+02 -1.1047356819e+03 4.3363429915e+03 1.5771912892e+02 1.5392785075e+01 -3.0871338288e+02 2212 -3.0456116500e+00 6.2645248937e-01
157882 2.8306591546e+02 -1.0398317488e+03 4.2072708542e+03 4.3802817299e+02 -3.1897141418e+01 -3.7570657025e+01 2212 -5.0692658855e+00 2.4347176469e+00
157884 1.9907245721e+02 -1.0232843908e+03 4.1813250307e+03 2.9929261200e+02 -1.0536780541e+02 -3.6689390682e+02 2212 -1.2008657348e+00 4.5427588836e-02
158740 1.6575381005e+02 -1.0990654044e+03 4.3426265701e+03 4.5183825502e+02 -1.2137944454e+02 -2.8198886355e+02 2212 -3.8786829317e+00 5.7096555107e-02
159111 1.5203383288e+02 -1.0069449304e+03 4.4643189078e+03 4.3217950277e+02 -4.1984862792e+01 -2.8161228572e+02 2212 -3.8768818865e+00 1.8889629566e-01
160058 1.4784220987e+02 -1.1970642187e+03 4.6977563175e+03 2.0836827231e+02 -3.4261782344e+01 -4.0014057955e+02 2212 -8.0857731239e-01 1.3382382999e-02
160175 -2.7108846124e+02 -1.0155214814e+03 4.1329521790e+03 5.3861869919e+01 4.1279535605e+00 -4.7277505483e+02 2212 -2.9662253226e+00 1.0503450598e-03
160319 -6.6304605515e+01 -1.0216189773e+03 4.7592950244e+03 4.6543008925e+02 7.9608522662e+01 -2.5653918553e+02 2212 -2.6353577264e+00 3.3114281768e-01
160332 -7.9730036540e+01 -9.2850560783e+02 3.7985949101e+03 2.6798853021e+02 7.7323650586e+01 -3.7824045858e+02 2212 -5.0417855028e+00 1.3181772249e-01
160940 -9.5569329490e+01 -1.0797345230e+03 4.2404366049e+03 2.4709601184e+02 5.8440677810e+01 -3.6937565259e+02 2212 -1.6231485847e+00 9.8229505121e-02
161384 2.1734583216e+01 -1.2403201783e+03 4.7141959824e+03 5.1627255589e+02 -1.0763870249e+02 -1.0291737931e+02 2212 -1.8398012263e+00 3.0642183197e-01
161408 -2.2019888071e+02 -1.0599722939e+03 4.8701474018e+03 6.5712658454e+01 1.6448020043e+01 -4.6980978620e+02 2212 -4.7678160593e+00 4.1490522074e-03
161645 3.0557909190e+02 -1.1245067166e+03 4.4236916993e+03 5.2684778351e+02 -8.7731456024e+01 -7.8350590457e+00 2212 -8.4274459584e-01 9.0945805125e-01
161768 2.8972660552e+02 -1.0685432011e+03 4.6931706541e+03 2.2249648892e+02 -7.6753209229e+01 -1.5807096880e+01 2212 -2.4550100551e+00 3.7554412726e+01
161903 -1.0216532045e+01 -9.5617586636e+02 3.9878814370e+03 5.0812868600e+02 -9.9839297895e+01 -1.2894335760e+02 2212 -2.9948147696e+00 9.8745536783e-01
161936 9.8641969081e+01 -1.0146343647e+03 4.6231311885e+03 7.9839811018e+01 4.5403339944e+00 -4.3947739394e+02 2212 -3.8221615793e+00 3.5846101307e-02
162062 -1.1828763135e+02 -1.0268330647e+03 4.1579326937e+03 4.3498620605e+02 -2.8387769681e+01 -2.8483954893e+02 2212 -3.5614694022e+00 1.5822690232e-01
162300 1.6182515936e+02 -1.1920728293e+03 4.6538941699e+03 2.8194842488e+02 -1.5817192640e+01 -3.1127889214e+02 2212 -2.7190097906e+00 1.7808708716e-01
162593 -2.7213707616e+02 -1.0365030916e+03 4.3308343413e+03 1.2770493659e+02 -5.2084612433e+00 -4.4158192041e+02 2212 -2.2334463657e+00 1.7700401024e-02
162697 -2.1914386362e+02 -1.0707477191e+03 4.1585199166e+03 2.2137084842e+02 -7.0664420890e+01 -4.3059462603e+02 2212 -1.0035914201e+00 4.8281700669e-03
163544 -5.6104076005e+01 -9.3575728800e+02 4.2606863659e+03 3.4632433922e+02 -5.8886871009e+01 -1.0988067464e+02 2212 -2.9995001871e+00 6.3765321651e+00
164269 1.4280011876e+02 -1.0687686495e+03 4.1750086255e+03 2.5216664099e+02 4.1131979445e+01 -4.0973993448e+02 2212 -3.2217421669e+00 1.8983741368e-02
164898 -8.1155429175e+01 -9.5430035417e+02 3.7776728040e+03 5.2277255088e+02 -8.0686492016e+01 -2.0210060633e+02 2212 -4.5359990043e+00 3.0245136426e-01
165052 -4.4696607774e+01 -1.0744290153e+03 4.6378702318e+03 4.2149368719e+02 1.3229547973e+01 -1.2318051887e+02 2212 -2.7332530981e+00 2.0207701546e+00
165316 7.1832448952e+01 -1.0094355115e+03 4.4095743622e+03 4.2802208094e+02 -1.1392155271e+01 -3.2474741957e+02 2212 -1.0160500365e+00 8.0591960623e-02
166254 1.6715119527e+02 -1.0333007007e+03 4.7789213384e+03 3.5514529674e+02 1.7144511997e+01 -1.0871619451e+02 2212 -3.4183704767e+00 4.7994738389e+00
166548 -2.9501748016e+02 -1.1285780606e+03 4.7451164630e+03 2.5126033962e+02 -8.3034316770e+01 -3.9309146508e+02 2212 -2.5357071725e+00 1.9964607267e-02
166754 2.2839989331e+02 -1.0524734080e+03 4.1482247249e+03 6.2492965312e+02 -6.2533628296e+01 -8.2920550714e+01 2212 -4.4960103226e+00 2.4219052411e-01
166770 -1.2238278667e+02 -1.0823455148e+03 4.1653957258e+03 2.9627462069e+02 2.6429691539e+01 -2.9626911464e+02 2212 -1.3187492448e+00 3.5086067684e-01
167428 -1.4471165639e+02 -1.0155091996e+03 3.9529543981e+03 3.6250452035e+02 4.7478966782e+01 -3.1012822538e+02 2212 -2.2061968707e+00 2.0087770019e-01
167492 1.2777599924e+02 -1.0793104648e+03 4.4449093113e+03 3.9699397993e+02 1.1402326194e+02 -3.3697187330e+02 2212 -2.4835595565e+00 7.1499661299e-02
167918 8.2718641676e+01 -1.1814700307e+03 4.6525524455e+03 2.1609084133e+02 -6.6739434607e+01 -4.3269227946e+02 2212 -5.0990001888e+00 3.6318391276e-04
168253 1.6049605027e+02 -1.0596711513e+03 4.3352332816e+03 3.9311110409e+02 -9.4941678240e+01 -3.2665772788e+02 2212 -5.0863856922e+00 5.4842316840e-02
168835 -2.4488046266e+02 -1.0673231505e+03 4.7589416029e+03 1.1049954412e+02 2.7426419987e+01 -1.7539636259e+02 2212 -4.8992881803e+00 2.9838665708e+01
169781 -1.8988180648e+02 -1.1737760422e+03 4.6675841087e+03 3.2521297041e+02 -3.7194184425e+01 -3.6589078131e+02 2212 -2.4425461162e+00 2.6915477614e-02
169840 -1.9441164351e+01 -9.8388107970e+02 4.1966436555e+03 3.9828427410e+02 6.8530989303e+01 -3.1840534825e+02 2212 -4.1135668447e+00 1.6530397275e-01
170416 -2.1040938303e+01 -9.4214599879e+02 4.1302811373e+03 2.6681685438e+02 -8.3901492410e+01 -1.8200415643e+02 2212 -4.1951233435e+00 5.0231538077e+00
170492 -1.2372671937e+02 -1.1430632538e+03 4.8472280962e+03 1.7617395278e+02 1.1800392073e+01 -3.1015907329e+02 2212 -5.2208620294e+00 5.5931716384e-01
170562 4.2827888989e+01 -1.0616951422e+03 4.2289686300e+03 3.1378004422e+02 -1.2556625232e+01 -3.5361187455e+02 2212 -5.1625574003e+00 8.7359929646e-02
171034 -1.1360260116e+02 -9.0563016591e+02 3.8951839749e+03 4.7734352672e+02 9.4731167043e+01 -2.8069313192e+02 2212 -2.6735130786e+00 2.0742908227e-01
171407 -1.5495982034e+02 -1.1579317171e+03 4.5560474385e+03 3.9125996083e+02 6.9692465313e+01 -3.1351903056e+02 2212 -3.8275858499e+00 8.9418456655e-02
171421 -2.7449845173e+01 -1.1169667508e+03 4.4950917216e+03 5.0203772751e+01 1.6232293812e+01 -1.0086180848e+02 2212 -5.4682392813e-01 4.0323294296e+02
171477 -1.1489750122e+02 -8.3916927773e+02 3.7865017109e+03 2.4418215761e+02 -3.2081522082e+01 -3.7450884132e+02 2212 -6.5183642856e-01 2.9143911083e-01
171746 -2.5375678523e+02 -1.1225019891e+03 4.6819609600e+03 4.7962721619e+02 -9.5100346442e+01 -2.7810577698e+02 2212 -3.6693547312e+00 7.6253836324e-02
172245 -1.1723739403e+02 -1.1146412155e+03 4.2406714795e+03 4.4532146956e+02 9.0476179952e+01 -2.7745099687e+02 2212 -3.5236573948e+00 1.0178628928e-01
173596 -1.1109863251e+02 -1.0123030029e+03 4.4313787576e+03 1.2056161105e+02 2.2815144525e+00 -4.0272653649e+02 2212 -3.3353096684e+00 1.3554912159e-01
173945 5.7822551498e+01 -1.0623495603e+03 4.1918496934e+03 2.3935538103e+02 -4.3865501310e+01 -3.9019531195e+02 2212 -5.9889790090e-01 4.7994191398e-02
174064 7.0321134438e+01 -8.9403309458e+02 3.8520734169e+03 2.0500490973e+02 -4.9452360421e+01 -1.7515191852e+02 2212 -4.5238108044e+00 1.2512462393e+01
174733 -1.3372459313e+02 -1.1238030571e+03 4.6211841629e+03 5.2317452804e+02 2.6207457249e+01 -1.7103560824e+02 2212 -4.0560938099e+00 3.4236373000e-01
175615 -2.1999235770e+02 -1.0448170624e+03 4.0694589309e+03 3.4231589695e+02 -1.2154114341e+02 -2.4455305654e+02 2212 -1.7095032632e+00 4.9825918046e-01
175810 1.9974848297e+02 -1.0691473153e+03 4.2799300014e+03 2.7895903121e+02 7.3165506126e+01 -2.2435359050e+02 2212 -4.0561065201e+00 1.3561620173e+00
175880 -4.5866102815e+01 -1.0100741859e+03 3.9303592359e+03 2.6809289709e+02 1.7679330132e+01 -2.4389937516e+02 2212 -3.1189960691e+00 1.4783160910e+00
176001 -1.1242165305e+02 -1.1513561756e+03 4.5939860368e+03 6.1269989392e+02 -3.2077340091e+01 -1.4922305231e+02 2212 -1.2343810075e+00 1.1734820170e-01
176527 -2.4885071362e+00 -8.9878243828e+02 4.2224406630e+03 2.6066563748e+02 -4.7065319368e+01 -3.6456156568e+02 2212 -2.0802612621e+00 2.9147720532e-01
176805 -2.0707059521e+02 -1.1265433850e+03 4.3812299837e+03 4.8384333797e+02 -1.3884596537e+02 -5.7076641706e+01 2212 -1.8644332415e+00 1.0164650688e+00
177022 1.6103745874e+02 -1.0355375366e+03 4.2724935627e+03 1.6211198946e+02 -1.7601603831e+01 -2.5064384313e+02 2212 -4.1380208656e+00 2.7298986399e+00
177138 1.8717735825e+02 -9.3473310914e+02 4.0154768431e+03 1.3479303972e+02 -1.3416142146e+01 -4.5808819464e+02 2212 -4.6811364959e+00 4.2272235032e-03
177360 -2.8826253275e+02 -9.8574321060e+02 4.1120704291e+03 1.3919075351e+02 4.4314199372e+01 -3.2828552140e+02 2212 -3.7133813354e+00 7.0509442114e-01
178007 -5.4749281241e+01 -8.7784706726e+02 4.0809174103e+03 1.9815558099e+02 -2.5511639873e+00 -4.3687569283e+02 2212 -2.9324934464e+00 3.8316397883e-02
178039 -2.8679393928e+01 -9.4623314729e+02 4.1773563617e+03 3.9657037014e+02 1.2140662587e+02 -1.0264629874e+00 2212 -1.2559406490e+00 6.6778226897e+00
178350 1.5497431915e+01 -1.0071193950e+03 4.4591501108e+03 2.0350055277e+02 -4.6153990096e+01 -4.3138639770e+02 2212 -4.2487580383e+00 1.8407083625e-02
178737 1.7929384375e+02 -1.0062445604e+03 4.5656591129e+03 2.9890978062e+02 -1.7566132951e+01 -2.8345326501e+02 2212 -1.5711474589e+00 7.5325510582e-01
178923 1.6847609496e+02 -9.4936623580e+02 4.2497749318e+03 1.0105594213e+02 -1.3613388082e+01 -4.6156981304e+02 2212 -2.6272431850e+00 5.4850282903e-03
180251 -1.5504099294e+02 -1.0391184331e+03 4.4173716996e+03 3.1180207020e+02 -1.0012096504e+02 -3.6834599393e+02 2212 -2.2644754762e+00 6.3024457304e-02
180526 -2.6947999299e+02 -1.1582742073e+03 4.7838734366e+03 6.7877256817e+01 9.6029118426e-01 -4.4264288712e+02 2212 -3.5461885245e+00 1.2848146180e-02
180784 -1.0932192366e+02 -1.0816247839e+03 4.7938818373e+03 5.7828656777e+02 -1.5686045175e+02 -8.3436663552e+00 2212 -2.1648021177e+00 1.0323506533e+00
181211 -2.6605525437e+02 -1.0287163017e+03 4.0492568306e+03 2.5504457174e+02 7.1619350018e+01 -2.1156900367e+02 2212 -1.7760940997e+00 2.1806544626e+00
181536 -2.9614887119e+02 -1.0490604754e+03 4.3879884139e+03 1.8244447833e+02 4.8160474241e+01 -3.9751489419e+02 2212 -1.9150097349e+00 1.0366406900e-01
181569 5.0237105560e+01 -1.0118407304e+03 4.6128361840e+03 1.3888185961e+02 -7.2876167525e+00 -4.5013618135e+02 2212 -3.7247622625e+00 1.4484083225e-02
181603 2.6866039877e+02 -1.1354438895e+03 4.7080894612e+03 4.8531802139e+01 -1.3738430680e+01 -4.6670279630e+02 2212 -8.0560776358e-01 1.0103826918e-04
182248 -1.5412787754e+02 -1.0418711396e+03 4.2073699553e+03 3.1984223716e+02 -9.2584289317e+01 -1.5398816376e+02 2212 -3.5744712916e+00 2.5921547927e+00
182321 2.2610351903e+02 -1.0024382655e+03 4.4035903170e+03 4.0393505377e+02 1.2400583210e+02 -1.3863632407e+02 2212 -5.0864512888e+00 1.9571119466e+00
182450 1.2342334064e+02 -9.9176171182e+02 4.5778574737e+03 2.8292066820e+02 2.4014217049e+01 -1.4897552437e+02 2212 -1.6140712269e+00 7.3535815932e+00
182619 -2.6443476007e+02 -1.0672294719e+03 4.3345792402e+03 5.3439629779e+02 -1.4159410485e+01 -2.3038964485e+02 2212 -4.1607986817e+00 1.1846461819e-01
182986 9.2832327039e+01 -1.1899526409e+03 4.7880652759e+03 2.6577818677e+02 -5.8552828096e+01 -2.5514308334e+02 2212 -5.0316291542e+00 5.2497752940e-01
183180 1.4168765397e+02 -1.0238380950e+03 4.1862780004e+03 9.8462906706e+01 1.6802348494e+01 -3.6711687865e+02 2212 -4.1631804879e+00 2.9304588861e-01
183689 1.2311181410e+02 -1.1759004494e+03 4.6161871981e+03 4.4701218129e+02 -1.1082539012e+02 -9.2586794257e+01 2212 -2.9945332087e+00 8.9323376381e-01
183844 1.2021342187e+02 -8.9929189382e+02 3.9587760833e+03 2.5135806871e+02 -6.5006812868e+01 -2.7943842602e+02 2212 -2.1163504438e+00 1.4919308005e+00
183925 6.5410976614e+01 -1.1162529353e+03 4.7499832165e+03 1.8951015863e+02 -9.9616206006e+00 -1.9569932866e+02 2212 -5.0862115291e+00 5.9116303386e+00
184121 -2.8891477886e+02 -1.2516944699e+03 4.8960110696e+03 1.4128343305e+02 3.3090226718e+01 -3.9942294396e+02 2212 -1.9729741926e+00 1.8739839030e-02
184603 2.4123301647e+02 -9.3824890924e+02 4.2359710267e+03 3.8262137913e+02 1.1314476379e+02 -2.6502475931e+02 2212 -2.3902293721e+00 5.6335168372e-01
184708 -2.4479607349e+02 -9.2578636334e+02 4.1272718043e+03 8.1437326376e+01 -1.8215625248e+01 -4.3012790348e+02 2212 -4.4424566028e+00 7.0409799054e-02
184994 -2.5802756208e+02 -1.0304667840e+03 4.7623750597e+03 2.3073326676e+02 -7.0973826461e+01 -4.2038538085e+02 2212 -3.2274458192e+00 2.0745937046e-02
185949 -2.6790078823e+02 -1.1387302500e+03 4.5720580043e+03 3.8171466708e+02 -2.4601901288e+01 -3.6834288575e+02 2212 -1.7895118992e+00 1.5163348811e-02
186127 -1.3028597375e+02 -8.5139002214e+02 3.8858346462e+03 1.2279335897e+02 3.9792749923e+01 -3.1728641172e+02 2212 -1.6805946263e+00 2.1869392664e+00
186298 1.1107740554e+02 -9.5034267804e+02 4.0524740623e+03 4.8312130371e+02 -7.0250722372e+01 -1.4872279456e+02 2212 -1.8264702854e+00 1.0699139211e+00
186412 2.0918049314e+02 -1.0216166869e+03 4.4122452962e+03 2.3565324163e+02 -2.6028657519e+01 -2.5036997800e+02 2212 -2.7856320674e+00 1.7180793353e+00
187417 2.1056097399e+02 -9.3822449255e+02 4.3332529346e+03 2.9808239804e+02 -4.1310097933e+01 -3.9121195304e+02 2212 -2.4045323494e+00 6.4451023018e-02
187722 -1.3948951991e+02 -9.0789208001e+02 3.9015854608e+03 1.9073004596e+02 3.4137896944e+01 -3.4354075296e+02 2212 -1.7711467582e+00 6.7349285315e-01
188561 -1.8621105366e+02 -1.1477063544e+03 4.6820361363e+03 2.5405793404e+02 -4.2021507699e+01 -4.0382011973e+02 2212 -1.9853873348e+00 1.3799960769e-02
188692 -1.3527252091e+02 -1.2307360703e+03 4.8128436493e+03 4.0228920487e+02 1.3098554892e+02 -1.4822391164e+02 2212 -2.6466208308e+00 7.6208638546e-01
189671 -1.3306714691e+02 -8.3650921192e+02 3.8282969456e+03 1.2794954414e+02 -3.7760537471e+01 -3.2735763621e+02 2212 -2.7803183564e+00 1.6865211648e+00
189925 2.0806536806e+02 -9.8646444605e+02 4.4356866470e+03 4.2253073585e+02 9.0374716542e+01 -9.5631439505e+01 2212 -3.8778722712e+00 2.9359799624e+00
190317 -7.6955393969e+01 -9.4032469638e+02 4.2634851369e+03 2.1956192396e+02 -7.3608805248e+01 -3.9253221334e+02 2212 -5.1948465658e+00 1.1647677351e-01
190455 -5.7272716524e+01 -1.0422177367e+03 4.6113898721e+03 1.8345979747e+02 -6.0525817598e+01 -2.8565549958e+01 2212 -5.1808067535e+00 1.0833144866e+02
191414 -3.1718240581e+02 -1.0756490624e+03 4.6166157321e+03 2.8947561528e+02 2.2386641407e+01 -4.1578962527e+02 2212 -3.7485745742e+00 1.3272481016e-02
191828 -1.9250891272e+02 -9.0967212668e+02 4.1384672724e+03 5.9199523712e+00 -1.5077864844e+00 -7.4599744060e+01 2212 -2.9647119688e+00 2.7062859159e+03
192500 -1.2163047523e+02 -1.0126492704e+03 3.9768692396e+03 3.6008105118e+01 -1.2838664443e+01 -4.7230031600e+02 2212 -2.4460738252e+00 6.4665664226e-04
192747 1.3028109405e+02 -1.0923442070e+03 4.6134241631e+03 1.6517799866e+02 2.1324418429e+01 -4.2252106968e+02 2212 -5.4310377380e+00 3.1460938963e-02
192938 1.3432934533e+02 -1.1157122148e+03 4.2678236770e+03 3.5280875126e+02 -2.1688567941e+01 -1.0256504331e+02 2212 -4.4012212900e+00 2.5826041854e+00
193098 7.2890394211e+00 -8.2618960272e+02 3.8579722544e+03 3.3182304919e+02 -1.0955743035e+02 -2.1038518368e+02 2212 -1.0023407505e+00 3.0014795876e+00
193186 1.5687368449e+02 -9.1331750407e+02 3.9344023348e+03 4.4542561578e+02 6.0150872497e+01 -3.1664526889e+02 2212 -1.9742109715e+00 1.0055657836e-01
193784 -1.2414362238e+02 -1.2355071251e+03 4.7165421641e+03 4.0529367336e+02 -7.8103134857e+01 -8.4998755092e+01 2212 -4.1108543072e+00 1.2005355804e+00
194099 -2.1787965644e+02 -1.0633061100e+03 4.8163685236e+03 5.4366479951e+01 5.3819110948e+00 -4.7339170788e+02 2212 -2.8623625364e+00 2.5224488915e-03
194997 -2.4710137774e+02 -1.0186152222e+03 4.7285132669e+03 2.8039189945e+02 -9.4778783319e+00 -3.0519676385e+02 2212 -2.3048055319e+00 6.2130956347e-01
195049 -2.0773133237e+02 -9.6273810318e+02 4.4145512112e+03 1.0961206453e+02 2.1392026404e+01 -3.7072807667e+02 2212 -4.9076692057e+00 4.5021857503e-01
195969 6.1796747226e+01 -1.1171380378e+03 4.2957089964e+03 3.2408571288e+02 1.6773461787e+01 -3.6601509012e+02 2212 -4.1352611857e+00 3.4822217211e-02
196041 2.6397136632e+02 -1.1535649941e+03 4.6333348656e+03 5.8000125291e+02 1.6217538535e+02 -4.3339654145e+01 2212 -4.5516956861e+00 4.4683157635e-01
196467 1.2186565620e+02 -9.6459618328e+02 4.1595374414e+03 3.0201686146e+02 -9.0232212733e+01 -7.4271869210e+01 2212 -4.2604803999e+00 9.8143862124e+00
196585 -1.1206342763e+02 -1.2203421610e+03 4.8469065375e+03 5.7539582452e+01 -7.2734929540e+00 -4.0731523555e+02 2212 -7.4269976420e-01 2.6206196782e-02
197303 1.4422130017e+02 -1.1270379386e+03 4.3227088301e+03 5.6745121253e+02 -1.1830623606e+02 -8.4968823897e+01 2212 -9.8135381192e-01 3.2059132188e-01
197703 -1.6121444021e+02 -1.0997425986e+03 4.4685043295e+03 3.7627455947e+02 1.3368674503e+02 -3.6484060025e+02 2212 -3.4423115542e+00 3.1044808371e-02
198199 -2.6667031050e+02 -9.7311603579e+02 4.2666928464e+03 4.7169828531e+02 -3.8309858217e+01 -2.3214571336e+02 2212 -1.4133061464e+00 4.0193597540e-01
198617 1.7830966245e+02 -8.7941844373e+02 4.0466108872e+03 3.9418943769e+02 -1.2863909579e+02 -2.6465305599e+02 2212 -1.8453881454e+00 5.2343714945e-01
198986 2.1504404497e+02 -1.2344607624e+03 4.7706368627e+03 3.5033728178e+02 -2.0766497224e+01 -2.4993312738e+02 2212 -2.0447772515e+00 1.9335918386e-01
199199 -1.3559431367e+01 -9.7338189775e+02 4.6080183730e+03 6.1865642053e+01 1.4212704562e+01 -4.1276846697e+02 2212 -2.0526813385e+00 1.7577000907e-01
199351 -1.9599900028e+02 -1.0621346754e+03 4.2304830818e+03 1.4977617438e+02 -4.7581779683e+01 -4.2133137785e+02 2212 -4.7528324050e+00 2.4772656563e-02
199405 1.1827441218e+02 -9.7880204911e+02 4.0086408958e+03 3.0916889267e+02 4.1618360220e+01 -2.9658182112e+02 2212 -1.6801326473e+00 5.2275109613e-01
200117 -2.1650271572e+02 -1.1533076815e+03 4.8678590962e+03 1.8797090356e+02 4.6340089215e+00 -4.0186664744e+02 2212 -1.8162266626e+00 4.0567738580e-02
200252 -9.4834492579e+01 -1.0945481489e+03 4.4188391923e+03 2.5289885645e+02 -2.0564202301e+01 -3.9210220939e+02 2212 -3.8786415029e+00 3.7685626332e-02
200485 1.4838272968e+02 -8.4010877479e+02 3.9646355776e+03 2.9152441959e+01 3.8841097537e+00 -3.3419964361e+02 2212 -2.6636336367e+00 2.0214870895e+00
200489 -1.7067138588e+02 -9.1741115641e+02 4.0094754230e+03 3.4949690200e+02 6.7656986268e+01 -2.7115373965e+02 2212 -4.4366348728e+00 8.8491395955e-01
200619 8.2681371024e+01 -1.1667195435e+03 4.6600351891e+03 4.4944540888e+02 2.3292226379e+01 -2.4284316732e+02 2212 -2.5689262543e+00 1.5703801571e-01
201232 -1.6923428588e+02 -1.0603069681e+03 4.1413504955e+03 5.7116894168e+02 1.6198301998e+02 -1.6282119228e+02 2212 -4.1383609008e+00 2.1911044618e-01
202615 -6.5789064805e+00 -9.9814974685e+02 4.0591977962e+03 3.6032207223e+02 -3.8693514262e+01 -3.2945314976e+02 2212 -2.6362381161e+00 1.3409917685e-01
203120 1.8397509829e+02 -9.6915381198e+02 4.2875109110e+03 1.5814691162e+02 -7.4140245324e+00 -2.2789312672e+02 2212 -3.2620001836e+00 6.5850124373e+00
203517 -9.6964221448e+01 -9.4650505730e+02 4.4491757851e+03 3.0414764204e+02 2.6633282967e+00 -3.6406677093e+02 2212 -1.2532712386e+00 1.9225833343e-01
203618 1.1101017299e+02 -1.1453137138e+03 4.3619936405e+03 4.9706844776e+01 -1.6966676165e+01 -4.5214181237e+02 2212 -3.0437849958e+00 5.4647947360e-03
203689 2.5205504570e+02 -1.0034073095e+03 4.3016970567e+03 8.8477830189e+01 -1.9274697581e+01 -4.6260934440e+02 2212 -2.4256845745e+00 2.1831103648e-03
204112 -4.3439522061e+01 -9.4911229514e+02 3.7928318413e+03 2.3199289417e+02 -7.1768333153e+01 -4.2556804512e+02 2212 -5.4508405104e+00 1.6241474484e-02
204226 -1.4240430188e+02 -9.0378873852e+02 4.2719605035e+03 3.4407214475e+02 5.0580941461e+01 -2.9921813694e+02 2212 -4.1766170349e+00 7.3855333546e-01
204423 -1.1898276502e+02 -1.0384856045e+03 4.3020381461e+03 1.2526715979e+02 3.5199448458e+01 -4.5771282199e+02 2212 -4.7107163568e+00 7.4827558231e-03
204516 6.9579509765e+01 -1.0407642124e+03 4.3974346375e+03 2.5961165698e+02 7.0503512536e+01 -3.7148499718e+02 2212 -4.5580503398e+00 1.1661796494e-01
204655 1.4185280881e+02 -1.2006639517e+03 4.7541763225e+03 2.0258101186e+02 6.2871382270e+01 -4.1871592695e+02 2212 -2.2771624727e+00 1.1342802362e-02
205081 -8.6346068926e+01 -9.6372844267e+02 3.8375618984e+03 2.3979764648e+02 2.1590182657e+01 -3.2907823553e+02 2212 -1.0804513395e+00 4.7631593777e-01
205369 2.2056843647e+02 -1.1083377080e+03 4.4939727841e+03 2.9360476865e+02 9.8421650030e+01 -1.4365886190e+02 2212 -1.2971169578e+00 3.0174758884e+00
205514 -1.6757315396e+02 -9.4161130816e+02 4.3002287660e+03 1.1262817894e+02 3.1608030242e+01 -1.5021605011e+02 2212 -4.6012335557e+00 8.4944249300e+01
205555 -1.0839150984e+02 -9.7816989448e+02 4.0703531080e+03 4.7989129248e+02 5.8177747140e+01 -6.1922787685e+01 2212 -1.2873224048e+00 2.4061218280e+00
206031 9.6549631266e+01 -1.0154796735e+03 3.8652347288e+03 1.8293178954e+02 -1.0516463884e+01 -4.2258771468e+02 2212 -2.5928947511e+00 2.2950589326e-02
206136 -2.6715362164e+01 -9.1539584058e+02 4.0884943311e+03 3.4642214778e+02 1.0741050492e+02 -5.9395119794e+01 2212 -4.5705824643e+00 8.6488976711e+00
206233 -2.7428173897e+02 -1.1227134195e+03 4.6188918245e+03 1.6056519058e+02 -5.0222594047e+01 -4.4903076757e+02 2212 -2.5033585443e+00 5.3165277938e-03
206298 -3.4739646728e+01 -1.0328606035e+03 4.6479822886e+03 5.8844556928e+02 -1.1747703415e+02 -1.2542082605e+01 2212 -2.5748256426e+00 1.2221312520e+00
206654 -1.5225754466e+02 -8.2881831013e+02 3.8836829319e+03 5.1919583559e+02 -1.1299729410e+01 -7.9186180960e+01 2212 -1.0895579117e+00 2.6946850502e+00
206730 5.1677354872e+01 -8.8634771770e+02 4.1761438019e+03 1.0772277247e+02 -3.2378534806e+01 -4.6170980229e+02 2212 -4.7076466407e+00 6.3439275293e-03
207238 -1.6946836674e+02 -1.0063379072e+03 4.5482211744e+03 2.6407784557e+02 -4.9905302412e+01 -1.5259906955e+02 2212 -3.9401959321e+00 7.4465919437e+00
207448 -2.3743660112e+02 -9.0743884426e+02 4.1228358796e+03 1.7377077520e+02 5.5670785520e+01 -1.1241452998e+02 2212 -5.2174852842e+00 6.2429883415e+01
208220 1.0776949566e+02 -1.1114575960e+03 4.3545194702e+03 5.0017907981e+02 -1.1150335644e+01 -7.4904883613e+01 2212 -9.8056758940e-01 1.0312594092e+00
208842 -5.2724456104e+01 -9.2519465480e+02 4.1142232453e+03 4.1229783507e+02 -5.9618860361e+01 -2.5627854167e+02 2212 -2.7834768100e+00 6.2554610410e-01
208915 1.9239139711e+01 -1.0629053565e+03 4.6740726148e+03 4.1870526240e+02 -1.5159104660e+02 -2.8989276289e+02 2212 -2.7209913225e+00 1.2131794512e-01
208928 -1.2763818469e+02 -9.0473184129e+02 4.0730317678e+03 4.8481298060e+02 -1.4157781782e+02 -1.8810608160e+02 2212 -1.7560323265e+00 7.3424041207e-01
209829 1.2313689985e+02 -9.4250806697e+02 4.1687741190e+03 6.1171145228e+01 -1.7797682684e+01 -4.6352815548e+02 2212 -2.0232711530e+00 5.9680408428e-03
210103 8.5632205049e+00 -1.0322308680e+03 4.2923560660e+03 3.0297153504e+02 -5.6338921473e+01 -3.9863270346e+02 2212 -3.4752693954e+00 1.9484869333e-02
210227 1.2734096113e+02 -8.8660995647e+02 3.9014066123e+03 1.1164237107e+02 3.7024860687e+01 -3.7941244999e+02 2212 -4.2292535161e+00 4.3887342649e-01
210310 1.6244043631e+02 -1.0288372950e+03 4.8057106799e+03 2.3010398203e+02 4.0330486690e+01 -1.2594394912e+02 2212 -2.1039799212e+00 1.8262171335e+01
210572 -1.8274484777e+02 -1.0739633426e+03 4.3753983099e+03 4.9034912748e+02 3.9155357469e+01 -2.7665232883e+02 2212 -5.0186524664e+00 8.7212647616e-02
210659 -1.4546700990e+02 -9.7466390329e+02 3.9424358743e+03 4.4526936355e+02 -1.2634593950e+02 -2.7830889118e+02 2212 -5.1373783750e+00 1.3950500111e-01
211263 -7.5533294540e+01 -1.1081522503e+03 4.4681107921e+03 9.6429141134e+01 -3.0458192959e+01 -4.6534297505e+02 2212 -7.8041059501e-01 2.0204210547e-03
211405 -2.9133673762e+02 -1.1809430531e+03 4.7225938381e+03 1.1798128539e+02 3.2721751708e+01 -5.4836842695e+01 2212 -9.3489524862e-01 2.0062580134e+02
211433 6.6798669742e+00 -1.0052290403e+03 4.1735325774e+03 9.5258280359e+01 -1.0771017878e+01 -3.0366339456e+02 2212 -3.7591836085e+00 1.5840199242e+00
213257 1.5089971188e+02 -8.9092646117e+02 3.9158262155e+03 2.4191975108e+02 8.5622384801e+01 -3.4076706294e+02 2212 -4.6395094374e+00 5.2082376011e-01
213755 -1.9092904859e+02 -1.1025412645e+03 4.4890477050e+03 3.8935082757e+02 -1.6441439365e+01 -1.4732517133e+02 2212 -4.6650198703e+00 1.5207460895e+00
213865 7.0395627991e+01 -1.1239990776e+03 4.8163313646e+03 2.2769733097e+02 -5.8049250147e+00 -3.7884633788e+02 2212 -2.3344755901e+00 7.4491419259e-02
214152 -5.5485465312e+01 -9.6667436147e+02 3.9981171580e+03 5.4614343777e+02 2.6196063298e+01 -2.1561163538e+02 2212 -2.0035168326e+00 2.3193313135e-01
214164 2.0529328588e+02 -1.1377448982e+03 4.6891806565e+03 2.1476755759e+02 1.8736567455e+01 -4.2666874954e+02 2212 -3.0393160107e+00 8.3284375387e-03
215411 8.1029366668e+01 -8.7082705776e+02 3.9769834872e+03 1.2905909812e+02 3.6479212604e+01 -4.6169688942e+02 2212 -1.3484752150e+00 1.3169009787e-02
215538 -3.0567371240e+02 -1.1833508958e+03 4.7560097297e+03 3.1671940472e+02 4.4951582267e+01 -2.0812476826e+02 2212 -2.1253014968e+00 8.5307018537e-01
215794 2.5176753540e+02 -1.1373153782e+03 4.4553424472e+03 1.8984410643e+02 -6.7807875818e+00 -4.4481275526e+02 2212 -3.1667101367e+00 1.2924520633e-03
216234 -7.6627848587e+01 -9.3650208959e+02 3.9769672149e+03 4.0955383773e+02 -8.1985591655e+01 -1.1608155953e+02 2212 -3.3570227779e+00 2.9213556358e+00
216252 -1.7495805778e+02 -1.0139484184e+03 4.7922195152e+03 2.9912936340e+02 1.6527493137e+01 -3.4546671624e+02 2212 -3.1936295151e+00 2.5915209267e-01
216761 2.4955937584e+02 -9.5343353460e+02 4.0315573554e+03 8.4408826952e+01 -2.9641024460e-01 -4.1624788399e+02 2212 -1.6654978327e+00 8.2509344106e-02
217195 2.3865724655e+01 -1.1008415599e+03 4.3380341615e+03 3.4899085412e+02 3.0684905574e+01 -3.6535653267e+02 2212 -3.2367782232e+00 3.4131152764e-02
217238 -2.2147329629e+02 -1.1192270929e+03 4.6800274505e+03 2.1881787038e+02 3.5527011178e+01 -4.0469546576e+02 2212 -9.0585269686e-01 3.9786548799e-02
219034 -6.8437879646e+01 -9.7906113186e+02 4.5736358439e+03 2.4926374171e+02 -6.0314651402e+01 -2.2701467884e+02 2212 -1.4383699030e+00 3.4394226915e+00
219096 -2.0991918388e+02 -9.2574187493e+02 3.7349135961e+03 5.7042760796e+02 8.1806816420e+01 -1.3863193026e+02 2212 -3.7099993480e+00 5.2873252878e-01
219252 5.1412239113e+00 -1.1679702119e+03 4.7449812055e+03 3.3931724746e+02 1.2327934264e+02 -3.4446094780e+01 2212 -5.4784670433e+00 4.5344150450e+00
219424 -1.3077469952e+02 -1.0037645732e+03 4.4166655451e+03 1.9964189726e+02 -3.6879926713e+01 -4.3653343718e+02 2212 -2.6573980513e+00 1.6653756632e-02
219573 -2.4177178038e+02 -9.8991709723e+02 4.4014454358e+03 3.0417214164e+02 -3.8670785800e+01 -4.0841490102e+02 2212 -1.4677404643e+00 2.1805415345e-02
219958 6.2508398620e+01 -1.1490313563e+03 4.6804075189e+03 4.4803710707e+02 7.2667390548e+00 -2.7778972691e+02 2212 -4.8940765318e+00 1.1048729279e-01
220371 -1.7884087662e+02 -9.0063241514e+02 3.7297628912e+03 2.5457037193e+02 -2.6161167965e+01 -1.2430921121e+02 2212 -4.6247667000e+00 1.3213302364e+01
220696 -4.1552272493e+00 -9.2170939738e+02 4.0700867346e+03 2.0698713318e+02 5.0853507357e+01 -3.5465540488e+02 2212 -2.3037893367e+00 5.0214487966e-01
221024 1.9234213976e+02 -9.4895780336e+02 4.0701702503e+03 1.2735179162e+02 3.8871269211e+01 -3.9057659630e+02 2212 -5.3649664281e+00 1.9843447019e-01
221226 1.1995383344e+02 -1.0056528524e+03 4.6095361220e+03 2.3573632748e+02 6.0274128308e+01 -3.9341681111e+02 2212 -4.7466479342e+00 1.2289823739e-01
221256 -6.4880948545e+01 -1.0466931833e+03 4.8430746887e+03 1.5759864801e+02 3.9847781651e+01 -4.5744180125e+02 2212 -3.5018710927e+00 7.8671706402e-03
221380 -2.8806716328e+02 -9.2076132985e+02 4.0887405248e+03 5.1967476019e+02 6.7864901047e+01 -5.4777108314e+01 2212 -1.9545015595e+00 2.1170750202e+00
222405 2.3202150184e+02 -9.2470728928e+02 4.2668843532e+03 1.8559168544e+02 -3.8604538928e+01 -4.4308613813e+02 2212 -2.1877572390e+00 8.8541662394e-03
222461 1.4557438517e+02 -1.1785553238e+03 4.7364246015e+03 2.5854119670e+02 3.4385457401e+01 -3.2543740743e+02 2212 -8.4436532995e-01 1.8632079855e-01
222490 2.0407469248e+02 -9.0462843313e+02 4.1144337780e+03 5.1902104047e+02 1.4354353340e+02 -4.9382997192e+01 2212 -4.6474308539e+00 2.1815023947e+00
223231 -2.5015837293e+02 -9.6567569597e+02 4.1068106914e+03 3.9854169640e+02 1.0266174513e+02 -1.3640136515e+01 2212 -2.9553937814e+00 5.0387225624e+00
223603 1.3230511457e+02 -9.5432841312e+02 3.8530587140e+03 8.8308283084e+01 7.0994559488e+00 -4.9608164834e+01 2212 -5.4759410205e+00 1.0272920703e+03
223728 -1.9948462715e+02 -1.0201007098e+03 4.3294871685e+03 1.6282559809e+02 1.5656398243e+01 -3.4391449713e+02 2212 -4.5812291147e+00 4.6058550372e-01
223773 1.0627706113e+02 -1.1306915553e+03 4.3347281725e+03 2.7108738493e+02 -5.6489130797e+01 -3.0216123320e+02 2212 -3.2073843323e+00 2.2666764423e-01
224404 -4.4136543155e+01 -1.1109511799e+03 4.4393366054e+03 4.9797797345e+01 -4.2337211016e+00 -5.4904918851e+01 2212 -4.4938073955e+00 1.5845205391e+03
224606 -1.1980082316e+01 -1.0086442463e+03 4.1967271744e+03 2.6531409593e+02 -8.4799145863e+01 -3.2202749082e+02 2212 -2.8759263917e+00 3.4230043053e-01
225194 2.9225187629e+02 -1.0135506437e+03 4.6867033895e+03 1.2502057373e+02 2.3501935775e+01 -4.4958340554e+02 2212 -5.3469424283e+00 1.0556589792e-02
226880 1.3022348092e+02 -9.4263821174e+02 4.1772747082e+03 3.7742848774e+02 -1.2490816579e+02 -2.8027438128e+02 2212 -1.7793987687e+00 3.6030837470e-01
226882 2.1357549302e+02 -1.0569661098e+03 4.3724344123e+03 2.3975153612e+02 2.6198520620e+01 -7.6461413108e+01 2212 -1.9695461467e+00 2.0214091391e+01
226943 -2.2137992413e+02 -9.3163102483e+02 3.7543302554e+03 1.2860213115e+02 2.9038242471e+01 -4.0299858840e+02 2212 -3.8092934801e+00 1.2392171145e-01
227470 -2.1110776428e+02 -1.0457316090e+03 4.4574348253e+03 3.0774596241e+02 -2.9118998299e+01 -4.0809476387e+02 2212 -3.5190980167e+00 1.8411712298e-02
227551 -1.1041719874e+02 -1.0643621411e+03 4.4757610470e+03 2.3485392503e+02 -7.1679108534e+01 -3.8145386949e+02 2212 -4.0472020716e+00 8.6559494692e-02
228199 1.9016804293e+02 -9.7654295837e+02 3.9041929596e+03 1.0761017084e+02 -2.5460433814e+00 -4.6325609433e+02 2212 -3.3317268123e+00 2.4697349629e-03
228465 -2.7702753352e+02 -1.1790890791e+03 4.8001964292e+03 4.4290611378e+02 -1.5441850871e+02 -2.8945179742e+02 2212 -2.7586569982e+00 3.6614269589e-02
228772 -1.8383493154e+01 -9.4544527905e+02 4.2330906584e+03 1.6870913778e+02 -1.9710401591e+01 -3.6743118072e+02 2212 -5.2218678228e+00 4.0216686984e-01
228796 1.1155791166e+02 -8.3286577520e+02 3.8863803369e+03 4.0223951608e+02 -1.4325873842e+02 -2.1906460545e+02 2212 -5.0186989929e+00 1.2633180344e+00
228984 -2.0122538009e+02 -1.0150889990e+03 4.5849961418e+03 4.2125512032e+02 6.2127161608e+01 -2.3338169403e+02 2212 -4.8919216422e+00 6.9875886927e-01
229132 7.4062347610e+01 -1.0922867882e+03 4.7046701800e+03 4.3579160587e+02 -9.3274104602e+00 -3.1958773961e+02 2212 -2.9266942788e+00 5.6980313497e-02
229372 -1.1464846859e+02 -9.6068943540e+02 3.8268626812e+03 2.1233099320e+01 -1.1084422536e+00 -4.7351104578e+02 2212 -6.8676434411e-01 1.0195837995e-03
229638 -2.3866932131e+02 -9.6265059195e+02 4.4346286191e+03 6.7917744779e+02 -1.0062695439e+01 -4.7964854002e+01 2212 -2.9815751368e+00 5.2417486390e-01
230789 -8.8191405053e+01 -1.1997444984e+03 4.7466124651e+03 2.5964340008e+02 1.1214260231e+01 -4.3035925543e+02 2212 -2.7062345664e+00 2.1916449437e-03
231164 -1.5212437752e+02 -1.0304460616e+03 4.6911453657e+03 2.1222092868e+02 6.9603541585e+01 -4.1577828084e+02 2212 -1.0204015237e+00 5.5577207811e-02
231358 -2.3499619241e+02 -1.0491298232e+03 4.5140636672e+03 2.9587972730e+02 7.4483940484e+01 -9.5285222345e+01 2212 -5.0560674334e+00 7.6019378184e+00
231411 1.8527827168e+02 -1.0634499001e+03 4.1920048694e+03 2.1712238861e+02 -1.6131597129e+01 -4.2848423277e+02 2212 -1.9938760700e+00 7.0869266018e-03
231417 -2.1475612218e+02 -8.4636861131e+02 3.7687979001e+03 1.2168590280e+02 8.8749230289e+00 -3.8366931982e+02 2212 -1.0290663196e+00 4.1416396319e-01
231442 2.8655741639e+01 -1.0584323114e+03 4.7727674741e+03 3.3043775125e+02 -4.8752533971e+01 -3.6959710286e+02 2212 -5.1602762362e+00 5.2079481544e-02
231448 1.7227053949e+02 -9.1854878536e+02 4.0504110163e+03 2.9991546398e+02 -9.6900160087e+01 -3.9170663195e+02 2212 -5.1516769857e+00 4.3055550268e-02
231480 -8.9754041849e+01 -1.0291849319e+03 4.7334453810e+03 2.2160597971e+02 -6.5204100149e+00 -2.9721129726e+02 2212 -2.6823067020e+00 1.1320568724e+00
231497 2.9301585510e+02 -1.1482354189e+03 4.7290239382e+03 3.2002185599e+02 -3.4152958672e+01 -3.7961692503e+02 2212 -1.0841266678e+00 1.0736590856e-02
231516 -2.6589071336e+02 -1.0604637218e+03 4.5265355196e+03 2.3930798631e+02 3.0107253818e+01 -3.0786133518e+02 2212 -1.3554484055e+00 5.3402130251e-01
231531 1.4901517665e+02 -9.8815549726e+02 4.1442514865e+03 4.1929600830e+02 1.2307403900e+02 -2.8299092660e+02 2212 -7.8785234550e-01 2.1796235651e-01
232056 -2.1543169907e+02 -1.1778046401e+03 4.7875291929e+03 2.6411366736e+02 -1.4920992122e+01 -4.2536123744e+02 2212 -5.0378534251e+00 4.4455642032e-03
232356 -1.7336877803e+02 -1.0264917168e+03 3.9991065030e+03 3.9483025111e+02 -1.0302621658e+02 -4.0765098659e+01 2212 -1.7208502961e+00 3.3872309841e+00
232452 -1.7373210981e+02 -9.9493930217e+02 3.8835688111e+03 1.8444845271e+02 3.5638444286e+01 -2.0969374834e+02 2212 -5.2904148581e+00 5.3551652592e+00
232927 -2.1957066461e+01 -9.6854485393e+02 3.7921927741e+03 2.3552871724e+02 -5.0436006739e+01 -4.0028759876e+02 2212 -1.2914395817e+00 4.9617965497e-02
233105 -1.1505040898e+02 -9.8228375114e+02 4.3904682985e+03 4.4888899658e+02 -1.0008728102e+02 -1.5965699755e+02 2212 -3.3840636427e+00 1.3225547329e+00
233144 1.0217208462e+01 -1.1579853902e+03 4.4561839535e+03 2.3255026984e+02 -1.2709461027e+01 -4.2461014136e+02 2212 -5.1378724393e+00 6.0453046661e-03
233970 7.6320208851e+01 -9.2037059510e+02 3.9616131720e+03 4.3901211417e+02 1.4318407432e+02 -3.1349213708e+02 2212 -4.5980561404e+00 1.2012032594e-01
234239 -2.1723742140e+02 -1.0964731841e+03 4.4678526358e+03 3.6447826165e+02 7.8490376958e+01 -3.8115820117e+02 2212 -8.3180077211e-01 2.0997594538e-02
234582 -1.4727548747e+02 -1.0001195801e+03 4.2088346245e+03 3.4957985164e+02 -1.0842913592e+02 -2.4012737132e+02 2212 -5.4113811401e+00 8.1392979115e-01
234765 3.4931615607e-01 -1.1313067329e+03 4.5870448159e+03 3.8361280276e+02 2.7177040237e+00 -2.9831043527e+02 2212 -3.2560049505e+00 1.3525874132e-01
235333 1.0076924016e+01 -1.0964281782e+03 4.5611727249e+03 4.1462672276e+02 -7.2140263655e+00 -5.2366224523e+01 2212 -4.3360262755e+00 3.2036319044e+00
235942 -1.3785158763e+02 -8.8642317664e+02 3.7994179013e+03 2.1500386318e+02 -1.5727833236e+00 -4.2374836453e+02 2212 -4.5060500114e+00 4.6787585420e-02
237037 2.5610590189e+02 -1.0116592302e+03 4.5130165069e+03 3.9188848995e+02 8.1695553533e+00 -1.9055684107e+02 2212 -1.5720108985e+00 1.2514208715e+00
237818 -1.3714211842e+02 -1.0722676859e+03 4.6232246526e+03 2.9603523049e+02 1.0132481725e+02 -3.7412922142e+02 2212 -9.2237081565e-01 1.0492608867e-01
237976 -1.4561565587e+02 -1.0189249936e+03 4.7998645509e+03 2.6372203605e+02 -4.2270101528e+01 -4.1616777916e+02 2212 -1.2199627673e+00 3.0921864944e-02
238082 1.4306528038e+02 -1.1130932484e+03 4.4868949256e+03 5.3614563713e+02 1.1083751375e+02 -6.3829113435e+01 2212 -4.8380072969e+00 8.4138641337e-01
238106 -1.5747215029e+02 -9.9175446970e+02 4.3006160502e+03 3.4454107126e+02 -1.6598665017e+01 -3.0501884946e+02 2212 -1.9577893168e+00 3.6878941753e-01
238231 -2.6930106505e+02 -1.0860827131e+03 4.5283995545e+03 6.6269053440e+01 1.8241150668e+01 -4.6122723768e+02 2212 -1.4256513498e+00 4.6357794616e-03
238408 -7.4208219817e+01 -1.1332024253e+03 4.5775149525e+03 3.2681453041e+02 8.4292223137e+01 -3.9556257882e+02 2212 -9.4087349786e-01 1.5012444078e-02
239115 -1.7933743716e+02 -9.9427852403e+02 4.0603477386e+03 2.7481268091e+02 -5.5301496238e+01 -4.0769370704e+02 2212 -8.1559606898e-01 2.3871145926e-02
239197 1.3187830565e+02 -9.5083352205e+02 4.3609601444e+03 1.9133899181e+02 -2.5171757910e+00 -3.0008760995e+02 2212 -2.3358279474e+00 1.5586754954e+00
239472 2.3520787076e+02 -1.1121724103e+03 4.7453568014e+03 4.8494388530e+02 -1.2336004317e+02 -2.0154472273e+02 2212 -7.6595364558e-01 1.7189755099e-01
240046 1.9729184847e+02 -1.1774541905e+03 4.5748001072e+03 2.9228214006e+02 7.3977798961e+01 -2.3931847467e+02 2212 -2.3640780111e+00 5.7864016607e-01
240642 1.4166390991e+01 -9.9433566871e+02 4.4558007004e+03 3.7629514886e+02 -1.3239843891e+02 -3.4468431409e+02 2212 -3.7974424667e+00 7.8723374569e-02
241056 -1.6626999290e+02 -8.9921731239e+02 3.7348048191e+03 2.3602936846e+02 -6.7290623955e+01 -4.0884713208e+02 2212 -2.7351187095e+00 4.8473154101e-02
241635 -5.8877385146e+01 -1.0519951424e+03 4.3977045463e+03 3.0866885079e+02 -7.8463524896e+01 -2.2120616940e+02 2212 -3.3370551101e+00 1.3671226372e+00
241654 1.7382629638e+02 -1.0996407801e+03 4.7577625683e+03 1.8358759872e+02 -2.4304379576e+01 -3.4586578365e+02 2212 -4.6179831850e+00 2.5986049964e-01
242505 -2.8419603035e+02 -1.0319702116e+03 4.5538078786e+03 3.7049924952e+02 -1.0430830822e+02 -2.1672778975e+02 2212 -2.0645320446e+00 8.8114811537e-01
242695 1.9399231218e+02 -1.0117024570e+03 4.0661536767e+03 2.6762287558e+02 -2.2685383814e+01 -1.9937331815e+02 2212 -1.9489536046e+00 2.6320284551e+00
243577 -1.3519849235e+02 -1.1627737629e+03 4.3847445127e+03 3.2547065901e+02 -7.1930226658e+01 -3.4194297365e+02 2212 -1.8396261644e+00 4.2163976914e-02
243866 3.1120615318e+01 -9.9647373027e+02 4.0959178136e+03 4.2727047677e+02 -9.8507850172e+01 -2.6983508331e+02 2212 -3.4503530625e+00 2.1577398326e-01
244903 -2.4454102385e+02 -1.1014868469e+03 4.5416858035e+03 1.2848840323e+02 -5.0001990739e+00 -4.5145131709e+02 2212 -4.9735266431e+00 5.5096824984e-03
245567 2.4010449018e+02 -1.1241252451e+03 4.5875193458e+03 1.2014304833e+02 -1.2236012212e+01 -4.2034153146e+02 2212 -1.9574213442e+00 1.8960444814e-02
245948 -1.3479304840e+02 -9.0211614587e+02 3.8963787442e+03 4.8851823589e+02 -1.0075787678e+02 -1.0852496035e+02 2212 -1.7073933717e+00 1.7651738152e+00
246037 -8.8390316710e+01 -1.0134165517e+03 3.9021663374e+03 4.5365620843e+02 -5.6666475714e+01 -4.8773142890e+01 2212 -3.0782818592e+00 2.3479398044e+00
246394 6.4327271896e+01 -9.3881032384e+02 4.3112327876e+03 3.8061484593e+02 -1.1450424805e+02 -2.1830801647e+02 2212 -2.1533803637e+00 1.2710115943e+00
246549 1.6368090517e+02 -9.8124458486e+02 4.2887899879e+03 2.2386168393e+02 -7.1743400241e+01 -1.2522549454e+02 2212 -2.7016895958e+00 1.5808703523e+01
246886 -1.6623189423e+02 -9.4599420507e+02 3.8080103488e+03 4.4096318334e+02 2.9129183510e+01 -1.5063780193e+02 2212 -4.6727144073e+00 1.5192442674e+00
247140 1.8996610553e+02 -1.0496040140e+03 4.6149541769e+03 3.0513533303e+02 2.8420875028e+01 -3.4823613087e+02 2212 -9.1708081029e-01 1.4129576811e-01
247516 -1.7514314750e+02 -9.2120790688e+02 3.9139012149e+03 3.3553118536e+02 1.6702861481e+01 -3.9248283404e+02 2212 -3.9353828104e+00 4.3055841105e-02
248022 2.4516944810e+02 -1.2054135222e+03 4.7588265829e+03 4.6854651235e+02 -1.5050398366e+02 -6.7023670294e+01 2212 -3.8288703079e+00 6.1544827650e-01
248118 -2.0808745106e+02 -1.0481088971e+03 4.2333791907e+03 1.6032208266e+02 -3.8112945294e+01 -2.6283565288e+02 2212 -1.4126116836e+00 1.8662356421e+00
248321 -6.8003773857e+01 -1.1941416608e+03 4.8486703762e+03 2.1350666573e+02 3.0896016450e+01 -2.2912852647e+02 2212 -3.7576617342e+00 1.6707732074e+00
249349 3.3752685936e+01 -9.7458249768e+02 4.4098810580e+03 3.7966960340e+02 -5.9902091835e+01 -2.2598289585e+02 2212 -4.7580439104e+00 1.1758064221e+00
249372 -2.8294006431e+02 -1.1291820412e+03 4.9370062730e+03 3.4144264625e+02 3.0809894445e+01 -3.7045386757e+02 2212 -2.9002599262e+00 4.4345421192e-02
249445 -1.9012529213e+02 -9.6743888799e+02 3.8260941038e+03 2.7761639266e+02 -1.4037108480e+01 -4.1380962865e+02 2212 -1.9791659941e+00 2.7599767010e-02
249615 4.1032804789e+01 -9.1582018428e+02 4.2173466047e+03 3.1608289356e+02 -1.4495498104e+01 -3.1454894983e+02 2212 -2.0157449874e+00 5.9041151500e-01
249693 1.9263813477e+01 -1.0202206294e+03 3.8943618012e+03 3.4201893447e+02 4.9872441883e+01 -1.8989357598e+02 2212 -9.1198574239e-01 1.5958415697e+00
249960 -2.5564064084e+02 -1.1743901872e+03 4.8546019422e+03 4.4106428051e+02 -1.5244673193e+02 -1.8168045501e+02 2212 -4.5835214127e+00 3.0634280182e-01
250042 2.3837347958e+02 -9.7492383536e+02 4.4536863302e+03 3.6201188120e+02 -8.8683279306e+01 -9.8873229375e+01 2212 -1.5124645452e+00 4.3897625110e+00
250184 -2.1277770490e+02 -1.0370306548e+03 4.6443356502e+03 5.5478801049e+02 1.2486679359e+02 -4.5919148286e+01 2212 -5.1436279558e+00 1.3915049076e+00
250461 -2.2043687193e+02 -1.0503662321e+03 4.6569326492e+03 2.7348700867e+02 6.8230399063e+00 -3.8866093854e+02 2212 -2.8502673744e+00 7.0876845072e-02
250540 -2.8592907820e+01 -1.0161251504e+03 4.7428162796e+03 6.2479463747e+02 -1.3349505861e+02 -7.1531705735e+01 2212 -4.2857000844e+00 5.3012463080e-01
250807 -5.7843951105e+00 -9.0952444290e+02 4.0311648120e+03 2.2856955167e+02 -7.4559255623e+01 -3.4628275508e+02 2212 -5.1931965160e+00 4.5922002504e-01
250823 -2.1512017493e+02 -1.0537852229e+03 4.9080557308e+03 3.1062597170e+02 7.3085473792e+01 -4.0644531566e+02 2212 -5.7452206453e-01 3.3905375171e-02
251090 8.1392143520e+01 -1.2190704708e+03 4.7787596455e+03 2.1890514275e+02 -2.3027288276e+01 -4.1147617224e+02 2212 -1.3332111896e+00 1.5882397248e-02
251288 -2.1528396736e+02 -9.0219210148e+02 3.7530766250e+03 3.8183465307e+02 3.7759487996e+00 -2.4408401297e+02 2212 -1.7268039270e+00 9.1932335969e-01
251706 -2.6322611872e+02 -9.3475469463e+02 4.1376086916e+03 7.0526587815e+01 -1.5579332360e+01 -3.1029420499e+02 2212 -3.8438737306e+00 1.8018628318e+00
253313 -3.1247825030e+02 -1.1399896136e+03 4.9098754894e+03 5.5872167896e+02 -1.7004016361e+02 -1.7450138885e+02 2212 -1.4438031563e+00 1.1013556661e-01
253886 -3.6653653710e+01 -9.2925170318e+02 3.9031213714e+03 1.7063725348e+02 -5.7889818554e+01 -3.1458144092e+02 2212 -2.3948852341e+00 1.1109995170e+00
253996 6.0899435054e+01 -8.5594440318e+02 3.8934791778e+03 4.5695891109e+02 -7.7805826813e+01 -1.6394662195e+02 2212 -3.9406959661e+00 1.8465635665e+00
254763 1.8668397863e+01 -1.0149107614e+03 4.3422518227e+03 5.7542813438e+02 -8.1307449143e+01 -1.1100278693e+02 2212 -5.4732247053e+00 5.5375377398e-01
255208 8.8646653598e+01 -1.1552453165e+03 4.4088067950e+03 1.5101978368e+02 -3.9990767248e+01 -4.4483154273e+02 2212 -3.7578770618e+00 4.7335860986e-03
255833 1.6765222701e+02 -1.0299933332e+03 4.7532340544e+03 4.7608486963e+02 9.8755530086e+01 -2.9055582150e+02 2212 -2.3257308146e+00 1.0349418047e-01
255899 -2.2913041620e+02 -1.2219610011e+03 4.7944210118e+03 1.9421836490e+02 9.6171717343e+00 -4.4081429965e+01 2212 -9.9160528928e-01 4.1082218105e+01
256096 -1.6060245637e+02 -8.5238291681e+02 3.7500571940e+03 5.6927371028e+02 -3.6164436459e+01 -1.6297117787e+02 2212 -5.3321016028e+00 5.8688420691e-01
256304 -8.9311310591e+01 -1.1119343438e+03 4.8880431108e+03 3.2805522003e+02 -5.8159317483e+01 -9.3267315595e+01 2212 -2.2816976807e+00 5.1286870217e+00
256604 -1.0953454690e+02 -9.4932307271e+02 4.2448279893e+03 3.9409455288e+02 -6.0758699005e+01 -3.1003321654e+02 2212 -1.3901789831e+00 2.3210034294e-01
256623 2.9742981067e+02 -1.0552644327e+03 4.6749160029e+03 4.4231649260e+02 8.6294407022e+01 -2.5257192108e+02 2212 -3.2847985097e+00 2.1138916808e-01
256707 -2.8472452505e+02 -1.0038976733e+03 4.0769925104e+03 4.1561823833e+02 6.8403003020e+01 -3.0729230380e+02 2212 -2.5897889242e+00 1.2801347604e-01
256890 1.1603808614e+02 -1.1570220693e+03 4.7459002482e+03 4.2212026789e+02 -1.5244929645e+02 -1.5710882160e+02 2212 -6.5130557702e-01 5.4016619279e-01
257155 1.0405970568e+02 -1.0054695412e+03 4.4576788090e+03 2.4574236516e+02 4.7948738944e+01 -2.7425375647e+02 2212 -2.1736882622e+00 1.4117336855e+00
257594 2.8383735486e+02 -1.0241581128e+03 4.2509048175e+03 5.5483423265e+02 -1.1254851445e+02 -1.6135111397e+02 2212 -4.2758693704e+00 1.8441601582e-01
257638 1.7987448897e+02 -1.0336869802e+03 4.1357466103e+03 1.7384655155e+02 2.8903300853e+01 -4.4385012554e+02 2212 -8.5659572110e-01 7.4972458807e-03
258132 2.5485674469e+02 -1.0007246240e+03 4.0518541387e+03 4.3915753406e+01 -7.7702904559e+00 -3.9005754716e+02 2212 -4.6000170587e+00 1.5113443203e-01
258231 1.7246142503e+02 -1.0462679057e+03 4.3915703946e+03 1.8035661520e+02 -5.3205479380e+01 -7.5302473764e+01 2212 -2.2551600444e+00 5.9534270247e+01
258266 -1.3764811273e+02 -9.8722267770e+02 4.5100709709e+03 1.9818532611e+02 -1.0029727632e+01 -2.7756927818e+02 2212 -1.4771587420e+00 2.0821810277e+00
258562 -2.6702640745e+02 -1.1718206158e+03 4.8943538334e+03 3.9248566362e+02 9.8845324970e+01 -2.5662840911e+02 2212 -2.5853316365e+00 2.4892329760e-01
258912 -1.0506053392e+02 -1.1589706094e+03 4.4159971726e+03 1.3759566453e+02 1.1170155163e+01 -3.5419039969e+02 2212 -5.6163510960e-01 1.6645040019e-01
258917 8.3812729638e+01 -9.8082236165e+02 4.4818782701e+03 3.7646547760e+02 -1.2657100487e+02 -2.0578258771e+02 2212 -4.1389523093e+00 1.2781877879e+00
259133 2.6550243235e+02 -1.0384611512e+03 4.7288830427e+03 4.4364524906e+02 -1.5267537856e+02 -2.2974872614e+02 2212 -1.7117338646e+00 2.2161933235e-01
259242 2.3481529101e+02 -1.1266274576e+03 4.5281588043e+03 2.0530093025e+02 -1.5899523611e+01 -3.4815168672e+02 2212 -1.9131733228e+00 1.7080142663e-01
259606 -6.8345229030e+01 -1.0966453266e+03 4.1762723290e+03 4.8233404932e+02 -1.4547701869e+01 -6.2441940657e+01 2212 -3.7173416158e+00 1.3849522958e+00
259781 -5.2830706544e+01 -1.1737994075e+03 4.7427766399e+03 4.2143121146e+02 9.5115773285e+01 -1.0413239018e+02 2212 -7.6971313870e-01 1.4547179111e+00
260617 -1.0800423827e+02 -1.0815285098e+03 4.7953789207e+03 5.6914849529e+02 -9.2629157835e+01 -1.0664491122e+02 2212 -2.5550064021e+00 5.4391701034e-01
260966 -2.7248810699e+02 -1.1612370765e+03 4.6184394564e+03 5.7458959046e+02 7.3440420319e+01 -7.8563030915e+01 2212 -3.9425518825e+00 4.5283549300e-01
261306 -1.5036549852e+02 -1.2008304227e+03 4.6116795599e+03 2.2935682420e+02 -2.7425081016e+01 -4.0268615880e+02 2212 -3.2644477005e+00 1.1275552789e-02
262623 2.5008744729e+02 -9.2995986537e+02 4.3376733931e+03 5.2415672329e+02 -7.9288844305e+01 -2.2317626133e+02 2212 -5.4896528828e+00 2.1881801018e-01
263715 -1.7674779137e+02 -9.6008570495e+02 4.3314230400e+03 2.3378751023e+02 8.1871512950e+01 -3.9035967580e+02 2212 -3.6239845057e+00 1.3547648234e-01
265750 -1.9544328232e+02 -9.2585440727e+02 3.7586793688e+03 2.4559374273e+02 6.5238046338e-01 -3.8885136003e+02 2212 -4.6184310277e+00 1.0006639783e-01
265890 2.6373837685e+02 -9.0069249246e+02 3.9461546588e+03 1.2973173809e+02 -2.6510902719e+01 -2.8131498993e+01 2212 -5.0147918956e+00 4.8975355241e+02
266102 1.8162189169e+02 -9.8171200057e+02 4.2944183904e+03 2.1622239795e+02 2.0913236097e+01 -4.2745819363e+02 2212 -5.2126921434e-01 2.1242369826e-02
266162 -9.8205041797e+01 -9.2712780551e+02 4.3689758487e+03 2.2668957246e+02 1.6374120142e+01 -4.2124700174e+02 2212 -3.4930593434e+00 6.7902365779e-02
266393 -1.0526843414e+02 -1.1055528815e+03 4.6265836576e+03 1.2812687258e+02 1.9277506841e+01 -4.1455304949e+02 2212 -1.9914964733e+00 4.7854651513e-02
266510 -1.6699030421e+02 -1.0241159061e+03 4.6340758211e+03 2.5137079328e+02 -8.8337817307e+01 -3.4589795945e+02 2212 -2.8552675778e+00 2.3484349284e-01
266605 3.5388204995e+01 -1.0252280015e+03 4.2501458273e+03 5.7933028079e+02 1.2998496848e+02 -1.3398344976e+02 2212 -3.8937588905e+00 3.9387276540e-01
266707 3.4401906379e+01 -1.0981829930e+03 4.8298789494e+03 1.2724357698e+02 -3.3630495592e+01 -4.2986434860e+02 2212 -5.1091287362e+00 2.2478027816e-02
266729 4.2460064611e+01 -1.0208865916e+03 4.6664418439e+03 1.4746646487e+02 -4.7070432044e+01 -3.7791368776e+02 2212 -1.6823267769e+00 2.3597866476e-01
266961 6.4048311674e+01 -1.0248264972e+03 4.6169269388e+03 2.5017595769e+02 5.3331163527e+01 -3.3463431219e+02 2212 -7.0534849958e-01 4.1530112834e-01
267091 3.4539567801e+00 -1.0577301670e+03 4.2977142675e+03 3.2975274056e+02 -5.0725905973e+01 -2.3971379754e+02 2212 -5.0510822581e+00 8.5017923611e-01
267144 5.3811514909e+00 -1.1042508793e+03 4.6064558896e+03 4.2731430747e+02 1.4319242066e+02 -2.6341461072e+02 2212 -1.9775653766e+00 2.0971846499e-01
267322 -1.2718125202e+02 -1.2324258063e+03 4.6977937416e+03 6.2165248297e+02 9.8824194040e+01 -1.1221083626e+02 2212 -3.9842108155e+00 1.2623700745e-01
267451 2.8518359138e+01 -1.0782529597e+03 4.2352243018e+03 4.0495094934e+02 3.2206218090e+01 -1.2024782013e+02 2212 -4.2491987844e+00 1.8304592795e+00
268095 2.4977855268e+02 -1.1437181821e+03 4.5202112817e+03 5.8323703296e+02 4.2941904359e+01 -1.3263972047e+02 2212 -4.3205259829e+00 1.6102070917e-01
268806 1.7444177794e+01 -9.7623246706e+02 3.8689240041e+03 1.4691717996e+02 4.5259978677e+01 -2.5423536603e+02 2212 -3.0582692178e+00 3.3819860569e+00
269973 3.1786948367e+00 -9.8412548098e+02 4.3598464400e+03 9.5444546229e+01 1.5196856852e+01 -3.9381637114e+02 2212 -1.6979265814e+00 2.2663790754e-01
270289 -7.7797013451e+01 -9.7370579800e+02 4.3782930335e+03 3.0342026814e+02 2.6706365337e+00 -3.5542568090e+02 2212 -3.2587727935e+00 1.9713774621e-01
270831 -2.6039502462e+02 -1.1687248756e+03 4.7439672517e+03 5.5280597637e+02 -1.3600243363e+02 -1.8458702527e+02 2212 -2.3148280063e+00 9.1474059339e-02
271485 1.2023334258e+02 -1.0143790222e+03 4.3013306830e+03 1.8125405052e+02 -1.8993419798e+01 -4.4841069512e+02 2212 -8.8256094442e-01 5.1774786955e-03
271757 -3.1806797345e+02 -1.0266893107e+03 4.4771724288e+03 1.3464035681e+02 -1.3304881060e+01 -2.9550955442e+02 2212 -9.4001611881e-01 1.2961004074e+00
272143 -3.2407182194e+01 -9.7000993343e+02 3.9962912454e+03 2.2253119206e+02 -6.5545134372e+01 -1.4268566155e+02 2212 -3.4147185583e+00 1.2478490199e+01
272927 -4.9499258636e+01 -1.1228488574e+03 4.6331767675e+03 1.3594939540e+02 8.4044421039e+00 -4.0052722168e+02 2212 -1.6028625118e+00 6.4871204781e-02
273217 -5.2311937466e+01 -8.7205970042e+02 4.0013074963e+03 5.2851643846e+01 4.9028513510e+00 -4.0964758526e+02 2212 -3.8815679315e+00 2.5405143438e-01
273301 1.6647098240e+01 -9.0625060183e+02 3.8880805594e+03 2.7826813630e+02 -8.8740488188e+00 -2.7110635825e+02 2212 -5.2660591197e+00 1.5399180744e+00
273859 1.7623756323e+02 -1.0255106353e+03 4.0114680767e+03 4.0309889679e+02 -1.3140328454e+02 -2.1834918881e+02 2212 -1.2830891805e+00 4.2015143482e-01
274188 -9.6600213574e+01 -1.1132417212e+03 4.6704542279e+03 3.7758935260e+02 3.9007658698e+01 -3.4491175696e+02 2212 -2.8094754270e+00 6.8533856938e-02
274499 -2.0532805213e+02 -1.0063227290e+03 4.1671604766e+03 3.6120860139e+02 -2.7188978614e+01 -2.3195159541e+02 2212 -9.5829182025e-01 9.2312554626e-01
275492 -1.3647568973e+02 -1.0737963307e+03 4.8341665295e+03 4.0450299217e+02 5.3570081674e+01 -3.3437939891e+02 2212 -5.0185517101e+00 1.1739761870e-01
275529 9.5819717952e+01 -9.9097026593e+02 4.1908185210e+03 2.4353644920e+02 -6.0662389110e+01 -8.6545111900e+01 2212 -3.6087268027e+00 2.0099973735e+01
276129 1.3662851363e+02 -1.0476936586e+03 4.1446242433e+03 1.9736737687e+02 -1.9444498358e+01 -3.4970126970e+02 2212 -2.9632038025e+00 2.1843574345e-01
276294 -1.0652059222e+02 -1.1841694463e+03 4.8690911232e+03 5.9422980823e+02 1.3144870173e+02 -1.3045158637e+02 2212 -5.2450657492e+00 2.0543333318e-01
277010 -3.7748853443e+01 -1.1338079619e+03 4.8211922634e+03 1.5243272341e+02 9.3585696899e+00 -4.5239882928e+02 2212 -9.6992220450e-01 7.7146315250e-03
277099 -2.1332995482e+02 -1.0622157836e+03 4.4165464316e+03 8.8585395906e+01 1.6422711161e+01 -3.4058023798e+02 2212 -4.1144191143e+00 5.0590017079e-01
277104 -3.1225815409e+01 -1.0810253495e+03 4.6110699704e+03 2.7932721966e+02 6.7121979995e+01 -5.4741771664e+01 2212 -2.1100321058e+00 1.3637506001e+01
277196 -6.9502795398e+01 -8.5790098509e+02 3.9639560791e+03 2.4499445896e+02 -7.7443290691e+01 -1.8606071875e+02 2212 -3.2249420015e+00 8.0659370000e+00
277426 -1.6165459700e+02 -1.0086636696e+03 4.1846693266e+03 2.3360983236e+02 -5.3915944490e+01 -3.8421266617e+02 2212 -2.2042186891e+00 8.9493790060e-02
277615 -3.0779272921e+01 -1.1056704768e+03 4.2500658269e+03 3.3012824986e+02 -1.9172758794e+01 -3.4540722817e+02 2212 -6.8668181845e-01 8.3967814347e-02
277970 -1.1453872995e+02 -1.0408507850e+03 4.5867781183e+03 6.3608611015e+02 3.4980859545e+01 -2.2929149089e+01 2212 -1.1710493704e+00 8.2112931941e-01
277998 2.4405895920e+02 -1.0657626482e+03 4.1753643041e+03 5.0853300302e+02 8.1682823924e+01 -1.9851591517e+02 2212 -2.7334593150e+00 2.0364501516e-01
278777 7.3265096679e+01 -1.1364681683e+03 4.7208797758e+03 8.1738439080e+01 -7.7523924066e-01 -2.8008311510e+02 2212 -1.6385475402e+00 1.6976734397e+00
279776 -1.8832162105e+02 -1.0208097895e+03 4.6361862097e+03 2.1472665658e+02 -6.4244815357e+01 -3.8737736641e+02 2212 -1.5736299679e+00 2.2973510351e-01
280350 -9.1083123799e+01 -1.1909437128e+03 4.6524965797e+03 4.1487244592e+02 1.2961781999e+02 -3.3815232104e+02 2212 -2.0091160208e+00 2.5108696034e-02
280524 8.4486105568e+01 -1.0649149274e+03 4.6253026604e+03 2.9186786437e+02 9.9758207652e+01 -3.6617978403e+02 2212 -4.2830658862e+00 1.1576659459e-01
280811 2.2917013704e+01 -1.0125387007e+03 3.9791535224e+03 2.2895464596e+01 -6.4655598733e+00 -7.3467832878e+01 2212 -4.2867692742e+00 1.6240856380e+03
281003 1.2027696133e+02 -9.5272086111e+02 4.4050600416e+03 1.6667307190e+02 3.0839545298e+01 -2.5247834146e+02 2212 -5.1206150390e+00 4.6354356274e+00
281303 -3.4613636964e+01 -1.0003013622e+03 4.5679507536e+03 1.3018888176e+02 2.4453684353e+01 -4.1564718110e+02 2212 -3.4777379707e+00 1.2869445403e-01
281320 1.5336703121e+02 -9.6471804404e+02 3.9959433152e+03 3.4439026328e+02 -9.1865014274e+01 -3.4135802630e+02 2212 -5.2733275057e+00 9.1479851063e-02
281630 -1.5651023829e+02 -9.4272940849e+02 3.8586493034e+03 3.2697067073e+02 6.2201005946e+01 -1.5834320643e+02 2212 -3.4557306878e+00 3.5983003718e+00
282188 3.5394166669e+00 -9.4999088440e+02 4.4317969056e+03 5.8274718208e+02 2.1186589703e+01 -1.3675686259e+02 2212 -3.2178915008e+00 7.7177460447e-01
282762 5.1062669573e+01 -9.4436395416e+02 3.9569876961e+03 2.2048804580e+02 1.8067461992e+01 -3.8945946577e+02 2212 -5.1431702403e-01 1.2772287394e-01
283554 1.7689981895e+02 -1.1344413936e+03 4.7911290598e+03 4.3623726946e+02 9.8001522177e+01 -6.7267547063e+01 2212 -2.7924753628e+00 1.9570382968e+00
283774 1.6691084216e+02 -1.1846557155e+03 4.7288202693e+03 1.6390816492e+02 2.2338893012e+00 -4.3156936320e+02 2212 -8.1696546474e-01 1.2823919196e-02
283896 -3.6109222789e+01 -9.4813640419e+02 4.2980067056e+03 8.2560702540e+01 1.0027721616e+01 -4.5947863479e+02 2212 -1.4625264886e+00 1.3555077363e-02
284207 -2.8723081060e+02 -1.1634667991e+03 4.9284214115e+03 2.0516098549e+02 3.2879450300e+00 -4.3628896497e+02 2212 -8.6545745796e-01 1.2250804966e-02
284403 8.4884710284e+01 -9.8977026422e+02 4.1020990737e+03 3.4965806285e+02 -8.8413518315e+01 -7.8713799339e+01 2212 -5.0694919559e+00 5.1283225635e+00
284470 -9.4770351255e+00 -1.0457088414e+03 4.1316854822e+03 5.4341349808e+02 1.5202946591e+02 -1.9134901614e+02 2212 -4.3478277822e+00 2.1490156636e-01
284585 -8.3603636464e+01 -1.2189643162e+03 4.7997961085e+03 2.0402296186e+02 -9.9871775778e+00 -4.1633626716e+02 2212 -6.3309439993e-01 1.4924770357e-02
284772 -9.8115209643e+01 -9.9467040410e+02 4.3972751851e+03 3.4379765177e+02 6.8982524971e+01 -5.6201681692e+01 2212 -5.0076789206e+00 8.0910711357e+00
284812 4.6875861075e+01 -8.7229508933e+02 3.9645110067e+03 1.1199241904e+02 4.0127359002e+01 -3.4030694712e+02 2212 -8.0250895885e-01 1.3335355926e+00
284933 1.8202265358e+02 -9.6331941147e+02 4.2361346715e+03 2.4302557639e+02 2.9833709401e+01 -3.3785254691e+02 2212 -5.1917035617e+00 4.1959287727e-01
285058 2.2920614995e+02 -9.6314060109e+02 4.4206644509e+03 1.7831574264e+02 -1.3761705126e+01 -4.4768802218e+02 2212 -4.0039822548e+00 8.3586104377e-03
285232 -1.6395601701e+02 -9.1318024279e+02 4.0431002311e+03 3.2199555466e+02 -5.7432905918e+01 -1.3142519085e+02 2212 -4.2927431578e+00 6.1064202758e+00
285453 8.3749046326e+01 -9.1928338453e+02 4.3214758397e+03 1.3447946755e+02 9.3660115497e+00 -4.1998633014e+02 2212 -3.3768871166e+00 1.5448571938e-01
286141 8.7901550718e+00 -1.0564688718e+03 4.8494766221e+03 8.8336244299e+01 2.7476621692e+00 -2.4085205308e+02 2212 -1.3509605762e+00 7.9595829990e+00
286222 6.9958655919e+01 -1.1044568458e+03 4.5278215359e+03 2.7867525336e+02 -1.2633746016e+01 -3.5590816791e+02 2212 -4.1556759395e+00 1.3280308368e-01
286931 -2.0989345937e+02 -1.0839164602e+03 4.7556478474e+03 4.6520330170e+02 -1.0958615600e+02 -2.6270463391e+02 2212 -2.3066948745e+00 1.2990861162e-01
287032 -1.8808811499e+02 -9.8902322221e+02 4.6151789827e+03 2.6452967884e+02 2.7977239301e+01 -4.1717979209e+02 2212 -2.2621755705e+00 3.7703368178e-02
287965 -1.3193113276e+02 -9.9856182722e+02 4.1820926873e+03 1.1646747948e+02 1.6828224588e+01 -4.5175163530e+02 2212 -4.6030358872e+00 1.3467752771e-02
288026 -6.1601784599e+01 -1.0123697319e+03 4.7516760543e+03 5.1508895473e+02 2.5311345175e+01 -1.5462113595e+02 2212 -5.0823423110e+00 9.5398845090e-01
288049 2.4447224225e+02 -1.0237674088e+03 4.5169537126e+03 3.6095408176e+02 -4.7367994038e+01 -1.4605136632e+02 2212 -3.3593927529e+00 2.4529572542e+00
288384 -2.7270917909e+02 -9.1529268450e+02 4.0477517772e+03 1.3231444320e+02 3.3233086174e+01 -4.2152161264e+02 2212 -1.4095411759e+00 8.2629134460e-02
288873 -1.6149744057e+02 -1.0654794553e+03 4.7796205743e+03 4.5348087428e+02 -2.5970892997e+01 -2.2718565963e+02 2212 -1.4284290881e+00 4.4398154445e-01
289371 -1.9236894202e+02 -1.1428180673e+03 4.4911637876e+03 7.9305548761e+01 2.5924074836e+01 -4.6716113700e+02 2212 -4.2945926865e+00 2.0208351513e-03
289704 -8.7895275516e+01 -1.1897321496e+03 4.6940590041e+03 2.6031554665e+02 8.5086214900e+01 -4.3045072242e+02 2212 -7.5128269335e-01 8.8450132765e-03
290027 -3.5387894456e+01 -9.0795938879e+02 4.0305309741e+03 3.7401063220e+02 1.0386880426e+02 -2.9573857237e+02 2212 -2.2397497396e+00 4.9430065552e-01
290449 9.2076871653e+01 -1.0802580170e+03 4.2038440484e+03 2.0875021042e+02 4.6233287981e+01 -9.0766776536e+01 2212 -4.4344692288e+00 2.5059528026e+01
290764 -4.8664810183e+01 -1.0214015853e+03 4.4599290099e+03 2.8974628155e+02 -1.0337596390e+01 -5.0714225711e+01 2212 -3.5576780520e+00 1.5994562771e+01
291199 1.7874445772e+02 -1.0549762069e+03 4.6746012164e+03 4.6460478364e+02 -8.5821525719e+01 -2.7391284294e+02 2212 -4.0020674113e+00 1.1303015079e-01
292005 1.9834973387e+02 -9.9450561720e+02 4.6584268437e+03 3.7844996698e+02 1.7919410527e+01 -3.0706145577e+02 2212 -5.3471299664e+00 2.4852875981e-01
292564 3.1350933549e+02 -1.1261997895e+03 4.5496979712e+03 1.4295704780e+02 -4.4159687894e+01 -4.2152213203e+02 2212 -4.0195432859e+00 9.7501729834e-03
293473 -1.5347662434e+02 -1.0716992346e+03 4.4444460110e+03 4.5416626963e+02 3.7913844063e+01 -1.3735857375e+02 2212 -5.1857606445e+00 1.2019036695e+00
293620 -2.1961433957e+02 -1.0945860382e+03 4.7262187496e+03 3.1959767473e+02 4.9273000866e+01 -3.4153602810e+02 2212 -2.3462108960e+00 1.4013469098e-01
293938 -1.7424473772e+02 -1.0899642947e+03 4.9106686669e+03 8.1970677427e+01 -2.7446641844e+01 -4.4945662243e+02 2212 -1.3049659280e+00 1.0360887222e-02
294154 -5.5086847157e+01 -8.7002828944e+02 4.0135032610e+03 2.0655709996e+02 -5.3845903370e+01 -3.6902432181e+02 2212 -1.5388419242e+00 4.0373652421e-01
294710 1.6353081778e+02 -1.0762263804e+03 4.3503983108e+03 5.8062441662e+02 2.5815099429e+01 -4.7230718481e+01 2212 -5.3047437414e+00 7.2158696040e-01
294905 1.1870728776e+02 -1.0234050433e+03 4.6059089634e+03 4.0493133288e+02 1.0658735146e+01 -1.8298490839e+02 2212 -8.8351065479e-01 1.4622930365e+00
294997 -3.0426727942e+02 -1.1451505146e+03 4.5160674868e+03 3.6283234583e+02 -4.6070370353e+01 -3.8325368512e+01 2212 -7.8583785403e-01 3.3500102393e+00
295634 -2.7490168375e+02 -1.0855308936e+03 4.7249707161e+03 3.3217696663e+02 8.1666887301e+01 -3.9810642808e+02 2212 -3.3767351201e+00 2.4820433618e-02
296336 -8.4216228227e+01 -9.6978523471e+02 4.3367619385e+03 2.8822954628e+02 6.3182578952e+01 -4.1164924422e+02 2212 -5.2674482071e+00 4.9996185324e-02
296497 -2.2378869279e+02 -1.1140595548e+03 4.6595286558e+03 3.8280075409e+02 -3.4477346702e+01 -1.4516390976e+02 2212 -5.1906130097e+00 1.6111618877e+00
298050 8.7857330247e+01 -1.1351801605e+03 4.3744687856e+03 4.5395079372e+02 1.5576567440e+01 -1.4919496606e+02 2212 -1.5964765330e+00 6.7016362423e-01
298068 2.8298074973e+02 -9.4958956555e+02 4.2372901652e+03 5.6460738809e+02 -1.3989551083e+02 -9.8161751724e+01 2212 -3.1886467275e+00 5.6974573695e-01
298069 -5.4645522867e+01 -1.2374696336e+03 4.7512109368e+03 3.3664539129e+02 -1.0548045935e+02 -3.3130332094e+02 2212 -1.9128264063e+00 2.5487672148e-02
298183 7.0242846800e+01 -1.1850279657e+03 4.7242647178e+03 2.3798770435e+02 4.8429833811e+01 -3.6279142283e+02 2212 -2.6848247375e+00 7.2312114855e-02
298251 9.7227004601e+01 -1.0098373475e+03 4.5178253210e+03 3.8362285940e+02 -1.2633972715e+02 -1.7422013489e+02 2212 -5.0157722873e+00 1.5459917210e+00
298280 2.1558051561e+02 -1.0516943204e+03 4.6935848000e+03 1.0936633571e+02 3.5542424310e+01 -1.9731357061e+02 2212 -2.2114654230e+00 1.7091247676e+01
299038 -1.6907191185e+02 -1.0334282254e+03 4.5885743037e+03 2.4366884117e+02 -1.8376229285e+01 -4.3176155620e+02 2212 -1.2481826143e+00 1.3140516974e-02
299753 -1.4016998687e+02 -9.6262118908e+02 3.7573161000e+03 5.4528147345e+02 -1.4904780590e+02 -1.6622020612e+02 2212 -1.5700928979e+00 2.9355174731e-01
299948 -1.3222448867e+02 -1.0521018182e+03 4.8574809654e+03 3.9789391865e+02 6.7400085493e+01 -2.6588723790e+02 2212 -1.5703250044e+00 4.8836377479e-01
300213 1.6369502253e+02 -1.1018168060e+03 4.5970468466e+03 5.2337601592e+02 2.6802941829e+01 -1.3573712449e+02 2212 -4.2656633358e+00 5.0906900444e-01
300927 -6.3680558901e+00 -1.2039116686e+03 4.7008684868e+03 4.8953810186e+02 -1.2660417505e+02 -1.0331584666e+02 2212 -1.8871075620e+00 4.8864704623e-01
301765 1.3707555766e+02 -1.1664730231e+03 4.5927287275e+03 2.4743043159e+02 -4.0931431068e+01 -3.8044739698e+02 2212 -9.8104742891e-01 3.0309878731e-02
303006 5.2917148234e+01 -9.0955946795e+02 4.2439475263e+03 3.6505572312e+02 -5.9311241044e+01 -1.4765844883e+02 2212 -3.9404738108e+00 4.2256747294e+00
303010 1.7742877192e+02 -9.6342862732e+02 4.3529867915e+03 4.8555731780e+02 -8.8779579662e+01 -2.6627493269e+02 2212 -1.0277743412e+00 1.3356523511e-01
303277 -2.0482327446e+02 -8.6158528221e+02 3.9282390521e+03 5.7486914247e+02 7.5077929199e+00 -5.7602465126e+01 2212 -2.1700238700e+00 1.7029748592e+00
303350 3.8761737136e+01 -1.0460686924e+03 4.1180101674e+03 1.1539897674e+02 1.9540812820e+01 -4.4508535942e+02 2212 -3.3531151777e+00 1.4360519673e-02
303743 -2.1403935455e+02 -1.1152672136e+03 4.7634862034e+03 2.0062338121e+02 -1.1144980316e+01 -1.1913685231e+02 2212 -3.0964110659e+00 2.1765832948e+01
304003 -3.0048476718e+01 -1.0508044147e+03 4.8207696349e+03 2.8763234683e+02 4.2006545622e+01 -2.3434106655e+02 2212 -2.1051499592e+00 1.9727845685e+00
304163 -1.9318440967e+02 -1.1476992252e+03 4.4829526045e+03 1.8545196276e+02 2.7632659413e+01 -4.4195341607e+02 2212 -3.0928131654e+00 5.9808703418e-03
304433 2.0737689107e+02 -1.2130776007e+03 4.7314237385e+03 2.8905200954e+02 -5.2210937157e+01 -4.0395000266e+02 2212 -2.6237322316e+00 2.0748770099e-05
305579 7.3810454514e+01 -1.0639513291e+03 4.7042586786e+03 2.9012591172e+02 1.7934862416e+01 -3.5373099025e+02 2212 -3.2605281852e+00 1.5887317092e-01
305740 2.0803266682e+02 -1.1752450780e+03 4.6078600760e+03 4.7984560480e+02 -1.3456148444e+02 -2.5374552663e+02 2212 -4.6583189869e+00 3.4653219027e-02
305876 2.1793230708e+02 -1.0077350004e+03 4.2143216405e+03 3.1461194061e+02 3.5788328267e+01 -3.9706842346e+02 2212 -3.7765955024e+00 1.9504655499e-02
307630 -2.0364579875e+02 -8.6421701128e+02 3.9735947130e+03 1.5173342282e+02 4.4686499031e+00 -3.4757237161e+02 2212 -5.3124934302e+00 9.3178429939e-01
307955 6.6865642366e+01 -1.0275108370e+03 4.3665130321e+03 1.6200785197e+02 1.9625360567e+01 -4.2190487130e+02 2212 -3.9916039486e+00 4.4487240146e-02
308300 5.4359595614e+01 -9.5100905843e+02 4.0135727404e+03 3.6393410068e+02 1.9531666746e+01 -1.1835914610e+02 2212 -3.1645335706e+00 4.3150028488e+00
308675 -1.6099072747e+02 -1.0823533383e+03 4.7405557195e+03 5.9265405709e+02 1.8623589853e+02 -1.5791936538e+02 2212 -1.0582266336e+00 2.2370561316e-01
308705 3.5968114363e+00 -1.0796800391e+03 4.8304556414e+03 4.1567317281e+02 -5.2210777277e+01 -2.3512783371e+02 2212 -1.6221386201e+00 4.9222122550e-01
309205 2.0942012701e+02 -9.8340767913e+02 4.3563261586e+03 1.4266809787e+02 -1.3622547203e+01 -4.0129983603e+01 2212 -4.3299437054e+00 3.2479155366e+02
309262 -3.2295799945e+01 -8.8881580770e+02 3.9560393425e+03 5.5698457461e+02 -1.8413929307e+02 -1.2933028967e+02 2212 -4.8703189818e+00 6.3074222277e-01
309420 -8.0665878238e+01 -1.0019388550e+03 4.5942326436e+03 1.9886010965e+02 -3.8268998497e+01 -4.0522463119e+02 2212 -5.0121151477e+00 1.1119348753e-01
309919 1.9786790067e+02 -1.1311534024e+03 4.4608117337e+03 3.8682787162e+02 -1.6920041586e+01 -2.3414070288e+02 2212 -1.4687670635e+00 3.2855506540e-01
309950 -4.5747515919e+01 -9.7945073290e+02 3.8865354172e+03 5.6189655846e+02 7.8483841516e+01 -2.0989027450e+02 2212 -3.4861331568e+00 1.7858484326e-01
310440 2.0743670650e+02 -1.1418908484e+03 4.4820011907e+03 1.0914818778e+02 -1.1677433728e+01 -3.4098961914e+02 2212 -1.9687893097e+00 2.4447424464e-01
310663 -1.4623032278e+02 -1.0259993094e+03 4.0361357317e+03 1.7908780509e+02 -7.5012925927e+00 -4.3593109465e+02 2212 -8.4716911032e-01 1.4088803474e-02
311055 2.5032431693e+02 -1.0140542317e+03 4.0283833179e+03 3.8247674005e+02 1.2917886053e+02 -1.9525380593e+02 2212 -3.5148872861e+00 8.8224470880e-01
311200 -1.0115270552e+02 -8.5624584073e+02 3.8837403552e+03 2.4423112647e+02 -2.3043188387e+01 -4.2596520203e+02 2212 -3.1125173445e+00 3.7440657913e-02
313237 -1.2817872966e+02 -1.1262042987e+03 4.4246272069e+03 1.1062700112e+01 -1.2420017282e+00 -4.4655130367e+02 2212 -2.9773139157e+00 7.8683951802e-03
313431 2.5070870536e+02 -1.1286595307e+03 4.4636599536e+03 1.7511390522e+02 2.4989066572e+01 -4.1345961404e+02 2212 -3.8075453842e+00 1.7342064270e-02
313967 1.5796424077e+00 -8.8916118453e+02 3.9652169441e+03 1.4448359293e+02 4.3708944960e+01 -2.6683612640e+02 2212 -4.3203202328e+00 4.5457463462e+00
314120 2.3098242498e+02 -1.0370365644e+03 4.0601607228e+03 2.9042190422e+02 -4.1531906277e+00 -3.5083119461e+02 2212 -1.6909111880e+00 9.1063955880e-02
314478 4.4030855469e+01 -1.0273364690e+03 4.1434941517e+03 3.5088385707e+02 -1.1099491836e+02 -2.4651591227e+02 2212 -1.7246218184e+00 5.5352490460e-01
314631 -2.9603675699e+01 -9.9662048512e+02 4.3673747747e+03 1.3646335591e+02 -3.1739071971e+01 -4.5685940705e+02 2212 -3.9532553121e+00 5.7986214818e-03
314946 -9.3294745151e+01 -1.1581056140e+03 4.7455517692e+03 3.0077211235e+02 -1.6077361596e+01 -1.2001823215e+02 2212 -3.9113998257e+00 4.1258982002e+00
315169 -2.0913498729e+02 -1.0816294397e+03 4.5070827515e+03 2.1601026211e+02 -1.9624573521e+01 -4.4040393506e+02 2212 -1.0645726365e+00 5.4086108668e-03
316002 -1.7273021705e+01 -1.0071827591e+03 4.5505545623e+03 7.9027478015e+01 2.1604299960e+00 -1.2894436693e+02 2212 -5.2004938666e-01 2.2553469880e+02
316100 2.7099933595e+02 -9.0873425865e+02 3.9746045203e+03 3.2805423666e+02 5.1718730250e+01 -3.0981849919e+02 2212 -1.2170649385e+00 3.9335018089e-01
316252 -6.0278463264e+01 -9.8366502758e+02 3.8601060257e+03 3.3116323762e+02 1.0804159044e+02 -2.5232364426e+02 2212 -2.8961778602e+00 8.5230099762e-01
316283 -2.2363378806e+02 -9.3754384734e+02 4.2562898619e+03 7.2958165172e+01 -1.8177837034e+01 -2.4073212023e+02 2212 -5.0531571028e+00 1.0172589430e+01
316629 1.1246195871e+02 -8.9526193443e+02 3.9808983136e+03 3.0877279479e+02 -7.1376993168e+01 -3.6768239590e+02 2212 -3.0629142358e+00 1.1520771296e-01
316876 3.3127550531e+01 -1.0067658791e+03 4.0079804091e+03 1.8593707719e+02 -4.0437843521e+01 -4.4410767055e+02 2212 -3.6219285424e+00 6.6868095657e-03
316946 2.3033406156e+02 -1.0082732487e+03 3.9162838195e+03 1.4645168084e+02 -2.9686952314e+01 -4.3711404965e+02 2212 -1.1292356900e+00 1.1386720967e-02
316970 -2.8110622270e+02 -1.0562271662e+03 4.8728244545e+03 3.8999735798e+02 7.4708227404e+01 -3.4197109684e+02 2212 -4.9460038841e+00 1.1547779514e-01
317090 -1.9998668942e+02 -9.0336266818e+02 3.7153626520e+03 3.4724636924e+02 -8.6257056885e+01 -2.4274197493e+02 2212 -4.7493479070e+00 1.0530599716e+00
317249 3.2707131900e+00 -1.0570909151e+03 4.4525890647e+03 5.3949151065e+02 -1.0306089017e+02 -7.6298735729e+01 2212 -4.6201219521e+00 9.2343756928e-01
317487 2.3346977422e+02 -1.0151434752e+03 4.1768697354e+03 4.5251899702e+02 3.6159703021e+01 -1.9755265122e+02 2212 -3.0133110257e+00 5.4973211793e-01
317854 -6.6620326778e+01 -8.8265337754e+02 3.8056355337e+03 5.1042560775e+02 -1.0884341527e+02 -1.7878775262e+02 2212 -3.7341052883e+00 6.9467674479e-01
318485 1.1309656237e+02 -1.0922023597e+03 4.3670402355e+03 4.9230607052e+02 -1.7030076880e+02 -4.2997122783e+00 2212 -2.0913571883e+00 1.4842837197e+00
318524 2.3592353942e+02 -1.0040602399e+03 3.9337547966e+03 1.6404995900e+01 1.3347531922e+00 -4.6812760215e+02 2212 -1.6672799010e+00 1.9505821497e-03
318671 2.9427015303e+02 -1.1481332960e+03 4.7141689635e+03 6.2258593678e+02 8.0800916902e+01 -6.4158652257e+01 2212 -2.2456182011e+00 2.4095495917e-01
318702 -1.2434914072e+02 -1.0959761289e+03 4.2121980664e+03 1.8518096866e+02 6.2506597758e+01 -1.5659857459e+02 2212 -2.9561156833e+00 1.0533112485e+01
319634 9.8135299677e+01 -1.0751318469e+03 4.7493240691e+03 3.2338159844e+02 1.9327049644e+00 -2.5104879834e+02 2212 -3.0849627494e+00 8.8436214210e-01
319841 -1.3581770659e+02 -9.7328563293e+02 4.5028925087e+03 3.5178161718e+02 -8.8615707054e+01 -1.2550274905e+02 2212 -4.6418813460e+00 4.5957206250e+00
320040 -2.2063686272e+02 -8.9864470305e+02 3.7191440227e+03 3.6934638455e+02 4.5973788455e+01 -1.6610282360e+02 2212 -6.2300563394e-01 2.5799242196e+00
320387 -2.8390531117e+02 -1.0259851720e+03 4.4442238776e+03 2.3621105847e+02 -6.8855265442e+01 -3.9660294564e+02 2212 -5.9409447201e-01 4.7765678265e-02
320455 1.9650416487e+02 -1.1540909684e+03 4.7893885122e+03 1.9706625931e+02 -5.9572071834e+01 -4.3253301609e+02 2212 -2.6720153186e+00 2.5240418217e-03
320544 1.4361322243e+02 -8.7284108864e+02 3.9845493206e+03 1.3458950899e+02 3.7964196924e+01 -2.2704331296e+02 2212 -4.0446171940e+00 1.1448443247e+01
320906 -1.1688929536e+02 -9.5651132815e+02 4.4815286047e+03 4.5788327255e+02 -1.2521225707e+02 -4.7656679064e+01 2212 -1.3194523084e+00 3.6592338315e+00
321314 -1.5339061880e+02 -1.1216039833e+03 4.6213312086e+03 4.0201063751e+02 1.3577644128e+02 -2.2458512136e+02 2212 -5.2598471357e-01 4.8556734169e-01
321489 1.4475286543e+02 -1.1509966393e+03 4.5823411884e+03 2.5704467696e+02 2.8752404572e+01 -2.6896360838e+01 2212 -2.3503119901e+00 1.7581297555e+01
322608 -2.5469164275e+02 -1.1074340792e+03 4.5190983329e+03 2.8342953274e+02 8.0820196531e+01 -4.1588291723e+02 2212 -4.0926501744e+00 1.1892866542e-02
322623 1.2452848449e+01 -1.0423431935e+03 4.8197523715e+03 4.8010942666e+02 -2.8234479872e+01 -2.6170116238e+02 2212 -4.6250284179e+00 1.9389327460e-01
322703 1.9899206619e+02 -1.1332486596e+03 4.4057789606e+03 4.5163089929e+02 -1.2310328165e+00 -2.3727208851e+02 2212 -3.8911310567e+00 1.4784206808e-01
322707 -2.7671765213e+02 -1.0026223305e+03 4.0319305255e+03 2.9412280997e+02 -1.2463846937e+01 -1.1571424114e+02 2212 -1.7941566342e+00 6.1210783637e+00
323129 -1.9253315529e+02 -9.1800103384e+02 3.8806633496e+03 2.5015326407e+02 8.0334175276e+01 -3.4140891797e+02 2212 -5.3491058045e+00 4.2872210441e-01
323402 -2.6757660973e+02 -1.0422590077e+03 4.3403655161e+03 2.7417530709e+01 7.0718802930e+00 -4.6459209726e+02 2212 -1.2063771412e+00 3.5694916926e-03
324873 1.2494285733e+02 -1.1212963438e+03 4.3880248271e+03 5.4445583571e+02 -1.2679638563e+02 -1.9589898447e+02 2212 -3.0507738430e+00 8.0230204216e-02
325092 5.9869539621e+01 -9.4169351154e+02 4.3128463042e+03 4.5754548346e+02 -1.3896614749e+02 -2.7595120928e+02 2212 -2.0734281158e+00 1.6845807282e-01
325095 1.0156923807e+02 -1.1310406289e+03 4.2439502999e+03 2.5300240993e+02 1.8628243265e+01 -2.8836095739e+02 2212 -5.2910041949e-01 3.9488774936e-01
325142 1.4010181647e+02 -1.0221484903e+03 4.5657180050e+03 3.5355432104e+02 -1.1058877617e+01 -1.5240745410e+02 2212 -4.1388420803e+00 3.0081473930e+00
325162 1.8988884734e+02 -1.0217185831e+03 4.4791179354e+03 2.4468747091e+02 8.7959764738e+00 -3.3424980547e+02 2212 -3.2700469014e+00 3.4005435284e-01
325173 -1.3164499980e+02 -1.0717233560e+03 4.3345980747e+03 4.6341243701e+02 1.0013644566e+02 -4.6053364609e+01 2212 -3.7722942322e+00 2.1500910659e+00
325321 6.0386599522e+01 -9.6714271972e+02 3.9372869476e+03 4.8480052987e+01 -1.4877348304e+01 -4.7127166142e+02 2212 -8.0889549758e-01 9.5313159590e-04
325351 -1.8799313939e+02 -1.0419709146e+03 4.5386442142e+03 4.2627674852e+02 -3.1523946549e+01 -2.2580198647e+02 2212 -4.4976245305e+00 5.8644355922e-01
325376 -8.3874056644e+00 -9.6049915814e+02 4.1241682445e+03 2.1165023104e+02 5.4111813168e+01 -3.8352903569e+02 2212 -5.4413022876e+00 1.7706451934e-01
325654 1.9741420222e+02 -1.0515458498e+03 4.2981893337e+03 1.6750238888e+02 2.8383826404e+01 -4.5064687584e+02 2212 -4.5293461515e+00 3.9456551289e-03
325839 -1.9710500565e+02 -1.1978298694e+03 4.8535816351e+03 8.6317302415e+01 -2.4708620021e+01 -4.5046798467e+02 2212 -5.1871986217e+00 4.3020088562e-04
326027 -1.3752920983e+01 -1.1107898411e+03 4.2521449284e+03 2.6363779443e+02 -5.7986148401e+01 -2.8186293863e+02 2212 -4.2864883279e+00 4.4714709288e-01
326063 7.3642838434e+01 -1.1208386707e+03 4.6022364803e+03 7.1270263491e+01 -6.2719145529e+00 -3.9881180899e+02 2212 -3.8707534894e+00 8.4289661367e-02
326357 -1.0388540779e+02 -9.7570251426e+02 3.8037107037e+03 4.0001217062e+02 -4.0764852853e+01 -3.3112683965e+02 2212 -1.9454214694e+00 7.9498588493e-02
326565 2.7156531611e+02 -9.8461278233e+02 4.3600210772e+03 2.5754783533e+02 -8.8072234723e+00 -3.2157663352e+02 2212 -2.4307524117e+00 4.1420395740e-01
326674 8.0121929706e+01 -1.1853199601e+03 4.7958806926e+03 2.1867552534e+02 -5.8306194853e+01 -2.1367324827e+02 2212 -1.0584944563e+00 1.7846779341e+00
327327 1.5890033119e+02 -1.0230370275e+03 4.3315416465e+03 4.1783133026e+02 -5.4714330209e+01 -1.1744389321e+02 2212 -4.3336400874e+00 2.0271023522e+00
327862 -2.8197089801e+02 -1.1184566895e+03 4.8001223958e+03 3.0247920513e+02 -7.9016375352e+01 -3.4623845822e+02 2212 -8.0305437394e-01 8.1961231525e-02
328380 6.9848815966e+01 -1.1641265901e+03 4.5949186555e+03 2.3794031697e+02 -4.7230727396e+00 -3.8538425307e+02 2212 -1.6034924537e+00 4.0540897794e-02
328527 1.2879061690e+02 -9.2898261867e+02 3.9629876747e+03 2.0030809020e+02 7.0600209769e+01 -2.7744128944e+02 2212 -2.3353180110e+00 1.9699577644e+00
329080 -8.2380024784e+01 -8.7390535694e+02 3.8999195255e+03 2.3829767735e+02 -6.8654437804e+00 -3.4763922429e+02 2212 -1.8147295814e+00 5.6630896234e-01
329218 1.5089037916e+02 -1.0409102052e+03 4.7278982379e+03 7.5502851459e+01 2.0032103413e+01 -4.6861762830e+02 2212 -2.3297253118e+00 3.0749489592e-03
329597 -2.0830389618e+02 -8.4096110054e+02 3.7482885552e+03 2.1181341494e+02 -5.4078409969e+01 -1.4078037719e+02 2212 -3.7125216455e+00 2.2620813135e+01
329675 -1.8139714526e+01 -9.4600598625e+02 4.2453758382e+03 5.7196979459e+02 3.5931052387e+00 -1.5399451626e+02 2212 -2.9163732212e+00 5.5514692097e-01
329841 -3.0264626683e+02 -1.0610803653e+03 4.8489981428e+03 2.9189425297e+02 -2.9907528862e+01 -2.8704859203e+02 2212 -4.0795579699e+00 5.8787142347e-01
330099 -1.5399237964e+01 -1.0081557863e+03 4.5454790203e+03 5.0256876991e+02 -1.0136051440e+01 -2.2865440162e+02 2212 -1.8865889260e+00 3.2209228761e-01
330416 1.9872811041e+00 -9.0860726496e+02 4.0227054014e+03 2.1588672461e+02 -6.9198491792e+00 -4.3736504629e+02 2212 -4.7290044122e+00 2.7680722322e-02
331002 -8.1400298287e+01 -9.5821331214e+02 3.8421019508e+03 4.3867456736e+02 9.7174416652e+01 -8.7086320492e+01 2212 -5.7769250544e-01 2.5430764177e+00
331123 -1.2015203613e+02 -1.1825643427e+03 4.7686910776e+03 5.2595405914e+02 1.2448199944e+02 -2.5764406899e+02 2212 -4.3697595638e+00 7.0934630367e-02
332210 -1.5151620863e+02 -1.0413203678e+03 4.4334460944e+03 2.9841740511e+02 -1.0215758212e+02 -1.0763388944e+02 2212 -5.0146075636e+00 5.8093397359e+00
332929 -1.3484886304e+02 -9.6635006751e+02 3.7671370091e+03 5.0219440468e+02 1.2907671660e+01 -2.6763476324e+02 2212 -4.2415215163e+00 1.2387956163e-01
333322 1.7388963148e+02 -9.5713954170e+02 3.9472587564e+03 3.3643830436e+02 -7.2849978623e+00 -2.3823100943e+02 2212 -5.4448622786e+00 1.1316766842e+00
333448 -1.5837124724e+02 -9.9076326870e+02 4.0529891879e+03 3.8713960922e+02 -4.8745457519e+01 -2.8812327748e+02 2212 -7.4319367250e-01 2.8040047779e-01
333657 1.4416093798e+02 -1.0053484929e+03 3.9996801528e+03 1.4231917733e+02 -4.5151781528e+01 -4.4184364366e+02 2212 -4.3411059277e+00 1.0059772207e-02
333750 -1.4262391799e+02 -9.3352059677e+02 4.3794730087e+03 2.0773414281e+02 7.1921763930e+01 -2.3636666038e+02 2212 -3.9796596970e+00 4.7777737970e+00
333814 2.5183962521e+02 -1.0647199560e+03 4.2759930176e+03 2.3071193914e+02 3.9719586480e+01 -2.4620703467e+02 2212 -9.8029043130e-01 1.3504842123e+00
334293 1.6545351028e+02 -1.0691881842e+03 4.8270417507e+03 3.6229668819e+02 1.0445378101e+01 -2.8453193538e+01 2212 -8.2641001628e-01 6.9338986947e+00
334889 -6.2738573821e+01 -9.6279459975e+02 3.8224195509e+03 7.9736536771e+01 -2.0521130910e+01 -4.6087995119e+02 2212 -3.7389865606e+00 5.3144278448e-03
336613 -1.8596763670e+01 -1.0787451975e+03 4.2027055097e+03 1.4313897992e+02 -2.8709223955e+01 -4.3800106489e+02 2212 -2.4568982779e+00 1.0747006645e-02
336927 8.0932155607e+01 -1.1008648086e+03 4.8416245396e+03 1.6147337647e+02 -1.8139738632e+01 -1.5558227094e+02 2212 -1.5548522591e+00 2.3001452151e+01
337268 3.5028388026e+01 -1.0156603778e+03 3.9288977465e+03 4.3322182312e+02 -6.9758247709e+01 -1.7203172863e+02 2212 -1.7061042560e+00 8.7292812554e-01
337318 -7.1700581488e+01 -1.1599896193e+03 4.5316297938e+03 8.2984513472e+01 -2.0063318966e+01 -4.5482555525e+02 2212 -3.6673316821e+00 5.7239590814e-03
337764 2.2943425970e+02 -1.0873839467e+03 4.5887906831e+03 5.5247327435e+02 -6.9088765777e+01 -1.1050186298e+02 2212 -5.3089311540e+00 4.2075570872e-01
337879 -1.7787766959e+02 -1.2198382565e+03 4.7756131242e+03 3.8795485133e+02 9.8262945782e+01 -3.4359494712e+02 2212 -1.9270497567e+00 2.9741568443e-02
338079 -1.1282904018e+01 -9.6297443762e+02 4.2990233337e+03 3.1774307642e+02 -5.7132675493e+01 -3.6835363729e+01 2212 -7.3782788776e-01 1.3227401888e+01
338672 -2.4108877486e+02 -9.1489564575e+02 3.9286623798e+03 2.2475616165e+02 -7.8491631757e+01 -4.3070989890e+02 2212 -2.1185725061e+00 1.7917716134e-02
338972 -1.2626441922e+02 -1.0046424430e+03 3.8942730184e+03 2.1751816171e+02 -1.0892427700e+01 -1.8198343029e+02 2212 -4.5939074126e+00 6.1661650633e+00
339086 -1.0451640206e+02 -1.0672195311e+03 4.4879168302e+03 1.4446436738e+02 -3.4517570270e+01 -1.9309826209e+02 2212 -5.1608979306e-01 1.0623295277e+01
339319 1.3768003460e+02 -1.0692727218e+03 4.1476352382e+03 1.2249017521e+02 2.8858008000e+01 -4.5990942348e+02 2212 -5.4309467443e+00 2.4529039812e-03
339430 2.0979849596e+02 -1.2009900606e+03 4.6133727138e+03 8.6764810712e+01 -1.7631184205e+01 -4.2396589977e+02 2212 -2.6427376103e+00 1.2893510568e-02
339977 2.2956561201e+02 -1.0270485453e+03 4.7793173193e+03 2.7531551544e+02 2.3591063827e+01 -4.0375411778e+02 2212 -2.9936654989e+00 3.5496855277e-02
340070 2.0965809519e+02 -9.3613517482e+02 4.0991995161e+03 5.4050357600e+02 9.0303947173e+00 -1.7354548587e+02 2212 -2.4660105533e+00 4.5968989153e-01
340434 6.3275835050e+01 -8.8510225051e+02 3.9219542260e+03 3.9670095275e+02 2.5653526550e+01 -3.5220577148e+02 2212 -5.0714585343e+00 9.3667700263e-02
340572 -1.5360831687e+02 -1.1486364753e+03 4.8088984250e+03 3.3297745183e+02 8.0355814717e+01 -3.9306325508e+02 2212 -4.0616513784e+00 1.6109434950e-02
340689 1.6001037562e+02 -9.3845204723e+02 4.1103424310e+03 2.4759214665e+02 -2.6231604206e+01 -4.1389087197e+02 2212 -2.9124269560e+00 4.4085529037e-02
340939 -4.4261938426e+01 -1.2218851853e+03 4.6916485844e+03 3.7672445484e+02 3.4517413038e+01 -2.9870607302e+02 2212 -4.1414752284e+00 1.1845864732e-01
341372 2.8658140660e+02 -1.1054137461e+03 4.6254371834e+03 3.4862872046e+02 -4.8527898974e+01 -1.5812176651e+02 2212 -4.4706033666e+00 1.4834649753e+00
341816 1.4589578992e+02 -9.9342816144e+02 4.5751253543e+03 2.5454332769e+02 -4.7318419456e+01 -2.6465763248e+02 2212 -1.3963802317e+00 1.5697421360e+00
342234 2.1267908432e+02 -9.3048872662e+02 4.0880775182e+03 3.0197560914e+02 -2.0489193948e+00 -3.0233688203e+02 2212 -4.5362709714e+00 5.9682767413e-01
342747 -8.5347395750e+01 -1.0583422187e+03 4.1473656864e+03 2.5451783466e+02 5.2446175317e+01 -4.2463634719e+02 2212 -1.8617536298e+00 1.3648473876e-02
342764 -2.7797628353e+02 -9.9898916867e+02 3.9415879354e+03 4.2765624555e+02 -1.2817010476e+02 -2.7965362779e+02 2212 -6.2316260254e-01 1.2433545383e-01
342853 3.4681122114e+01 -1.1699411762e+03 4.7435637984e+03 4.8465923880e+02 1.4399908249e+02 -1.8262845926e+02 2212 -4.0935215128e+00 3.1186049300e-01
343065 -2.0314713294e+02 -1.1768260810e+03 4.6576141739e+03 2.3605857110e+02 6.2251087062e+01 -2.4751316697e+02 2212 -4.5042013559e+00 9.2109964618e-01
343286 -2.3458523293e+02 -9.4730286301e+02 3.9912167781e+03 1.2081753040e+02 -1.3695592114e+01 -4.4621861773e+02 2212 -7.4652818218e-01 1.9172840264e-02
344085 2.1506153069e+02 -1.0200350088e+03 4.6130276826e+03 1.4586127136e+02 1.6845198875e+01 -1.0009314797e+02 2212 -4.3258914556e+00 1.1907406378e+02
344481 -7.7754769239e+00 -1.1561977496e+03 4.4769109476e+03 2.6222084123e+02 -4.1510386256e+01 -2.2773755876e+02 2212 -3.2162942896e+00 1.0596719227e+00
344722 -1.0026197352e+02 -1.1126360649e+03 4.6833420855e+03 3.1346238228e+02 -5.4575101736e+01 -3.5371728036e+02 2212 -1.4126677713e+00 7.4771302040e-02
344817 2.0940961770e+02 -9.7018046411e+02 4.3717250779e+03 1.6539662691e+02 -3.5528245940e+01 -4.5020233389e+02 2212 -3.7654581231e+00 5.1341804054e-03
345300 2.0686375592e+02 -1.0332461283e+03 4.1227748655e+03 2.7026181606e+02 9.4108982734e+01 -3.6185504916e+02 2212 -2.1028378636e+00 9.4968180243e-02
345714 -5.2580037216e+00 -1.0673520568e+03 4.0189771395e+03 2.7284964226e+02 8.1826454991e+01 -3.3132487221e+02 2212 -6.5098194359e-01 1.9386924656e-01
346088 6.7587598305e+01 -1.0283620459e+03 3.9691700598e+03 2.3032782871e+02 6.3270977178e+01 -1.8229615459e+02 2212 -1.9492554427e+00 4.6899996968e+00
346228 -8.0735917923e+01 -9.2719667633e+02 3.9682998497e+03 3.5831324138e+02 -2.7328993858e+01 -3.4273870649e+02 2212 -2.9557137350e+00 1.5773830726e-01
346233 6.7038903316e+01 -9.6641789101e+02 4.2571058083e+03 4.1261406910e+02 5.0138981285e+01 -2.5992858956e+02 2212 -3.4688359390e+00 5.3384675271e-01
346486 -2.5591798005e+02 -1.1573607515e+03 4.5769739881e+03 4.6634056697e+02 8.3656772093e-01 -3.1152445316e+02 2212 -8.5876891343e-01 2.7609578339e-02
346551 9.4785690701e+01 -1.0574432373e+03 4.6107512452e+03 1.2372264353e+02 -2.1548930871e+01 -4.5493614303e+02 2212 -3.0689356064e+00 4.7060657371e-03
346624 8.9923309464e+01 -1.0931345806e+03 4.1468486512e+03 4.0211115436e+02 1.0281177561e+02 -2.9576342290e+02 2212 -1.9743907866e+00 1.0583264312e-01
346796 2.1509346230e+02 -1.0292362291e+03 4.4809125190e+03 3.2676774797e+02 -1.0688963792e+02 -3.7158732628e+02 2212 -1.7061632785e+00 2.6544968194e-02
347608 -5.2366244990e+01 -1.1559807412e+03 4.8402400818e+03 2.0596135789e+02 -2.0551313741e+01 -4.3047127900e+02 2212 -2.7473274567e+00 1.0136118286e-02
348233 1.8715234425e+02 -1.0590490686e+03 4.1410192931e+03 3.4587135573e+02 6.0442609161e+01 -1.8823206492e+02 2212 -5.2605993883e-01 1.3010033561e+00
348982 -8.9865577614e+01 -1.1305716753e+03 4.6080536248e+03 5.8064594646e+02 -1.1044811727e+02 -1.6115846528e+02 2212 -3.8555481432e+00 1.3266216122e-01
349241 -3.9087210888e+01 -8.2769475233e+02 3.8305478993e+03 6.7879759560e+02 -4.6260527579e+00 -1.2195307867e+01 2212 -4.7933793215e+00 1.0072257105e+00
349797 2.4599842109e+02 -1.0391010076e+03 4.4665391526e+03 2.2647985420e+02 -2.7247683055e+01 -1.6502714279e+01 2212 -5.2507347031e-01 4.6439673456e+01
350218 -2.3295414415e+01 -1.1200256585e+03 4.5223048047e+03 2.4283911640e+02 -3.7787265067e+01 -4.0573906484e+02 2212 -2.0780174092e+00 1.9977973044e-02
350343 -8.5311554350e+01 -1.2499680772e+03 4.6785389084e+03 5.5982839063e+02 -1.2927651987e+02 -1.7907718020e+02 2212 -1.0926407059e+00 6.5299997737e-02
350698 -8.3286706751e+01 -1.2511899809e+03 4.8399542259e+03 1.2316283733e+02 -4.2534543263e+01 -2.1450961296e+02 2212 -2.0294114291e+00 3.2238015334e+00
350706 -8.2587048029e+01 -9.6579966739e+02 4.0754307702e+03 3.0630809459e+02 4.6121950580e+00 -9.3698135474e+01 2212 -2.9466536974e+00 9.4617713025e+00
350938 -1.9185559990e+02 -1.1749116428e+03 4.7558518744e+03 2.6123319421e+02 -5.8226256384e+01 -3.2124511116e+02 2212 -1.3044068119e+00 1.9502087735e-01
351246 -9.2216164415e+01 -1.1004611745e+03 4.2064601997e+03 2.0267858908e+02 1.6335943205e+01 -4.4004055645e+02 2212 -2.3067586783e+00 5.0025843701e-03
352079 -2.6844967585e+02 -8.6623456957e+02 3.8697354858e+03 1.2867012339e+02 2.9635600183e+01 -4.4527365227e+02 2212 -1.2430499338e+00 3.6179181490e-02
352092 -1.6763003223e+02 -1.0907441286e+03 4.4595449348e+03 1.4780595239e+02 -9.0650261428e+00 -9.6748667537e+01 2212 -1.8438525680e+00 8.5859762820e+01
352427 -1.3403889351e+02 -8.9014347880e+02 3.8171973197e+03 1.5816427743e+02 5.7364217627e+01 -2.5995098175e+02 2212 -5.0246097795e+00 4.0873364508e+00
353534 -9.0487722676e+01 -9.5148124700e+02 3.9116974695e+03 2.8880506224e+02 -9.8429497825e+01 -3.1326802705e+02 2212 -1.3791608526e+00 4.0816142394e-01
353645 -5.3613196541e+01 -1.0151793781e+03 4.5745416988e+03 4.6332573450e+02 1.2856514913e+00 -9.4401908441e+01 2212 -4.1325888569e+00 5.0571588018e+00
353826 1.2727922569e+02 -9.4693577607e+02 4.1484929966e+03 4.7530318052e+02 -1.0345177423e+02 -2.4449029211e+02 2212 -1.2941414055e+00 2.5819655463e-01
354026 1.5162491819e+02 -1.0767487686e+03 4.5955242712e+03 1.2706853611e+02 2.9476005516e+01 -4.2590842049e+02 2212 -8.8091727183e-01 3.6528929807e-02
354328 1.2673419100e+02 -1.0745176623e+03 4.2180639051e+03 4.4532566152e+02 -8.9335499695e+01 -5.2109569772e+01 2212 -2.7447641508e+00 1.9248735494e+00
354742 1.1621866594e+02 -1.1103960335e+03 4.6699309051e+03 2.0686640066e+02 7.2558764026e+01 -4.4112338856e+02 2212 -1.9111139451e+00 6.3488784445e-03
355075 -2.9240890785e+02 -1.1138881317e+03 4.6538113760e+03 2.3869824821e+02 -7.0792911625e+01 -3.4772013082e+02 2212 -4.6050260211e+00 1.6920083544e-01
355191 -2.2883532185e+02 -1.1663024193e+03 4.7925693448e+03 1.9328586283e+02 -4.0158006549e+01 -3.7264371484e+02 2212 -5.0377052913e+00 7.0574725941e-02
355624 9.1408697418e+00 -9.1663020315e+02 3.8654277683e+03 1.2244707637e+02 2.2680456300e+01 -4.6321762979e+02 2212 -3.5352752830e+00 6.0647874610e-03
356319 2.3480845959e+02 -9.7487776748e+02 3.9361763739e+03 2.1909423257e+02 4.1601481746e+00 -2.5472438428e+02 2212 -4.7996618012e+00 1.7713487934e+00
356416 -1.9284452309e+02 -1.1150290624e+03 4.7712612587e+03 3.0152492507e+02 -1.8358059687e+01 -1.9078931771e+02 2212 -4.1601549701e+00 2.0257554744e+00
356635 -1.8853857254e+02 -9.9844761355e+02 4.5800674616e+03 2.0595129393e+02 -4.7004021957e+01 -4.4183135181e+02 2212 -3.8006374212e+00 1.1467987227e-02
357740 -2.4314618739e+02 -1.0715425886e+03 4.2930553422e+03 3.7887688083e+02 1.3067613449e+02 -2.0949857705e+02 2212 -7.1048146882e-01 7.5426368241e-01
358110 -6.0308842957e+01 -8.6983264282e+02 3.9135805751e+03 4.0869367051e+02 6.7608399487e+01 -1.5338781658e+02 2212 -1.5272968421e+00 3.0239132132e+00
358122 6.8822783949e+01 -1.0431171875e+03 3.9892838385e+03 3.5795907638e+02 7.8783068218e+00 -2.8472099424e+02 2212 -9.8735492863e-01 2.8449582273e-01
358213 6.1173589804e+01 -1.0237479166e+03 4.8002054427e+03 4.7130743262e+02 -5.6444536112e+00 -2.9422681556e+02 2212 -4.5948897798e+00 1.2137103729e-01
359640 6.0090119497e+01 -1.0006981081e+03 4.2930739936e+03 4.5362870667e+02 7.4649008260e+01 -2.7011232684e+02 2212 -4.7866056575e+00 2.3229073841e-01
359857 8.8629496382e+01 -1.1002289141e+03 4.1429791606e+03 3.2565657717e+02 -4.4394932512e+01 -3.7084115753e+02 2212 -2.0766540542e+00 2.2366577589e-02
360107 -3.0482868484e+02 -1.0528528323e+03 4.7611132132e+03 2.7651986888e+02 6.6884056296e-01 -3.5770091676e+02 2212 -3.8153597335e+00 1.6016164772e-01
360759 -1.7082905950e+02 -9.1689363531e+02 4.1596800289e+03 6.2025752760e+02 -8.7540831487e+01 -4.9889700976e+01 2212 -1.9969188999e+00 9.5862618150e-01
360802 2.5276305542e+02 -1.0700278347e+03 4.2968497485e+03 4.9683988077e+02 -1.4925738490e+02 -2.3359440462e+02 2212 -5.0059897716e+00 7.1256544985e-02
361267 -1.4879791353e+02 -8.8106002233e+02 3.8669424609e+03 1.0733264421e+02 -2.2758194370e+01 -4.5967510410e+02 2212 -1.3826802787e+00 1.2919738009e-02
361756 -2.5579019818e+01 -1.0533809562e+03 4.2919531278e+03 9.1271141345e+01 3.7880011081e+00 -3.3510493334e+02 2212 -2.4444460317e+00 6.3232114260e-01
362022 -8.1176817978e+01 -1.1269588973e+03 4.4806201555e+03 4.2029365990e+02 1.0063880582e+02 -2.7111683575e+02 2212 -2.0483827260e+00 1.6659498268e-01
362236 -2.5148248322e+02 -8.6804624383e+02 3.7700486566e+03 6.3528442895e+02 -1.7589065575e+00 -9.3450481127e+01 2212 -2.0230502933e+00 5.7322166501e-01
362304 6.9122925464e+01 -9.6420468828e+02 3.8545754701e+03 6.6728772267e+01 -1.2214848730e+01 -1.0116206924e+02 2212 -1.0372285051e+00 4.6231750445e+02
362787 -1.2037901842e+02 -1.0748627867e+03 4.5612666660e+03 3.5571220240e+02 1.0760101511e+02 -3.3914743304e+02 2212 -3.5677768856e+00 1.0708574674e-01
362941 -3.8079528384e+01 -8.9174972346e+02 3.7919456866e+03 3.3480420897e+02 -1.0245699939e+02 -2.0425404980e+02 2212 -3.4388986563e+00 2.2403636783e+00
362983 2.0064856058e+01 -1.0941908974e+03 4.2809812164e+03 8.5333200739e+01 2.6365090624e+01 -4.7067863960e+02 2212 -2.4308903127e+00 1.4625164199e-03
363191 2.7088673091e+02 -9.6350624826e+02 4.1814136321e+03 3.0992638854e+02 6.8945224627e+01 -3.6997560012e+02 2212 -2.4196029555e+00 7.6547910257e-02
364565 -1.7852228964e+02 -1.1393872203e+03 4.6186429705e+03 4.4923068432e+02 -8.8136550638e+01 -1.8012813521e+02 2212 -1.2325382030e+00 4.5399308861e-01
364906 6.1404304988e+01 -8.3036804468e+02 3.8897278906e+03 3.9826418689e+02 7.4674720304e+01 -2.9052995460e+02 2212 -1.3994298149e+00 5.9952333431e-01
365092 -6.8424038099e+01 -1.0364295724e+03 4.6586467977e+03 4.3954931149e+02 -7.7424325682e+01 -1.8916674208e+02 2212 -3.3233279940e+00 9.0650926398e-01
365342 1.6533387299e+02 -9.8121756949e+02 3.9441167187e+03 1.0187227285e+02 4.9994926025e+00 -4.4464025828e+02 2212 -4.8579396210e+00 1.6146973238e-02
365840 -2.2397046500e+02 -1.1848352053e+03 4.5994527380e+03 4.4188750866e+02 5.2921091316e+01 -3.3237787543e+02 2212 -2.1207148065e+00 2.3078648277e-02
365905 4.6780279149e+01 -1.2186074136e+03 4.8179194077e+03 4.2278586345e+02 -1.4257557753e+02 -2.5584441288e+02 2212 -1.3645356342e+00 6.7156958939e-02
366099 1.3676280280e+01 -1.0226610471e+03 4.1942506118e+03 9.9679942740e+01 6.7377858479e+00 -4.6766247747e+02 2212 -4.1262888287e+00 1.9003265539e-03
366933 2.1371529298e+02 -1.2062133365e+03 4.6486996312e+03 1.2382129156e+02 -3.5157192804e+01 -3.9366112450e+02 2212 -7.6142727467e-01 2.4108961068e-02
367225 -3.3163816845e+00 -9.4704348663e+02 4.0293909853e+03 4.5643854682e+02 -1.4984148697e+02 -2.7779525628e+02 2212 -1.3325285907e+00 1.3280177464e-01
367436 -1.0122141744e+02 -9.4955384304e+02 3.9321979614e+03 4.0433924721e+02 -1.2379998292e+02 -3.2944059521e+02 2212 -3.0355119642e+00 7.1509658512e-02
367877 -6.1804323968e+01 -8.6320822590e+02 3.9323801827e+03 4.0780853408e+02 1.0724037401e+02 -1.4544797300e+02 2212 -3.6045600178e+00 3.2463522613e+00
368100 -2.5058651401e+01 -1.0384825040e+03 4.3790502660e+03 1.4314841880e+02 -1.0318037956e+01 -3.1045715471e+02 2212 -2.6295233350e+00 1.0296444494e+00
368730 8.2161567377e+01 -1.1190916659e+03 4.5887986039e+03 1.2129322334e+02 2.9956574114e+01 -3.1830560533e+02 2212 -3.3125558549e+00 6.2292073667e-01
368986 1.5989045732e+02 -1.1670540193e+03 4.7224682913e+03 4.0843377407e+01 -1.1716805509e+01 -1.0698935780e+02 2212 -2.1347186838e+00 3.1442475241e+02
368990 1.0902655642e+02 -1.1746610562e+03 4.6331758255e+03 2.3895813254e+02 -1.5695508993e+01 -3.0760257468e+02 2212 -3.2914431563e+00 2.5014026376e-01
370675 1.2528672315e+02 -1.1570458066e+03 4.7872336785e+03 9.0510379652e+01 1.5709438363e+01 -4.2060989877e+02 2212 -2.4465944299e+00 2.6877068595e-02
370788 2.7850702922e+02 -1.0666107474e+03 4.5282435660e+03 4.4892083598e+02 -1.1732430469e+02 -2.3100451426e+02 2212 -4.8619522662e+00 1.7283895584e-01
371039 -1.3248520011e+02 -8.7228232550e+02 3.9954398199e+03 2.4780874533e+02 1.3949648813e+01 -2.7610419844e+02 2212 -6.7886048066e-01 2.2075699705e+00
371517 5.7761941630e+01 -9.2144620074e+02 3.9328022314e+03 4.7603251035e+02 1.5210391105e+02 -2.0324879531e+02 2212 -3.9753430553e+00 6.4205389706e-01
371630 1.5561898546e+02 -9.9950572236e+02 3.8941928043e+03 3.2968152687e+02 1.4388100808e+01 -3.7419676740e+02 2212 -4.7503863305e+00 4.6089418311e-02
371905 1.2238133033e+02 -9.9668733392e+02 4.5599888017e+03 2.0217313642e+02 -6.8078224908e+01 -3.5063443967e+02 2212 -5.0828839799e+00 3.4274440856e-01
372049 1.4946433412e+02 -1.0916164420e+03 4.6392747389e+03 4.3669308002e+02 3.2787386901e+01 -3.1181184489e+02 2212 -9.0355751407e-01 8.0498448492e-02
372146 -2.1751998568e+02 -1.0209463248e+03 4.1364297030e+03 4.8949482257e+02 8.3538460409e+01 -3.5899056606e+01 2212 -2.1556519270e+00 2.0544005131e+00
372293 7.0113654244e+01 -9.4619857764e+02 3.9835830370e+03 7.5097484227e+01 4.0664554773e+00 -4.2898145936e+02 2212 -3.6198839436e+00 6.7219868157e-02
372393 -2.4165026094e+02 -9.1978081764e+02 4.0797706090e+03 2.7034333884e+02 2.2137155850e+00 -3.9648769747e+02 2212 -4.2774864037e+00 7.9320877798e-02
372804 1.6156902690e+02 -9.7718246523e+02 4.3110893580e+03 4.5230263374e+02 -1.3324272975e+01 -1.2429799822e+02 2212 -4.7571637162e+00 1.8793829230e+00
372816 9.1030716188e+01 -8.3245794595e+02 3.8962861698e+03 1.9624983077e+02 -2.9553273111e+00 -1.2050434976e+02 2212 -1.2262693171e+00 5.5613764427e+01
373645 1.5245624399e+01 -1.0301339470e+03 4.5283446621e+03 1.9702881895e+02 -2.9016781203e+01 -3.6194909733e+02 2212 -1.8929491362e+00 2.5317777228e-01
373679 5.3088893493e+01 -1.0770460982e+03 4.5445971950e+03 2.8175404801e+02 -2.5557917403e+01 -3.5005223887e+02 2212 -2.2808837711e+00 1.4156485752e-01
374058 -2.0928451707e+02 -1.0488896895e+03 4.5470224176e+03 1.9273411273e+02 -4.0139370962e+01 -3.3201393771e+02 2212 -1.6524520512e+00 4.3564533342e-01
374084 9.7201842782e+01 -1.0958642847e+03 4.4834093920e+03 1.1821047243e+02 3.5123918586e+01 -4.4155086545e+02 2212 -3.3419207933e+00 1.3132220503e-02
374135 -1.5982961709e+02 -9.5499803168e+02 4.3001093652e+03 5.9626824019e+02 1.9880680783e+02 -9.8746637109e+01 2212 -1.3604231081e+00 6.4577994253e-01
374199 2.0886788601e+02 -1.0371221626e+03 4.4035696831e+03 4.9958438052e+01 3.2940971398e+00 -4.6629367388e+02 2212 -2.2644033604e+00 2.6718870986e-03
374740 5.0718728449e+01 -9.8314373879e+02 4.2547867215e+03 1.2840505733e+02 -1.9481616248e+01 -2.8969384335e+02 2212 -1.7268650136e+00 2.1537418647e+00
374852 3.1825509444e+02 -1.0329024804e+03 4.5706118887e+03 1.7516664894e+02 3.9767630009e+01 -3.4650544285e+02 2212 -3.6810648122e+00 3.0929437522e-01
374876 2.0166337441e+02 -1.0119903784e+03 4.1299172092e+03 1.0493726714e+02 3.2956492500e+01 -4.0907343953e+02 2212 -1.0253298546e+00 8.8575681697e-02
375398 7.5008392920e+01 -1.1405195956e+03 4.5463761139e+03 4.1392662107e+01 1.1847295986e+01 -4.7306807353e+02 2212 -9.8692852608e-01 4.8660981411e-04
375822 6.3845389964e+01 -9.1963846992e+02 4.0533433787e+03 2.3384591031e+02 -6.2612273456e+01 -3.9982470955e+02 2212 -2.6365542407e+00 7.6534051369e-02
376162 1.6352969460e+02 -1.0067238209e+03 4.2897846558e+03 4.1210254942e+02 -8.5883402454e+00 -8.0340039361e+01 2212 -1.4385595471e+00 3.3837383765e+00
376168 9.6469431110e+01 -1.0723221867e+03 4.2249777372e+03 1.6187426608e+02 -1.9089419461e+01 -3.6548813718e+02 2212 -1.1099863595e+00 1.6262856814e-01
376170 -5.8178611115e+00 -8.8359988347e+02 4.1814833745e+03 1.4337561914e+01 4.3989792349e+00 -4.5985082916e+02 2212 -1.5032089043e+00 3.0844301971e-02
376450 8.2245889741e+01 -1.0864386217e+03 4.7974948279e+03 2.4451303287e+02 4.6801725372e+01 -3.9812572909e+02 2212 -1.9088605775e+00 4.8745891112e-02
377033 2.7677500438e+02 -1.0393359934e+03 4.4898570845e+03 2.1875946200e+02 7.9047076400e+01 -4.1218955866e+02 2212 -3.2983460890e+00 2.9721555216e-02
377101 2.8730105563e+02 -1.1470798486e+03 4.5887532456e+03 3.5930796502e+02 -5.4569986991e+01 -2.8088233794e+02 2212 -2.1979616822e+00 1.5173395287e-01
377364 7.0066545254e+01 -1.0049074143e+03 4.6332191623e+03 4.1363318129e+02 1.4231020261e+02 -2.9271610681e+02 2212 -4.7297821946e+00 2.4610953081e-01
377386 5.6085182369e+01 -1.1329114032e+03 4.2926189055e+03 7.7346537587e+01 -8.9543375037e+00 -7.2201605729e+01 2212 -3.1053062547e+00 4.8549543594e+02
377668 -7.1080599835e+01 -1.0508373784e+03 4.4087032387e+03 5.8723695329e+01 -2.1576905905e+00 -2.7973338518e+02 2212 -5.1075768676e+00 2.7265003376e+00
378037 -2.8863090552e+02 -1.1894615008e+03 4.8128320575e+03 3.5041347005e+02 1.1909232505e+02 -3.8114995723e+02 2212 -5.0649284252e+00 1.2097725296e-02
378094 2.4624156000e+02 -9.4640446497e+02 4.1346197131e+03 4.0802831510e+02 1.0653317833e+02 -2.0763339358e+02 2212 -2.1636968881e+00 9.7826932960e-01
378184 2.5912652512e+02 -9.4886870748e+02 3.9520345367e+03 3.6293077310e+02 -5.1852926141e+01 -3.0525519064e+02 2212 -3.7869569038e+00 2.0503207317e-01
378351 3.2717999358e+02 -1.1238048975e+03 4.6576150252e+03 4.7212316445e+02 1.1343353830e+02 -2.6532764007e+02 2212 -4.1114034080e+00 8.7812655859e-02
379513 1.0058803509e+02 -1.1283459231e+03 4.3560982235e+03 4.4609618415e+02 3.8016632197e+01 -2.9309449225e+02 2212 -5.3364348244e+00 7.1335513023e-02
379731 2.4940494096e+02 -1.0078160292e+03 4.1547932450e+03 1.3222789228e+02 3.1219698903e+01 -4.0326086348e+02 2212 -1.5328674538e+00 9.1336282757e-02
380092 4.5455113173e+00 -9.4490228060e+02 4.2217571893e+03 4.9907470798e+02 5.6773843609e+01 -1.1694399052e+02 2212 -5.1495202917e+00 1.7095783490e+00
380701 -2.0743508631e+02 -1.1446134935e+03 4.6958625109e+03 3.1543546912e+02 -9.8073841314e+01 -3.8182350919e+02 2212 -6.7685999395e-01 1.2286578619e-02
382055 -1.4277262598e+02 -9.8469184728e+02 4.1015766332e+03 2.6819912173e+02 4.2262205454e+01 -3.2936301756e+02 2212 -2.2601549812e+00 3.9853241372e-01
382191 -8.3023259013e+01 -9.8918982565e+02 3.9475246682e+03 5.1933280335e+02 -1.4108682368e+02 -1.8056400880e+02 2212 -5.2520244319e+00 3.1982972551e-01
382519 2.2006151413e+02 -9.3387824857e+02 4.3474268054e+03 1.6190836178e+02 -1.6550762028e+01 -3.8906148419e+02 2212 -5.2195571091e+00 2.0127816087e-01
382792 1.5217534430e+02 -1.0652570331e+03 4.5886444111e+03 1.3292580571e+02 -3.7543076973e+01 -4.1775784355e+02 2212 -4.7134952883e+00 4.0882026719e-02
383152 2.7560666350e+02 -1.1607835862e+03 4.7650098166e+03 2.6062332376e+02 -1.2555290136e+01 -4.0926368755e+02 2212 -4.8772487133e+00 1.2363121462e-02
383628 7.4664483948e+01 -1.0951503424e+03 4.3619356933e+03 4.3143140691e+02 -1.0542799296e+02 -3.0192349016e+02 2212 -1.4642014513e+00 6.2941236520e-02
384687 -2.4934856230e+02 -9.3254452995e+02 4.3006392450e+03 4.9304139230e+02 1.0126519749e+02 -1.7080438950e+02 2212 -4.7102144996e+00 1.0164882694e+00
384807 -2.3139225941e+02 -1.0235807385e+03 4.2585475877e+03 2.0354797245e+02 -5.8276693646e+01 -1.3124673527e+02 2212 -1.4514869959e+00 1.6618276687e+01
384843 -2.8851489024e+02 -1.1607390203e+03 4.7710623732e+03 4.3878897342e+02 6.3071855568e+01 -2.4816744732e+02 2212 -1.6098052515e+00 1.8400955349e-01
385070 -2.0557219761e+02 -1.1385642948e+03 4.6983829512e+03 2.8612121515e+02 -1.0573442443e+01 -3.6977880492e+02 2212 -9.6857337817e-01 5.0585574033e-02
385818 2.4460859561e+02 -9.1915490130e+02 4.1859831656e+03 4.8506436816e+02 -1.6362422718e+02 -1.9395799324e+02 2212 -4.7245758662e+00 4.2892295908e-01
385847 8.9098284439e+01 -9.8609549732e+02 4.0086140774e+03 3.5416224779e+02 -1.1015388219e+01 -3.6227438226e+02 2212 -3.9737107798e+00 5.6834979287e-02
387046 5.1958221923e+00 -1.0235423677e+03 4.4660412934e+03 2.5896979412e+02 -2.6611276090e+01 -1.0923981315e+02 2212 -5.4790958781e+00 1.3821145638e+01
387176 2.5386380537e+02 -1.0055624441e+03 4.4631776503e+03 2.3192992307e+02 -7.1539445417e+01 -3.7626114260e+02 2212 -3.1588196575e+00 1.2488116446e-01
387434 1.6117607945e+02 -9.7925764237e+02 4.1511539409e+03 2.2360426808e+02 -5.7838782189e+01 -4.2583897176e+02 2212 -2.5748938655e+00 1.2793826094e-02
387602 -7.9782486288e+01 -1.1858383883e+03 4.7131968951e+03 3.5570493592e+02 -2.3622092218e+01 -2.0604000283e+02 2212 -5.0718160993e+00 6.7429881863e-01
387708 5.6484568473e+01 -1.0516104623e+03 4.4586549347e+03 2.2718491114e+02 -2.9896252427e+01 -3.3723412626e+02 2212 -1.4603609506e+00 3.1202701298e-01
388060 4.8062084290e+01 -1.0244720202e+03 4.6346931243e+03 4.4130004741e+02 7.1820894349e+01 -2.5384641504e+02 2212 -9.6793657704e-01 3.9188091895e-01
388069 1.5115852885e+02 -9.7028383751e+02 4.1902340874e+03 2.3780800137e+02 -6.2899757245e+01 -4.0846075357e+02 2212 -1.5514972894e+00 3.6526053898e-02
388572 -2.6245504542e+02 -9.5084674710e+02 4.2772440065e+03 1.2616600824e+02 3.2755345104e+01 -3.1014386807e+02 2212 -3.6296897563e+00 1.5502036103e+00
389375 8.4181841899e+00 -1.1037512227e+03 4.3027031481e+03 4.3977804509e+02 -9.1702490626e+01 -3.3438221607e+01 2212 -3.8970388549e+00 2.1974167034e+00
389388 4.4284392209e+01 -1.1007415775e+03 4.4369858712e+03 3.2214717710e+02 1.9254931400e+01 -3.9568114627e+02 2212 -5.3019115697e+00 1.6299262972e-02
389405 9.4680084298e+00 -1.0704798206e+03 4.6868315698e+03 3.7234571560e+02 -1.0829183288e+02 -1.9812318388e+02 2212 -5.1338474867e+00 1.0690731246e+00
390333 1.7585572840e+02 -9.7035112532e+02 4.4971970960e+03 1.3319478769e+02 -3.0606948329e+00 -4.4563623084e+02 2212 -3.0513759220e+00 1.9446276112e-02
390565 2.6312024155e+02 -1.0241539962e+03 4.3641674974e+03 1.5268730822e+02 -1.0416975303e+01 -1.7369772511e+02 2212 -2.2554489395e+00 1.6841511844e+01
390566 2.2907853718e+02 -1.1190187520e+03 4.6838653900e+03 3.1074757100e+02 1.3188693401e+00 -3.4646539241e+02 2212 -1.1564034056e+00 7.0336980019e-02
390930 -6.5382425772e+01 -1.0335771511e+03 3.9940493358e+03 4.4714781029e+02 -1.1956975516e+02 -2.4145812401e+02 2212 -3.6929842965e+00 2.1300035955e-01
392006 1.1394658815e+02 -1.0872774848e+03 4.5388691337e+03 3.2882972212e+02 5.6972775373e+01 -2.8050997837e+02 2212 -2.7668244282e+00 4.1480385603e-01
392091 -2.2281310665e+02 -9.7706240914e+02 4.1128370010e+03 4.3465241996e+02 5.7173029338e+01 -1.4294967700e+02 2212 -3.4256570258e+00 1.6934353396e+00
392179 -1.6662435366e+02 -8.3396910573e+02 3.7835440808e+03 4.3190762556e+02 5.1485298766e+01 -3.0689647412e+02 2212 -1.2431193721e+00 2.8518354865e-01
392336 4.4544186636e+01 -1.0745020407e+03 4.5413427192e+03 5.4002745708e+02 9.6023053154e+01 -2.2182280253e+02 2212 -4.2127850496e+00 1.4640114455e-01
392361 -1.4842441396e+02 -1.0303510874e+03 4.1737043859e+03 1.8061694187e+02 1.1431570008e+01 -7.2549676737e+01 2212 -3.0501551398e+00 7.3242655989e+01
393146 1.6249744169e+02 -1.1106661482e+03 4.3570033830e+03 2.5253355571e+01 8.0937830509e+00 -4.0912036540e+02 2212 -2.3790880253e+00 5.3718803463e-02
393378 1.8456005604e+02 -1.0472901472e+03 4.7959205722e+03 3.1581098698e+02 5.5443928516e+01 -3.1865282033e+02 2212 -5.1613292466e+00 2.8536774397e-01
395165 -1.2919733832e+02 -1.1149536135e+03 4.6758945678e+03 5.9563548653e+02 6.2669003856e+00 -2.1856296061e+00 2212 -5.1623597934e+00 9.9902262409e-01
395263 -1.9541412160e+02 -1.0906000418e+03 4.6288420933e+03 4.2319012883e+02 1.2432884192e+02 -1.8887143797e+02 2212 -1.8880645297e+00 7.9709152235e-01
395841 -1.5301607269e+02 -8.5166106474e+02 3.9969906525e+03 1.8165302315e+02 2.5009957014e+01 -4.3630208609e+02 2212 -4.0666738846e+00 5.2511057480e-02
396189 1.5752075120e+02 -1.1058901771e+03 4.5221962457e+03 2.3847988450e+02 -8.2641333804e+00 -4.1451159322e+02 2212 -2.7319468553e+00 1.1862037033e-02
396753 -2.0309976523e+02 -1.1880208088e+03 4.6731094824e+03 2.6506834168e+02 -5.8128391782e+01 -3.9305344273e+02 2212 -2.5860315976e+00 1.1717276487e-02
396957 1.2163318018e+02 -9.7732897574e+02 4.1437247124e+03 3.1233100263e+02 6.8678352217e+01 -3.9838304202e+02 2212 -3.4633215198e+00 4.2737243909e-02
398174 -2.9210997888e+01 -1.1600583775e+03 4.7929350021e+03 1.4640266370e+02 4.0688283886e+01 -1.0302327542e+02 2212 -4.0953463765e+00 6.3546690726e+01
398195 2.3720704084e+02 -1.0717774366e+03 4.2399782863e+03 5.3537855019e+02 -2.1429167630e+01 -2.0067960701e+02 2212 -2.3406435556e+00 1.2712221792e-01
398959 -1.7995613849e+02 -9.0624076696e+02 4.3064583794e+03 4.0616304894e+02 5.9429608666e+01 -2.4715267390e+02 2212 -4.4788178133e+00 1.0210700498e+00
399026 1.5886668392e+02 -1.0345350028e+03 4.2205009861e+03 2.8932141039e+02 3.4268553992e+01 -3.9310067925e+02 2212 -4.1140962166e+00 3.2821549666e-02
399062 9.5361449209e+01 -1.0890917224e+03 4.3286295408e+03 2.1343462477e+02 7.0918542424e+01 -3.8546536209e+02 2212 -2.5794722019e+00 9.8508557366e-02
399195 5.4953862266e+01 -8.8987396624e+02 3.8399969722e+03 3.6633638028e+02 -4.5335575487e+01 -2.9864343320e+02 2212 -5.4362767329e-01 4.4947681351e-01
399350 5.9084039469e+01 -1.0344054216e+03 4.4919062204e+03 2.8525802230e+02 -8.4424244256e+01 -3.9849318983e+02 2212 -4.9450939761e+00 2.3261369039e-02
400001 -1.0880494707e+02 -1.0753175303e+03 4.7549553550e+03 4.0819994833e+02 -8.3322328684e+01 -3.1456909905e+02 2212 -4.5478766081e+00 1.2539850018e-01
400004 1.1516080314e+02 -1.0263260073e+03 4.2094335504e+03 4.3975525391e+02 -4.1389679000e+01 -2.7942554943e+02 2212 -8.6867382703e-01 1.4281240732e-01
400297 -9.7896969322e+01 -1.0129684993e+03 4.2088694395e+03 2.4141935703e+02 6.0911993681e+01 -3.5803802688e+01 2212 -3.9330860898e+00 3.1084531243e+01
400898 -2.9078245848e+00 -9.2766610415e+02 4.3003663091e+03 5.0695641251e+02 -8.6028315242e+00 -2.2156647615e+02 2212 -1.0518706772e+00 4.8484080635e-01
401974 -6.8426993075e+00 -9.8839039727e+02 4.3883559012e+03 3.6715767279e+02 -1.2297553096e+02 -1.4989767657e+02 2212 -5.3054867773e+00 2.5815524731e+00
402174 -7.0211852551e+01 -1.1040880646e+03 4.7297538751e+03 1.7429808410e+02 2.5143955810e+01 -7.2880756930e+01 2212 -5.2651246272e+00 7.9302281485e+01
402390 1.0609259389e+02 -9.8910227959e+02 4.4829715796e+03 4.6235695479e+02 7.5867792575e+01 -2.4480985133e+02 2212 -3.9600759286e+00 3.9158300058e-01
402476 1.1910138177e+02 -1.1480571990e+03 4.6955718675e+03 1.0792813577e+02 -2.2518503194e+01 -4.0275554124e+02 2212 -3.4466059839e+00 5.5758714129e-02
402794 1.2289433722e+02 -9.5792600568e+02 4.5413316566e+03 5.8264794755e+02 -6.8936211890e+01 -9.1164997176e+01 2212 -2.0279721504e+00 9.0818992963e-01
403135 -1.7246003059e+02 -1.0584175649e+03 4.5910977016e+03 4.4217820808e+02 -1.0284283761e+02 -2.1337848346e+02 2212 -2.9335386802e+00 4.7078492098e-01
403563 -1.0292292349e+02 -1.1842091588e+03 4.7009616526e+03 3.8153639267e+02 -4.0409895394e+01 -2.1508871580e+02 2212 -2.5960604970e+00 4.5150710469e-01
404054 -6.1094925633e+01 -1.1722610237e+03 4.5547952539e+03 3.9614388195e+02 9.6496903905e+01 -3.4347984821e+02 2212 -3.9650055692e+00 2.7589399696e-02
404253 1.2581109479e+02 -1.0636391220e+03 4.5202902492e+03 2.3316354406e+02 -3.6678678492e+01 -2.5446235801e+02 2212 -5.0049493876e+00 1.4536096362e+00
404276 2.7411378522e+02 -9.2711350746e+02 4.0783534739e+03 2.9226214166e+02 3.0969639065e+01 -6.7672643370e+01 2212 -1.2653482119e+00 1.3546403294e+01
404469 -1.9767844559e+02 -1.0186868900e+03 4.0398896343e+03 2.7416697857e+02 -9.8818036719e+01 -3.6059594959e+02 2212 -4.6837192874e+00 8.4415525225e-02
404749 2.2433575399e+02 -1.1493301204e+03 4.6649292663e+03 2.3986160307e+02 5.9132757950e+01 -4.3014846215e+02 2212 -4.5104709438e+00 8.3999418038e-03
405588 1.9964695519e+02 -1.1329710678e+03 4.5021832938e+03 3.1967759916e+02 6.5116154499e+00 -3.2103957405e+02 2212 -1.3793223859e+00 1.3039317180e-01
406219 -3.1961159177e+02 -1.1539334626e+03 4.5641805826e+03 2.3452549357e+02 -7.7979525716e+01 -3.8793505262e+02 2212 -1.3214646776e+00 1.9258352012e-02
406406 2.3764404736e+02 -1.0093596988e+03 4.1310365868e+03 2.2032723500e+02 5.8668937272e+01 -2.4098209731e+02 2212 -3.3511803201e+00 2.0264319396e+00
406481 -2.1215257518e+02 -9.4055206758e+02 3.9709445528e+03 2.6920767680e+02 -7.8952019018e+01 -3.4707122168e+02 2212 -9.5743601280e-01 2.3569558852e-01
407219 -7.4278439969e+01 -8.1968082089e+02 3.7988441244e+03 2.2434762001e+02 -7.6531052340e+01 -3.7808475666e+02 2212 -2.7210726887e+00 3.0206981923e-01
408738 -9.6499611564e+01 -1.1909810082e+03 4.7792247033e+03 2.0180627176e+02 -1.8501241984e+01 -1.6672225647e+02 2212 -2.4652831287e+00 6.0349831063e+00
408767 -2.7875693364e+02 -1.1762559559e+03 4.8927760377e+03 4.5430495291e+02 -1.2819751099e+02 -2.6238805898e+02 2212 -5.0200186933e+00 7.4034703966e-02
409868 -8.9192158935e+01 -1.1473539681e+03 4.6419642459e+03 9.0607237571e+01 -2.5539231204e+01 -4.4165934025e+02 2212 -3.1356439444e+00 8.5858026999e-03
410028 -1.9832647714e+02 -1.1650350542e+03 4.6780069749e+03 2.1239378641e+02 6.9659433238e+01 -3.6371372172e+02 2212 -2.4879612455e+00 9.8720612374e-02
410282 1.3373682931e+02 -1.0637862248e+03 4.2431809032e+03 4.9619536445e+02 -1.6961946579e+02 -2.0755722468e+02 2212 -5.0021775539e+00 1.3385251855e-01
410912 -2.7723343652e+01 -1.0498968949e+03 4.7531424641e+03 4.8314825907e+02 -1.0009166901e+02 -5.2845133119e+01 2212 -3.8798248146e+00 2.2703490598e+00
411189 2.2140065243e+02 -1.1269422480e+03 4.7904127128e+03 1.8640672110e+02 2.3486321280e+01 -4.1905306658e+02 2212 -1.1769009226e+00 1.6059597315e-02
411554 -2.1688878394e+02 -1.1196574400e+03 4.7442228918e+03 4.1138072657e+02 1.1487144536e+02 -3.9827184709e+01 2212 -4.7754915508e+00 2.9361026913e+00
412000 2.8840502361e+02 -1.0529552647e+03 4.4168813914e+03 2.8057675732e+02 -4.3595948719e+00 -2.1643431025e+02 2212 -1.7989546871e+00 1.5717980081e+00
412062 -1.6596928368e+02 -9.5083889818e+02 4.2966288700e+03 3.6115007400e+02 -1.2114609151e+02 -3.6274979816e+02 2212 -3.4365646082e+00 6.1356169245e-02
413301 1.1232743766e+02 -1.2400101775e+03 4.8062840932e+03 3.4343602617e+01 8.7357427241e+00 -5.1298834766e+01 2212 -6.3059873250e-01 1.5265644133e+03
413419 -1.7953657537e+02 -8.8482125293e+02 3.8131107459e+03 4.0358276298e+02 3.4482610391e+01 -1.9007816334e+02 2212 -3.2541435976e+00 1.8221144892e+00
413668 2.8021366214e+02 -9.1444886699e+02 3.9429057584e+03 1.1305202241e+02 1.7709540587e+01 -4.1133489929e+02 2212 -5.4244987736e-01 9.9413636516e-02
413917 7.8581154323e+01 -8.9254980614e+02 3.9369125672e+03 8.7261471076e+01 -6.8995215171e+00 -1.3124162032e+02 2212 -2.4910525752e+00 2.1955330330e+02
414617 -2.2446463692e+02 -1.1010565576e+03 4.2791086076e+03 4.9770892686e+02 -3.2345599393e+01 -2.1096079639e+02 2212 -1.1781509926e+00 2.0107003209e-01
415066 -5.1374808842e+01 -1.0713936332e+03 4.7534017551e+03 5.6238946426e+02 -1.3511843097e+02 -7.7295969481e+01 2212 -2.3788546883e+00 7.2631588786e-01
415997 2.8093514922e+02 -1.1003759041e+03 4.6075153930e+03 1.9919699458e+02 -2.3087763869e+01 -4.0393965201e+02 2212 -2.1148664919e+00 2.5429863643e-02
416037 -5.1460361076e+01 -8.8229622196e+02 4.1548837721e+03 4.6843342963e+02 -1.2773204694e+02 -2.6791999293e+02 2212 -1.8451658725e+00 2.7682306290e-01
416446 -2.0967151562e+02 -1.1306613848e+03 4.5063311876e+03 4.4634747372e+02 1.1780218475e+02 -2.6918197562e+02 2212 -4.3656627235e+00 1.2246128083e-01
416676 2.4370516022e+01 -9.8435603839e+02 4.2929541265e+03 1.3419617286e+02 -3.1551177754e+01 -2.9054070223e+02 2212 -1.5348276200e+00 2.0725458590e+00
416821 -1.1655804632e+02 -1.0969609299e+03 4.7619681685e+03 3.2603987134e+02 6.6325534159e+01 -3.9315688392e+02 2212 -3.2594649862e+00 3.0597222618e-02
416861 2.8327403240e+02 -9.8002482728e+02 4.4884340599e+03 1.9179190221e+02 4.8436588534e+01 -2.5933718043e+02 2212 -3.5572711420e+00 2.4551058620e+00
417047 -2.5409761926e+02 -1.1504801692e+03 4.8218530114e+03 3.1504921284e+02 -2.0606175752e+01 -3.8523848272e+02 2212 -5.0991338976e+00 1.8744486191e-02
417603 2.6265481643e+01 -9.0723079026e+02 4.2563583236e+03 8.2137601855e+01 2.9657499891e+01 -2.7102148132e+02 2212 -3.8209409984e+00 6.3100907931e+00
417716 1.2730173210e+02 -1.1071075124e+03 4.2492023688e+03 1.3008240389e+02 1.9456153829e+01 -4.5163578359e+02 2212 -5.1408608346e+00 3.7008555405e-03
417813 1.8451866965e+02 -8.9551130096e+02 3.8868307849e+03 2.8043892519e+02 3.2361132769e+01 -3.8920681617e+02 2212 -4.1165649944e+00 8.1255955753e-02
419079 -8.7663601940e+01 -1.0286086317e+03 4.0007646676e+03 2.8519666275e+02 2.3776906906e+01 -4.0418680380e+02 2212 -4.0397783353e+00 2.6516803304e-02
419826 -2.5412065241e+02 -1.1538566818e+03 4.8557715446e+03 3.4386446200e+02 -8.7452638508e+01 -1.5645045997e+02 2212 -4.2500990462e+00 1.4759931224e+00
420781 4.0769929103e+00 -9.5292070529e+02 3.9110481998e+03 1.2517403160e+02 4.3250019107e+01 -4.5824729001e+02 2212 -1.3232408622e+00 8.9243258550e-03
420873 -1.2460853337e+02 -9.4946459076e+02 4.0465127815e+03 1.3265196959e+02 -3.5936734240e+01 -3.8815722013e+02 2212 -2.3611287640e+00 2.1015544405e-01
421067 9.5121199419e+01 -9.3216917349e+02 4.0841861498e+03 4.6847793746e+02 -3.2561596191e+00 -2.1622031846e+02 2212 -4.1251044238e+00 6.4509399817e-01
421097 -2.5334340944e+02 -9.7035381150e+02 4.4885338451e+03 5.8302931521e+02 6.1888252626e+01 -1.2058848082e+02 2212 -4.5902307595e+00 7.0957594414e-01
421191 2.1470859561e+02 -1.0012475968e+03 4.1639573824e+03 3.5725150956e+02 -1.2170921768e+02 -3.4214449176e+02 2212 -3.1531215629e+00 6.6006592440e-02
421240 2.0545508426e+02 -1.0064727306e+03 4.0622049636e+03 2.5018624146e+02 7.1030363699e+01 -3.8814881997e+02 2212 -1.5998552374e+00 6.5688444730e-02
421417 -8.5959032299e+01 -8.6824786496e+02 3.9317371591e+03 1.2365742799e+02 1.2844686985e+01 -4.0934707993e+02 2212 -3.9701379086e+00 2.0201184530e-01
422138 1.2467708562e+02 -9.7380691360e+02 4.1881634642e+03 2.4052874551e+02 -2.4313008796e+01 -3.8936334167e+02 2212 -5.1706866391e+00 8.8769680657e-02
422596 -2.5893836297e+02 -9.6058589019e+02 4.3721319501e+03 4.2788747727e+02 1.0367265192e+01 -2.5638948978e+02 2212 -1.2943082077e+00 5.1433608960e-01
422874 -5.4816825332e+01 -1.0851557013e+03 4.4276116541e+03 9.8195306569e+01 -3.2372105529e+01 -4.6311744725e+02 2212 -1.5315363482e+00 1.8388388734e-03
423117 2.7107023572e+02 -1.1223200358e+03 4.4648799071e+03 2.6734779064e+02 4.6360684831e+01 -3.2997294346e+01 2212 -1.0691914679e+00 1.2876446238e+01
423136 -5.3195421816e+01 -1.0025335342e+03 4.6862930211e+03 4.8273197501e+02 3.7119721321e+01 -2.1474937171e+02 2212 -1.4797011397e+00 6.0288222264e-01
423495 -2.2654541728e+02 -1.1612061059e+03 4.5530265750e+03 3.3779470566e+02 1.1365571983e+02 -2.9917699337e+02 2212 -4.0678359994e+00 1.5495427142e-01
424010 -5.7880665074e+01 -9.7578383822e+02 4.6535919493e+03 2.5357490547e+02 -2.0289258215e+01 -4.1248772264e+02 2212 -4.7710044328e+00 5.2957531695e-02
424217 1.0850417580e+02 -1.1156449222e+03 4.7607209172e+03 3.3516171113e+02 3.9635176765e+01 -9.7714898025e+01 2212 -3.2816327987e+00 4.4270551538e+00
424221 -7.3635516597e+01 -1.0949058591e+03 4.4512449390e+03 3.5733902959e+02 -3.1954317212e+01 -3.6947409034e+02 2212 -1.5152535990e+00 2.6706664068e-02
424693 1.8111468260e+02 -1.0854553134e+03 4.5169444660e+03 1.8728938888e+02 -4.3988269505e+01 -2.5961853277e+02 2212 -3.3482660989e+00 1.4710523542e+00
424695 3.0635315930e+01 -1.0620406000e+03 4.5255988096e+03 1.7953700488e+02 4.9306171924e+01 -4.4331134538e+02 2212 -2.6992313385e+00 1.2515565760e-02
425051 -6.2845020705e+01 -1.1492306869e+03 4.7500418448e+03 3.2891469874e+02 4.3570806056e+01 -2.8541496076e+02 2212 -3.5812004104e+00 3.0418472250e-01
425379 2.4654680245e+02 -1.0498443251e+03 4.4568659843e+03 4.8941033634e+02 -4.4603429519e+01 -2.6159126345e+02 2212 -4.2991554430e+00 8.7133546291e-02
425582 -1.8284421496e+02 -1.1550796664e+03 4.5698068994e+03 4.5928971245e+02 3.6583193644e+01 -3.1828754328e+02 2212 -1.6756087479e+00 2.8470360957e-02
425613 -1.7365724559e+02 -9.7586530023e+02 3.9491148412e+03 3.5624019624e+02 -8.5463353122e+01 -3.6804157175e+02 2212 -5.2796545818e+00 4.2505675035e-02
425620 -1.9454494780e+02 -9.6789287605e+02 3.9663483251e+03 1.8424011319e+02 -5.3259793549e+01 -4.1496781123e+02 2212 -1.2591233100e+00 5.5573914816e-02
426060 -7.3071010043e+01 -1.0134680923e+03 4.6567900269e+03 2.4752482555e+02 -8.2317022435e+01 -2.9813671725e+02 2212 -4.3433542440e+00 8.3248604159e-01
426221 -7.6911499590e+00 -1.0808147630e+03 4.6587265195e+03 2.8132162034e+02 2.7069548737e+01 -3.5738926111e+02 2212 -1.2850707974e+00 1.4560050297e-01
426905 -9.6639933404e+01 -1.1613114629e+03 4.4262404116e+03 1.4848161096e+02 -1.1062186418e+01 -2.0105482985e+02 2212 -2.3236046925e+00 5.5172983797e+00
426990 -1.8644691482e+02 -8.4353447689e+02 3.8636410785e+03 2.5019796793e+02 -5.8795251353e+01 -8.0690463438e+01 2212 -1.8810223725e+00 2.9489613385e+01
427496 8.9660642581e+01 -9.7599060596e+02 3.9918730259e+03 6.0332371490e+02 1.2790502078e+02 -4.6043074005e+01 2212 -3.9165178810e+00 8.0344461154e-01
427897 1.6017013086e+02 -1.1710071933e+03 4.7720172976e+03 4.0550823512e+02 -8.6978052639e+01 -2.4842822540e+02 2212 -1.2843839983e+00 1.7031128413e-01
427982 1.7351055197e+02 -1.0237775979e+03 4.4810103593e+03 2.7865512375e+02 6.5091551806e+01 -3.9405476980e+02 2212 -4.3197693252e+00 5.0154945495e-02
428055 -4.9870163872e+01 -1.1186754965e+03 4.6544773736e+03 4.7059182236e+02 -1.1374982204e+02 -5.8207494360e+01 2212 -9.7433144413e-01 1.5387774952e+00
428100 2.5074586245e+02 -9.5440168243e+02 4.0869077664e+03 8.9460862925e+01 1.3166976929e+01 -2.6865584843e+02 2212 -4.3175738603e+00 3.7801820511e+00
428395 2.1403998763e+02 -1.1471697914e+03 4.5253159167e+03 1.3550241656e+02 -4.4557939811e+01 -4.5479131258e+02 2212 -4.1877393548e+00 5.9514891811e-05
428433 1.3998288193e+02 -8.6762801605e+02 4.1000024194e+03 3.5380144027e+02 -7.7771540254e+01 -3.4492154484e+02 2212 -2.3018035986e+00 1.7176442451e-01
428726 1.4825836235e+02 -1.0382672970e+03 4.2767857673e+03 1.1510951278e+02 2.8132423630e+01 -3.7076056632e+02 2212 -1.1931125722e+00 2.3939966210e-01
429004 -1.4265672741e+02 -1.0456358705e+03 3.9491532445e+03 2.3103668117e+02 -7.7373665696e+01 -3.6480752877e+02 2212 -1.7658697984e+00 9.0972854157e-02
429525 -1.6630486571e+02 -1.0391378790e+03 4.5526668632e+03 2.7998415826e+01 -5.8757822553e+00 -3.9159570502e+02 2212 -3.3475670062e+00 1.9552636761e-01
429808 -3.3883235608e+01 -1.1223384326e+03 4.7138388945e+03 3.8864500600e+02 1.0296230831e+02 -9.6405044905e+01 2212 -3.6012171938e+00 2.5877938723e+00
431749 -1.2924615535e+02 -1.0678994561e+03 4.2182836277e+03 2.3852516552e+02 -8.0597964073e+01 -4.0750859462e+02 2212 -5.4246177811e+00 1.9943934641e-02
432361 -1.1695617051e+02 -1.1040645431e+03 4.8656849326e+03 8.6062017854e+01 3.1139891031e+01 -4.5258325622e+02 2212 -2.8216297932e+00 1.0626639638e-02
432538 1.7307398391e+02 -8.4248056383e+02 3.9844606593e+03 2.7183473741e+02 -9.1782008913e+01 -3.0636603773e+02 2212 -3.5616078281e+00 9.5750315252e-01
432601 -1.5981165911e+02 -9.8931688186e+02 4.5770639812e+03 1.9244628058e+02 -6.4738340180e+01 -3.5956001069e+02 2212 -3.2863618429e+00 3.3036386127e-01
432681 4.4516842269e+01 -1.0694601518e+03 4.6219846148e+03 5.1318604045e+01 -6.3216606532e+00 -2.8301998310e+02 2212 -3.0498253515e+00 2.5597091880e+00
432713 1.0110927013e+02 -1.0011341927e+03 4.5913778637e+03 2.6358960593e+02 4.5881371760e+01 -4.0827547003e+01 2212 -1.7368446530e+00 2.7985004289e+01
432925 -1.4578596695e+02 -9.0728851303e+02 3.9932417969e+03 2.1391608090e+02 7.7889742700e+00 -4.3442678062e+02 2212 -3.6546596764e+00 3.4742347133e-02
433126 7.7132851948e+01 -1.0360672932e+03 4.2072696266e+03 2.3437999000e+02 -3.3006054967e+00 -2.9282099897e+02 2212 -3.5315419624e+00 7.7595806735e-01
433256 4.3233499784e+01 -1.1178315086e+03 4.7884481892e+03 4.3406521200e+02 -1.1287640386e+02 -5.8568752431e+01 2212 -2.9047885044e+00 2.1583494384e+00
433421 -5.6794965119e+01 -9.7852459924e+02 4.6279124565e+03 1.3353411320e+02 8.6836531811e+00 -1.5045341850e+02 2212 -3.7911392744e+00 6.8258431722e+01
433613 -1.2018390840e+02 -1.0052587328e+03 4.0926805334e+03 5.1587098742e+02 1.2031981085e+02 -1.6825036095e+02 2212 -1.5067414027e+00 5.3687433220e-01
434215 -5.8454218302e+01 -1.1385970590e+03 4.4954673537e+03 2.0447339932e+02 -4.6227501301e+01 -4.1343120182e+02 2212 -2.1711573000e+00 1.3636332383e-02
434252 -2.0320179858e+01 -8.9612973625e+02 4.2041352074e+03 2.7652813099e+02 -9.9033505777e+01 -3.9091657820e+02 2212 -2.2715571530e+00 7.9784165261e-02
434365 -1.4325605359e+02 -1.0712197914e+03 4.5601958201e+03 3.8451529683e+02 1.2091660477e+02 -3.3905423966e+02 2212 -3.2956516412e+00 8.2428019864e-02
434549 -1.1633604077e+02 -8.5941038230e+02 3.9877058352e+03 1.8759332648e+02 -1.7936866240e+01 -1.4705492953e+02 2212 -1.8743468560e+00 3.6899769017e+01
435689 -2.1636379658e+02 -8.8361879077e+02 4.0771040914e+03 1.5572546671e+02 -2.4855081196e+01 -2.8355251176e+02 2212 -2.0339155414e+00 3.0766580413e+00
435990 3.6780836931e+01 -1.0132408529e+03 4.2328400135e+03 1.2815929250e+02 2.2213974530e+01 -4.3428635143e+02 2212 -3.1964952040e+00 3.1684639591e-02
436117 -1.9867098437e+02 -9.8797169308e+02 4.2373078112e+03 2.3655398787e+02 8.0740789778e+01 -4.3228083572e+02 2212 -4.7588329630e+00 1.9174739673e-02
436326 -2.1962239220e+02 -9.6534623723e+02 4.0019334807e+03 2.7692434338e+02 -1.2716225196e+01 -2.6229211255e+02 2212 -1.2779155800e+00 1.2553926162e+00
436449 -1.3214994641e+02 -1.1861750674e+03 4.7441003542e+03 4.4337342197e+02 1.5246710148e+02 -1.5127591822e+02 2212 -4.7119847948e+00 6.3795265805e-01
436582 8.3109620743e+01 -1.0200673672e+03 3.9555504784e+03 1.0629548968e+02 5.7751676633e+00 -8.7668740090e+01 2212 -4.6655003501e+00 2.5900463176e+02
437130 2.5398560715e+02 -1.0339329845e+03 4.6703078142e+03 4.9851009140e+02 5.0673063236e+01 -6.9728745031e+01 2212 -2.9026268930e+00 1.6767841293e+00
437769 -5.5758280126e+01 -1.2123895803e+03 4.7709595420e+03 1.5012103735e+02 -4.7003519438e+01 -4.2535662017e+02 2212 -1.5078169219e+00 1.4910826644e-02
437837 1.4218761357e+02 -1.1914671497e+03 4.6645780684e+03 4.0882836962e+02 7.4927722969e+01 -1.7831676467e+02 2212 -4.1596188834e+00 5.5258636780e-01
439131 -6.6403862548e+01 -1.1526483833e+03 4.7873623371e+03 3.6318651312e+02 5.8222723760e+01 -1.0327960646e+02 2212 -1.2263111696e+00 2.8082426272e+00
439330 -6.8219923042e+01 -8.9442497152e+02 3.9393293426e+03 2.7856288728e+02 5.9307295972e+01 -5.3776244554e+01 2212 -4.2509117951e+00 2.2054855859e+01
439783 2.9309029919e+02 -1.0377281595e+03 4.3282132615e+03 1.7265539422e+02 -5.6995154478e+01 -3.6964420882e+02 2212 -4.2252524565e+00 1.3700380270e-01
439848 2.9150950862e+02 -1.0688082123e+03 4.2965895644e+03 3.4412461667e+02 1.0077372292e+02 -1.9736455482e+02 2212 -3.1154279441e+00 9.9281557530e-01
440283 -1.7712130758e+01 -8.4309594936e+02 3.8088467657e+03 3.4114996402e+02 2.2213189617e+01 -2.3871629803e+02 2212 -4.1392911966e+00 2.1177814391e+00
441392 1.7961268171e+02 -9.6136413129e+02 4.1665526015e+03 5.1840570748e+02 1.3476814240e+02 -1.2557017746e+02 2212 -4.1625855707e+00 9.3438267262e-01
441614 -1.7639177714e+02 -1.1202126942e+03 4.6714260869e+03 2.9818945467e+02 6.5090409722e+01 -4.1537145937e+02 2212 -3.8942978049e+00 9.9245769586e-03
442269 1.4427808488e+02 -9.0722325320e+02 4.2330738228e+03 5.6851108242e+02 -4.3668609715e+01 -6.7863563653e+01 2212 -4.5659008059e+00 1.4650905872e+00
442417 1.4860488873e+02 -1.0593738354e+03 4.6257634948e+03 4.3829348778e+02 1.1368581842e+01 -1.8782579062e+02 2212 -5.4493499822e+00 8.0996583225e-01
442554 -1.9699088919e+02 -9.1832897497e+02 3.8025648118e+03 1.6919449760e+02 3.8212025136e+01 -2.5914706038e+02 2212 -5.0096246018e-01 3.2089150887e+00
442649 -5.7867557923e+01 -1.2515549814e+03 4.7877019884e+03 5.0007858844e+01 8.0589849130e+00 -1.6798983457e+02 2212 -3.6473342469e+00 2.8212067548e+01
442943 -9.6841358471e+01 -8.5210560653e+02 4.0154163922e+03 3.9649515571e+02 3.3062463894e+01 -2.8705707126e+01 2212 -1.7916962989e+00 9.0156476654e+00
443172 -7.6341264448e+01 -9.5742189379e+02 4.1251249289e+03 5.8206400635e+02 1.5382065271e+02 -1.5629686083e+02 2212 -4.7218518141e+00 3.8392234737e-01
443786 -8.0305697224e+01 -9.2489060723e+02 3.7682832578e+03 3.2029611404e+02 -9.1030159571e+01 -1.6906229215e+02 2212 -5.3182840436e+00 3.1995313624e+00
443910 2.4657973267e+02 -9.4385187886e+02 4.0172141253e+03 2.9254484703e+02 7.5137971099e+01 -1.6376957013e+02 2212 -2.1580356890e+00 4.2286764348e+00
444688 2.2371216769e+02 -1.0296746681e+03 4.6102452238e+03 3.4646284905e+02 -2.1336152565e+01 -3.6034325993e+02 2212 -4.7455114657e+00 5.3343520340e-02
445641 9.1909005043e+01 -9.7754527720e+02 4.3192195959e+03 2.8802499570e+02 8.1256123745e+01 -2.4250997460e+02 2212 -5.1132293541e+00 1.8422319310e+00
447170 7.3156060817e+01 -1.1168623248e+03 4.7309402404e+03 1.8588426219e+02 -1.6654175495e+01 -2.5347916463e+02 2212 -5.0386290026e+00 1.8320706191e+00
447251 -2.6189499223e+01 -8.5173020576e+02 3.8069914479e+03 3.0368621556e+02 -8.8306808289e+01 -1.4688733628e+02 2212 -4.1535998399e+00 6.8900343027e+00
447530 -9.2336321828e+01 -1.1131952169e+03 4.8273174605e+03 1.3593240224e+02 2.2465185719e+01 -1.9508612814e+02 2212 -3.7937575493e+00 1.2301512850e+01
447563 1.9994605740e+02 -1.0234544092e+03 4.0751169887e+03 8.4483711331e+01 -1.5781275105e+01 -4.3764486271e+02 2212 -3.2389444888e+00 1.8496000921e-02
448110 -1.4905546207e+02 -1.1895311067e+03 4.5574872070e+03 2.7430763314e+02 6.1156861633e+01 -3.2505219834e+02 2212 -3.2188688354e+00 1.3640305668e-01
448880 7.1692723177e+01 -1.1471490481e+03 4.6812604976e+03 1.1820780328e+02 -1.2166370386e+01 -4.5856274165e+02 2212 -1.3189265849e+00 2.5944097456e-03
449236 -5.3068284566e+01 -1.0497205876e+03 4.1230878024e+03 2.0616713179e+02 -4.5650991914e+01 -1.9254326786e+02 2212 -1.8856020686e+00 4.9917738094e+00
449506 -1.7502699314e+02 -8.2127074162e+02 3.8502503129e+03 6.0927852317e+02 7.5924711818e+01 -1.5873967738e+02 2212 -3.6390518998e+00 4.9668031521e-01
449949 2.9522018673e+02 -1.0498274695e+03 4.5835803583e+03 3.7017219180e+02 1.1981370289e+02 -2.7876570959e+02 2212 -2.7919495660e+00 2.6309742962e-01
450187 -1.8798715376e+01 -1.1441411028e+03 4.5359414793e+03 1.8671806628e+02 -5.2406156894e+01 -1.5750843498e+02 2212 -1.7114462012e+00 9.1621450315e+00
450395 -5.4741519645e+01 -1.1248346976e+03 4.5970195200e+03 2.2653196319e+02 -6.2217727620e+01 -1.2177309198e+02 2212 -4.8662775308e+00 1.0668792140e+01
450518 1.4871888341e+01 -1.1195062859e+03 4.8272448760e+03 5.1517001890e+02 -1.4371243918e+02 -6.2212968780e+01 2212 -1.1539447256e+00 9.8518185327e-01
450871 3.0692839797e+01 -1.1642778791e+03 4.7787875846e+03 1.8698953352e+02 -1.2864086840e+01 -2.8561257839e+02 2212 -5.0265353320e+00 7.1527112906e-01
451045 1.1482818591e+02 -1.0907387841e+03 4.3010864078e+03 6.1708171602e+02 1.4195665813e+01 -7.8112507050e+01 2212 -1.5462766606e+00 3.3590892468e-01
451149 6.8821020653e+01 -9.5039421677e+02 4.2239033689e+03 3.2371884600e+02 -6.0941777560e+01 -1.7398943147e+02 2212 -7.7395360870e-01 3.5729143200e+00
451162 9.4559538804e+01 -1.0609152835e+03 4.7258688779e+03 5.5131867017e+01 1.0042261704e+01 -6.2039915096e+01 2212 -1.8784365600e+00 1.7605574395e+03
451386 -1.9466690366e+02 -1.1113153776e+03 4.8667673091e+03 3.8552838407e+02 -2.4470977426e+01 -8.3025518487e+01 2212 -4.4026372111e+00 3.3243354173e+00
451507 2.2883424097e+02 -8.7677476727e+02 3.9909519526e+03 4.2208643259e+02 6.7157417920e+01 -3.0303196907e+02 2212 -2.1565892682e+00 2.2180509122e-01
451645 1.1648253932e+01 -9.5647681610e+02 3.8642435002e+03 2.7059827734e+02 -3.4088255672e+01 -1.1199519190e+02 2212 -4.7386465531e+00 1.0780874675e+01
451770 1.7402631946e+02 -9.1390095294e+02 4.2049813377e+03 3.1938904362e+02 -7.3268997228e+01 -2.5119265651e+02 2212 -1.5023283388e+00 1.4072625537e+00
452610 2.3002177473e+02 -1.1589327362e+03 4.7920378547e+03 1.5035734986e+02 -2.4846575372e+01 -3.5873500230e+02 2212 -5.3534682044e+00 1.4145883447e-01
453041 -4.6408624309e+01 -9.9506243096e+02 4.6313212814e+03 3.6953917209e+02 5.3566723799e+01 -3.5390663677e+02 2212 -2.5437228552e+00 1.1326067083e-01
453433 -2.4628648089e+02 -1.1168826742e+03 4.6889492181e+03 3.8714896884e+02 8.8363199426e+01 -3.5420074862e+02 2212 -4.1001383967e+00 3.7912210102e-02
454099 -3.4508334868e+01 -1.0270615261e+03 4.1679689811e+03 4.2422668742e+02 1.4890920201e+01 -1.5012327005e+02 2212 -4.0007327108e+00 1.4896061667e+00
454335 -2.8367202181e+01 -1.0835766484e+03 4.1781438319e+03 8.3990415001e+01 -5.7683769968e+00 -4.6817883454e+02 2212 -1.6868413177e+00 1.1541199407e-03
455304 -2.1504272086e+01 -9.7974149281e+02 4.1042004728e+03 1.8613801934e+02 3.3372996442e+01 -4.1562740486e+02 2212 -3.6362175185e+00 6.5666067943e-02
455335 3.3481999457e+01 -9.8811033573e+02 4.4692941638e+03 2.0503274365e+02 1.6577381519e+01 -4.2929430838e+02 2212 -4.7992660915e+00 3.0815088460e-02
455339 2.4395077547e+01 -9.3355247448e+02 4.0804705365e+03 4.8284571770e+02 6.8879592370e+01 -1.2342747388e+02 2212 -3.6658571539e+00 1.7770100804e+00
455556 1.9522367502e+01 -8.4627360168e+02 3.8774728614e+03 3.9310195037e+02 -1.8252663331e+01 -3.3625687623e+02 2212 -2.0218178974e+00 1.9545363179e-01
455753 -9.3106942800e+01 -1.1495812657e+03 4.6186368086e+03 5.1643336612e+02 1.5497284375e+02 -2.4744759586e+02 2212 -2.7846098675e+00 7.6686223933e-02
456006 -2.0092037735e+02 -9.2417950200e+02 4.0858782568e+03 3.3613978701e+02 -9.2153182229e+01 -3.2388200690e+02 2212 -2.1483310808e+00 2.7443989968e-01
456681 -1.5432992760e+02 -1.1639139060e+03 4.4927822018e+03 4.1858805638e+02 -4.5041103033e+01 -7.4844852949e+01 2212 -5.4645779154e+00 1.6618576454e+00
456802 8.6819256765e+01 -9.4374912231e+02 4.2139214669e+03 1.8695095510e+02 -2.5012113237e+01 -3.4922779109e+02 2212 -6.8385953037e-01 5.4192859806e-01
457097 1.6369644266e+02 -9.1344295487e+02 4.1523073948e+03 3.0576782043e+02 7.4109898775e+01 -3.5504727647e+02 2212 -2.3922615598e+00 2.1245516505e-01
457113 1.3839302954e+02 -1.0277042835e+03 4.7800915471e+03 8.1917652084e+01 -2.9108692098e+01 -4.5463356773e+02 2212 -1.9705769625e+00 9.1939979120e-03
457697 -6.3290818744e+01 -9.0260005742e+02 3.9039664824e+03 3.0811285729e+02 -6.8900045455e+01 -2.5950687096e+02 2212 -6.8611634965e-01 1.4022139290e+00
458109 -2.2102309407e+02 -8.6746118891e+02 3.7567234357e+03 1.3190351576e+02 -2.9299985096e+01 -4.6121116301e+02 2212 -3.5475108209e+00 6.9590685671e-03
458525 -2.8154117576e+02 -1.2015654958e+03 4.8446955156e+03 6.0412295548e+02 1.6097212176e+02 -4.3620786881e+01 2212 -4.7949351761e+00 3.9422900972e-01
458610 1.2740230340e+02 -1.0106740897e+03 4.3924834917e+03 2.0718856643e+02 -9.4263663957e-01 -3.3388284360e+02 2212 -1.4252763446e+00 4.9254794348e-01
458994 -2.4612263994e+02 -1.0974388568e+03 4.6670662119e+03 2.7002327582e+02 5.7464418959e+01 -3.6832867687e+02 2212 -3.8955531311e+00 1.2931258097e-01
459434 7.0403930305e+01 -9.8041710610e+02 4.4473751758e+03 7.7233805050e+01 -1.4550973208e+01 -4.6025959949e+02 2212 -2.7480031196e+00 1.0026091083e-02
460310 -1.5571167299e+02 -1.1094552458e+03 4.7213282836e+03 5.3160496923e+01 1.1328831875e+00 -4.6337883551e+02 2212 -2.3839470099e+00 5.4703133482e-03
