# EvtID pe_px[MeV/c] pe_py[MeV/c] pe_pz[MeV/c] prec_px[MeV/c] prec_py[MeV/c] prec_pz[MeV/c] pidrec zvtx[cm] weight
315 5.8113868767e+01 1.0425426726e+03 3.5369303918e+03 3.0689512781e+02 -5.4177561339e+01 -1.5108115256e+02 2212 -3.5576726084e+00 2.3184479727e+00
896 -1.6750984492e+02 1.5948693425e+03 5.2801992807e+03 3.7045580323e+02 6.9796561674e+01 -5.7990443859e+01 2212 -3.1230213523e+00 2.1072892039e-01
1480 -6.1624291851e+01 1.4808064785e+03 4.9540489394e+03 2.8722711493e+02 3.1320675004e+01 -2.3195132158e+02 2212 -5.2982479166e+00 8.0106146970e-02
2705 3.5592227065e+01 1.2801548645e+03 4.3274688110e+03 4.9072427941e+02 -1.7087243159e+02 -5.4211255666e+01 2212 -1.4307470219e+00 4.7391201420e-01
2990 -1.0768793960e+01 1.3157756054e+03 4.3545117221e+03 4.7726222792e+02 1.4266031444e+02 -1.9150469729e+02 2212 -3.1841595373e+00 5.8029117864e-02
3074 7.1749707936e+00 1.7414266554e+03 5.3749240894e+03 1.8790148541e+02 -3.3126929824e+01 -1.4452975048e+02 2212 -4.6026253172e+00 1.8270076996e-01
3076 -8.3873021461e+00 1.7021291677e+03 5.1183450898e+03 1.8722351057e+02 -2.1841280647e+01 -1.4184119486e+02 2212 -1.4628184768e+00 2.6644589253e-01
4417 -1.8594048446e+02 1.4902860262e+03 4.7753483071e+03 4.0420930942e+02 -1.4127981792e+02 -2.5543206657e+02 2212 -1.3489552233e+00 1.1693560567e-02
5140 -6.1600166645e+01 1.1917893042e+03 4.2609755179e+03 3.5863642001e+02 -1.2298838488e+01 -1.8482675162e+02 2212 -3.2626037179e+00 6.8583093372e-01
5266 -1.4566523904e+02 1.7292033259e+03 5.6666251433e+03 1.5231442440e+02 -6.5632867341e+00 -1.7021639394e+02 2212 -2.6235338238e+00 1.3385911984e-01
5719 -1.5915361458e+02 1.2694706776e+03 4.1064452090e+03 4.0300691202e+02 9.8908607429e+01 -3.1376441907e+02 2212 -1.1641457765e+00 7.2405398814e-03
6238 -1.0293149662e+01 1.4780071521e+03 5.1888666644e+03 2.2245311971e+02 -3.7342993602e+01 -2.2499890800e+02 2212 -8.2447306789e-01 3.3977501284e-01
6302 1.2369569271e+02 1.0445200474e+03 3.6768686356e+03 2.4347274738e+02 4.8337933568e+01 -3.6328734205e+02 2212 -5.2638778505e+00 6.9444612948e-02
6375 2.9119281441e+01 1.5293095444e+03 4.6671636859e+03 6.4310851279e+02 -1.7174499271e+02 -5.7535809465e+01 2212 -7.2651574342e-01 1.6699390266e-02
6684 2.5735364028e+01 1.1885758427e+03 3.9693917352e+03 2.9059884262e+02 -2.6923982488e+01 -5.5128826417e+01 2212 -1.2748392969e+00 4.9745498337e+00
6856 -1.6806635641e+02 1.1717232199e+03 3.9972379576e+03 4.3017278650e+02 -6.8039632126e+01 -2.1515340999e+02 2212 -1.3505253738e+00 2.1660846965e-01
6903 -1.0061578791e+02 1.3241777703e+03 4.4140931635e+03 5.2336233526e+02 1.0471475921e+02 -9.8839879353e+01 2212 -4.5822750877e+00 1.3842291693e-01
7348 -1.4311365444e+02 1.4017522876e+03 4.6678681415e+03 3.6666209485e+02 -6.7324977961e+01 -3.2681155624e+02 2212 -4.7434533301e+00 1.4421344211e-02
7480 -1.6746587417e+01 1.3340413378e+03 4.5878115292e+03 3.5504522519e+02 1.1856064518e+02 -1.5917445137e+02 2212 -3.0180739595e+00 2.9906794835e-01
7751 -7.5381054072e+00 1.1070680129e+03 3.7708895330e+03 5.0488467544e+02 1.4855319872e+02 -8.2639312513e+01 2212 -2.3344430416e+00 5.1200596773e-01
7768 1.7939516402e+02 1.1692019303e+03 3.8371584294e+03 3.4043272330e+02 1.8665448064e+01 -3.4653430083e+02 2212 -3.5766873225e+00 1.7313394671e-02
8088 -8.4336350269e+01 1.5312613334e+03 4.9203318039e+03 1.3258374569e+02 3.5321489553e+01 -1.8063353084e+02 2212 -4.6847714677e+00 9.0228762375e-01
8364 1.8954685472e+02 1.2030763978e+03 4.1316678981e+03 1.8649218169e+02 3.6416051215e+01 -4.2276473403e+02 2212 -3.7458559179e+00 3.0931363572e-03
8940 4.8888440476e+01 1.5144390838e+03 5.1334210136e+03 5.3857873556e+02 1.2402841245e+02 -4.4868452958e+01 2212 -3.7475426397e+00 6.0251237121e-02
9242 1.4226723811e+02 1.0660876716e+03 3.8205606388e+03 5.6961118932e+02 -1.9827960281e+01 -4.0977303534e+01 2212 -4.9036353030e+00 6.5687878774e-01
9614 -3.9240407853e+01 1.4019629636e+03 4.8158054056e+03 4.2266567923e+02 6.2648676067e+01 -1.9379003426e+02 2212 -3.9190948226e+00 8.9280921524e-02
10317 4.0704874938e+01 1.4402764689e+03 5.1322440758e+03 5.7380477445e+02 1.7587796883e+02 -3.4421548343e+01 2212 -3.6849595043e+00 7.3494936046e-02
10472 -1.5596587277e+02 1.1755195924e+03 4.0586327395e+03 4.9263629604e+02 7.4645848463e+01 -5.5262284492e+01 2212 -2.7587930830e+00 7.2168984221e-01
10844 7.8460540601e+01 1.6875999947e+03 5.1077316943e+03 1.7069154558e+02 -3.6980066707e+01 -2.3807100651e+02 2212 -3.4761474219e+00 4.6091856188e-02
12061 -3.4110857969e+01 1.0475076695e+03 3.5561214487e+03 8.0617045272e+01 -2.6871859892e+01 -3.1848743265e+02 2212 -9.9967967439e-01 5.9832201720e-01
12128 1.5113757692e+02 1.1061844671e+03 3.8311186996e+03 3.4463334577e+02 -5.5484237527e+01 -1.0008264664e+02 2212 -4.0020019335e+00 2.2580635846e+00
12515 1.1569726339e+02 1.3504616739e+03 4.3362002866e+03 3.6310171417e+02 1.1404289642e+02 -2.9744008338e+02 2212 -1.5784454492e+00 1.0991840622e-02
13458 1.2007413864e+02 1.3477361086e+03 4.6059627020e+03 3.3452148407e+02 5.8955078506e+01 -3.0362923781e+02 2212 -7.0769241848e-01 1.5976690820e-02
13553 -1.1737827278e+02 1.1682225962e+03 3.9944987079e+03 2.7520707773e+01 7.0367832596e+00 -2.8475839168e+02 2212 -4.8721948424e+00 8.6843273844e-01
13888 1.3583569460e+02 1.1913809833e+03 4.2175209252e+03 3.0674584499e+02 -3.3774419390e+01 -2.5790263368e+02 2212 -4.0046130186e+00 2.8290767089e-01
14224 8.6662139747e+01 1.1079587499e+03 3.8851862353e+03 1.1618146233e+02 -9.3508214883e+00 -4.2805990583e+02 2212 -2.2025938956e+00 1.5250507612e-02
14278 1.0044658868e+02 1.4655559254e+03 4.9800542719e+03 2.4490526383e+02 6.1292180841e+01 -1.2441830607e+02 2212 -5.3970495425e-01 9.4282201598e-01
14290 -1.4687516465e+02 1.2992742094e+03 4.5662693486e+03 2.7290458374e+02 -9.7650188387e+00 -3.1824295647e+02 2212 -2.1443476477e+00 5.8571936987e-02
16117 -6.1766812798e+00 1.1325039215e+03 3.5063106146e+03 1.1019350380e+02 -3.7841403405e+01 -4.1034541197e+02 2212 -2.0056690469e+00 1.6698963441e-02
18805 -1.8005228208e+02 1.1192617702e+03 3.5978011696e+03 2.3191046366e+02 6.6384599061e+01 -2.4639494062e+02 2212 -5.5192330340e-01 5.9052872200e-01
18968 -1.1392854053e+02 1.1059627318e+03 3.8154175913e+03 1.6667180405e+02 1.2276328696e+01 -3.2702892870e+02 2212 -1.5917044699e+00 2.5359210067e-01
20250 -7.2154017204e+00 1.2447032419e+03 4.3200085659e+03 1.2240029607e+02 1.6876356676e+01 -1.3922673307e+02 2212 -1.0963341356e+00 2.1944420236e+01
20353 5.3636988738e+01 1.1097504882e+03 3.8946117186e+03 5.7693207468e+02 -1.2354583379e+02 -8.8019375934e+01 2212 -5.1176798374e+00 3.3303021415e-01
21005 -4.7923523432e+01 1.6126717457e+03 4.8139245820e+03 1.1892507530e+02 3.7406398198e+01 -2.3762518175e+02 2212 -2.3213502748e+00 4.5497191727e-02
23533 -1.0463341014e+02 1.5780570143e+03 4.7290647768e+03 4.7281591320e+02 -3.0616542602e+01 -2.2121461417e+02 2212 -1.5523906222e+00 1.0367027870e-03
24162 8.3558014472e+01 1.4519338082e+03 4.8607837509e+03 2.3260536379e+02 8.0583127269e+01 -2.1647176486e+02 2212 -1.3181416534e+00 2.2270280994e-01
24214 -1.8352775657e+02 1.1234839510e+03 3.8312546938e+03 4.9310347933e+02 -1.0295547776e+02 -1.7147512389e+02 2212 -2.8203964543e+00 2.6435259666e-01
24677 -1.2503256866e+02 1.0521643862e+03 3.4794521200e+03 4.0387201318e+02 1.1807058257e+02 -1.6811541249e+02 2212 -3.4457856447e+00 6.0616585169e-01
25566 -1.1750994611e+02 1.4898459160e+03 4.6224096893e+03 3.1555450418e+02 -5.7977415252e+01 -2.8901530610e+02 2212 -2.6755173942e+00 1.1044142882e-02
25695 -1.3154012804e+01 1.4394776475e+03 4.4924155090e+03 4.5737872316e+02 1.4054122233e+02 -2.2845904505e+02 2212 -4.6825833800e+00 1.3940620171e-02
26230 8.2299655551e+01 1.2499842580e+03 4.2403910264e+03 5.2370206001e+02 -5.4077750680e+01 -2.5393324209e+02 2212 -5.0201050641e+00 1.7336119607e-02
26340 -1.8687531892e+02 1.3369069652e+03 4.3168263619e+03 3.9303269517e+02 5.3483611457e+01 -1.7859442372e+02 2212 -1.2878178661e+00 1.5896529273e-01
26499 1.1951890606e+02 1.3458804585e+03 4.5036386632e+03 3.2326652132e+02 4.7185664443e+01 -3.5013022179e+02 2212 -3.6983864924e+00 1.0790412412e-03
27474 1.7515548920e+02 1.2230869739e+03 4.1359724809e+03 4.5523280346e+02 -1.5416792360e+02 -2.4269734273e+02 2212 -5.1442890924e+00 5.3998180089e-02
28910 -1.2120453964e+02 1.5913826805e+03 5.2439304523e+03 1.2404088472e+02 3.4385517240e+01 -1.3731237471e+02 2212 -3.6657686247e+00 2.6436404000e+00
29349 -8.3322742719e+01 1.2954332934e+03 4.4619286138e+03 2.5616595947e+02 -7.3110274376e+01 -3.8304955536e+02 2212 -1.0106990121e+00 8.9497304783e-03
29584 1.5032435525e+02 1.2712506406e+03 4.3603628256e+03 6.4400347532e+02 -1.4306278292e+02 -1.1685113508e+01 2212 -1.8483238744e+00 1.5446786520e-01
29803 -1.6940703672e+02 1.4155377916e+03 4.6598223203e+03 4.9249208127e+02 -3.5787570880e+01 -1.2211166993e+02 2212 -5.3200527206e+00 1.1006744065e-01
30159 -1.0475041350e+02 1.5061644376e+03 4.9849915670e+03 2.9771327266e+02 -9.4237330759e-02 -1.5079596758e+02 2212 -1.3648481313e+00 2.8369240877e-01
31720 -3.4008662992e+01 1.5405886319e+03 5.3562900830e+03 9.4413252192e+01 -5.9634594651e+00 -2.3458715438e+02 2212 -2.9555741285e+00 3.4031667955e-01
32074 6.2290307003e+01 1.5197901302e+03 4.5699617730e+03 4.0916864117e+02 -3.6828515159e+01 -2.5503854419e+02 2212 -2.7248173133e+00 1.2542164617e-02
32593 1.1114360167e+01 1.2726608881e+03 4.1373525830e+03 3.4906771104e+02 -6.0771270969e+01 -2.2894280254e+02 2212 -2.7442388709e+00 1.7511267899e-01
32748 7.7273217855e+01 1.3337802818e+03 4.5807815941e+03 4.5231894236e+02 -1.5276079590e+02 -1.5999919686e+02 2212 -7.6820169063e-01 1.5895830683e-01
33250 -2.1227041623e+02 1.4935908044e+03 4.8279129371e+03 1.1273499574e+02 3.8680241471e+01 -2.9892577216e+02 2212 -3.8416988945e+00 2.7316647605e-02
33777 -7.1950311013e+01 1.3164385020e+03 4.0671812215e+03 4.0853703452e+02 1.1854653791e+02 -2.2938454819e+02 2212 -2.1139902500e+00 6.1401602968e-02
33852 2.7197007026e+01 1.2136968085e+03 4.0221927188e+03 2.7276374272e+02 -2.8123671148e+01 -1.1712872386e+02 2212 -1.3285304450e+00 2.9749676314e+00
34366 -5.8988857131e+01 1.0408524357e+03 3.6817451120e+03 1.5233145342e+02 3.8830233241e+01 -1.7063923517e+02 2212 -2.7215373779e+00 1.2198264359e+01
35037 -4.8399545517e+01 1.0248637953e+03 3.5939400265e+03 2.1987998489e+02 2.8294287372e+00 -3.7560972885e+02 2212 -4.9777662179e+00 8.0109265831e-02
35765 -3.6676235463e+01 1.4894521375e+03 4.5348575462e+03 3.9748017901e+02 -7.6934523692e+01 -4.3447855373e+01 2212 -3.6769821013e+00 3.7300755114e-01
35867 1.5467159956e+02 1.0541419942e+03 3.7359030280e+03 3.8968618749e+02 -5.0209159403e+01 -3.4930869208e+02 2212 -3.2403160837e+00 3.4838706215e-02
36119 7.4478863805e+01 1.3329472999e+03 4.3120281592e+03 3.8707545669e+02 3.6128155176e+01 -1.7283096871e+02 2212 -4.6581292870e+00 1.9176811407e-01
37520 1.4661867573e+02 1.3503008930e+03 4.1733378934e+03 2.2684882093e+02 -1.1125825432e+00 -3.0838989736e+02 2212 -2.7257538571e+00 3.9180753441e-02
37525 -1.9630102096e+02 1.3683026139e+03 4.4257629702e+03 1.4421669614e+02 -1.4864556523e+01 -2.2208206773e+02 2212 -1.9903832227e+00 7.5839194681e-01
37955 7.4942316762e+00 1.1870824506e+03 4.0902512298e+03 2.6902506049e+02 4.1896070497e+01 -2.6272039150e+02 2212 -5.1556579648e+00 3.2691626893e-01
38021 4.7223289852e+01 1.0547144520e+03 3.5118568843e+03 1.0560652982e+02 1.8589510725e+01 -1.2463123771e+02 2212 -7.9993173201e-01 6.5979802354e+01
38112 6.4540704832e+01 1.2083032915e+03 4.3533935342e+03 4.6143739068e+02 7.3612886160e+01 -2.1348252742e+02 2212 -2.2831394495e+00 1.1268513139e-01
38401 -1.8242139679e+01 1.2225329783e+03 3.8317979817e+03 1.0737546338e+02 3.3270028981e+01 -6.6368275692e+01 2212 -3.3846714681e+00 1.1319519044e+02
38549 8.8575006158e+01 1.2911979642e+03 4.2675423528e+03 2.5337470077e+02 1.5162252616e+01 -1.7138498174e+02 2212 -4.6585330130e+00 1.0967036394e+00
39312 1.6785012411e+02 1.1187568568e+03 3.7192227056e+03 4.2824824057e+01 7.6248429975e+00 -4.6906095999e+02 2212 -1.8562744868e+00 2.7543759470e-04
40113 -1.6720530651e+02 1.5933361438e+03 5.0313671124e+03 7.5930846896e+01 -5.7708691824e+00 -2.3299084136e+02 2212 -3.9244209155e+00 2.4007330450e-01
40641 2.0493801908e+01 1.3305675105e+03 4.0832490583e+03 5.8902090569e+02 9.4712716981e+01 -8.4673937039e+01 2212 -4.3762331498e+00 5.3933852639e-02
41016 7.7150648825e+01 1.5497579805e+03 5.2913752186e+03 2.0256541307e+02 4.1783520151e+01 -1.4487175328e+02 2212 -1.2094409107e+00 8.8300546957e-01
41135 -8.6571632624e+01 1.0492359538e+03 3.6676690034e+03 4.8850257797e+02 -2.9326932212e+01 -3.8072065832e+01 2212 -5.2908923589e+00 1.4573192780e+00
41215 -9.9465525480e+01 1.5073809834e+03 5.1869940250e+03 2.1306741854e+02 4.8848818824e+01 -1.6902289418e+02 2212 -3.4736886255e+00 5.7864381824e-01
41722 -1.6564308621e+02 1.2281263807e+03 4.0288495822e+03 2.1816365557e+02 -2.0571322948e+01 -3.9619635520e+02 2212 -4.5192291501e+00 7.6064633883e-03
42679 5.8763901301e+01 1.2744256642e+03 4.4300316174e+03 1.3718259816e+02 -1.3260410604e+01 -3.3173849005e+02 2212 -3.9925058472e+00 1.6591460977e-01
43033 1.0838813251e+02 1.6139106249e+03 5.0141643928e+03 2.5343138971e+02 3.2795849794e+01 -2.7386818042e+01 2212 -4.6289532569e+00 1.2002720250e+00
43212 1.7694875126e+01 1.5251424081e+03 4.7945012429e+03 3.5723140751e+02 -1.5842555007e+01 -4.4610393226e+01 2212 -2.9227998161e+00 4.7863740545e-01
44158 -9.0087653887e+01 1.4570191888e+03 5.1446035609e+03 3.0903739422e+02 -4.9528222417e+01 -2.0915665072e+01 2212 -2.0203966654e+00 2.0906610964e+00
44253 3.9870834843e+01 1.4223502565e+03 4.4397371512e+03 2.4041569644e+02 -2.9204085824e+01 -3.5856343883e+02 2212 -3.2571649919e+00 1.1394408029e-03
44354 -6.5929972896e+00 1.2229702353e+03 4.1620575957e+03 3.4257182740e+02 7.6564442438e+01 -3.4655420394e+02 2212 -3.3980122670e+00 1.1327167989e-02
45072 7.1175214563e+01 1.3576975220e+03 4.1672456385e+03 4.6295633122e+02 -1.4372054892e+02 -2.1194473133e+02 2212 -1.8021633856e+00 4.5811440012e-02
46157 9.0983988324e+01 1.6216776860e+03 4.9090995796e+03 4.8896845054e+02 -5.2422950867e+01 -9.3474662639e+01 2212 -1.0184572621e+00 3.0202692959e-02
46906 -5.1840879362e+01 1.3340900010e+03 4.4455585780e+03 1.2781681661e+02 2.5970167449e+01 -1.0204115818e+02 2212 -3.5384502886e+00 2.9089860278e+01
46910 -8.7391719197e+01 1.2048251555e+03 4.1699498391e+03 2.0643524521e+02 4.8135651759e+00 -3.9322904338e+02 2212 -3.4844223522e+00 1.6814248316e-02
46936 2.8718330993e+01 1.5019292039e+03 5.1503251027e+03 5.4599655236e+02 -1.4423210810e+02 -4.0197721261e+01 2212 -4.8834694766e+00 1.1318114517e-01
47273 -6.1815279589e+01 1.4206192247e+03 4.6858686425e+03 2.4510744433e+02 -2.0565551545e+01 -3.4126724555e+02 2212 -1.1158867769e+00 2.1058017577e-02
48055 6.6278650393e+01 1.0265103700e+03 3.5551470092e+03 2.1654442446e+02 -2.1551566479e+01 -1.0519840833e+02 2212 -5.0894246874e+00 1.6281237968e+01
49027 -1.0167958911e+02 1.3249969057e+03 4.1084530633e+03 2.6889523690e+02 -4.1312815221e+01 -2.8434959993e+02 2212 -2.0403098497e+00 8.4764816458e-02
49076 1.0553134288e+02 1.3222657849e+03 4.4152697331e+03 3.5071572830e+02 -2.9414820721e+01 -4.6341131463e+01 2212 -4.9131009781e+00 1.5335305764e+00
49275 -9.5275750373e+01 1.2569031151e+03 4.1805979173e+03 2.6090569705e+02 -2.5689167331e+00 -2.1872875933e+02 2212 -5.3612708540e+00 5.5883613166e-01
49792 -1.0920718634e+02 1.1571649738e+03 3.7149561855e+03 1.3512337828e+02 4.7593409733e+01 -1.1227337622e+02 2212 -4.4074114000e+00 3.0269072004e+01
50231 1.8139254339e+02 1.3531747193e+03 4.1822212723e+03 1.3024883297e+01 -1.4920982765e-01 -3.7085535468e+02 2212 -1.2513008034e+00 1.1431209827e-02
50414 1.4462262938e+02 1.2202667368e+03 3.8174400450e+03 2.7603846453e+02 7.6116951862e+01 -2.8970211122e+02 2212 -4.8481424043e+00 8.1766115857e-02
50683 -8.3192048771e+01 9.7065760469e+02 3.4653032736e+03 3.3211012722e+02 3.8537601918e+01 -2.3096950945e+02 2212 -3.9378391656e+00 9.4704624699e-01
50774 -9.4539667790e+01 9.7208225706e+02 3.4532850661e+03 2.9872517903e+02 -1.1179311969e+01 -2.9567216322e+02 2212 -1.4493466141e+00 4.3384885108e-01
51510 -8.0640333086e+01 1.4611271984e+03 4.4207672664e+03 3.5356315539e+02 -7.9652726879e+00 -3.0781197170e+02 2212 -4.2577709905e+00 4.5522331668e-03
51933 4.5728100348e+00 1.3537641934e+03 4.6192214782e+03 1.9219476113e+02 -4.1380047019e+01 -7.6427032852e+01 2212 -3.2820297284e+00 1.2879420807e+01
52078 4.0759692271e+01 1.3389014772e+03 4.3667684739e+03 3.9476045876e+02 9.5407153531e+01 -2.6814536629e+02 2212 -2.1567308619e+00 2.3568311707e-02
52886 -1.9230177413e+02 1.5226500043e+03 4.9913995326e+03 3.8845893170e+02 3.2247800317e+01 -1.8666190411e+02 2212 -3.2674887702e+00 5.5119187057e-02
52917 6.2692548527e+01 1.3223379272e+03 4.1258797866e+03 9.4773224159e+01 1.6773007748e+01 -3.9622465322e+02 2212 -4.8899214384e+00 1.3134627680e-02
53067 -1.8716462820e+02 1.2764977459e+03 4.4433775589e+03 4.1162152393e+02 8.5543941744e+01 -1.8660385902e+02 2212 -3.0669914240e+00 1.8978550033e-01
53183 -2.0652035416e+02 1.2521443535e+03 4.2030686225e+03 4.0952605015e+02 1.7131803157e+01 -2.9935737134e+02 2212 -1.6473925656e+00 2.4444992651e-02
53300 9.3955005672e+01 1.1485723621e+03 4.0147592261e+03 2.7498125556e+02 7.4334069426e+01 -3.3310290989e+02 2212 -4.8451476609e+00 8.6388242433e-02
53326 1.4231777900e+02 1.1731289933e+03 3.7421866345e+03 4.1268015378e+02 -9.4072555561e+01 -2.4832808049e+02 2212 -1.3563949354e+00 9.3965814332e-02
53421 -1.1500443569e+02 1.2243575935e+03 3.8576106910e+03 1.9109546540e+02 -3.1212375437e+01 -6.5568692772e+01 2212 -2.0509979718e+00 1.9674810584e+01
53620 -1.3921551819e+02 1.2702730286e+03 4.1386022001e+03 2.4028809284e+02 7.4269836944e+01 -1.5603154141e+01 2212 -2.6928197879e+00 8.6992201809e+00
53644 1.3986770045e+01 1.3144296734e+03 4.3638372094e+03 1.9832557306e+02 6.8878187357e+01 -2.1460388884e+02 2212 -4.5533142490e+00 6.2945791898e-01
53695 3.1148692555e+01 1.0979209289e+03 3.5067889095e+03 3.1260135576e+02 -1.0295897460e+02 -4.0125454700e+02 2212 -4.1748955236e+00 6.8078755287e-03
53802 -6.9572312043e+01 1.0362627039e+03 3.4661639545e+03 3.9896809389e+02 3.9633252041e+01 -1.6838876146e+02 2212 -2.4545330980e+00 8.3987789046e-01
53891 -1.2818099857e+02 1.1728106820e+03 3.7192932300e+03 4.3880803606e+02 6.2938411214e+01 -2.5400273972e+02 2212 -1.7336047331e+00 5.8150302590e-02
55429 -1.8671469596e+02 1.2351120499e+03 4.0693902313e+03 3.2694566949e+02 -1.7961417046e+01 -4.0211517351e+02 2212 -1.7425850809e+00 1.6125750495e-03
56004 -1.6523244658e+02 1.1403897074e+03 3.8078276497e+03 1.0373582315e+02 -1.0927766140e+01 -1.3675545492e+02 2212 -1.4855623124e+00 3.9579955498e+01
56319 -1.9437336449e+02 1.3812342012e+03 4.3829271577e+03 4.7285452516e+02 -5.9156060674e+01 -2.3737958950e+02 2212 -1.7574894645e+00 2.0910137088e-02
56642 4.7936610137e+01 1.3126606996e+03 4.2060785116e+03 1.6213403979e+02 4.0122347627e+01 -2.5760764768e+02 2212 -5.3469089670e+00 3.0661180567e-01
57007 6.4775995073e+00 1.2235023433e+03 3.9566818389e+03 2.0846965006e+02 -2.6591508124e+01 -2.0934126423e+02 2212 -5.1395660064e+00 1.2157835794e+00
57522 6.7188926862e+01 1.5245662634e+03 5.1273811265e+03 1.7300169695e+02 -6.0004863639e+00 -2.1572112427e+02 2212 -4.0400383000e+00 3.2538756146e-01
57707 1.7385957118e+02 1.2011691633e+03 3.9518498869e+03 4.9607063704e+02 -3.6601304261e+01 -2.6127577849e+02 2212 -1.3568012167e+00 2.4949103746e-02
57820 -7.1435147548e+01 1.6579759159e+03 5.2370536338e+03 4.3355063373e+02 -5.9490786013e+01 -1.4035123916e+02 2212 -4.9625428517e+00 1.6641238844e-02
58010 2.5343092012e+01 1.3175293581e+03 4.0779512626e+03 1.8729095245e+02 -3.5825974454e+01 -8.4633874758e+01 2212 -3.1650257455e+00 1.1085085705e+01
58206 5.6334767127e+01 1.4166210749e+03 4.7639359516e+03 2.5555478098e+02 -4.2020184177e+01 -2.0419305945e+02 2212 -3.6377560459e+00 3.1254966716e-01
58434 1.5022645846e+02 1.4252238144e+03 4.5743420276e+03 4.8494715949e+01 -5.0105508199e+00 -3.7062117007e+02 2212 -4.7951619730e+00 6.8132609064e-03
58956 4.0112351916e+01 1.0143523807e+03 3.6866088467e+03 2.0083887210e+02 9.2463608274e+00 -1.8656527306e+02 2212 -4.3182653242e+00 5.7851275605e+00
58999 -6.0361403626e+01 1.3277659135e+03 4.3133980753e+03 6.3479686669e+01 -1.2790252694e+01 -4.1318486252e+02 2212 -2.0117056191e+00 1.9651669448e-03
59471 -1.5543717953e+02 1.3995159402e+03 4.3921726597e+03 2.5875346164e+02 4.8807107439e+01 -3.4778139680e+02 2212 -6.3097117073e-01 4.3708759067e-03
59570 -2.1473383239e+02 1.4309727388e+03 4.8107164441e+03 1.6198890699e+02 -5.3748617277e+01 -3.7699583332e+02 2212 -3.3473951574e+00 7.0933009725e-05
59693 4.2282122861e+01 1.1349483956e+03 3.9220396143e+03 4.5761196694e+02 -5.8541808754e+01 -2.3851466144e+02 2212 -1.8564203458e+00 1.2626245846e-01
59813 -2.0866075049e+02 1.3902575824e+03 4.3931335887e+03 5.1528290670e+02 9.6328930125e+01 -1.9786846658e+02 2212 -4.0281217075e+00 1.8087937370e-02
59855 -1.3901236332e+02 1.2058727438e+03 4.2570853219e+03 2.6579864005e+02 2.6823991229e+01 -2.9887025998e+02 2212 -8.9845888736e-01 1.5408072953e-01
59995 -1.8522191333e+02 1.2569680739e+03 4.0312035375e+03 2.9158357112e+02 7.0955189056e+01 -1.6597617763e+02 2212 -3.6015703629e+00 7.2527327255e-01
60463 8.5722649365e+01 1.6106362228e+03 4.8916497292e+03 3.0452599792e+02 -2.8388560157e+00 -1.9023223731e+02 2212 -4.3714061724e+00 3.4582333057e-02
60538 -1.6057672449e+02 1.3409272041e+03 4.2507083181e+03 4.6025509743e+02 1.3175400532e+01 -2.5163529806e+02 2212 -3.2659550169e+00 2.0657226574e-02
60911 -1.8449127503e+01 1.5255104603e+03 4.6301991033e+03 3.6585378606e+02 5.0765453335e+01 -1.8832588494e+01 2212 -8.7288059830e-01 4.4819393188e-01
61049 -2.5707895421e+01 1.2146683685e+03 4.2078731763e+03 4.7813258029e+02 -1.2779092650e+02 -9.6312547202e+01 2212 -3.5266078969e+00 4.9016346398e-01
61254 -1.4196975574e+02 1.3851437836e+03 4.7720723904e+03 5.8722941394e+02 -9.7740432140e+01 -8.8109489763e+01 2212 -4.2199717702e+00 8.8407420553e-02
61272 -8.3383335857e+01 1.3985006607e+03 4.7263075063e+03 3.5118900015e+02 5.5483023171e+01 -3.2056287283e+02 2212 -5.3344314203e+00 8.2159830005e-03
61814 8.8271937801e+00 1.3987477437e+03 4.3918855590e+03 3.7949976949e+02 -5.3749455248e+01 -7.2290481727e+01 2212 -4.9336496852e+00 5.8934607734e-01
62161 -6.3182590427e+01 1.2450573483e+03 4.3897849446e+03 4.4060175059e+02 -4.7629646091e+01 -3.2630440266e+02 2212 -7.1243414842e-01 1.5676650826e-02
62254 -3.6743150388e+01 1.4805771131e+03 4.9513942520e+03 1.6981447524e+02 5.6434320192e+01 -2.9075698511e+02 2212 -2.0281391074e+00 3.2117720610e-02
63211 8.2777068020e+01 1.2967799141e+03 4.6562017688e+03 6.0288672634e+02 -1.1043655607e+02 -1.4614514036e+02 2212 -5.1353464480e+00 5.4656140946e-02
63599 -1.3887815915e+02 1.1151114574e+03 3.9897949229e+03 2.8669259246e+02 5.7486286369e+01 -3.4654248775e+02 2212 -4.3847451331e+00 7.1466958517e-02
64035 9.8078394218e+01 1.4260532689e+03 4.7436926401e+03 4.0739415456e+02 1.7081213731e+01 -1.2212053831e+02 2212 -3.8068236115e+00 2.0565825094e-01
65766 1.0974205700e+02 1.0413711352e+03 3.6207157648e+03 5.2357795223e+02 1.2284161034e+02 -1.2676806993e+02 2212 -4.2777569680e+00 3.5282032362e-01
66075 -1.4528581843e+02 1.3206175035e+03 4.1468835413e+03 1.3192391570e+02 9.3804149167e+00 -3.5839960090e+02 2212 -4.5804448223e+00 2.4242792098e-02
66087 1.2869518516e+02 1.5491797160e+03 4.9577553310e+03 3.5342280411e+02 1.6974047548e+01 -2.0057186182e+02 2212 -2.4358160743e+00 2.7820352654e-02
67456 1.3224377054e+02 1.1421042794e+03 3.7825381403e+03 5.4114484687e+02 1.3801005470e+02 -1.7315568100e+02 2212 -2.3986413197e+00 6.5036001771e-02
67672 -2.0895138242e+01 1.2532849665e+03 4.4382982506e+03 5.1462239255e+02 3.3228439938e+01 -2.0249530469e+02 2212 -7.9427816160e-01 7.0682602404e-02
67714 -3.6317426607e+01 1.2963156660e+03 4.4827425245e+03 1.1697031488e+02 1.0253127983e+01 -1.2395108911e+02 2212 -2.2404087319e+00 2.9798544634e+01
67793 -1.6667477513e+02 1.1016002440e+03 3.9300891080e+03 5.0151796931e+02 4.4108977992e+01 -9.7570129360e+01 2212 -3.8805920859e+00 6.7588232692e-01
68396 -1.2243550255e+01 1.1620803177e+03 3.8885539538e+03 3.2268639669e+02 -2.7357587332e+01 -3.6389171686e+02 2212 -1.6928648956e+00 1.8746873271e-02
68607 1.2375574408e+02 1.3463191820e+03 4.3247307401e+03 3.7960311500e+02 8.2797087074e+01 -1.7771516902e+02 2212 -4.5429652145e+00 1.3685857254e-01
69123 -1.6195428512e+02 1.6404546953e+03 5.4653968529e+03 3.0954563715e+01 -3.1458013101e+00 -2.1271598657e+02 2212 -2.1720948066e+00 2.8681755207e-01
69231 -1.4943899362e+02 1.2581179941e+03 4.3318185447e+03 3.2247414933e+02 -1.8196269691e+01 -2.5776642282e+02 2212 -1.6817410646e+00 1.7172066682e-01
69707 5.2006698979e+01 1.1354428914e+03 3.9547288038e+03 1.5613794311e+02 -2.2549185005e+01 -3.7576143391e+02 2212 -3.3127876401e+00 8.4040160981e-02
70257 8.2844201430e+01 1.0907390262e+03 3.8184792546e+03 4.1175682947e+01 1.1452987997e+01 -4.4453149933e+02 2212 -1.8663163676e+00 7.0724816402e-03
70310 2.7797399756e+01 1.2188807945e+03 4.1809615750e+03 1.6709021356e+02 8.5633852500e+00 -3.0191733002e+02 2212 -2.9454293994e+00 2.4587515624e-01
70903 1.9148406822e+01 1.1062919070e+03 3.9640089520e+03 2.2439947061e+02 2.0606441916e+01 -4.7358877909e+01 2212 -4.7926973861e+00 2.4428760497e+01
71058 -2.0739341447e+01 1.1130096028e+03 3.9642766114e+03 5.4658977985e+02 -1.9606373674e+02 -3.7756480086e+01 2212 -5.2930665116e+00 6.5352920706e-01
71355 1.8380135632e+02 1.1571769303e+03 3.7057342603e+03 2.9566749189e+02 -3.3424461306e+01 -3.4720446906e+02 2212 -2.9543846503e+00 3.6552838009e-02
71523 -1.1290376686e+02 1.3196286222e+03 4.2228314773e+03 2.4378853627e+02 -7.9713288375e+01 -3.8924496373e+02 2212 -1.9106979512e+00 9.9143667705e-03
71775 1.1320931118e+02 1.1582054568e+03 3.8265059356e+03 1.9970202096e+02 6.7074203953e+01 -7.1099753840e+01 2212 -8.0762391631e-01 1.6585013918e+01
72006 6.0819803591e+01 1.2878509627e+03 4.1614402033e+03 4.3376735082e+02 5.7356157948e+01 -2.1540414624e+02 2212 -5.0465713879e+00 7.3100473755e-02
72369 1.1608232397e+02 1.2707629751e+03 4.0691953531e+03 1.8521413177e+02 5.7967528602e+01 -2.8216312075e+02 2212 -1.2655084971e+00 1.6448022603e-01
72395 2.2804283521e+01 1.1606222444e+03 3.7047405414e+03 2.1583293466e+02 -4.9244857897e+01 -3.4647524141e+02 2212 -3.2336063958e+00 7.1185098661e-02
73855 8.8479630444e+01 1.1176652982e+03 3.8711488651e+03 3.2526387051e+02 1.9048432993e+01 -1.7710967798e+02 2212 -4.7188414361e+00 1.1379594094e+00
74461 2.4251942042e+01 1.5559405705e+03 5.3049664762e+03 3.3386727516e+02 2.1735522505e+01 -1.7480407863e+02 2212 -1.7408333051e+00 1.0062822643e-01
74681 -8.7645893992e+01 1.4380459371e+03 4.4476183798e+03 1.9534128863e+02 5.7154470323e+01 -2.4506031773e+02 2212 -4.0356106237e+00 1.8485215351e-01
74861 -1.5618428518e+02 1.5755312294e+03 5.4375319509e+03 1.9387249642e+02 3.2965919486e+01 -1.5479947093e+02 2212 -3.3196497669e+00 9.5152563035e-01
75412 7.4729988454e+01 1.3748987788e+03 4.3303307695e+03 1.1381537093e+02 -3.7422428303e+00 -2.0754802127e+02 2212 -7.9542447999e-01 1.4480828633e+00
75873 -7.0980308372e+01 1.4740112905e+03 4.4295382724e+03 5.3846419059e+02 1.6154524161e+02 -1.9158077193e+02 2212 -4.6741609655e+00 1.9874393550e-04
76656 6.5688098910e+01 1.3968207586e+03 4.4775963347e+03 6.1720307036e+02 -8.1202063088e+01 -3.9442789023e+01 2212 -4.4399427210e+00 7.5262316417e-02
77325 -3.5294578676e+01 1.4904110726e+03 4.7232797319e+03 3.5437996663e+02 -9.5503835927e+01 -2.7400816612e+02 2212 -1.2736056962e+00 1.1573618679e-02
78188 5.8353546668e+01 1.2866909351e+03 4.3777232321e+03 1.6917010950e+02 -1.2307793830e+01 -3.8663627558e+02 2212 -3.3369418718e+00 1.1694558253e-02
78321 -1.4866381088e+02 1.2493681612e+03 3.9263599867e+03 3.7510431033e+02 -1.0034606798e+02 -3.0190443070e+02 2212 -1.2865464152e+00 4.7377628858e-02
78616 6.1697076758e+01 1.4733360832e+03 5.0435156786e+03 4.6979496471e+02 -1.5435804950e+02 -2.3812870396e+02 2212 -1.8959083566e+00 1.1031424165e-02
79119 -7.1813561918e+01 1.1297435673e+03 3.6022432568e+03 5.6318412694e+02 -1.4123278546e+02 -1.7551067029e+02 2212 -5.4451271596e+00 8.6389357374e-02
79301 3.2980970574e+01 1.0712341965e+03 3.5160914823e+03 1.6751952894e+02 5.0192492420e+01 -4.4311180048e+02 2212 -1.6904291145e+00 1.8115866089e-03
80367 1.6577552000e+02 1.2420387864e+03 4.2032785370e+03 1.9018394809e+02 4.2976634704e+01 -4.2019529595e+02 2212 -4.5633076394e+00 3.9868841903e-05
80568 -2.4885519686e+01 1.1498890028e+03 3.6297757842e+03 3.9504536283e+01 -3.4138051665e+00 -3.7785037975e+02 2212 -3.9327213268e+00 6.9341696475e-02
80608 -1.4351518996e+02 1.7475255733e+03 5.7053003005e+03 1.7432116404e+02 2.4842388980e+01 -1.9294604856e+02 2212 -3.4377474764e+00 7.3424806218e-03
81997 -1.2501126905e+02 1.1149146674e+03 3.6341318498e+03 3.9785634469e+02 -1.2512024355e+02 -2.8790348784e+02 2212 -4.3342782098e+00 7.8525967699e-02
82566 -1.0838816037e+02 1.3657585308e+03 4.2312125575e+03 3.7783172393e+02 4.7473847662e+01 -3.2195097082e+02 2212 -1.6523104587e+00 1.0006907624e-02
82572 1.6815111208e+01 1.7374239406e+03 5.1078644273e+03 1.0253319827e+02 -1.2725568833e+01 -1.3201169310e+02 2212 -1.9910299366e+00 1.0023989036e+00
82628 -9.5455981059e+01 1.1440349164e+03 3.9773236934e+03 1.0663134194e+02 4.7823037870e+00 -4.6690362219e+02 2212 -4.1478781258e+00 2.1878942001e-04
82854 9.0265680759e+00 1.1695786096e+03 4.0110516226e+03 6.5986985443e+02 4.9072345838e+01 -5.5129527153e-01 2212 -2.1320599162e+00 2.3509634385e-01
83223 -2.1886449229e+01 1.4844375634e+03 5.1466892331e+03 3.3418654610e+02 -1.1301589701e+01 -2.0427828368e+02 2212 -4.1245773628e+00 1.1083028969e-01
84018 9.7322967958e+01 1.3010162913e+03 4.1544396216e+03 4.7286445413e+02 4.8692809264e+01 -4.6541020225e+01 2212 -3.3962605016e+00 4.4983096363e-01
84379 -8.8737816286e+01 1.7266550978e+03 5.4441659198e+03 3.5836789220e+02 -2.5421611718e+01 -1.0468805907e+02 2212 -2.4396984251e+00 3.7133890388e-02
84578 -2.8963915542e+01 1.4280971600e+03 4.8279341759e+03 2.3577055268e+02 1.1105778612e+01 -2.4817304936e+02 2212 -2.0711534605e+00 1.9842287061e-01
85894 -2.7496892550e+00 1.3724771236e+03 4.4733314279e+03 2.2965459009e+02 4.9285975569e+01 -1.9078051781e+02 2212 -5.4943897133e-01 5.6236276948e-01
86044 8.6393280915e+01 1.0482323062e+03 3.6866916431e+03 1.4485671981e+02 3.4538134231e+01 -4.4175444391e+02 2212 -1.0613811524e+00 5.2601311767e-03
86553 2.3057264755e+01 1.1982914661e+03 4.0309920441e+03 2.4024790296e+02 -6.8944145639e+01 -3.0257723650e+02 2212 -2.1230697080e+00 1.6980085153e-01
88267 6.7579549219e+01 1.1574878986e+03 4.1109769598e+03 5.3078810196e+02 1.8688358352e+01 -1.0947232249e+02 2212 -1.0478680658e+00 3.6284506367e-01
88352 9.5087105316e+01 1.3940792203e+03 4.2233565304e+03 3.7785956008e+02 -2.8453908778e+01 -1.3268851078e+02 2212 -2.8401832918e+00 2.4557360906e-01
88886 -2.2221039248e+01 1.5780063115e+03 4.9054402240e+03 4.2341646989e+02 -7.6297019076e+01 -2.1112650431e+02 2212 -1.1739365822e+00 1.1276776379e-02
89576 8.9294929669e+01 1.4022344765e+03 4.2732343265e+03 5.5166613872e+02 9.7383561059e+01 -1.3878122881e+02 2212 -2.3005425076e+00 2.0085458867e-02
90947 1.0209006171e+02 1.1229302766e+03 4.0309612718e+03 4.6443639440e+02 1.6139048256e+02 -1.7178164845e+02 2212 -2.6045920032e+00 2.3108071593e-01
91746 4.4580446282e+01 1.2278758257e+03 4.1149810679e+03 3.6854372346e+02 -7.5643954455e+01 -2.8030586103e+02 2212 -1.4483121103e+00 7.7764762844e-02
92231 -6.6051816759e+01 1.2404035414e+03 4.0402741071e+03 2.7754691391e+02 -4.0229879501e+01 -3.8397325969e+02 2212 -3.2153799683e+00 6.7258494329e-03
92558 -1.6807952346e+01 1.3108098404e+03 4.0247941181e+03 5.7757695881e+01 -1.9079940585e+01 -6.8442907575e+01 2212 -3.1237140934e+00 2.5082698930e+02
92848 -1.2138589853e+02 1.3008610226e+03 4.0555132827e+03 4.6210460092e+02 1.7420934873e+01 -1.8524332343e+02 2212 -1.2322415814e+00 8.7190708632e-02
93178 1.8728813729e+02 1.2559869371e+03 3.9845393822e+03 2.6652687558e+02 -6.8169300654e+01 -1.3658453304e+02 2212 -5.1483303618e+00 1.5403353192e+00
94154 -8.0385559263e+01 1.0895469826e+03 3.6085526259e+03 1.3311395201e+02 1.9787799543e+00 -4.4979493317e+02 2212 -2.7589781438e+00 2.3359226851e-03
94333 -2.5386524569e+01 1.0734549341e+03 3.4524477747e+03 5.9476137349e+02 5.0712615907e+01 -9.8205111808e+01 2212 -3.9832756536e+00 2.1660851845e-01
94337 -1.0846073022e+02 1.1395943447e+03 4.0840345366e+03 3.1240471728e+02 5.5603539725e+01 -3.6567676251e+02 2212 -1.1362258433e+00 2.3127052258e-02
96622 9.9509301544e+01 1.1928588663e+03 3.7069713487e+03 2.4792846755e+02 -3.2766483895e+01 -4.0419162045e+02 2212 -3.9646425291e+00 3.7127748576e-03
96762 -1.1644834991e+02 1.4786292306e+03 4.9415968654e+03 3.3959046961e+02 8.4389128318e+01 -8.9352236433e+01 2212 -1.5458547971e+00 4.0647348613e-01
97126 3.0630012063e+01 1.2380033653e+03 4.0933338477e+03 4.5635159456e+02 2.0026809634e+01 -1.8988974349e+02 2212 -1.5273299669e+00 1.4414613504e-01
97528 -2.2156955964e+02 1.7148970023e+03 5.4137097938e+03 5.2563224897e+02 -1.5393143675e+02 -1.2103288892e+02 2212 -2.2947235855e+00 1.4680216087e-02
97628 -7.5432739855e+01 1.4639300378e+03 4.8330717820e+03 4.5058286352e+02 -3.9035878666e+01 -1.9661048227e+02 2212 -2.2382864840e+00 4.0344906547e-02
97824 2.3865363476e+01 1.1377999731e+03 3.8668171431e+03 1.2182608898e+02 -5.1234784050e+00 -4.5693146119e+02 2212 -2.5244470693e+00 2.5336895898e-03
97901 -1.5544906015e+02 9.3990719482e+02 3.2379772466e+03 5.2196330702e+02 -2.8098276948e+01 -2.4402000923e+02 2212 -4.2616914243e+00 1.2284995112e-01
98207 1.0707354151e+02 1.1017626644e+03 3.8103786932e+03 4.1525949910e+02 1.7321522974e-01 -2.4664245579e+02 2212 -3.7026488776e+00 1.8255855267e-01
98949 4.1025865992e+01 1.2548277242e+03 4.4455749591e+03 4.5593244865e+02 4.2199228236e+01 -2.8407605237e+02 2212 -8.1854324625e-01 2.4490167863e-02
99005 -9.4146864965e+01 1.4485408054e+03 4.3846993396e+03 5.6031509538e+02 1.0976618538e+02 -1.5413499462e+02 2212 -3.3034423012e+00 8.3803511097e-03
99268 -2.1372815400e+01 1.4018656551e+03 4.6008923144e+03 4.4623929513e+02 -1.5645587409e+02 -2.2656748519e+02 2212 -4.5406173305e+00 3.7653686807e-02
100173 -1.6138529533e+02 1.0660291190e+03 3.7902053030e+03 2.1329648548e+02 -5.0219814453e+01 -4.3629348839e+02 2212 -4.3586189807e+00 6.9029065750e-03
100416 9.0331186717e+01 1.5462972410e+03 5.2422656921e+03 2.9675445944e+02 -5.4491347060e+01 -2.9181178044e+02 2212 -5.0121820737e+00 1.4499261673e-03
100541 5.1128657516e+00 1.2058052364e+03 4.2967485270e+03 3.4413781277e+02 1.0528724554e+02 -3.0504796576e+02 2212 -4.7520660919e+00 5.5479736313e-02
100874 5.3391380663e+00 1.2325434756e+03 4.0925661689e+03 2.5894228469e+02 3.3446213603e+01 -2.3895750268e+02 2212 -4.4686000731e+00 4.0618627048e-01
101243 -6.3205773658e+01 1.3148277011e+03 4.1739886501e+03 3.8210420983e+02 1.1467945750e+02 -7.8795518316e+01 2212 -1.7929286261e+00 6.0738873405e-01
101270 -1.2425636123e+02 1.0612392926e+03 3.7773425660e+03 1.0254282933e+02 3.5705861976e+01 -4.6412078102e+02 2212 -5.2061034746e+00 7.2631014159e-04
102189 -1.4762039344e+02 1.0934350601e+03 3.5089883624e+03 4.1620777915e+01 8.2782245598e+00 -4.5239165112e+02 2212 -7.8560354142e-01 2.2899418500e-03
102478 1.9779493153e+01 1.1910238453e+03 3.9830882254e+03 1.5819987298e+02 -2.1061771640e+01 -4.5602609061e+02 2212 -1.2391433569e+00 7.1377108898e-06
102728 3.2250899039e+01 1.3049355453e+03 4.3377529160e+03 1.6362865080e+02 4.5902846854e+01 -3.3878299659e+02 2212 -3.4700839752e+00 4.9185028224e-02
102741 1.8588857275e+02 1.2412645354e+03 4.2257452057e+03 4.9146268350e+02 -1.2227126129e+02 -1.5001362746e+02 2212 -5.3280521901e+00 1.7445155340e-01
102816 -2.3385163197e+01 1.3867184635e+03 4.7453678313e+03 5.2075606095e+02 2.3229555859e+01 -1.9747881558e+02 2212 -3.0658609194e+00 3.1688294821e-02
102863 1.5907268356e+02 1.1038109525e+03 3.8592809700e+03 4.6336942740e+02 -8.4310029301e+01 -6.7099853530e+01 2212 -5.1802998357e+00 1.0906272641e+00
103692 -3.5258674349e+00 1.2717264609e+03 3.9459535666e+03 5.3012534534e+02 1.2953161423e+02 -7.1108262228e+01 2212 -1.7045771524e+00 1.7791047240e-01
104374 1.4927537135e+01 1.3536570436e+03 4.4450069565e+03 6.3170643552e+02 1.6899810358e+02 -1.0926793630e+01 2212 -5.5666279700e-01 6.3454845398e-02
104597 -1.5055630629e+02 1.1893366909e+03 3.8654516091e+03 3.4547687246e+02 -3.4560395345e+01 -1.3440822635e+02 2212 -4.9643309666e+00 1.0850394426e+00
105344 -3.2046728758e+01 1.1923981497e+03 3.8519454606e+03 3.0607326593e+02 -9.3882431103e+01 -3.7917982161e+02 2212 -1.8271247735e+00 1.1530539842e-02
105458 -4.3453560870e+01 1.3725991671e+03 4.6663919968e+03 2.8279304717e+02 -3.0227983617e+01 -3.6042580948e+02 2212 -1.3379727544e+00 1.4735025057e-02
105812 7.2807793706e+01 1.3799786664e+03 4.2131103417e+03 4.9127777401e+02 6.6221359231e+01 -2.0694232455e+02 2212 -4.2377806671e+00 1.9698530637e-02
106328 4.2462173289e+01 1.1437274734e+03 3.7645782928e+03 3.5871754852e+02 -1.7137108298e+01 -2.6348314361e+02 2212 -1.5841861996e+00 1.7568812425e-01
106522 1.1227801059e+02 1.6403533480e+03 4.9740013947e+03 1.6926241409e+02 -4.1000333668e+00 -2.1411081161e+02 2212 -3.1849095442e+00 5.4871176091e-02
106651 4.1576084542e-01 1.6172610702e+03 4.9591725215e+03 6.0201048082e+02 2.7500329811e+01 -1.4660976113e+01 2212 -4.9224232482e+00 2.3887486298e-02
107247 -1.8282968128e+02 1.4044034023e+03 4.5069223147e+03 2.1032823550e+02 3.5119106035e+01 -2.6017555121e+01 2212 -6.9357516780e-01 1.0151432278e+01
107390 -1.7700721078e+02 1.1518057481e+03 3.9662314397e+03 3.3354543861e+02 8.2209553540e+01 -2.1795665701e+02 2212 -1.0642140890e+00 4.4180842982e-01
107499 6.4318982964e+01 1.1692161841e+03 3.7997008694e+03 4.7486405448e+02 9.8177621500e+01 -2.0281937305e+02 2212 -5.4079124699e+00 9.6113748495e-02
108376 -1.4154597344e+02 1.2195201456e+03 4.1437746783e+03 2.7162151015e+02 1.5404729918e+01 -3.9511192070e+02 2212 -1.6134643084e+00 5.8860080821e-03
109619 1.0290639767e+02 1.2735138499e+03 4.1505579223e+03 3.6350528250e+02 -7.8236533902e+01 -1.4422446966e+02 2212 -1.6124996771e+00 5.6056468024e-01
110161 1.6539034397e+01 1.0749983086e+03 3.8040772571e+03 3.9080377001e+02 -5.0738045586e+01 -1.3354027800e+01 2212 -6.0374418693e-01 3.2893114965e+00
111916 -1.5848168952e+02 1.3747414927e+03 4.3274852115e+03 3.1968292104e+02 -2.1002159162e+01 -2.8278936343e+02 2212 -1.3140244416e+00 3.7029038275e-02
113101 4.1094853896e+01 1.6727579909e+03 5.2549350764e+03 5.9876254798e+02 -1.2138416573e+02 -4.3221308499e+01 2212 -2.1809296317e+00 8.5951703525e-03
113920 1.6904802533e+01 1.1366278924e+03 3.8972901996e+03 3.8257124695e+02 -7.0916660399e+01 -3.1863446300e+02 2212 -2.3069826195e+00 4.9912332910e-02
115157 1.5720938263e+02 1.0843831382e+03 3.8300257975e+03 1.2581130703e+02 -4.4357706272e+01 -4.4532857762e+02 2212 -2.2079444940e+00 4.9624187783e-03
115576 -1.3912828505e+02 1.0858527917e+03 3.7423773720e+03 3.4013997885e+02 -6.9927488632e+01 -2.6708713208e+02 2212 -4.9798338052e+00 3.0533174860e-01
115615 5.2312073466e+01 1.3589205185e+03 4.2608130244e+03 2.7737332320e+02 4.7589701277e+01 -1.0736829640e+02 2212 -9.7502287198e-01 1.3255410133e+00
115975 1.6345880952e+01 1.0796768120e+03 3.7449707102e+03 1.5530786216e+02 4.9328435080e+01 -4.4464276953e+02 2212 -3.0806984818e+00 2.3185496487e-03
116127 -1.1896714966e+01 9.8249189984e+02 3.6078819770e+03 9.7795827058e+01 1.7257062876e+01 -9.6109427248e+01 2212 -2.4916606892e+00 2.3976494159e+02
116795 -1.4460989313e+02 1.6567641998e+03 5.1275240823e+03 1.2610209764e+02 -3.6643833110e+01 -2.1000273408e+02 2212 -2.0759469022e+00 1.4132968171e-01
117870 1.4653906560e+01 1.1542836809e+03 4.0974831426e+03 1.0023428986e+02 3.3769891830e+01 -4.1182672748e+02 2212 -5.3167033226e+00 2.3715167298e-02
118413 -1.4294964827e+02 1.2388056357e+03 4.2895956201e+03 3.1984240421e+02 -8.6944658454e+01 -3.7105472442e+02 2212 -2.7762105393e+00 1.0951790411e-02
118457 2.4886253657e+01 1.2654359327e+03 4.1156993655e+03 1.4692537873e+02 3.2882964312e+01 -3.6597338589e+02 2212 -1.9494680986e+00 3.3729549897e-02
120736 -5.0037592587e+01 1.3306091323e+03 4.7010724726e+03 2.1108967064e+02 -3.2353740390e+01 -3.6761075379e+02 2212 -6.1434515007e-01 1.6137258684e-02
120915 -5.8119132312e+00 1.2978903101e+03 4.0562150937e+03 3.0231900768e+02 -6.0471205303e+01 -2.4179627066e+02 2212 -4.1447817052e+00 1.6740059036e-01
121466 -1.2686706883e+02 1.1570724601e+03 3.7095766705e+03 3.0302247311e+02 6.2175650529e+01 -1.2388999976e+02 2212 -3.8900982188e+00 1.8118623972e+00
121764 2.6614515551e+01 1.5710691643e+03 4.7259795681e+03 4.3961939639e+02 -3.0747182419e+01 -2.2783594658e+02 2212 -3.9761629486e+00 3.4320295641e-03
121916 -6.0947508102e+00 1.0705120623e+03 3.9099893986e+03 4.7974071313e+01 -8.4538984528e+00 -1.3364142540e+02 2212 -3.6411919638e+00 1.3909172499e+02
122383 8.4444042357e+01 1.3181991011e+03 4.1620584593e+03 2.4912526662e+02 -1.5265708627e+01 -3.8264546107e+02 2212 -3.2859330433e+00 6.3766637093e-03
123218 -5.5604836384e+01 1.0081494645e+03 3.4226801732e+03 1.6587839108e+01 9.3741266913e-01 -4.5726713980e+02 2212 -4.0917546216e+00 5.2888073116e-03
123412 3.2307237267e+01 1.1115782442e+03 3.7915965941e+03 4.7052158813e+02 3.0292895068e+01 -2.6737198507e+02 2212 -4.0191518394e+00 5.4131574940e-02
123618 1.1550109690e+02 1.2652895647e+03 3.8800160253e+03 1.2559697753e+02 -2.0461448030e+01 -2.9416820889e+02 2212 -1.7140590837e+00 1.9075455505e-01
124159 -1.5458637688e+02 1.3810736499e+03 4.5112568674e+03 4.6865244342e+02 5.8702757234e+01 -5.2796047650e+01 2212 -4.7870801245e+00 3.3467568045e-01
124601 -1.6771625353e+02 1.0158961071e+03 3.6100793311e+03 2.9390930737e+02 -5.8834850541e+01 -2.6784666347e+01 2212 -2.1809202312e+00 9.6500332244e+00
124616 -7.8229866351e+00 1.1252460394e+03 3.9012383987e+03 2.0099428016e+02 7.0108981332e+01 -2.6675478236e+02 2212 -4.0789482575e+00 6.3622010380e-01
125847 -1.5936791737e+02 1.4445307741e+03 4.5991926151e+03 1.6527417061e+02 -3.1183964183e+01 -1.0572419906e+02 2212 -4.2854567869e+00 7.3611100690e+00
125876 -1.9611471130e+02 1.6595642845e+03 5.1843330724e+03 5.8520143370e+01 -1.4925356279e+01 -2.1744871572e+02 2212 -2.0866432327e+00 1.2625787045e-01
126780 9.9468011312e+01 1.2139166590e+03 3.8666107037e+03 3.2833494843e+02 5.9748238214e+01 -3.7494636863e+02 2212 -3.2973196912e+00 4.7210141106e-03
127672 5.9743675561e+01 1.1589644479e+03 3.5946377331e+03 5.3698843573e+02 -3.1810889298e+01 -1.4937526413e+02 2212 -2.7959941335e+00 1.4155371138e-01
127800 -1.0328769832e+02 1.1807426035e+03 3.8403615577e+03 9.4453287431e+01 1.8021354332e+01 -4.5911970914e+02 2212 -5.2398227674e+00 8.1041733577e-06
128264 -8.2930382476e+00 1.3093103062e+03 4.2782158442e+03 3.0693064068e+02 3.4869399717e+01 -1.3084892337e+02 2212 -4.2701333372e+00 9.9109281711e-01
128757 -1.8744099457e+02 1.1772194311e+03 3.8948005338e+03 4.1350181521e+02 3.4988371555e+01 -1.1530398440e+02 2212 -3.9392897156e+00 7.4916104567e-01
129787 1.9736823236e+02 1.2814209153e+03 4.0353178716e+03 6.0440444052e+02 -1.5392778901e+02 -8.6481565348e+01 2212 -1.6816881073e+00 6.5948343691e-02
129865 -2.8502227892e+01 1.3194415844e+03 4.1917834131e+03 1.7927345248e+02 -3.6185059359e+01 -3.9600246574e+02 2212 -4.0298897652e+00 1.1757514534e-02
130096 1.5736680877e+02 1.1667243093e+03 3.9477199489e+03 3.6807569423e+02 -3.1882819603e+01 -3.5761337481e+02 2212 -6.2785169063e-01 1.0530859112e-02
130316 -6.3040919059e+01 1.2899560637e+03 4.1522431757e+03 3.4695874276e+02 1.1132162753e+02 -3.4672253822e+02 2212 -9.0389279020e-01 8.4705213079e-03
130430 5.5768365452e+01 1.0666230375e+03 3.5406170931e+03 3.4706455625e+02 -1.7357474672e+00 -3.5644810746e+02 2212 -2.2298913526e+00 3.4521458609e-02
130640 3.3568107460e+01 1.1949538091e+03 3.9841593394e+03 4.4280406176e+01 -8.9037413017e+00 -4.3391152531e+02 2212 -2.8036469577e+00 5.4286896087e-03
130797 -1.0598131492e+02 1.0995542777e+03 3.8303330963e+03 7.2604549644e+01 -1.6977698130e+01 -4.6302612979e+02 2212 -1.3217212372e+00 1.7488098249e-03
131480 1.1824677482e+02 1.3614534348e+03 4.2617807670e+03 3.3853010883e+02 -6.4559285013e+00 -1.7755874696e+02 2212 -5.0349146216e+00 2.2848251088e-01
131688 4.4464027753e+01 1.5799057563e+03 5.1294075602e+03 4.7176591570e+02 1.2897030951e+02 -1.3570806052e+02 2212 -5.0161089220e+00 2.8008317826e-02
131856 -7.1753199671e+01 1.1286096720e+03 3.9521587951e+03 3.2745055111e+02 -4.1571584393e+01 -3.7477136347e+02 2212 -1.4768216673e+00 1.8577074359e-02
131992 -2.5727580253e+01 1.0903845178e+03 3.8755294111e+03 1.8875410225e+02 2.4735884777e+01 -4.2951760916e+02 2212 -2.6424330492e+00 7.9627646035e-03
132018 1.0949435229e+02 1.1437039599e+03 3.6718054668e+03 4.7198151663e+02 -1.3075103275e+02 -1.9778868486e+02 2212 -2.5282070001e+00 1.5021330154e-01
132021 -1.0969828437e+01 1.2641190959e+03 4.5123849328e+03 1.0198831387e+02 -3.3102770116e+01 -3.9303914776e+02 2212 -2.8527235445e+00 2.3408593773e-02
132086 -1.3700446640e+02 1.3287986116e+03 4.1693988646e+03 3.9988802971e+02 8.8713115865e+01 -1.7245584270e+02 2212 -3.8169201773e+00 1.4192052553e-01
132729 1.0779415588e+02 1.2706150687e+03 4.2428573549e+03 3.0931472404e+02 -2.1568561722e+01 -3.4903373256e+02 2212 -3.5403136439e+00 1.3278920452e-02
133065 -2.0939458302e+02 1.4272446334e+03 4.4177225859e+03 5.0619548950e+02 1.7294910584e+01 -2.1161022885e+02 2212 -1.6258792982e+00 1.2777607974e-02
133986 6.1570561513e+00 1.4006767478e+03 4.3148203312e+03 2.8636297098e+02 7.0972526132e+01 -2.5781429039e+02 2212 -5.2135344381e+00 5.0427388187e-02
134067 7.6908889423e+01 1.1371543735e+03 4.0295261833e+03 3.2162683635e+02 -2.2055919953e+01 -7.8854952417e+01 2212 -2.2554723867e+00 3.6653821161e+00
135096 -4.7179809496e+01 1.3071092871e+03 4.0214854376e+03 2.9080177945e+02 9.2436074560e+01 -3.3714367451e+02 2212 -5.0539047208e+00 7.7018662955e-03
135380 -8.7057964184e+01 1.1492159950e+03 3.7723579403e+03 3.6840252640e+02 7.7323986071e+01 -3.0034394556e+02 2212 -5.9148544515e-01 5.5496263662e-02
136261 -1.1365952283e+02 9.9889420710e+02 3.5092579567e+03 3.9797664634e+02 1.1835534114e+01 -8.8223713441e+01 2212 -3.2241908060e+00 2.3515441478e+00
136488 1.4292058956e+01 1.5084261127e+03 5.3073558412e+03 3.8814730156e+02 9.2622245651e+01 -2.2558127871e+02 2212 -5.1928080404e+00 4.4279291489e-02
137506 9.5488453849e-01 1.0739913168e+03 3.4498408931e+03 4.0956637265e+02 8.6415187393e+00 -3.4652531721e+02 2212 -2.3762283458e+00 1.8402790731e-02
138618 -9.8721607833e+01 1.2928437231e+03 4.0167259234e+03 3.3735896654e+02 9.3987472006e+01 -2.4844814476e+02 2212 -4.6602016077e+00 7.9223760026e-02
138759 3.9186007473e+01 1.3176438788e+03 4.1744898835e+03 1.0362133412e+02 -3.1927281011e+01 -3.5066226334e+02 2212 -4.1807235656e+00 4.1447203424e-02
138909 1.5334451542e+02 1.4867136604e+03 4.7249010345e+03 1.3940266201e+02 5.0008400131e+01 -2.6536594955e+01 2212 -3.7891439553e+00 3.0055724654e+01
139292 1.3614693765e+02 1.3101221531e+03 4.0456713702e+03 4.0593702757e+02 5.4163586616e+01 -1.6273408535e+02 2212 -4.0976972012e+00 1.6368705583e-01
140343 -1.6070168294e+02 1.5547974778e+03 5.1021625052e+03 2.0772028651e+02 -9.8242964898e+00 -2.7384087684e+02 2212 -8.1696273247e-01 2.8439910907e-02
141436 -1.3870333371e+02 1.3202036152e+03 4.2002478064e+03 4.8628947506e+02 1.5022542662e+02 -2.4053189492e+02 2212 -8.8271450903e-01 8.9491586641e-03
141746 4.9436811554e+01 1.2483345228e+03 4.0265968068e+03 2.1902938471e+02 -7.2067131027e+01 -2.5469816661e+02 2212 -1.5526930238e+00 3.6952470847e-01
142709 -9.2033385055e+01 1.8289975492e+03 5.5471170002e+03 3.7363652558e+02 -6.6027735396e+01 -1.1535246345e+02 2212 -5.1050240134e+00 3.7930371807e-03
142742 1.1690898340e+01 1.6159215783e+03 4.9308758666e+03 5.9847793230e+02 1.0048734979e+02 -7.5720695951e+01 2212 -5.1277716418e+00 6.6884146730e-03
143994 4.8312993215e+01 1.1630180727e+03 3.6105326684e+03 1.1389787865e+02 4.0984152700e+01 -4.4246512968e+02 2212 -2.1157473484e+00 3.0708065073e-03
144585 7.0258491432e+01 1.4563531536e+03 5.0614351569e+03 4.9201182047e+02 3.8059600620e+01 -1.2937104670e+02 2212 -3.2937140467e+00 7.7410906623e-02
145396 9.3564703978e+01 1.3307271960e+03 4.0717808527e+03 2.5701229095e+02 -6.1218295530e+01 -3.7658195925e+02 2212 -3.7553626143e+00 9.0001268532e-03
145936 -1.6028117083e+02 1.5191546841e+03 5.2846458831e+03 3.4243940870e+02 8.7415728029e+01 -1.8755255192e+02 2212 -2.0557244723e+00 7.9528018964e-02
146161 3.5183991295e+01 1.1622781472e+03 3.9480665131e+03 1.1928985792e+02 -2.4366152881e+01 -4.5809462101e+02 2212 -7.7362399735e-01 1.5689316594e-03
146406 -7.8041392477e+01 1.2961939810e+03 3.9629573978e+03 2.5256738489e+02 4.8768158497e+01 -2.0441986046e+02 2212 -2.8844690609e+00 3.7866561304e-01
147331 -3.3889538610e+01 1.2901610791e+03 4.4216461195e+03 2.3871145873e+02 5.7176471970e+01 -5.2423097080e+01 2212 -3.5817417277e+00 7.8513608490e+00
147677 -1.1339909823e+02 1.6958753553e+03 5.6067524418e+03 4.2160727262e+02 -8.7901695548e+01 -5.6033605511e+00 2212 -3.4793718888e+00 1.3086845407e-01
148466 -1.2070101984e+02 1.4184020572e+03 4.3203081649e+03 1.3583799576e+02 2.8356347485e+01 -2.7458746580e+02 2212 -9.9164844793e-01 1.4630912187e-01
148843 -5.1214007094e+01 1.2765188759e+03 4.0877665382e+03 1.6133580914e+02 4.0169022342e+01 -3.9436167564e+02 2212 -2.8740146600e+00 8.6155122520e-03
150540 -2.0950835700e+02 1.4303871327e+03 4.6919200061e+03 3.8077174715e+02 3.8961156348e+01 -2.4051637321e+01 2212 -4.0494579223e+00 7.4263804676e-01
151336 4.5292631095e+01 1.0444904886e+03 3.6354982459e+03 4.3648878506e+02 5.3588619194e+01 -2.1465457682e+01 2212 -3.6268967304e+00 2.2560973833e+00
151742 -8.5810844506e+01 1.2507279474e+03 3.9666771063e+03 5.9849443534e+02 -1.7457207952e+02 -1.5559710558e+02 2212 -3.8076584607e+00 3.8231797576e-02
152163 1.3866847456e+01 1.3907760892e+03 4.9125104900e+03 5.2554980570e+02 -4.8520587543e+01 -1.4524152422e+02 2212 -7.9908452649e-01 9.8928523671e-02
152574 1.8337933046e+01 1.5328359958e+03 5.2678096525e+03 5.7642536300e+02 -1.9740488090e+02 -4.6455107209e+01 2212 -2.5218804432e+00 8.0874203023e-02
152596 3.4819370606e+00 1.0258138966e+03 3.4836047959e+03 4.6297336671e+02 -3.5464080821e+01 -2.4208550885e+02 2212 -1.8984565751e+00 1.7766473903e-01
153064 -8.9644436435e+00 1.0825993693e+03 3.7710538189e+03 6.8785542066e+01 -1.7292353554e+00 -4.7075607523e+02 2212 -4.0576949129e+00 5.8512838287e-04
153244 1.0086989362e+02 1.7098114787e+03 5.1783406766e+03 2.2962434377e+02 -5.6388107032e+01 -1.7269525533e+02 2212 -1.6017769785e+00 4.1759538789e-02
153443 9.4968320430e+01 1.2607441276e+03 4.3277114794e+03 9.1157454031e+01 1.2341518497e+01 -2.9902849901e+02 2212 -5.3768894491e+00 2.8997149545e-01
153484 1.2971452243e+02 1.4186333943e+03 4.4492892992e+03 5.3715297211e+02 -5.4015317410e+01 -1.9161599590e+02 2212 -5.4844587385e+00 1.3734809353e-02
153707 -9.3403094870e+01 1.4963758968e+03 4.9346654965e+03 5.8048825163e+02 -1.5824173158e+02 -1.5608128729e+02 2212 -1.5476273543e+00 1.3279718816e-02
153773 3.0185490926e+01 1.2410750069e+03 3.9461828453e+03 4.0168581941e+02 -8.7670903566e+01 -2.8253314215e+02 2212 -4.1040585104e+00 4.7824588272e-02
154488 -6.8607190900e+01 1.2271703886e+03 4.1053471335e+03 2.6479643226e+02 3.7825983051e+01 -1.3052502145e+02 2212 -3.2847367071e+00 2.4973890286e+00
154773 -1.4745259219e+01 1.1058319003e+03 3.5806535430e+03 4.8109195570e+02 -5.8994753564e+01 -1.1687775586e+02 2212 -1.9055517293e+00 5.4939577175e-01
154920 1.6698970663e+02 1.3063117920e+03 4.1662614423e+03 5.4397835323e+02 1.0503530946e+02 -1.6941655686e+02 2212 -4.8927993206e+00 2.5386690476e-02
155222 5.3925926950e+00 1.2746686549e+03 4.3660081847e+03 5.7609805164e+02 -3.2031706935e+01 -1.7275736776e+02 2212 -5.0270753081e+00 4.8287194393e-02
155237 6.1045803094e+01 1.0640039621e+03 3.5905228956e+03 2.1870636713e+02 1.8515329702e+01 -2.2187012162e+02 2212 -4.1560362484e+00 1.7229492866e+00
155452 1.8261612337e+01 1.1686535944e+03 4.0418954980e+03 4.7150924666e+02 -1.3092143840e+02 -1.5687094245e+01 2212 -1.6709353444e+00 1.1866198293e+00
155550 -1.0905878872e+02 1.4533899655e+03 5.0873919138e+03 1.7931220679e+02 5.0582075552e+01 -1.4789434019e+02 2212 -4.4417109161e+00 2.1184016199e+00
157095 -6.1349199365e+01 1.5794565816e+03 5.3443020734e+03 4.1849872387e+02 5.8293371456e+01 -1.9992385218e+02 2212 -4.9125156407e+00 2.0690677143e-02
157238 -1.5487035840e+02 1.6857007255e+03 5.2408912321e+03 1.6536028673e+02 -3.5981012288e+01 -1.5747913446e+02 2212 -4.2337928184e+00 3.1935963957e-01
157441 -4.5840689188e+01 1.4206166928e+03 5.0202220027e+03 3.9143722558e+02 7.5863857040e+01 -4.7254635663e+01 2212 -4.8474725646e+00 6.7540437920e-01
158596 -1.5930972370e+02 1.2280637590e+03 4.2400085533e+03 2.4836088932e+02 4.4352634663e+01 -2.1115421571e+02 2212 -2.6307209542e+00 8.1377005992e-01
159039 -4.1314346977e+00 1.1367458994e+03 3.9220617259e+03 3.0519429733e+02 -1.2869898854e+01 -3.9539915048e+02 2212 -5.4488417315e+00 9.1958640554e-03
160425 2.0524055787e+01 1.2791384557e+03 4.3304117066e+03 1.5728056201e+02 3.5866474941e+01 -6.3261778947e+01 2212 -3.9495745867e+00 4.0090309199e+01
160639 -6.6871966211e+01 1.4148089599e+03 5.0099984235e+03 3.2172756310e+02 -1.5128431280e+01 -4.4272275704e+01 2212 -2.7375891788e+00 1.8057753629e+00
160912 3.5650729837e+01 1.2050640310e+03 3.8205000326e+03 1.4244343257e+02 3.2652669208e+01 -4.0268527752e+02 2212 -1.3594697108e+00 8.5120406381e-03
161992 -1.5107837416e+02 9.5267207683e+02 3.4504920688e+03 6.6772352131e+02 4.7815714876e+01 -3.9071652352e+00 2212 -4.8340631423e+00 4.8966838000e-01
162891 -2.9639941149e+01 1.1457094636e+03 4.1390136979e+03 5.8046794161e+02 -8.1758681418e+01 -5.6479700690e+01 2212 -3.8360201109e+00 4.5788935348e-01
163561 7.3528929854e+01 1.4150050019e+03 4.6175789997e+03 6.3548467698e+02 3.1693569845e+01 -8.4483763188e+01 2212 -3.3669118730e+00 2.5433153445e-02
164165 1.5956232133e+02 1.0807588440e+03 3.7224128532e+03 2.4186186966e+02 -4.7718399193e+01 -3.3036092577e+02 2212 -3.6232823466e+00 1.5301112720e-01
164217 -1.4554170806e+02 1.2057481305e+03 3.8592488094e+03 2.1843568467e+02 4.0834608155e+01 -4.2352552238e+02 2212 -2.0749719564e+00 1.8978932600e-03
164779 5.7625061656e+01 1.2534524953e+03 4.2495923008e+03 4.2286697374e+02 -9.4943099659e+01 -3.2139892694e+02 2212 -4.4447553037e+00 1.2227240256e-02
164827 -3.6509334800e+01 1.4897848949e+03 4.7894069177e+03 2.0163026877e+02 4.6567315390e+01 -2.1732738169e+02 2212 -3.2701406449e+00 2.7910526691e-01
165056 -1.7856525070e+01 1.1720739266e+03 4.1833257040e+03 2.0868060008e+02 6.2391642520e+01 -2.6468100052e+02 2212 -2.4326309313e+00 5.6015600460e-01
165181 1.5366453779e+02 1.1818404911e+03 3.8006473197e+03 4.6014617594e+02 -5.6277204375e+01 -2.8995602147e+02 2212 -5.2374278819e+00 2.1354360815e-02
165391 -1.7453703766e+02 1.4497344626e+03 4.5999737017e+03 3.0663173641e+02 -1.0319209501e+02 -6.9188218758e+01 2212 -3.9402991191e+00 9.5958916757e-01
165880 -1.5960389727e+02 1.7749140524e+03 5.5693099326e+03 4.4768409139e+02 1.2106500870e+02 -5.0526433578e+01 2212 -3.2717198385e+00 2.1450455793e-03
165902 5.4120913456e+01 1.4649416836e+03 5.0093799237e+03 4.6455574842e+02 1.3081895916e+01 -2.6370049676e+02 2212 -8.2914346200e-01 1.8896490247e-05
166056 -5.8322059883e+01 1.1579685350e+03 3.8857069095e+03 4.7318865685e+02 -1.3662739446e+02 -2.9456685726e+02 2212 -1.1646816572e+00 2.9378010502e-02
166681 -9.8147408697e+01 1.5495351401e+03 5.3606942166e+03 1.4596748534e+02 -4.5935008520e+01 -6.5565012514e+01 2212 -2.0152959456e+00 1.6010049083e+01
166849 -1.2879431894e+02 1.1203867093e+03 3.9597018977e+03 3.1299723098e+02 8.1570388853e+01 -3.6523379492e+02 2212 -1.0327884736e+00 2.1232910360e-02
167288 -2.3444673498e+01 1.3035585377e+03 4.5269314776e+03 2.3277331266e+02 -3.9085240216e+01 -3.5905689538e+02 2212 -1.5363697482e+00 2.4077109869e-02
167635 -2.9864690990e+01 9.9998037687e+02 3.6577597582e+03 2.5978419326e+02 -3.7504396892e+01 -2.8568428355e+02 2212 -4.8111791869e+00 6.9084281970e-01
168047 2.0257009090e+02 1.3092997365e+03 4.1325138844e+03 4.9017779686e+02 1.1033821113e+02 -2.0900812467e+02 2212 -2.5469489135e+00 2.0534125571e-02
169100 -1.7038725726e+02 1.2236821511e+03 4.1944241121e+03 4.5576952582e+02 -2.0733223143e+01 -2.2791633634e+02 2212 -4.9630281103e+00 9.8130315346e-02
169359 7.9737503529e+01 1.3139922643e+03 4.3102785274e+03 3.7029033755e+02 8.6166821240e+01 -1.7277741499e+02 2212 -2.2183600774e+00 2.2389801218e-01
170013 -1.1784827471e+02 1.1933110689e+03 3.9609934519e+03 2.6144771092e+02 -7.8144311156e+01 -3.3527819337e+02 2212 -3.2023440413e+00 6.9812869369e-02
171062 -3.8079676798e+01 1.3090580401e+03 4.4481819168e+03 4.3037147918e+02 -1.1656293501e+02 -1.3653430616e+02 2212 -2.2586867732e+00 3.4195593254e-01
172110 -1.4873558831e+02 1.0533958574e+03 3.7394793890e+03 3.5484707853e+02 -1.2187258343e+02 -3.0367050384e+02 2212 -2.1213781748e+00 1.5069423589e-01
172561 3.6721485396e+01 1.3594314617e+03 4.6008005710e+03 2.3613217655e+02 8.2211438404e+01 -6.5026174578e+01 2212 -3.6726643082e+00 4.5138328653e+00
172768 -8.7621449828e+00 1.3886062855e+03 4.6884073516e+03 4.0231030405e+02 2.8531497339e+01 -3.1884637978e+01 2212 -1.0594009091e+00 8.1390145207e-01
173265 1.4450234536e+02 1.1704906814e+03 4.0400652733e+03 1.0048010236e+02 -3.2228931540e+01 -1.7494232663e+02 2212 -4.1060817307e+00 1.3477649801e+01
173525 -2.6788974045e+01 1.6144264153e+03 5.0322369052e+03 2.8887310884e+02 -1.0164172943e+01 -1.8603506152e+02 2212 -2.3114015856e+00 6.8522465113e-02
173949 -1.7019710504e+02 1.1390692636e+03 3.7652728398e+03 4.1022312882e+02 1.2700105950e+02 -2.6762695944e+02 2212 -4.1682248290e+00 6.1529693811e-02
174101 -9.5564380030e+01 1.1899917292e+03 4.0812071024e+03 1.2285459670e+02 4.4333397070e+01 -2.8741046683e+02 2212 -4.9920783839e+00 4.8131690992e-01
174313 -6.8277306849e+01 1.1117465725e+03 3.6163491300e+03 1.9714943654e+02 -4.5126874689e+01 -4.1450711342e+02 2212 -9.7440726892e-01 1.2406205759e-02
174430 -1.0969659229e+02 1.0626585925e+03 3.8088004291e+03 2.6417655953e+02 2.9079509050e+01 -4.2227286426e+02 2212 -1.5404867888e+00 6.1223399559e-03
175226 -7.1767754430e+01 1.6038063553e+03 5.0176661693e+03 2.9347058577e+02 -8.2292509889e+01 -2.4380261522e+02 2212 -3.8039998263e+00 1.6487372194e-02
175832 -7.3873506000e+01 1.4216232504e+03 4.7168606040e+03 3.5998733074e+02 4.6801740986e+01 -3.0281536410e+02 2212 -1.0692623439e+00 1.9884816719e-02
176156 -7.6137328520e+01 1.6574063959e+03 4.9385299671e+03 2.3064699445e+02 5.6170820002e+01 -5.6638301732e+01 2212 -5.6464519072e-01 6.9155070533e-01
176779 -1.2455005527e+01 1.2603614184e+03 4.4008056668e+03 2.7519765855e+02 4.9574315692e+01 -3.3826644020e+02 2212 -5.3841350770e+00 3.9956718124e-02
177323 8.6310045749e+01 1.2904708659e+03 4.5798307878e+03 1.0444159091e+02 -1.1539839770e+01 -1.2039233563e+02 2212 -3.5615696963e+00 4.3725695567e+01
177538 -9.5960657387e+01 1.1025164592e+03 3.8760419121e+03 1.4152206636e+02 -5.0019698394e+01 -2.2385660583e+02 2212 -5.8363761241e-01 3.3120562102e+00
178002 -1.2316692012e+02 9.4175699760e+02 3.3817926266e+03 2.7509836840e+02 -7.2018813578e+01 -4.1925396333e+02 2212 -3.0474833371e+00 1.7968132198e-02
178526 2.9635423335e+01 1.4706314056e+03 4.8730526792e+03 1.9810934446e+02 -3.7825959197e+01 -2.2355603687e+02 2212 -1.7932177656e+00 2.9691397510e-01
179468 -8.4519884528e+01 1.4131748898e+03 4.8256792983e+03 1.2941106628e+02 -4.3994850684e+01 -1.4745863523e+02 2212 -4.2391899922e+00 7.0186593181e+00
180261 7.2354644760e+00 1.3922374190e+03 4.9793228802e+03 2.5362521002e+02 -8.6318120795e+00 -2.8130079489e+02 2212 -2.8075138242e+00 9.2665508143e-02
180374 -1.7164038485e+02 1.4273813851e+03 4.5844773248e+03 4.6765680144e+02 -1.0077574731e+02 -2.1423881497e+02 2212 -2.0818943316e+00 2.8950112740e-02
180806 -7.3639308506e+01 1.0816545020e+03 3.4264549105e+03 3.9007999391e+02 -6.5903070108e+01 -2.7788345421e+02 2212 -2.4120550447e+00 1.2329607854e-01
181073 -1.0345740442e+02 1.2742665257e+03 4.2022709035e+03 3.2738099436e+02 1.0609993468e+02 -1.9841943050e+02 2212 -5.3623113036e-01 2.7873638860e-01
181494 5.8879057466e+01 1.1777477790e+03 3.7078759805e+03 3.0198949541e+02 -7.6285832485e+01 -3.5142208097e+02 2212 -3.3006805712e+00 3.0370299743e-02
182001 1.9137299731e+02 1.2045683229e+03 4.1448857406e+03 3.5899691298e+02 -1.4545076950e+01 -3.1851978853e+02 2212 -2.5424994186e+00 3.4646955324e-02
182313 2.6977931795e+01 1.3013814874e+03 4.1241839430e+03 2.3460956908e+02 4.0530329037e+01 -1.6909712272e+02 2212 -3.3461712366e+00 1.1656580437e+00
182449 -1.4714281794e+02 1.2337075336e+03 4.0460860283e+03 2.7455994315e+02 -5.0414849992e+00 -3.8042014969e+02 2212 -3.0144079374e+00 7.8468490570e-03
182687 -1.5629526273e+02 9.9628185800e+02 3.2711148382e+03 3.0076468529e+01 -7.3686256131e+00 -4.6100465048e+02 2212 -3.8991524728e+00 3.5953943103e-03
182693 -1.4132736025e+02 1.3566602039e+03 4.3266654940e+03 4.3877569685e+02 8.2999396194e+01 -2.2899783753e+02 2212 -5.2747798916e+00 3.0294477495e-02
182867 5.9172540878e+01 1.3837437064e+03 4.1676031048e+03 1.8065658811e+02 -7.6931201508e+00 -3.2024023778e+02 2212 -2.0443372854e+00 3.6390925777e-02
183277 -1.0256271432e+02 1.4751127699e+03 4.6721835067e+03 3.7072668146e+02 1.2858222880e+02 -3.0573616004e+01 2212 -3.0524731423e+00 4.3267992948e-01
183329 -1.1855576091e+02 1.7632372082e+03 5.3070805417e+03 1.9012395166e+02 6.0218797001e+01 -6.1299260670e+01 2212 -2.6923242754e+00 5.6721778229e-01
184118 -5.6911975893e+01 1.2982131386e+03 4.3108157708e+03 5.5491906616e+02 -1.0016755221e+02 -1.1693106029e+02 2212 -1.0459932401e+00 1.2412444080e-01
184415 8.7820947698e+01 1.2071798133e+03 4.1709895213e+03 2.2748678297e+02 -6.9418030444e+01 -9.0179029879e+01 2212 -1.8914908271e+00 8.5486636778e+00
184956 -1.3208546590e+02 1.0634656943e+03 3.4386144624e+03 2.4337715445e+02 -8.6047838147e+00 -3.8114923062e+02 2212 -3.0954810542e+00 3.8449970883e-02
185706 -1.9022876934e+02 1.2341847992e+03 4.1985707658e+03 2.6428212668e+02 8.7193254042e+01 -3.5350340558e+01 2212 -4.8379015825e+00 5.8272625385e+00
185788 -1.4620020979e+02 1.0827278607e+03 3.8541262037e+03 4.1398573156e+02 -2.6807234857e+01 -8.7161606260e+01 2212 -3.0148581166e+00 1.7098656589e+00
186512 -1.3442543756e+02 1.3686587025e+03 4.4713292449e+03 4.6292905756e+02 1.8644466539e+01 -1.7916123165e+02 2212 -2.1843762551e+00 7.8893818531e-02
186535 6.2283593134e+01 1.5720423988e+03 5.1548492226e+03 6.0962028824e+02 -3.5437831636e+01 -7.4803686648e+01 2212 -5.2311561159e+00 1.2344526546e-02
187362 5.3887215716e+01 1.5745876719e+03 4.8520332704e+03 2.3747381947e+02 7.1157693935e+01 -3.7576094081e+00 2212 -2.9105360976e+00 2.3174071869e+00
187498 -1.5557487261e+02 1.3834351813e+03 4.5483506477e+03 1.4334861439e+02 1.8752884823e+01 -3.7753006170e+02 2212 -3.7019746082e+00 6.6162786562e-03
187572 -1.4557518676e+02 1.1160340732e+03 3.5426984950e+03 2.3561216726e+02 -8.0845197451e+01 -2.3152369796e+02 2212 -4.2410680007e+00 8.4031161197e-01
188017 -1.4687062766e+02 1.6083531920e+03 5.3539633451e+03 4.1198867576e+02 -9.7891307968e+01 -1.0415025960e+02 2212 -4.0893982183e+00 1.4063778518e-01
188153 -6.5337480459e+01 1.3004645088e+03 4.4407356603e+03 1.2450853593e+02 2.0271059778e+01 -4.1736727744e+02 2212 -1.1336755492e+00 6.4744644505e-04
188313 1.5828341043e+02 1.2527940642e+03 3.8882531618e+03 3.6878220595e+02 3.1484331199e+01 -3.4011558727e+02 2212 -1.7278932787e+00 4.7797980006e-03
188426 -1.0474747471e+01 1.4241340141e+03 4.4189074491e+03 5.5132803000e+02 1.0109673152e+02 -1.9545425010e+02 2212 -3.8862928441e+00 6.6026190229e-03
188696 -1.6974666926e+00 1.2692700436e+03 4.1051353147e+03 3.5619611620e+02 8.8158956744e+01 -2.5194321980e+01 2212 -4.8598605669e+00 1.6562413534e+00
189175 -1.8766976934e+02 1.5502240761e+03 5.2727727695e+03 4.3306884418e+02 -5.8221063035e+01 -1.4132883092e+02 2212 -1.0464029813e+00 7.8827215907e-02
189298 -1.2663375650e+02 1.6320113790e+03 5.3721095143e+03 2.6055577594e+02 -3.1221018748e+01 -1.5928585160e+02 2212 -9.2802031501e-01 1.4961607927e-01
189517 8.2878121427e+01 1.3044652451e+03 4.1114520750e+03 3.9879267280e+02 7.8830622565e+01 -2.3433337479e+02 2212 -5.3188760772e+00 7.7169024985e-02
189951 1.2231023124e+02 1.2742394428e+03 4.3391340467e+03 2.9892516332e+02 4.1748868717e+01 -3.8841069121e+02 2212 -1.1724124367e+00 8.2231124093e-05
190257 6.3437278127e+01 1.1283912137e+03 4.0506155710e+03 2.0518074986e+02 9.3956000463e+00 -4.1466276986e+02 2212 -1.1728887558e+00 1.2077131419e-02
190322 3.3904219440e+01 1.2440671683e+03 4.4939337898e+03 4.6478378702e+02 -1.3201982877e+02 -3.0107063333e+02 2212 -4.0740921902e+00 1.9960595493e-02
190451 1.7336754696e+02 1.1570967563e+03 3.7722647718e+03 2.6284218688e+02 4.4318703682e+01 -4.1654521030e+02 2212 -2.6220988466e+00 2.9372761006e-03
190611 2.3541254439e+01 1.3707431144e+03 4.8485837313e+03 4.0530870118e+02 -1.0530234105e+02 -3.4550975579e+01 2212 -5.3515508708e+00 9.3887848244e-01
190806 -6.7668639058e+01 1.0498498318e+03 3.3900883939e+03 1.7372854004e+02 -4.9582970382e+01 -4.5100585671e+02 2212 -3.0685350352e+00 2.3917277243e-03
191507 -2.0734215490e+02 1.2384578020e+03 4.2473102744e+03 1.3204680016e+02 -2.0674030448e+01 -4.4236951008e+02 2212 -7.0447210525e-01 5.7159633659e-05
191632 -2.2099323220e+02 1.6739043975e+03 5.1771571160e+03 5.3651335398e+02 -1.7131220060e+02 -9.8846775061e+01 2212 -4.7780472583e+00 9.4584224724e-03
191805 -1.1455746476e+02 1.4009689108e+03 4.5596109415e+03 4.4318434261e+02 -3.2195454687e+01 -1.7635597570e+02 2212 -2.8696551600e+00 8.8982400539e-02
192096 1.0088652145e+02 1.1454046320e+03 4.0088573588e+03 2.1586434491e+02 5.6997578175e+01 -1.4801740595e+02 2212 -1.2234063058e+00 4.9183566973e+00
192527 1.3570825149e+02 1.3431140569e+03 4.6473014680e+03 5.1091648064e+02 5.6493818707e+01 -1.1745045480e+02 2212 -2.2790282809e+00 1.1898328053e-01
194506 6.3931276630e+01 1.1513351345e+03 3.9914782384e+03 8.9487819558e+01 -2.7685416846e+01 -1.6363590262e+02 2212 -3.4287216463e+00 2.4146152478e+01
195239 -1.9087827766e+02 1.4084938804e+03 4.5908466946e+03 3.3797258862e+02 5.5015343944e-01 -1.7172541579e+02 2212 -3.4843046051e+00 2.2611237143e-01
195244 -1.4813818493e+02 1.0978195659e+03 3.4854231940e+03 1.1663899865e+02 -1.3215695717e+01 -4.6059425938e+02 2212 -1.9501842728e+00 1.3217344335e-03
195875 -6.8829692441e+01 1.1677041372e+03 3.8323906345e+03 6.5134642612e+02 -2.0569850526e+02 -5.4743573446e+01 2212 -5.2268767282e+00 1.2698501048e-01
196112 -7.7910715367e+01 1.0466764187e+03 3.5145165268e+03 4.5600858265e+02 -1.8854106506e+01 -2.9536977356e+02 2212 -3.9008945641e+00 5.1408677463e-02
196904 3.9509571978e+01 1.7051533962e+03 5.1176334628e+03 3.6093510188e+02 1.0594469283e+02 -1.1338449701e+02 2212 -3.3221374901e+00 1.9816477883e-02
197088 6.8169202633e+01 1.4472492314e+03 4.8419586396e+03 2.1232486265e+02 2.8264801452e+00 -2.7084977342e+02 2212 -3.7056572102e+00 8.5632849784e-02
197474 1.7616142664e+02 1.2059967279e+03 4.1429695013e+03 2.6955557000e+01 1.8526389325e+00 -2.7333865842e+02 2212 -5.0468135411e+00 9.4869293835e-01
198031 -2.7040760144e+01 1.3156900204e+03 4.0746937483e+03 2.7729104050e+02 -9.2991700095e+01 -3.3775397853e+02 2212 -2.7241604689e+00 2.2410076147e-02
198078 -5.5767798856e+01 1.1041238905e+03 3.5328805681e+03 2.5182541990e+02 6.0589196364e+01 -4.1103239041e+02 2212 -2.5710158313e+00 4.4940598163e-03
198649 -1.9793242986e+02 1.2405250204e+03 4.2433798746e+03 4.1601651275e+02 1.2364463185e+02 -1.0482568720e+02 2212 -4.3183936453e+00 5.5233422117e-01
199054 1.0040591554e+02 1.5392233663e+03 4.8684942742e+03 3.0899798819e+02 5.0907479699e+00 -2.4772223146e+02 2212 -1.5265676840e+00 1.8082972233e-02
199055 1.0927144186e+02 1.0912068224e+03 3.6397604513e+03 4.9342642608e+02 -1.4438910061e+01 -2.4021220709e+02 2212 -2.7208517196e+00 7.6084302121e-02
199338 -1.0697636922e+02 1.5994040271e+03 5.5790726877e+03 3.4447666833e+02 -9.9121519709e+01 -2.5833420113e+02 2212 -4.9951402151e+00 5.4378204595e-03
200140 6.1915084407e+01 1.1306066648e+03 3.5457746704e+03 3.4825593345e+02 3.6864429851e+01 -2.9224031085e+02 2212 -2.3505463051e+00 8.1574817116e-02
200486 1.0167255995e+02 1.3460983683e+03 4.1304608607e+03 2.8653839237e+02 -7.8448462775e+01 -8.3946237947e+01 2212 -3.0008467806e+00 1.5989350121e+00
200558 1.6306904744e+02 1.1952412199e+03 3.8974798446e+03 3.3806087457e+02 -3.9474383540e+00 -7.6886584310e+01 2212 -3.3401152871e+00 1.9394110761e+00
201086 -1.0414940526e+02 1.4297827907e+03 4.3042157893e+03 1.9260762313e+02 6.4402756109e+01 -3.3550660414e+02 2212 -1.5398563673e+00 1.8728624933e-02
201103 6.3496856858e+01 1.2789929560e+03 4.3853356503e+03 4.2061641462e+02 -4.0745092672e+00 -2.8895117083e+02 2212 -1.0908207328e+00 2.7819296758e-02
202043 1.6072044638e+02 1.2057569364e+03 4.2409291580e+03 5.3580254612e+02 4.4632686949e+01 -8.9032084627e+01 2212 -3.9315349406e+00 2.9488995722e-01
203515 -1.3797389945e+02 1.4449947094e+03 5.0478435440e+03 1.8842876150e+02 -1.6016268723e+00 -1.8215617953e+02 2212 -4.2426126655e+00 1.0091271496e+00
204557 -8.7883510745e+01 1.1079893359e+03 3.5513618721e+03 3.4510662781e+02 -2.5310280790e+00 -4.9373832109e+01 2212 -8.2722922042e-01 3.0025941896e+00
205039 3.5529832796e+01 1.3666877013e+03 4.6605851158e+03 4.1143506822e+02 -7.8921429433e+01 -2.7877247123e+02 2212 -3.7819283975e+00 2.3213644357e-02
205366 -5.8358128564e+01 1.6269391823e+03 4.9439852317e+03 2.1406060026e+02 -6.3175466638e+01 -2.6669676920e+02 2212 -3.5409212864e+00 3.3178891240e-02
205633 4.1278873564e+01 1.5651452134e+03 5.1385126537e+03 1.8218828527e+02 3.2703517676e+01 -2.8768468993e+02 2212 -5.3337024450e+00 1.6284705002e-02
205832 -1.4233427104e+02 9.8031786016e+02 3.3416305559e+03 4.0022229807e+02 -5.0045404676e+01 -2.1919762948e+02 2212 -1.8143180404e+00 5.6595142223e-01
205955 -8.2680322434e+01 1.1657935830e+03 3.8895277213e+03 5.1389696721e+02 1.3871133394e+01 -2.4497115585e+02 2212 -1.5248969519e+00 4.0169797661e-02
206576 -2.7394006508e+01 1.1992210877e+03 3.9330279059e+03 6.8028663222e+01 -1.8376510660e+01 -2.6626659582e+02 2212 -1.6295198975e+00 1.0527516514e+00
206590 7.8634370621e+01 1.6587993913e+03 4.9146927083e+03 1.9449596077e+02 -3.2202382340e+01 -2.3578282118e+02 2212 -1.2992211415e+00 2.9750925620e-02
207442 1.1916848377e+02 1.2245853018e+03 4.2237057527e+03 3.7838975584e+02 5.3786850777e+01 -3.0335316573e+02 2212 -3.0616429723e+00 3.6093320722e-02
207701 -1.5289671899e+02 1.2215652923e+03 3.7855703300e+03 4.9643508129e+01 7.9351929982e+00 -4.1574233621e+02 2212 -1.1351133902e+00 5.7473663262e-03
208064 1.6197167967e+01 1.1235106285e+03 4.0138983380e+03 1.8874650238e+02 -2.8585269520e+01 -1.6509686821e+02 2212 -1.6056776368e+00 7.2266126217e+00
208297 -1.6251387385e+02 1.1954257512e+03 4.2299680150e+03 4.3961870515e+02 6.6230900046e+01 -4.5915452205e+01 2212 -3.5807320878e+00 1.2087486468e+00
208469 -5.6232160730e+01 1.1963130647e+03 3.7349163544e+03 4.8804617300e+02 -1.4199219244e+02 -1.8632380747e+02 2212 -2.1783700930e+00 1.2057137115e-01
208678 3.6646654810e+01 1.0598536607e+03 3.7745610291e+03 1.8912030273e+02 2.0057200431e+01 -3.5038000534e+02 2212 -2.1276047530e+00 1.6930346233e-01
209676 1.3807297776e+02 1.1563237266e+03 4.0853410703e+03 4.1500656118e+02 1.8509306627e+00 -2.4418139627e+02 2212 -1.4711559257e+00 1.4629012700e-01
210903 -1.1965265647e+02 1.3399719816e+03 4.1714839449e+03 5.7848745289e+02 8.2561204220e+01 -1.1305655504e+02 2212 -4.9483018632e+00 4.5837845516e-02
211172 -1.6660653988e+02 1.6958242440e+03 5.3366235338e+03 5.2870619440e+02 1.4134633986e+02 -1.9431069075e+01 2212 -5.4450075801e+00 1.2759761728e-02
211529 -6.2300179004e+01 1.0831235445e+03 3.5767807799e+03 8.9722772816e+01 -5.1213506761e-01 -4.6223499361e+02 2212 -3.8706279425e+00 1.1576459301e-03
211534 -1.4880590425e+02 1.4725540906e+03 4.8134191466e+03 1.0727096299e+02 -3.8214716003e+01 -3.4347164651e+02 2212 -5.1992494678e+00 3.2101907985e-02
211610 4.8922950237e+01 9.9142036289e+02 3.6030581039e+03 4.2046636313e+02 -4.0802910951e+01 -3.3063558509e+02 2212 -1.0254043383e+00 4.9163426140e-02
211634 -2.2602028517e+02 1.4897659145e+03 4.8285071153e+03 1.0707864916e+02 1.9382829650e+01 -4.3521052495e+01 2212 -4.7553132318e+00 6.7116540002e+01
211641 -1.3095278502e+01 1.5177080716e+03 4.5644465875e+03 6.3894361685e+02 2.9124789015e+00 -1.8995065565e+01 2212 -1.3783697477e+00 4.1166950759e-02
212138 3.2653296775e+01 1.3513358570e+03 4.5332499752e+03 2.5504969780e+02 7.8182141500e+01 -9.0576500525e+01 2212 -3.2669605683e+00 2.5421534557e+00
212567 -6.9400244841e+01 1.6303217928e+03 5.1234374179e+03 3.3582749927e+02 8.3313813195e+01 -7.7350320776e+00 2212 -1.6139849341e+00 2.9247793109e-01
213155 -6.5503120566e+01 1.2164606901e+03 4.2120601467e+03 1.9937878751e+02 7.0526625219e+01 -4.1940700899e+02 2212 -2.9666685576e+00 3.8643229557e-03
213497 -1.4232997973e+02 1.1261486188e+03 3.8870468695e+03 1.3577312656e+02 -5.5228643740e+00 -4.4329096355e+02 2212 -1.5917609395e+00 3.5968525386e-03
213610 -7.1973957067e+01 1.4988175898e+03 4.6692460543e+03 5.3441361261e+02 2.7477055837e+01 -1.6984746444e+02 2212 -2.9544345029e+00 8.8774691824e-03
214020 -7.6403960518e+01 1.2021099365e+03 3.7661807709e+03 4.0292450000e+02 -5.8253982512e-01 -8.1076567044e+01 2212 -2.2342825560e+00 9.6860688541e-01
214039 1.4413555258e+02 1.3235440453e+03 4.2544321824e+03 5.1344498270e+02 -1.8417509378e+02 -1.9651186248e+02 2212 -3.6110379961e+00 4.0812994675e-02
214217 1.0620386041e+02 1.1074907947e+03 3.8386062506e+03 2.9903539885e+02 1.0161786701e+02 -3.7097105275e+02 2212 -3.8005167253e+00 1.6232154289e-02
214683 -1.0325066069e+02 1.0337763774e+03 3.7037786600e+03 4.2036263264e+02 -1.2683592971e+02 -4.9180821050e+00 2212 -2.8866761045e+00 2.7318974861e+00
217366 1.1990995981e+02 1.4613099234e+03 4.9380163179e+03 9.5511843224e+01 -3.1824728711e+01 -1.4087560164e+02 2212 -3.1774260739e+00 1.0541844492e+01
218421 -1.9383042968e+02 1.4016148791e+03 4.5756199149e+03 3.5165690626e+02 5.1185642570e+01 -3.2582586361e+02 2212 -1.5963656893e+00 2.4236011349e-03
218693 -1.8186923985e+02 1.2176186753e+03 4.1702013668e+03 6.1481727529e+02 -2.0540628492e+01 -1.4854857129e+02 2212 -5.0070202718e+00 5.7262799619e-02
218933 -5.8043299098e+00 1.1312551166e+03 3.9942178439e+03 5.5985318089e+02 5.9256118544e+01 -1.6257879381e+02 2212 -2.3306748034e+00 1.3208476898e-01
220815 6.7156291663e+01 1.4751417822e+03 4.4215467572e+03 3.9924477511e+02 7.4296999141e+01 -2.2519360248e+02 2212 -3.5960543663e+00 1.0822635052e-02
221254 -8.0085350667e+01 1.5533902307e+03 4.9080065752e+03 5.1127134169e+02 -1.2705355863e+02 -1.7590470259e+02 2212 -5.3515480396e+00 1.0344218775e-02
222158 -1.3455122699e+02 1.3758055706e+03 4.2810306014e+03 4.2029252332e+02 1.2246055408e+02 -2.9499238905e+02 2212 -2.5638729318e+00 2.2852532791e-03
222208 1.2484470652e+02 1.5615562177e+03 4.7853251013e+03 5.3989855149e+02 -1.7582964851e+02 -1.8525681006e+02 2212 -4.8422090809e+00 8.0213704861e-03
223010 -7.7978435414e+01 1.4793040005e+03 5.0791354406e+03 5.6715994533e+02 1.0300872801e+02 -1.7994259491e+01 2212 -3.7438849309e+00 1.0248262098e-01
223716 4.2891510967e+01 1.3164974751e+03 4.0722248394e+03 2.9555905522e+01 7.6471248457e+00 -3.8351928035e+02 2212 -3.4061499937e+00 1.0493942673e-02
223746 -1.4755284033e+02 1.4249869870e+03 4.8605719114e+03 3.0151183940e+02 -1.0987589931e+01 -2.2871870333e+02 2212 -5.2423591744e+00 1.9049474495e-01
223937 1.1828935719e+02 1.2660822197e+03 4.0632916550e+03 4.3681019956e+02 -3.7212362935e+01 -8.2284679154e+01 2212 -5.9868873400e-01 5.6606090165e-01
225002 -1.1224072033e+02 1.2045956189e+03 4.2190525926e+03 4.8278352321e+01 -2.4663545778e+00 -7.1553377460e+01 2212 -5.2088906448e+00 5.8376462475e+02
225165 1.5411547544e+02 1.1314737865e+03 3.8752341851e+03 5.8577569615e+02 -5.9447593859e+01 -7.7768925886e+01 2212 -2.9192651222e+00 2.7452248781e-01
225633 6.7586015001e+01 1.0437997973e+03 3.6200762835e+03 3.9494983010e+02 7.5875946142e+01 -3.3440566311e+02 2212 -1.2679474342e+00 3.4050433733e-02
227636 3.1555246971e+01 1.3796802981e+03 4.1647421550e+03 4.3952504546e+02 9.3829733436e+01 -2.9249897181e+02 2212 -2.1027137474e+00 3.5488840034e-04
227763 -1.6175447426e+02 1.4644221603e+03 4.8831937527e+03 4.6929595184e+02 -6.6119762557e+01 -2.8183956661e+02 2212 -4.1126201390e+00 1.2294675623e-03
228089 -7.7065289846e+00 1.3117204751e+03 4.4835787613e+03 4.4744640525e+02 4.7453416919e+01 -2.4742010287e+00 2212 -2.9208277266e+00 9.4516373373e-01
228144 1.5348595092e+01 9.9130500765e+02 3.5772151397e+03 2.8440413671e+02 7.7122989031e+01 -1.9767957444e+02 2212 -5.4525589205e+00 1.9160665271e+00
229432 6.2800705544e+01 1.4672292300e+03 5.0533981192e+03 8.3289278010e+01 -7.4050521562e+00 -8.1208325774e+01 2212 -4.1139118567e+00 7.7476943396e+01
229564 -1.5792581309e+02 1.1973892828e+03 3.9386749158e+03 1.9540485442e+02 -4.1647201187e+01 -4.1945705099e+02 2212 -1.6401971080e+00 4.6706665516e-03
230011 -2.0329273552e+01 9.9915421709e+02 3.6487644220e+03 2.6522270768e+02 -5.6830007330e+01 -3.7522303019e+02 2212 -2.8635051050e+00 7.6830235737e-02
231098 -2.9243060591e+01 1.1466864248e+03 3.7517559884e+03 2.7801016607e+02 -8.8864500426e+01 -1.6428170871e+02 2212 -1.4021306864e+00 1.6195529261e+00
231215 -4.8641184473e+01 9.9231383397e+02 3.5923031669e+03 3.2643661168e+02 9.5830321701e+01 -3.7548668562e+02 2212 -4.9427187415e+00 3.0900824173e-02
231347 1.3886999623e+02 1.3378866080e+03 4.3943579718e+03 1.4422488494e+02 -1.0062727306e+01 -3.0732559151e+02 2212 -4.2810724345e+00 1.4130595426e-01
231451 -1.3516587883e+02 1.6593356960e+03 5.6735112789e+03 5.0802491315e+02 -1.4802104385e+02 -6.5706168751e+01 2212 -3.9486457787e+00 4.6735474702e-02
231586 3.9566637468e+01 1.1058287871e+03 3.8058702746e+03 1.2789180626e+02 2.2281396379e+01 -4.5741068631e+02 2212 -4.8551477301e+00 1.4628616220e-03
231712 -2.8292313775e+01 1.0901059925e+03 3.9535658461e+03 4.3812294972e+02 -6.4061925703e+01 -1.4882670469e+02 2212 -4.0349987831e+00 8.2196495998e-01
232324 8.7402622842e+01 1.0728862938e+03 3.6592696421e+03 1.4360080273e+02 2.4964234991e+00 -4.3514638540e+02 2212 -2.6704430657e+00 8.9374084105e-03
233777 -3.8027610341e+01 1.1879652010e+03 3.8208798387e+03 1.9207892442e+02 6.6177191062e+01 -1.4566619004e+02 2212 -2.9138247175e+00 4.8876431832e+00
233781 -3.1454269276e+00 1.2021764077e+03 4.0692813996e+03 4.6277110129e+02 1.2908221238e+02 -2.5387368852e+02 2212 -1.0841721909e+00 4.3777106336e-02
234051 1.8745261043e+02 1.0874360530e+03 3.7752042299e+03 4.2318198074e+02 8.1496713237e+01 -1.8317001453e+02 2212 -8.1761616468e-01 3.9304154524e-01
235098 6.5942861004e+01 1.1359127950e+03 3.5921497269e+03 3.6985614110e+02 -1.1123930187e+02 -1.3326707742e+02 2212 -9.2303597205e-01 9.1380678405e-01
235210 -4.4461875987e+01 1.2551248285e+03 4.0902018700e+03 2.0861157613e+02 -4.4063019180e+01 -4.0581889634e+02 2212 -2.9989977293e+00 6.3209201420e-03
235966 -6.4542603706e+01 1.1535359021e+03 3.8607750685e+03 6.1746170862e+01 1.3760047140e+01 -4.7047604133e+02 2212 -3.4887590965e+00 6.0648694094e-06
236058 6.2669670494e+01 1.1483073055e+03 3.6787102089e+03 9.7827915270e+01 -3.5161350617e+01 -4.6121694969e+02 2212 -4.2206299265e+00 1.2805923175e-03
236648 -8.3561990738e+01 1.5081484723e+03 5.2688354852e+03 9.7966644363e+01 1.6661304522e+01 -3.1942973666e+02 2212 -3.5632956896e+00 6.0247217889e-02
236861 -1.8014112713e+02 1.1892466978e+03 3.7567823294e+03 2.2159735578e+02 6.6751420637e+01 -2.2838101823e+02 2212 -2.1937086568e+00 6.2385668147e-01
237285 -2.1558378427e+02 1.6481104262e+03 5.4217250497e+03 5.1489077851e+02 -4.1382043229e+01 -4.4496735553e+01 2212 -5.4499988835e+00 4.5331745641e-02
237506 1.6640668390e+02 1.3290745734e+03 4.3402918821e+03 2.4073105201e+02 5.9117817037e+01 -3.4246622077e+02 2212 -4.6312156408e+00 1.1782971544e-02
237692 3.3463439060e+01 1.1335807523e+03 3.8605233894e+03 2.5433266210e+02 5.4133424748e+01 -3.9687109689e+02 2212 -3.1479726692e+00 1.0883661537e-02
238171 1.6426281004e+00 1.3662815750e+03 4.5189510772e+03 4.0898193401e+02 1.3355644466e+02 -2.6213823227e+02 2212 -2.5259984815e+00 1.1231010709e-02
238266 -9.5542938104e+01 1.4086570777e+03 4.8140300770e+03 3.5211660326e+02 1.0825890706e+00 -2.0538873652e+02 2212 -4.7508937430e+00 1.5318645823e-01
238585 -1.5810681703e+02 1.5869721768e+03 4.9713654388e+03 5.7130625071e+02 1.4164986828e+02 -6.4338868096e+00 2212 -4.5849560604e+00 3.0322932574e-02
239160 3.4115979955e+01 1.3849272720e+03 4.3053578227e+03 3.3471198560e+02 1.1636397551e+02 -3.0297699590e+02 2212 -4.7405300448e+00 1.4818936466e-02
239659 -5.5732193989e+01 1.5301059904e+03 5.3174251091e+03 5.2878699740e+02 1.8820749573e+02 -8.5650913516e+01 2212 -5.2538099536e-01 1.9398958540e-02
239897 1.4316321735e+02 1.3950211627e+03 4.6710076075e+03 1.8670255597e+02 3.8721193958e+01 -3.0194130830e+02 2212 -3.8749870199e+00 6.1907215842e-02
240206 3.2731953466e+01 1.5867157014e+03 4.7751894059e+03 6.3982485725e+02 6.1731238564e+01 -4.5567101720e+01 2212 -3.9156813333e+00 6.5696318099e-03
240254 8.2608944937e+01 1.2575668396e+03 4.4103231571e+03 3.4168417949e+02 -1.2392031813e+02 -3.5791423109e+02 2212 -1.9834119496e+00 9.9501134841e-03
241007 1.5836542457e+01 1.1329921216e+03 4.0454106789e+03 4.4501505001e+02 -1.1014811844e+02 -2.2787000321e+01 2212 -4.7867521325e+00 1.7113118952e+00
242074 -3.7359097885e+01 1.3222608115e+03 4.6647352817e+03 3.4772636701e+02 -4.7782367834e+01 -2.3265075118e+02 2212 -3.0719174044e+00 1.7380125931e-01
242662 -1.1093731398e+02 1.2553178024e+03 4.0208124773e+03 1.3295286558e+02 -1.1232704440e+01 -2.5585083325e+02 2212 -1.1311305007e+00 6.5788230714e-01
242885 1.1189436752e+01 1.0419640739e+03 3.6261727150e+03 3.1881777481e+02 1.1065794548e+02 -1.6447171812e+02 2212 -6.7102907063e-01 1.5396279454e+00
243714 -1.5199753882e+02 1.4068977551e+03 4.3843153357e+03 2.9986270988e+02 -1.0356152393e+02 -2.0011101421e+02 2212 -1.2815194072e+00 1.8505417916e-01
243777 -2.5578723139e+01 1.3575518231e+03 4.8112808128e+03 3.9149608719e+02 -4.9768422985e+01 -1.6878471555e+01 2212 -1.3303061500e+00 1.3382866632e+00
243893 5.9176433853e+01 1.3924880313e+03 4.3824916132e+03 5.8668257293e+02 -6.4098228764e+01 -8.2822900410e+01 2212 -3.2562391851e+00 5.9499642526e-02
244253 -3.1594570948e+01 1.1075716201e+03 3.7598567674e+03 2.3319085188e+02 2.8265447688e+01 -3.9819234468e+02 2212 -3.7000767533e+00 1.7298932001e-02
244304 -1.2376750606e+02 1.1121901700e+03 3.8191035408e+03 9.8300285034e+01 -7.5253291172e+00 -1.5243682536e+02 2212 -4.7395040498e+00 3.2651352754e+01
244334 -8.5766706918e+01 1.1063661907e+03 3.5984161195e+03 1.9195715822e+02 -3.8469165769e+01 -3.5492611917e+02 2212 -4.6324432055e+00 9.3216650829e-02
244833 5.4891098081e+01 1.3340791322e+03 4.7959421816e+03 2.7889615370e+02 -1.9935379602e+01 -2.3083060520e+02 2212 -4.6211281065e+00 2.9928588754e-01
245021 -6.8179372283e+01 1.2696540890e+03 4.3970117435e+03 2.5004199556e+02 6.9818421036e+01 -1.7502309889e+02 2212 -1.0561842921e+00 1.1781805644e+00
245465 -3.5735614879e+01 1.2963451575e+03 3.9537365044e+03 1.4301101374e+02 6.6829367438e-01 -8.9900055965e+01 2212 -4.7219581152e+00 2.6958098011e+01
245601 3.4927546821e+01 1.3049674776e+03 4.0018966540e+03 5.6987093336e+02 6.6931757355e+01 -7.7107811406e+01 2212 -6.1699954513e-01 1.0070785511e-01
245708 1.3919729763e+02 1.3382082746e+03 4.4593485305e+03 5.7180354126e+02 -7.7630173345e+01 -1.9226416177e+02 2212 -5.1153616351e-01 1.8199132041e-02
245813 -2.5025388741e+01 1.6747982661e+03 5.2513000873e+03 1.9619924995e+02 5.1200422061e+00 -2.7626126448e+01 2212 -3.8365632454e+00 2.8330346562e+00
245963 -5.6202574065e+00 1.5052622146e+03 4.6835600549e+03 4.3848881783e+01 -1.5335134999e+01 -2.3002162574e+02 2212 -8.3649864141e-01 5.9362963905e-01
246265 -5.5696267104e+00 1.2851074248e+03 4.2638425212e+03 3.1617957842e+02 -4.6879771880e+01 -3.6047116729e+02 2212 -9.1968858801e-01 8.0807436857e-03
246490 1.2257750528e+01 1.4006561523e+03 4.4938595249e+03 5.6729947530e+02 1.1277522116e+02 -1.7375141037e+02 2212 -3.8997625811e+00 7.5366086916e-03
247874 -5.3027776383e+01 1.4761092088e+03 4.8157131181e+03 3.4683268344e+02 6.2859711910e+01 -1.2200223839e+02 2212 -5.2256793804e+00 2.4579411352e-01
248269 1.0680795190e+02 1.1409081922e+03 4.0080379243e+03 2.4920029855e+02 4.7918545393e+00 -3.0391119084e+02 2212 -1.8897187030e+00 2.1580438208e-01
248325 -7.9037021699e+01 1.5386667354e+03 5.0420631527e+03 4.5617406334e+02 1.3093205681e+02 -1.5485274086e+02 2212 -9.1722357972e-01 1.6381312865e-02
249415 -1.0880747023e+02 1.1536512093e+03 3.6203471963e+03 2.8565754208e+02 -2.4209312004e+01 -4.1581161004e+01 2212 -4.4928126591e+00 5.5059033545e+00
250243 -1.3688817614e+02 1.2037706223e+03 4.2293158162e+03 2.4206643144e+02 -5.8555956055e+01 -3.5557979792e+02 2212 -6.5752088395e-01 6.7685954641e-02
250693 -9.5677755516e+01 1.4843156364e+03 4.9755116221e+03 5.7083710537e+02 2.7788978019e+01 -1.9720457919e+02 2212 -2.5697983797e+00 5.0493186384e-03
251451 -1.6948938648e+02 1.6403361762e+03 5.0652958304e+03 2.2271528018e+02 -3.3419681532e+01 -2.7255628654e+02 2212 -4.3668772473e+00 4.7216386533e-04
252360 -1.1737964721e+02 9.8037278140e+02 3.3283241754e+03 7.0288974502e+01 2.3958254321e+01 -3.8966182238e+02 2212 -2.3092435342e+00 1.1104356741e-01
252839 -1.7888808974e+02 1.4005567554e+03 4.6921793680e+03 3.5010127308e+02 8.7680860818e+00 -2.9563260749e+02 2212 -3.3689335857e+00 1.5088955107e-02
253406 -7.3946428518e+01 1.2744684288e+03 4.4152257810e+03 1.4435602078e+02 1.5928774753e+00 -2.7153418516e+02 2212 -2.1476713668e+00 4.5459548943e-01
253473 -8.8613826953e+01 1.1856481527e+03 4.1419572314e+03 4.0114854226e+02 6.2764383438e+01 -4.3116846604e+01 2212 -4.4908783312e+00 1.7325345909e+00
253478 -2.1505937875e+01 1.6816859333e+03 5.3666853874e+03 4.5898785173e+02 1.8613207026e+01 -8.9260354157e+01 2212 -5.2167264775e+00 1.7415239962e-02
253904 -1.5263035724e+02 1.0145658317e+03 3.3441075247e+03 4.9913062169e+02 6.4781075917e+01 -8.0891511103e+01 2212 -4.4644359727e+00 8.2963401339e-01
254072 -1.3472910387e+02 1.6433112162e+03 5.2204157142e+03 2.1521034294e+02 -4.5619668960e+01 -1.7633362607e+02 2212 -1.3198730648e+00 1.5258372184e-01
256288 -1.5542825625e+02 1.0007288583e+03 3.5799811444e+03 4.0499168740e+02 1.0948316415e+02 -3.1718481362e+02 2212 -4.3861860055e+00 5.5205736614e-02
257222 1.0731616007e+02 1.1291930616e+03 3.7318075204e+03 2.9484983605e+02 5.2332261593e+01 -2.6316999698e+02 2212 -5.0110235841e+00 2.8283823529e-01
257324 -9.2065340796e+01 1.6348315581e+03 5.3177607762e+03 6.1675047409e+02 -1.1782307205e+02 -5.7643252801e+01 2212 -5.3685848787e-01 1.1100028761e-02
257989 8.6464009769e+01 1.1607723283e+03 3.6801810310e+03 4.6914645521e+02 -1.5489531525e+02 -2.2700624038e+02 2212 -1.0619693943e+00 7.8406532121e-02
259789 -1.7530554298e+02 1.1799576007e+03 3.9232055906e+03 3.1780083882e+02 7.8958960467e+01 -3.6271960796e+02 2212 -2.7190617479e+00 1.1822422613e-02
259917 1.2134887216e+01 1.6196630721e+03 5.4063319343e+03 1.5271665575e+02 7.2060307857e+00 -2.4089784256e+02 2212 -3.8792203909e+00 6.0196409638e-02
261656 -8.8076725816e+01 1.1292443732e+03 4.0051245225e+03 3.9764300224e+02 6.5647284754e+00 -2.2019626720e+02 2212 -3.6630083907e+00 3.6392826649e-01
262490 -1.2349035517e+02 1.0704772640e+03 3.5155499044e+03 1.6097903561e+02 4.9125128304e+01 -3.1103916779e+02 2212 -3.3171248222e+00 3.5727024947e-01
263078 1.5959378552e+02 1.4095299806e+03 4.6092722395e+03 5.0362382177e+02 1.6168500876e+02 -1.5284622690e+02 2212 -1.5341861355e+00 2.1548031280e-02
263608 -1.3964515639e+02 1.5633313629e+03 4.9185421141e+03 4.7702429353e+02 -1.2533945275e+02 -1.1911806103e+02 2212 -5.0660449867e+00 7.1825151952e-02
263896 -7.7292139202e+01 1.2880602305e+03 4.5216493907e+03 3.3043756288e+02 1.6795542169e+01 -3.2460315400e+02 2212 -1.7924644758e+00 3.4627833853e-02
264164 -1.4016615563e+02 9.7491283754e+02 3.2729187703e+03 2.1545737247e+02 5.6279503996e+01 -4.1881006899e+02 2212 -4.5831590001e+00 1.8971724964e-02
264349 1.1311778322e+02 1.2721171385e+03 4.5215537796e+03 6.0332754848e+02 -3.6662665613e+01 -1.3386447017e+02 2212 -1.8091722387e+00 6.1217858738e-02
265461 3.9351643480e+01 1.4699474166e+03 4.5666802910e+03 5.4221740313e+02 7.1064813394e+01 -1.9159588875e+02 2212 -5.4305373500e+00 1.1628283998e-02
265633 8.6430051500e+01 9.9792993380e+02 3.5882184215e+03 4.3249475924e+02 -5.8917400760e+01 -1.1909798026e+02 2212 -2.2637164600e+00 1.4285573826e+00
265745 -8.3561244218e+00 1.2245940369e+03 3.8850890076e+03 1.3485156435e+02 -2.0968165917e+01 -3.6280563615e+02 2212 -1.2863674569e+00 5.9895216259e-02
265798 -6.6465366115e+01 1.5337984067e+03 4.7552578365e+03 4.6459674741e+02 1.5225336736e+02 -1.8496620286e+02 2212 -2.0626952494e+00 8.0069214729e-03
266209 -1.2477617373e+02 1.2839198617e+03 4.1394054090e+03 4.9397176367e+02 9.3946281438e+01 -2.3217399502e+02 2212 -2.8542899254e+00 2.3256103564e-02
266299 1.2711046437e+02 1.3963538042e+03 4.5540223596e+03 5.4461087418e+02 5.7809323324e+01 -2.0249158820e+02 2212 -5.2305839357e+00 7.3471677603e-03
266461 -5.5263581554e+01 1.1546586242e+03 4.0214596569e+03 2.6722441855e+02 2.1631085754e+01 -4.1348932945e+02 2212 -1.5073131078e+00 4.0680653249e-03
267068 -1.7106747631e+01 1.3776139335e+03 4.4274195101e+03 1.6557273051e+02 -3.4977883487e+01 -2.5813490391e+02 2212 -1.6438059411e+00 2.4163473236e-01
267587 1.8100205331e+02 1.2845570811e+03 4.1365556757e+03 1.2937385496e+02 -4.3964976955e+01 -3.7956083454e+02 2212 -4.5200246975e+00 1.4333526478e-02
268098 -3.1443266954e+01 1.6524871144e+03 5.4286602170e+03 6.8779989408e+02 -1.0222029321e+02 -2.4285061776e+01 2212 -2.9838288035e+00 1.1623292943e-02
268270 -2.6958593602e+01 9.9926157308e+02 3.5879674442e+03 1.4443988615e+02 -3.9897196268e+01 -4.2757843853e+02 2212 -2.5269131369e+00 3.6192392446e-02
268615 -3.3036636902e+01 1.0572994291e+03 3.4539680719e+03 1.8230092115e+01 -2.9668967419e+00 -4.7091442352e+02 2212 -4.0549513134e+00 5.0215205447e-04
268682 7.0926281100e+01 1.6582833246e+03 4.9889913306e+03 3.7883525107e+02 1.0435426441e+02 -1.9204210242e-01 2212 -5.3039503174e+00 1.2444519175e-01
268873 -7.7520768255e+01 1.1811432677e+03 3.7637968733e+03 7.6954373525e+01 -1.1604044251e+01 -2.3880207035e+02 2212 -4.4116343681e+00 2.1132186528e+00
268874 -6.1118252681e+01 1.4638250482e+03 4.5760232631e+03 3.0942537033e+02 -9.0404356143e+01 -2.2091341274e+02 2212 -1.6295774614e+00 1.1779886296e-01
269405 2.4742076387e+01 1.5635775866e+03 4.8763986776e+03 6.5456202785e+02 -5.6799076155e+00 -1.7723534618e+01 2212 -6.9134005066e-01 1.9725684507e-02
270092 -2.0153365312e+02 1.6538676588e+03 5.2809769500e+03 3.4031671090e+02 -7.3142216873e+01 -1.1214615414e+02 2212 -5.3765314859e+00 1.2984020320e-01
270473 5.2373062270e+01 1.1229603492e+03 4.0897708197e+03 2.1199537701e+02 -7.0637143162e+01 -2.4815055938e+02 2212 -4.8684043188e+00 1.1194076750e+00
271115 5.2368927955e+00 1.1414633539e+03 3.8194243522e+03 3.1354631586e+02 5.2905221591e+01 -3.4651482011e+02 2212 -7.3180815740e-01 4.1998395104e-02
271162 -1.5246771965e+02 1.6048713470e+03 4.9256291684e+03 5.0597067678e+02 -7.6081801337e+00 -1.4945214981e+02 2212 -3.3384878312e+00 8.8200323247e-03
271822 -1.9170635368e+02 1.6376970202e+03 5.4377682412e+03 4.1231843042e+02 3.5176324165e+01 -1.5290023180e+02 2212 -4.9522173377e+00 2.1766352482e-02
272106 1.3496692916e+02 1.3834776687e+03 4.4269956541e+03 1.2940012909e+02 3.2074927917e+01 -2.0160555768e+02 2212 -5.2660393908e+00 1.2130725805e+00
272537 6.9026195787e+01 1.2373498532e+03 4.2652733706e+03 1.8584567586e+02 -2.3439104739e+01 -3.5109913716e+02 2212 -5.0452746260e+00 7.0899266681e-02
272873 -2.9872173216e+01 1.4264748113e+03 4.9765235045e+03 3.5071158697e+02 -8.5888463045e+01 -3.4267907328e+02 2212 -4.3141296164e+00 1.6665636234e-04
273439 2.8944221660e+01 1.1159403141e+03 3.7697730596e+03 1.3752810423e+02 3.2649174804e+01 -4.5614279427e+02 2212 -1.3126731985e+00 1.5266575959e-03
274140 4.2521872853e+01 1.5978038582e+03 4.7670549789e+03 3.9099124821e+02 -8.0661596327e+01 -1.2889058794e+02 2212 -4.1331694957e+00 8.4566388880e-02
274413 6.2784111966e+01 1.7481108452e+03 5.1842504816e+03 3.5709403011e+02 9.2142388915e+01 -7.3192174451e+01 2212 -1.3250387257e+00 1.6827799784e-02
274745 -9.5508340029e+01 1.1126470805e+03 3.5637136187e+03 2.6216978901e+01 -5.4806254583e+00 -7.3556027063e+01 2212 -9.1779861785e-01 7.3486462045e+02
275987 1.9507151661e+02 1.1972358703e+03 3.9639037400e+03 3.5225216901e+01 -7.9486786893e+00 -1.0803151451e+02 2212 -2.9418553454e+00 1.7041738444e+02
276664 -1.5646001058e+02 1.5678645575e+03 5.2035500670e+03 2.8307406555e+02 -2.1413261522e+01 -2.2438834762e+02 2212 -2.1608466848e+00 4.8730436414e-02
277990 1.5962399641e+02 1.1744420996e+03 3.6850216187e+03 1.9839832000e+02 3.8947706257e+01 -1.6908403510e+02 2212 -2.3655332888e+00 2.8421415728e+00
278096 -7.5087244263e+01 1.2183873304e+03 4.0177819924e+03 4.8714070056e+02 6.1167859902e+01 -2.6765304891e+02 2212 -7.0032069413e-01 2.0771926279e-02
278749 4.2428487543e+01 1.1685019568e+03 3.8837056755e+03 3.9728711031e+02 7.3566931314e+00 -9.5870588299e+01 2212 -4.3931420457e+00 1.1519837030e+00
278919 -9.6536437684e+01 1.5603934858e+03 4.8049998763e+03 2.8808780283e+02 4.9736520340e-01 -7.0452360272e+01 2212 -4.7533386848e+00 6.7132704637e-01
279191 3.8907702473e+01 1.4870740668e+03 4.4951773851e+03 4.3177526723e+02 -4.7182095137e+01 -2.3286860804e+02 2212 -4.9890484249e+00 9.3277681076e-03
280251 6.0112107899e+01 1.1287397343e+03 4.1072016975e+03 3.6906275098e+02 1.8300969066e+01 -2.9252679736e+02 2212 -4.2548599974e+00 1.1498864641e-01
281856 -2.2405712340e+02 1.5368679082e+03 4.9664155535e+03 5.7442259773e+01 -3.1849530454e+00 -7.1038184579e+01 2212 -2.9570604565e+00 9.4248591448e+01
282201 -1.2160064589e+02 1.8569837087e+03 5.5075628539e+03 3.3518903544e+02 2.9554033765e+01 -6.9537782360e+00 2212 -3.4317738733e+00 3.0313596467e-02
283870 7.5332084131e+01 1.0929728541e+03 3.9216876603e+03 5.4119929780e+02 -1.6456357563e+02 -1.0008771140e+02 2212 -2.0504814556e+00 4.3375481158e-01
283880 1.5263995120e+01 1.3770265331e+03 4.5862963120e+03 2.7668455320e+02 4.4460729723e+01 -3.5701029652e+01 2212 -4.9192475022e+00 3.3795915860e+00
284091 7.5084145180e+01 1.1950914032e+03 3.7551166551e+03 2.3024347549e+02 -2.8262647137e+01 -2.4481704094e+02 2212 -2.8669624608e+00 4.9686733018e-01
284287 -3.0807813663e+01 1.5431114389e+03 4.6726182704e+03 5.0100573404e+02 -1.6447040889e+02 -2.4191144161e+02 2212 -4.4243272459e+00 3.0219271655e-04
284539 -1.5433836550e+02 1.3263201409e+03 4.4250875432e+03 2.1560481572e+02 -1.6879656914e+01 -3.8536665779e+02 2212 -3.8760738431e+00 1.4846436221e-02
284751 -1.8075701769e+01 1.5688331591e+03 5.2100865962e+03 2.7928938174e+02 2.0700590731e+01 -1.7269582046e+02 2212 -1.8540194160e+00 1.4556571495e-01
286015 1.4977310447e+02 1.1144325248e+03 3.6805704879e+03 3.1898274396e+02 -1.5216721146e+01 -6.0597459184e+01 2212 -3.7247027638e+00 3.7304818128e+00
286162 -1.7981996392e+02 1.1205775431e+03 3.6428139571e+03 1.8336351184e+02 3.8138709879e+00 -4.5257444686e+02 2212 -1.0447596556e+00 1.7936088340e-03
286367 -8.2377340861e+01 1.0347806034e+03 3.4315444485e+03 2.5474976083e+02 2.6285950644e+01 -3.9534562157e+02 2212 -2.3558551674e+00 3.1995399369e-02
286568 1.0618092830e+02 1.0140925468e+03 3.6108997384e+03 1.5935399529e+02 2.2970135896e+01 -3.4552007015e+02 2212 -5.2962730250e+00 2.7172581196e-01
288097 -1.0370397298e+02 1.2150088202e+03 4.3393954451e+03 6.5914687791e+02 -1.6744017975e+02 -2.9653344535e+01 2212 -2.9648015446e+00 1.8027809860e-01
288372 -1.6814757810e+02 1.5929209590e+03 5.3224446793e+03 1.4773946835e+02 1.1927301817e+01 -2.4109795878e+02 2212 -5.9679531446e-01 6.4747658960e-02
288504 -1.5817034419e+02 1.5734952563e+03 5.2190868261e+03 4.0478420384e+02 -1.4516322854e+02 -2.1956306331e+02 2212 -2.7977516614e+00 1.4820443107e-02
288643 -8.2011550721e-01 1.3878118105e+03 4.7152249530e+03 1.0996587753e+02 -1.1109089104e+01 -3.1489307647e+02 2212 -6.2469476904e-01 8.6830130856e-02
289005 1.6988558489e+02 1.1152801353e+03 3.9052380311e+03 1.5217829897e+02 2.9481708916e+01 -2.2538439369e+02 2212 -2.3413299602e+00 2.4409085682e+00
289219 -1.4117649322e+02 1.0232516912e+03 3.4501357542e+03 4.1888264214e-01 2.8637447347e-02 -4.6437467003e+02 2212 -4.8891102646e+00 1.8622064555e-03
290605 -1.9303163554e+02 1.4414553400e+03 4.5051255181e+03 5.8083741157e+01 -1.7295723489e+01 -3.2515250450e+02 2212 -1.4916620876e+00 2.6533374202e-02
291245 8.1235087914e+01 1.4495195820e+03 4.9398676368e+03 5.3272091482e+02 -1.2714017312e+02 -1.3077242655e+02 2212 -2.2601502209e+00 7.8688530036e-02
291357 1.1849909448e+02 1.4654268608e+03 4.8584756463e+03 3.3950296991e+02 -5.0864510162e+00 -2.9717499761e+02 2212 -8.6197246285e-01 9.7681988733e-03
291932 9.5316062360e+01 1.0708234492e+03 3.7340463690e+03 2.9998904704e+02 -2.8597745989e+01 -3.0088236955e+02 2212 -1.2712708670e+00 2.2788091029e-01
292165 1.5674419026e+02 1.1983553497e+03 4.1322925144e+03 2.7787278441e+02 9.8702878320e+01 -3.7293554032e+02 2212 -2.3397733755e+00 7.0246740391e-03
292492 -1.2874796321e+02 1.4691401051e+03 4.4786739823e+03 4.0183938279e+02 -7.3449937181e+01 -2.4911555523e+02 2212 -1.8897755463e+00 1.6689527904e-02
292779 -2.4503251586e+01 1.2910570628e+03 4.2864252164e+03 2.2877456175e+02 -9.0671596492e+00 -2.1032079741e+02 2212 -1.7616488442e+00 7.5582264780e-01
293060 5.2248759590e+01 1.5944125514e+03 4.8226005496e+03 2.2223492845e+02 -7.1531771325e+01 -2.2210429595e+02 2212 -5.7653535577e-01 6.9270161741e-02
293680 1.2216435406e+02 1.4273776725e+03 4.4467131248e+03 4.7529019159e+02 -1.2094140846e+02 -2.0132699678e+02 2212 -1.3618257137e+00 2.7878176232e-02
294500 -7.8718503008e+01 1.6472627845e+03 5.1949891729e+03 5.7315221250e+02 -2.0432474497e+02 -1.4747773654e+02 2212 -3.8915667364e+00 3.8251881958e-03
295432 1.0144024245e+02 1.2657582685e+03 4.2559929995e+03 2.9836123119e+01 5.1379840529e+00 -1.5810105785e+02 2212 -5.2594286164e+00 2.8342579780e+01
295607 -1.2224128771e+02 1.1500783828e+03 3.8570400448e+03 4.3806872941e+02 -1.2706446072e+02 -2.5941016386e+02 2212 -1.2800413528e+00 1.3108973574e-01
295902 -7.6078902343e+01 1.3044974114e+03 4.4458724364e+03 2.9072326201e+02 2.8897189643e+01 -2.3740519710e+02 2212 -3.7646490610e+00 2.2845689969e-01
296543 2.0000971680e+01 1.2748921435e+03 3.9661360573e+03 1.2677844094e+02 1.9101047658e+01 -4.0523713516e+02 2212 -2.5594720112e+00 9.1771576599e-03
297797 6.5328618171e+01 1.6055968908e+03 5.2670116260e+03 2.5082323178e+02 -7.4568830326e+01 -2.8595156371e+02 2212 -3.7318725646e+00 4.1789533328e-05
298088 1.5886150865e+02 1.1644461967e+03 3.9031977570e+03 1.7505541889e+02 -6.0579668946e+01 -3.3310833256e+02 2212 -5.4703033245e+00 1.3003222804e-01
298479 6.4624004585e+01 1.4142309103e+03 4.6743319352e+03 4.0967550854e+02 -1.2267042285e+00 -2.9946807919e+02 2212 -4.6460115858e+00 6.8085996802e-03
298732 -1.8146176666e+02 1.3078191578e+03 4.3439698800e+03 5.4696933268e+02 7.7042828906e+01 -8.0560378618e+01 2212 -1.9162200561e+00 1.6351160970e-01
299031 -7.0260085760e+00 1.0268062922e+03 3.5765158919e+03 4.5722863707e+01 3.3836581988e+00 -2.7208928420e+02 2212 -4.8391582090e+00 2.2777961305e+00
299928 -7.1862058140e+01 1.2313044672e+03 3.9706644892e+03 5.7124034906e+02 -1.1142328376e+02 -1.1945878941e+02 2212 -3.2255757514e+00 1.2572174172e-01
301647 8.8807670483e+01 1.2998874289e+03 4.2824571690e+03 3.8137681337e+02 5.3222641447e+01 -1.7786994861e+02 2212 -4.9824951433e+00 2.2832661343e-01
301845 -1.1580375886e+02 1.0890120254e+03 3.7174855016e+03 4.6728845578e+02 1.4380400864e+02 -2.6202189545e+02 2212 -3.7475813827e+00 4.7360071024e-02
302015 -5.4026484044e+01 1.2584334130e+03 4.1732806779e+03 8.4962922606e+01 -1.6769622699e+01 -4.1373559124e+02 2212 -2.7611518321e+00 8.3037738652e-03
302452 -6.5435576632e+01 1.2705163621e+03 4.5490090061e+03 2.1528576810e+02 4.8503582578e+01 -3.2946430895e+02 2212 -1.2934253570e+00 7.3933404792e-02
302563 1.2841530596e+02 1.1236141506e+03 3.9564070418e+03 3.0187941048e+02 -2.6179220087e+01 -1.9904193210e+02 2212 -3.5048720585e+00 1.0574334040e+00
304292 8.3826435049e+01 1.2085928276e+03 3.9648013623e+03 2.8852102937e+02 -6.0004936187e+01 -3.4670305806e+02 2212 -1.5701727751e+00 3.3478643666e-02
304376 1.0746710859e+02 1.1610144005e+03 3.9472352036e+03 1.0343357200e+02 1.5831920549e+01 -4.3972697406e+02 2212 -1.0097844056e+00 4.1919299951e-03
304899 1.7611068216e+01 1.6150635760e+03 4.7758850141e+03 1.2897363856e+02 -3.5222676139e+01 -2.8501751382e+02 2212 -3.0037347677e+00 2.9676376869e-02
305457 9.6018965818e+01 1.3597632660e+03 4.4092602049e+03 2.7526959127e+02 8.8441301701e+01 -3.3250248410e+02 2212 -5.0079564466e+00 1.7363053125e-02
305786 -1.1752172651e+02 1.7591935942e+03 5.3224727398e+03 4.0749807752e+02 -6.4820498168e+01 -1.3891121312e+02 2212 -3.7638557255e+00 1.6639578476e-02
306316 -3.7894995981e+01 1.3402178714e+03 4.3932439142e+03 3.7755503657e+02 4.7950323099e+01 -1.3800291239e+02 2212 -9.6326685580e-01 3.7209837124e-01
307099 8.5722177783e+01 1.4146041099e+03 4.4912180536e+03 4.5302112735e+02 1.8895441753e+01 -8.9341509512e+01 2212 -3.1510948886e+00 1.9404116090e-01
307318 -9.1479370237e+01 1.1432448517e+03 3.8467040904e+03 2.7735351477e+02 -3.9194556941e+01 -7.3006749573e+01 2212 -3.1049057406e+00 5.9050656344e+00
308245 2.9875169358e+00 1.5938054428e+03 5.2836596418e+03 5.3375104829e+02 1.2465624098e+02 -1.8921364924e+01 2212 -1.5166859603e+00 5.0511071091e-02
309349 -5.5562459456e+00 1.4018864024e+03 4.8135827014e+03 4.7062884989e+02 2.0052166641e+00 -2.9226734362e+02 2212 -3.9057515545e+00 7.8008747753e-04
310976 1.4896987113e+01 1.2026801934e+03 3.7278602746e+03 2.2109192924e+02 -2.8364586343e+01 -4.3416643102e+02 2212 -2.1016247473e+00 4.8921126011e-04
311164 7.5025802184e+01 1.2370206314e+03 4.1391294626e+03 3.6449696149e+02 8.4877714707e+01 -2.2749107198e+02 2212 -7.1206606645e-01 1.5470987660e-01
311418 1.4113443256e+01 1.4354357550e+03 4.5409562745e+03 4.0131316671e+02 5.0445323032e+01 -1.6265842192e+02 2212 -4.9526875555e+00 1.0349143616e-01
311924 8.3558202449e+01 1.2274782007e+03 3.9019918247e+03 3.9248534949e+02 -1.2839494325e+02 -1.5217892763e+02 2212 -5.0043863833e+00 4.2481111147e-01
312027 1.6164178300e+02 1.3074531566e+03 4.2384091258e+03 2.3624607894e+02 -4.1359107904e+01 -2.2597577509e+02 2212 -9.6336000087e-01 3.8427409828e-01
312667 -2.6102838571e+01 1.6060102401e+03 5.0380155847e+03 2.1853535010e+02 -4.5744465233e+01 -5.5115544243e+01 2212 -1.9267290768e+00 2.1812052784e+00
313810 -1.8546517171e+02 1.2524244414e+03 3.9905094856e+03 2.8684152805e+02 7.5593367352e+01 -3.3077437261e+02 2212 -4.2489648722e+00 2.5118522937e-02
313978 9.9011171824e+01 1.1115999576e+03 3.9209549113e+03 1.9819650267e+02 -6.9111497455e+01 -4.4795160765e+01 2212 -2.5576821256e+00 3.2783512243e+01
313997 2.5980209291e+00 1.1564401436e+03 4.0682360780e+03 2.0184819611e+02 7.2724217786e+01 -2.6974107079e+02 2212 -4.9155442121e+00 5.2656859509e-01
314584 -1.7108033247e+02 1.0889655123e+03 3.7831554664e+03 1.9542803904e+02 2.5174066404e+01 -8.7076071825e+01 2212 -5.2522344352e-01 2.5073310381e+01
314607 1.8959576237e+02 1.1621051618e+03 4.0684001341e+03 1.5318625585e+02 5.0995613978e+01 -1.5919388998e+02 2212 -6.2111740885e-01 8.6831544290e+00
314667 -6.8668921475e+01 1.5251081764e+03 5.3346589404e+03 1.8945874860e+02 -4.2520963043e+01 -4.2401214271e+01 2212 -5.0624209789e+00 1.0463335505e+01
314953 5.8499116850e+00 1.2896779710e+03 4.4752377499e+03 3.9036848998e+02 -2.1709358455e+01 -2.8184590048e+02 2212 -1.4903002111e+00 4.9862117126e-02
315016 -1.8025522437e+02 1.1285663666e+03 3.7565058365e+03 4.6599367400e+02 2.7961487127e+01 -1.9786788916e+02 2212 -5.2686752072e+00 2.0601688649e-01
315125 -9.7678004366e+01 1.0733587610e+03 3.4835804835e+03 5.0410980904e+02 -3.7907522132e+01 -2.0014037622e+02 2212 -1.7726944056e+00 1.7020601048e-01
315357 8.1284064287e+01 1.0728266363e+03 3.7828854979e+03 3.9126307110e+02 -3.3074011303e+01 -3.2425684362e+02 2212 -3.9671385749e+00 5.1529316221e-02
315723 5.3347274038e+01 1.1631033047e+03 4.1859614260e+03 2.0129941041e+02 -9.8401470593e+00 -4.3459006377e+02 2212 -5.0363888121e+00 4.6427867713e-03
315916 -8.2237409712e+01 1.2233943833e+03 4.0791759949e+03 2.3226077777e+02 -6.2459492251e+01 -1.9587120706e+02 2212 -1.8153148245e+00 1.3032671058e+00
316438 2.1494641307e+01 1.7486152976e+03 5.3444884950e+03 4.8564407426e+01 -1.3288757471e+01 -5.6545917358e+01 2212 -1.6847829504e+00 2.9687215704e+01
316643 1.2040461458e+02 1.3194449116e+03 4.4658372294e+03 5.2135808736e+02 8.6590091633e+01 -2.1638201584e+02 2212 -2.1547924152e+00 1.5381796121e-02
317063 1.3810388169e+02 1.1769915693e+03 4.0815093761e+03 4.2735854156e+02 2.6806367164e+01 -1.1027496354e+02 2212 -3.7945464051e+00 7.6445170306e-01
317678 4.2844771835e+01 1.3500755420e+03 4.4864915897e+03 2.1374841805e+02 7.1037482572e+01 -1.5293737228e+02 2212 -3.7665009226e+00 1.6194512847e+00
317793 8.0069786186e+01 1.6485450780e+03 5.0406209337e+03 5.5132079033e+02 1.0221465757e+02 -9.3555754599e+00 2212 -1.4574212832e+00 1.7153257326e-02
318188 5.3621343983e+01 1.5916891931e+03 5.2730243210e+03 6.2915934015e+02 -9.4897328658e+01 -1.0793063712e+02 2212 -4.5524980344e+00 1.1275593121e-02
318346 1.3565547417e+02 1.2269610082e+03 4.2850935068e+03 2.7708841061e+02 7.3360017363e+01 -3.1026178131e+02 2212 -4.0681988078e+00 9.1864247831e-02
318748 -1.7863201330e+01 1.5130098403e+03 5.3132651996e+03 3.1415520098e+02 3.3046625806e+01 -2.7636234315e+02 2212 -4.8511408323e+00 2.2419162424e-02
318756 1.1288214983e+02 1.1712761311e+03 3.7599519766e+03 4.3206182135e+01 -1.2395601504e+01 -4.6142556014e+02 2212 -2.8093560210e+00 2.0576691872e-04
318875 7.3763334695e+01 1.3066001655e+03 4.3065646299e+03 1.0314052166e+02 4.1373174355e+00 -3.9685996753e+02 2212 -2.4678731181e+00 1.2973824043e-02
319154 -1.5167787729e+02 1.1245792864e+03 3.9290333007e+03 2.1760766535e+02 1.1661692634e+01 -3.3446322608e+02 2212 -1.4585744306e+00 1.4303570563e-01
319419 6.8231534104e+01 1.2066527953e+03 3.9970977106e+03 3.2002363806e+02 6.8332582516e+01 -2.3490858020e+02 2212 -2.3549843470e+00 2.5610692585e-01
319453 1.1891693819e+02 1.3013995063e+03 4.1069232779e+03 3.2131080570e+02 1.0536503002e+02 -1.5680452210e+02 2212 -6.9332656288e-01 3.9530540958e-01
319713 -2.0128555812e+02 1.5949651785e+03 4.9962472257e+03 5.0153883895e+02 -8.7392830738e+01 -4.8933110176e+01 2212 -1.8708394009e+00 7.3053423124e-02
320250 3.9675059545e+01 1.3347697214e+03 4.7192224263e+03 3.2734466716e+02 9.6324843183e+01 -8.5657533353e+01 2212 -2.2562395777e+00 1.2092747855e+00
320395 -6.9691949817e+01 1.5849199763e+03 5.5104763912e+03 6.6533412152e+02 2.3469149336e+01 -2.8471560171e+01 2212 -1.8768764108e+00 1.2598181303e-02
320413 1.2456111177e+02 1.3210029629e+03 4.2345962143e+03 3.9682729625e+02 4.4669626272e+01 -3.2867167195e+02 2212 -1.7019525527e+00 4.2989759701e-03
320962 -1.0902051496e+02 1.0313842785e+03 3.5770118684e+03 3.9930424063e+02 1.2412577161e+02 -2.9203452070e+02 2212 -3.8045288862e+00 8.6475705521e-02
321039 -9.6917752779e+01 1.3232833208e+03 4.5013697441e+03 4.8036273258e+02 -1.1781633983e+02 -8.3454418066e+01 2212 -1.5954115831e+00 3.7666857037e-01
321139 3.4142415068e+01 1.3474172543e+03 4.2273936728e+03 5.4271986407e+02 -4.9580344114e+01 -5.4947617262e+00 2212 -2.6651665459e+00 3.0729292853e-01
321760 8.3853007019e+00 1.5608431401e+03 5.0210626443e+03 8.9317778185e+01 -2.1445892139e+00 -3.1278450741e+02 2212 -4.9833542150e+00 1.3731019576e-02
321997 1.5432274021e+01 9.8503134048e+02 3.5178196062e+03 2.2550485846e+02 7.2850251262e+01 -3.2418693715e+02 2212 -2.0597992879e+00 3.2838540495e-01
322741 -9.3509504686e+01 1.2376311485e+03 3.9647931498e+03 1.4266934058e+02 -2.6539964261e+01 -1.5951053166e+02 2212 -1.6794921244e+00 7.8250970762e+00
322849 -1.0307071785e+02 1.4337374904e+03 4.5014835000e+03 4.9426572899e+02 -1.4250838380e+02 -9.3463186523e+00 2212 -5.3414294934e+00 2.9425177871e-01
322859 -1.0399054700e+02 1.2819851248e+03 4.4869493054e+03 2.5964665716e+01 -7.9788707698e+00 -4.2347718688e+02 2212 -4.2209918571e+00 9.0480935294e-03
323325 -8.3466036061e-01 1.4852444652e+03 4.6338281471e+03 2.4064928132e+02 8.3053632057e+01 -2.2983231403e+02 2212 -2.6174476494e+00 7.2552560051e-02
323576 -1.2001278865e+02 1.7193016137e+03 5.5676755335e+03 2.9712370260e+02 -7.4616208102e+01 -5.9244214451e+01 2212 -3.3310099826e+00 3.0384512292e-01
323600 7.7596651595e+01 1.1663294421e+03 3.6554841287e+03 4.9207653430e+02 1.4511637210e+02 -2.2537913592e+02 2212 -3.4968756658e+00 3.4823729127e-02
323788 -1.7554353335e+02 1.8183469683e+03 5.5652105980e+03 4.1237196064e+02 -1.3788546302e+02 -1.3073463092e+02 2212 -3.5062522308e+00 4.1490598210e-04
323824 4.7622185220e+01 1.1365740524e+03 3.6505733530e+03 2.4379250882e+02 -3.5213790298e+01 -4.1019906864e+02 2212 -5.0927792089e+00 6.5321472202e-03
323897 -3.4583806824e+01 1.0640218932e+03 3.4751028257e+03 1.7546438692e+01 6.1046209878e+00 -4.7039877264e+02 2212 -5.1983707091e+00 4.6882922656e-04
324028 1.5521102711e+02 1.2096175392e+03 3.8761407877e+03 5.0617057259e+02 1.5710399900e+02 -1.2470511860e+02 2212 -3.1656635152e+00 1.2747545571e-01
324473 -2.3742999347e+01 1.1020642737e+03 3.6972458543e+03 1.6276413282e+02 3.2809082068e+01 -1.0064968627e+02 2212 -3.4854389245e+00 3.4457041418e+01
325416 8.1615524249e+01 1.1517828142e+03 4.0007595939e+03 9.4643617594e+01 3.1921314091e+01 -2.6123208306e+02 2212 -1.1505016272e+00 1.3825366670e+00
325851 -9.0174378245e+01 1.1930468233e+03 4.0072524866e+03 3.7081276242e+02 2.3515055120e+01 -3.2868029847e+02 2212 -5.0082125685e+00 2.5573253903e-02
325966 -7.3403377706e+01 1.3703546073e+03 4.3159205773e+03 3.7956903317e+02 -8.9378632995e+01 -2.0345678886e+02 2212 -6.0512737907e-01 1.1211809845e-01
326431 7.0473750253e+01 1.5835343944e+03 4.8697498919e+03 3.3819381941e+02 -1.1755892077e+02 -1.7356647906e+02 2212 -7.6168107521e-01 6.2155292078e-02
328138 3.1261016768e+01 1.4378556040e+03 4.5684005191e+03 5.0711692162e+02 1.5420701021e+02 -1.9373795085e+02 2212 -4.9025790680e+00 1.1488990627e-02
328624 2.7458090214e+00 1.1263539706e+03 3.5007989920e+03 1.8212148536e+02 -1.8038180442e+01 -3.6705887942e+02 2212 -6.9977894844e-01 5.4983260536e-02
328973 7.9033689055e+01 1.0715124227e+03 3.7943140313e+03 3.0043158785e+02 5.0989149929e+01 -3.3589396955e+02 2212 -1.1868022936e+00 8.4675529483e-02
329584 -1.3767462497e+02 1.3620373048e+03 4.5726587899e+03 3.4570005969e+02 4.0308334169e+01 -2.9924737301e+02 2212 -4.6039591667e+00 1.9585546659e-02
329868 -9.0167734426e+01 1.5574242775e+03 5.2207590459e+03 9.8837228292e+01 3.5557926051e+01 -6.9397631485e+01 2212 -4.3645497849e+00 3.4881896272e+01
330189 5.1291707686e+01 1.1593684899e+03 3.6220476300e+03 4.3990257665e+02 3.3409232150e+01 -1.0586501400e+02 2212 -1.6761036317e+00 6.0922865929e-01
331629 -3.5259151968e+01 1.4234558949e+03 5.0324392045e+03 3.6365776277e+02 -7.0403039228e+01 -2.8577998515e+02 2212 -5.4600877990e-01 2.1704828974e-02
332086 6.8995424236e+01 1.3169681158e+03 4.5224420769e+03 4.4421136826e+02 3.8122290322e+01 -2.6226177877e+02 2212 -5.0456459874e+00 2.8787489899e-02
332222 1.5268497949e+01 1.5800426014e+03 5.3771316631e+03 5.6357575944e+02 2.0356498574e+02 -3.0788595526e+01 2212 -8.9737064741e-01 2.6386290138e-02
332940 -9.7270710617e+01 1.7981671252e+03 5.3830406577e+03 3.7327421431e+02 -1.0298265531e+02 -1.2170431744e+02 2212 -1.5677014326e+00 1.8518156642e-02
333120 1.4895717921e+01 1.4602528670e+03 4.8857605457e+03 3.7533274580e+02 3.7298866433e+01 -1.8430314543e+02 2212 -4.1175264930e+00 1.1915005603e-01
333291 9.2383745919e+01 1.2062966899e+03 4.3538863359e+03 5.4943998535e+02 5.8350317569e+01 -1.2388119906e+02 2212 -4.6943535523e+00 1.8112407482e-01
333748 1.9912160826e+02 1.2001778256e+03 4.0594380526e+03 1.7581347995e+02 -4.3608836133e+01 -4.3919362605e+02 2212 -1.1130208692e+00 6.0223845501e-04
333809 -5.2654028605e+01 1.4743969640e+03 4.6796251847e+03 3.4035995246e+02 4.3964311843e+01 -2.8785877886e+02 2212 -5.0530877728e+00 1.9231675032e-02
333994 -1.8900890986e+02 1.4821060153e+03 4.9207400955e+03 5.8590909670e+02 1.3185524683e+02 -1.0368602881e+02 2212 -3.4298006266e+00 1.6361462677e-02
334384 2.6202554165e+01 1.2018309160e+03 4.2347950083e+03 3.7751049382e+02 -4.7151969867e+01 -3.3776460523e+02 2212 -4.8963197363e+00 2.2729855138e-02
337356 -1.6937664458e+02 1.0995049435e+03 3.5945982692e+03 2.0276866411e+02 -7.2184986720e+01 -2.2466752681e+02 2212 -5.2927183756e-01 1.4338708830e+00
337507 8.6361220059e+01 1.1392114504e+03 3.8219922220e+03 3.6183040113e+02 -6.9925619181e+01 -3.0689078503e+02 2212 -2.2454265582e+00 6.8129956287e-02
337531 1.3683407271e+02 1.2813347984e+03 3.9751164179e+03 2.2843815427e+02 7.8445267952e+01 -2.5573299765e+02 2212 -2.1813933733e+00 1.6199134915e-01
338034 6.5942056457e+01 1.0218686932e+03 3.7290757515e+03 4.9842192154e+02 1.0983400340e+02 -1.0513508388e+02 2212 -1.2157299877e+00 7.6035732269e-01
338148 -1.9583794163e+02 1.6299765440e+03 5.0049488371e+03 3.1813576040e+02 -1.1271185988e+02 -1.8726235067e+02 2212 -3.0409391231e+00 4.4027218358e-02
338791 1.2835899425e+02 1.3313188282e+03 4.3130413599e+03 4.0459669143e+02 1.2530505319e+01 -2.3974673586e+02 2212 -1.7443509721e+00 4.6735760703e-02
338837 -6.9814627673e+01 9.6736042599e+02 3.3674262202e+03 5.4357997913e+02 2.3258485863e+01 -5.9465420056e+01 2212 -4.9338945765e+00 9.5589997611e-01
340207 7.0379108901e+01 1.2554584600e+03 4.3928957301e+03 3.7485176121e+02 8.5326080330e+00 -2.6625958223e+02 2212 -3.4354406591e+00 1.0088829723e-01
340332 4.7302210515e+01 1.1881976946e+03 4.1394466406e+03 4.5676023877e+02 7.1710991440e+01 -1.8212435812e+02 2212 -3.5701557652e+00 2.1660748745e-01
340374 8.6545216199e+01 1.7007093446e+03 5.0865159355e+03 1.8342172796e+02 -5.8626965747e+01 -1.1804419453e+02 2212 -5.5255331169e-01 7.1071722824e-01
340514 -2.1905797797e+01 1.1342226478e+03 3.6903330765e+03 2.7437667085e+02 4.9079430680e+01 -1.1772917695e+02 2212 -2.1978109069e+00 3.2654248181e+00
340905 -5.4889390438e+01 1.3727306365e+03 4.4107031018e+03 2.6577355573e+02 7.8752103368e+01 -3.4079023207e+02 2212 -5.0231471781e+00 1.7555424250e-02
341074 -1.0889772453e+02 1.4689988365e+03 4.8781071764e+03 1.9718150952e+02 -2.2137546660e+01 -2.3931994262e+02 2212 -1.1921399501e+00 2.8061556442e-01
341213 9.7877868004e+01 1.0931582160e+03 3.9618322664e+03 5.7774206167e+02 -1.2742923295e+02 -8.7791866760e+01 2212 -5.3149442393e+00 3.6535111954e-01
342369 2.5428948427e+00 1.4879188462e+03 5.1097850841e+03 2.7418028183e+02 7.8567780603e+01 -3.0048400321e+02 2212 -1.0837341456e+00 1.5304458210e-03
342953 -2.5106465842e+01 1.4288580621e+03 4.6672048459e+03 3.0613082267e+02 -3.1551185643e+01 -1.1575801003e+02 2212 -2.8984703049e+00 7.5007351277e-01
343855 1.6056574225e+02 1.1556974056e+03 3.9295825047e+03 1.3927861008e+02 -3.5200341626e+01 -2.1125674222e+02 2212 -1.3709069749e+00 3.2649054846e+00
345389 -1.9480967770e+02 1.4382005640e+03 4.9611830254e+03 3.3993696033e+02 6.9282789275e+00 -3.5873116683e+01 2212 -2.7314042796e+00 1.2213402025e+00
345433 5.2852184553e+01 1.3250433691e+03 4.4219953871e+03 2.8987769414e+02 3.4512402374e+01 -3.3177861487e+02 2212 -3.0642156077e+00 1.5463720977e-02
345706 1.7822701106e+02 1.2073511660e+03 4.2120061507e+03 6.6290747080e+02 -2.8973247671e+01 -6.7892054554e+00 2212 -3.0400320045e+00 1.7500693403e-01
345915 4.2239896670e+01 1.4482735870e+03 4.3985558018e+03 3.8939085535e+02 7.6178887991e+01 -1.6961789429e+02 2212 -4.6312034160e+00 9.7798931260e-02
345932 -1.4031264825e+02 1.0796874493e+03 3.5692727752e+03 5.9593002446e+01 -6.4329430222e+00 -4.1355062315e+02 2212 -2.4622067059e+00 3.4900048091e-02
346187 2.0350963531e+02 1.2395481242e+03 4.2240700873e+03 1.2072333856e+02 2.4553738158e+00 -4.2016517033e+02 2212 -3.3738719865e+00 9.5351801791e-03
346922 -1.6464534290e+02 1.5122240550e+03 4.9664126341e+03 6.0826742039e+02 -5.6413049376e+01 -9.4508968143e+01 2212 -1.2363379363e+00 2.4511957566e-02
346971 1.6044428715e+02 1.3053319162e+03 4.4220140534e+03 1.6702594077e+02 -5.1193958343e+01 -2.6560684826e+02 2212 -4.4124154137e+00 3.2410054447e-01
347517 -8.3469802577e+01 1.2130121909e+03 3.8640664830e+03 3.3715129904e+02 -2.1802244473e+01 -3.6274561461e+02 2212 -8.7096578046e-01 1.0565009907e-02
347566 1.1085371394e+02 1.1501065828e+03 4.1273615037e+03 1.2472298054e+02 -4.2034654969e+01 -9.4140927317e+01 2212 -4.3657180557e+00 8.0109668859e+01
347899 -1.8293602099e+02 1.1464303631e+03 3.8115569059e+03 6.5011176070e+02 -1.1414666143e+02 -4.3069788029e+01 2212 -1.7473955739e+00 1.9093814632e-01
348176 -1.7387096539e+02 1.7711385923e+03 5.6025976788e+03 2.5028633491e+02 5.0504608069e+01 -1.2696934779e+02 2212 -4.9741441112e+00 7.8387560900e-02
349511 -1.3996226757e+02 1.0477608275e+03 3.3520731742e+03 6.4790282819e+01 2.0460121402e+01 -4.6342979257e+02 2212 -1.7783809984e+00 8.7155176119e-04
349561 1.1139634053e+02 1.1054690187e+03 3.8695897849e+03 4.8717305721e+02 6.3380598364e+01 -2.6465325244e+02 2212 -6.9433114678e-01 4.3094414941e-02
349568 2.4309627228e+01 1.4341020784e+03 4.8670043396e+03 1.4399379682e+02 -2.8134646938e+01 -1.3712801991e+02 2212 -2.5769029378e+00 6.6603389050e+00
350051 -1.4123866211e+02 1.1425370718e+03 3.6590146869e+03 6.6727429864e+02 9.5374696862e+01 -3.2119833333e+01 2212 -4.3230881840e+00 1.3306058452e-01
350559 -1.6760744158e+02 1.5242112765e+03 4.8738609107e+03 2.0498009985e+02 5.1927773262e+01 -1.0846535563e+02 2212 -1.7164581136e+00 1.6084968360e+00
351041 5.3112939879e+01 1.5883820135e+03 5.2257262915e+03 4.0707425653e+02 -1.4281859520e+02 -5.6343834939e+01 2212 -5.0758063630e-01 1.7216896063e-01
351317 -1.5978979404e+02 1.4684899531e+03 4.8419277684e+03 2.2602117735e+02 -6.0748876364e+01 -2.6269385232e+02 2212 -3.2531900303e+00 8.3966573913e-02
351632 3.8661793884e+00 1.0607970416e+03 3.6502826053e+03 2.8080069891e+02 -7.2403810445e+01 -3.5815961135e+02 2212 -2.6845988906e+00 6.7427544353e-02
351794 -5.4538773239e+01 1.3724613359e+03 4.2149952947e+03 4.3693355722e+02 -1.1553799800e+02 -7.2673862446e+00 2212 -1.3937279356e+00 5.8511210550e-01
351819 -1.5252228594e+02 1.2403368787e+03 3.9360791930e+03 3.2713830988e+02 1.6355256557e+01 -6.0093112326e+01 2212 -2.6671261301e+00 2.0944039064e+00
353019 -4.9926963026e+01 1.3235138350e+03 4.6681241693e+03 5.0813545331e+02 4.6190713134e+01 -1.9618338696e+02 2212 -2.4796240272e+00 6.7906220007e-02
353036 -3.4198674606e+01 1.5972569785e+03 5.0826439431e+03 2.3258039840e+02 3.8297339205e+00 -2.2056748818e+02 2212 -2.2298046802e+00 5.0708431949e-02
353046 -1.5583087665e+02 1.1713581479e+03 3.7764241593e+03 2.2374235711e+02 -5.8211114380e+01 -1.0073978963e+02 2212 -1.2893654471e+00 7.5923613713e+00
353093 -5.3375207325e+01 1.3582979508e+03 4.6831134052e+03 2.8632419538e+02 5.9509641763e+01 -1.8475754721e+02 2212 -3.6708490197e+00 4.2675118577e-01
353790 2.3925233215e+01 1.1695668134e+03 3.9826473527e+03 1.9645589757e+02 3.8185184719e+01 -4.4339027484e+02 2212 -1.4280859213e+00 4.2401425248e-04
355534 -1.7014553719e+02 1.3004869920e+03 4.4192497146e+03 5.3662055553e+02 1.2679117517e+02 -1.3784969198e+02 2212 -4.0711468931e+00 7.3487344299e-02
355545 -1.5634231295e+02 1.6607963340e+03 5.1733718138e+03 3.8453225900e+02 8.6664550141e+01 -1.0014761503e+02 2212 -2.5923836681e+00 4.6076277929e-02
356479 -4.4237960861e+01 1.0597912642e+03 3.6671636944e+03 5.0753770282e+02 -1.6575109162e+01 -2.6430611667e+02 2212 -4.2505207735e+00 5.6011701262e-02
356492 4.2805938416e+01 1.2824182073e+03 4.5364965697e+03 2.0059267430e+02 3.1325327510e+01 -6.4512341275e+01 2212 -1.1730722997e+00 1.7979529176e+01
356638 -1.4941773897e+02 1.4505642761e+03 4.3870787545e+03 4.1372990501e+02 2.1644834461e+01 -6.0851838905e+01 2212 -6.5949657885e-01 3.0718478356e-01
357159 -2.2368936056e+02 1.5688913312e+03 5.0453210918e+03 3.7990894490e+02 9.6220506958e+01 -2.2467683941e+02 2212 -5.2574336850e+00 3.9492510263e-03
357332 1.5997161322e+02 1.1214352182e+03 3.9676621936e+03 1.6888783098e+02 3.4612286569e+01 -1.3522280005e+02 2212 -4.5869505354e+00 1.5377175155e+01
357701 -1.0563533404e+02 1.3292461544e+03 4.3576666488e+03 4.0117798469e+02 1.2404893097e+02 -2.7160099916e+02 2212 -1.1784283591e+00 1.7248750926e-02
357951 1.9481065746e+01 1.0879330457e+03 3.6083412120e+03 8.9091165969e+01 -6.3311937254e+00 -4.5430140508e+02 2212 -4.5363761550e+00 2.3254628567e-03
358508 -1.5176686951e+02 1.1290823586e+03 4.0196970054e+03 1.4201755228e+02 8.5623125781e+00 -4.5172580970e+02 2212 -3.4635252000e+00 3.0706458842e-03
359125 -4.0237688009e+01 1.1329127765e+03 3.6159493367e+03 5.2645921948e+02 7.9806238416e+01 -1.8282383400e+02 2212 -2.3676523247e+00 9.9693868057e-02
359327 7.1049552700e+01 1.1367298334e+03 3.9872776323e+03 5.0273744655e+02 7.8059961176e+01 -1.6794121827e+02 2212 -1.0452819995e+00 2.0606720462e-01
359379 -1.3441311713e+02 1.1101726184e+03 3.8751549733e+03 1.5810437496e+02 4.9789402450e+00 -2.3408636088e+02 2212 -1.9251610800e+00 2.1636634955e+00
360164 -1.9929340061e+02 1.5479192343e+03 4.8589457441e+03 1.7319722663e+02 -2.2407611195e+01 -2.0083169733e+02 2212 -1.0911759194e+00 4.1715913316e-01
360291 -1.9468331926e+02 1.3567639479e+03 4.2672495088e+03 4.4593308326e+02 1.5638243540e+02 -2.6587264094e+02 2212 -4.7533595650e+00 7.6312682667e-03
360671 -1.4048637409e+02 1.1026595698e+03 3.5568106643e+03 6.3230266500e+02 -8.1631298339e+01 -9.9980589322e+01 2212 -3.4784669948e+00 1.3631360690e-01
360778 -1.5320383448e+02 1.2968699605e+03 4.4118719494e+03 7.7536649319e+01 7.9938668156e+00 -3.7877970591e+02 2212 -5.2431806719e+00 2.0837535191e-02
361772 -1.0290238457e+02 1.0521297200e+03 3.7328354510e+03 8.9148733803e+01 -2.0365397774e+01 -2.5289639038e+02 2212 -3.6438543834e+00 2.9881167218e+00
362742 -1.3759079536e+01 1.3664836487e+03 4.4088543925e+03 5.6206476731e+02 -2.5098808808e+01 -1.5074958907e+02 2212 -4.4704906498e+00 5.1472651625e-02
363064 1.4215478896e+02 1.2731705799e+03 4.2235649856e+03 3.3000392697e+02 -5.2894524773e+01 -1.7686660940e+02 2212 -5.2163482732e+00 4.9903029915e-01
363593 -1.3632832132e+02 1.6266223470e+03 5.4726424002e+03 4.7931892889e+02 -1.3719145674e+02 -8.5203433902e+01 2212 -9.0102149243e-01 5.7077381450e-02
363877 9.2156403930e+01 1.2083496054e+03 4.0380080763e+03 2.9591882318e+02 6.4228550268e+01 -3.8327084291e+02 2212 -2.9695435213e+00 5.3973859452e-03
364696 -1.5991994029e+01 1.3460874016e+03 4.7829604695e+03 3.3446276601e+02 8.3951249347e+00 -3.5216444768e+02 2212 -5.9720436763e-01 1.0411943990e-02
364909 -7.1282047838e+00 1.0839120900e+03 3.6663722993e+03 2.5875056712e+02 3.7552784217e+01 -3.1355450554e+02 2212 -4.0152837634e+00 1.9525987097e-01
365028 -9.2094434491e+01 1.4346592033e+03 4.7583702835e+03 4.5390005497e+02 -1.1865142929e+01 -1.4721454967e+02 2212 -5.2714214148e-01 1.0587933871e-01
365997 1.3518527875e+02 1.1854659009e+03 3.8916253816e+03 2.5730492799e+02 4.5656809197e+01 -2.9192703078e+00 2212 -5.1576312638e+00 1.0507508940e+01
366037 -6.9603249789e+01 9.9423863738e+02 3.3489978021e+03 3.0330973791e+02 -1.0317623179e+02 -1.7724961489e+02 2212 -2.1752930277e+00 1.8366156551e+00
366741 8.2118663397e+01 1.3437926812e+03 4.6986429192e+03 3.6556873105e+02 5.5671308399e+01 -2.7538078987e+02 2212 -2.7891611827e+00 4.1230864040e-02
367241 -9.6561005843e+01 1.0561826841e+03 3.5190503854e+03 7.9543496433e+01 -2.0352368894e+01 -4.6852613383e+02 2212 -3.1038696384e+00 8.0081625112e-04
367251 9.5221407058e+01 1.1319433963e+03 3.8534393053e+03 4.5384724611e+02 7.0701257106e+01 -2.6364940135e+02 2212 -5.1882189112e+00 5.3687263744e-02
367254 -2.1991538308e+01 1.2280751463e+03 4.2349560697e+03 1.6075526127e+02 4.2392614473e+01 -1.4651957311e+02 2212 -1.9297680696e+00 9.3822046386e+00
367261 -5.0963041770e+01 1.2162404417e+03 3.8146851048e+03 5.0066626524e+02 -1.1141426016e+02 -2.5286698794e+02 2212 -1.0304611893e+00 2.8453048199e-02
367302 1.1988744109e+02 1.0587992350e+03 3.7101010114e+03 3.3474132153e+02 1.1723309385e+02 -1.4858328137e+02 2212 -4.3117654424e+00 1.4399799091e+00
367306 -1.7528976689e+02 1.7124839218e+03 5.4739842674e+03 3.5756125102e+02 -1.1153333118e+02 -1.4072607989e+02 2212 -7.8612083290e-01 2.4062660466e-02
367813 -1.2263455663e+02 1.5078827388e+03 4.5676811152e+03 3.6722276715e+02 8.4989512571e+01 -2.5011851145e+02 2212 -3.2442819462e+00 1.8652815436e-02
369031 -9.8332022466e+01 1.1310623679e+03 3.5336595727e+03 3.8666485243e+02 1.2216020065e+02 -2.6925076434e+02 2212 -5.1360955830e+00 6.9465540973e-02
369453 7.0303652326e+01 1.5665611928e+03 4.6607841403e+03 3.2023285853e+02 2.7870847061e+01 -2.1486139687e+02 2212 -2.1743275546e+00 1.7919905365e-02
370770 -1.5799324035e+02 1.7277083482e+03 5.4738717895e+03 2.8094765907e+02 7.9061289779e+01 -1.1942779933e+02 2212 -3.2973799896e+00 3.5859914820e-02
370933 -3.0794325437e+01 1.3172891555e+03 4.4296208758e+03 3.3233765377e+02 -8.9112463747e+01 -1.6628103933e+02 2212 -9.8835203168e-01 5.2679768799e-01
371243 -1.2641012649e+02 1.1238011245e+03 3.5305804115e+03 3.3593307060e+02 6.2201505139e+01 -2.2587842801e+02 2212 -2.5045264857e+00 3.5877863501e-01
371312 -1.1952222321e+02 1.5659081747e+03 4.9732766466e+03 3.2496492934e+02 1.0723485322e+02 -1.4187943633e+02 2212 -4.7221483833e+00 9.2275805411e-02
371511 8.3714644705e+01 1.6195953194e+03 4.9496452992e+03 3.4045074691e+02 6.1336802037e+01 -1.3083562340e+02 2212 -1.5827026283e+00 6.2467807604e-02
371631 1.2761630989e+02 1.1976752219e+03 3.9338815051e+03 5.0285325602e+02 -1.2082955177e+02 -4.7825286810e+01 2212 -4.8496070511e+00 5.6689114317e-01
372011 -2.4443794506e+01 1.0263309731e+03 3.6371431053e+03 2.3461592728e+02 -8.4056057404e+01 -2.3255091551e+02 2212 -4.9032689848e+00 1.6015430162e+00
372438 -1.6767862967e+02 1.5319135517e+03 5.1546289493e+03 2.0600882175e+02 -7.2387823250e+01 -2.4270870732e+02 2212 -5.4228541122e+00 1.0769276097e-01
372618 -7.1997016538e+01 1.3054694020e+03 4.2000393182e+03 4.0031545218e+02 -1.2440700607e+02 -2.3723075138e+02 2212 -1.4788468073e+00 7.6686718905e-02
372803 3.7487244466e+00 1.1215755427e+03 3.9059003904e+03 3.9817388053e+01 -3.0417627360e+00 -3.8334269951e+02 2212 -3.7874751056e+00 9.1468828969e-02
373318 -1.5292680765e+02 1.2064330971e+03 4.0062092872e+03 5.3558893805e+02 1.8989410725e+02 -8.2014336931e+01 2212 -3.3265971900e+00 1.9305251962e-01
374158 8.4141803507e+01 1.1117481675e+03 3.8294077926e+03 2.8176322990e+02 -1.7426614238e+01 -1.9436579591e+02 2212 -6.4351974358e-01 1.3688471403e+00
374231 -1.1634442480e+02 1.5698226977e+03 4.7466590535e+03 8.8511897497e+01 -3.0502569663e+01 -2.8686030632e+02 2212 -5.1807779814e+00 2.4592893494e-02
374682 -1.5356046323e+02 1.1251224670e+03 3.6488864320e+03 1.9396382986e+02 5.9841448528e+01 -1.2317861482e+02 2212 -4.9095021801e+00 9.2287616302e+00
374730 9.0833668698e+01 1.1046268438e+03 3.6377758894e+03 2.3448889199e+02 5.3627307089e+01 -3.1497081634e+02 2212 -4.8841321359e+00 1.6429062946e-01
374966 2.8761136573e+00 1.5718454151e+03 4.6766853326e+03 3.0700312560e+02 4.1415294869e+01 -2.4839918199e+02 2212 -4.2765940139e+00 2.5245792351e-02
374985 -1.2297377622e+02 1.1488437781e+03 3.9369244323e+03 4.8421270173e+02 6.0354460714e+01 -5.0468777625e+00 2212 -1.6907101143e+00 1.2135517090e+00
375166 9.9762766661e+01 1.4457299494e+03 4.4199819668e+03 5.7062648951e+02 1.6017429639e+02 -3.2969712506e+01 2212 -3.8620637294e+00 5.2028697705e-02
375508 1.7448959584e+02 1.3220764218e+03 4.3864577230e+03 2.9522028668e+02 2.7490094734e+01 -1.7807253970e+02 2212 -3.1123329124e+00 4.6302792977e-01
375537 -9.5444723945e+01 1.3666745486e+03 4.3156800309e+03 9.9715998362e+01 2.2729806872e+01 -1.2304193827e+02 2212 -5.0147155528e+00 2.2056948810e+01
376015 -1.2777495742e+02 1.1694870211e+03 4.1164825484e+03 3.0599613573e+02 -4.7435207327e+01 -3.8545556009e+02 2212 -1.2431329729e+00 1.5095448258e-02
376087 -3.1006148692e+01 1.2509543077e+03 4.0364409331e+03 2.2214919606e+02 -6.4726799079e+01 -3.2855387456e+02 2212 -4.8142903736e+00 8.2599777989e-02
376392 -1.4993478401e+02 1.1055794857e+03 3.9547388384e+03 1.9274554216e+02 -5.7710976550e-02 -3.3983675539e+02 2212 -2.7702616244e+00 1.7817171381e-01
376809 -2.0083921403e+02 1.7933324474e+03 5.4657760903e+03 3.4176814889e+02 7.0928765897e+01 -9.3318889671e+01 2212 -5.0084026840e+00 3.5240081812e-02
377258 -2.1518202719e+02 1.5528119272e+03 5.0019261332e+03 4.0989983264e+02 -1.0376873244e+02 -3.6111126726e+01 2212 -4.2867307174e+00 2.6645041652e-01
377761 -9.5959988780e+01 9.8913136887e+02 3.6141261129e+03 1.4000864867e+02 8.4758609045e-01 -4.5429167548e+02 2212 -3.4959812271e+00 5.2072639846e-03
378110 1.9442937213e+01 1.4983399973e+03 5.2313393037e+03 5.7522527513e+02 -1.9419777300e+02 -9.5227540838e+01 2212 -4.9564279285e+00 4.9686025073e-02
378133 -3.6307728712e+01 1.2596757441e+03 4.2204324694e+03 2.5683555673e+01 4.7784252923e-01 -3.0593177772e+02 2212 -7.1985213505e-01 2.8350760276e-01
379144 -1.8219416644e+00 1.5165965735e+03 5.1830638057e+03 4.7887270927e+02 1.5970127504e+02 -5.5668210809e+01 2212 -2.9545464548e+00 9.7660713408e-02
379333 -6.5303053579e+01 1.3721284999e+03 4.1458359866e+03 4.2850756389e+02 7.1388797850e+01 -3.0889731953e+01 2212 -5.1151653938e-01 4.8146585987e-01
380401 6.1735595326e+01 1.3309313165e+03 4.4574341007e+03 3.1806804835e+02 4.9246011126e+00 -3.7018788123e+02 2212 -9.2050503660e-01 5.1643151178e-04
380423 -5.0945490095e+01 1.0807028469e+03 3.5572967518e+03 1.2361024267e+02 -3.1073799533e-01 -3.6942332071e+02 2212 -4.3623929501e+00 1.0087454706e-01
381172 3.5836035678e+01 1.1376109195e+03 3.8019482323e+03 3.7535115367e+02 1.3369252777e+02 -1.5595328340e+02 2212 -5.1757530444e+00 6.1801689654e-01
381310 -1.5949048245e+02 1.3327964108e+03 4.0977945145e+03 6.0432372207e+02 -3.0001708358e+01 -7.2537917642e+01 2212 -2.2593009397e+00 8.0437101194e-02
381696 1.5465172610e+02 1.3131877891e+03 4.2927497417e+03 4.0385335951e+02 7.0468651169e+01 -3.3214437138e+02 2212 -1.6522605573e+00 1.0794512419e-04
381706 7.4418595298e+01 1.4403071769e+03 4.3557786651e+03 2.8970073113e+02 -6.7990050021e+01 -3.2286115663e+02 2212 -5.2091891011e+00 1.2392797168e-02
382855 4.5056178621e+00 1.5546673421e+03 5.3099876469e+03 1.0622228822e+02 7.5430091980e+00 -1.5690367074e+02 2212 -1.1486014626e+00 3.1064770764e+00
383161 -1.8210049125e+02 1.2273398550e+03 4.0602357830e+03 1.9303696586e+02 4.5800394778e+01 -3.5586541557e+02 2212 -1.5701474675e+00 3.7255904625e-02
383577 -2.0391747079e+02 1.4047105838e+03 4.4566700450e+03 5.6184999217e+02 2.3971102739e+01 -2.1096240241e+02 2212 -3.0272727816e+00 5.6945698410e-03
383600 9.1937429030e+00 1.7322332809e+03 5.1869153884e+03 5.9237576429e+02 -2.5358712103e+01 -4.0797800246e+01 2212 -3.3732351668e+00 8.1441126264e-03
383654 -1.5135752006e+02 9.5528651319e+02 3.4620669090e+03 2.9292225044e+02 8.3817622963e+01 -2.0715943946e+02 2212 -4.3757436944e+00 1.6866606299e+00
383959 -1.4359575072e+01 1.3839210200e+03 4.9542287797e+03 3.2444757218e+02 -4.9808177420e+01 -7.8629863760e+01 2212 -4.1403565865e+00 1.4959847321e+00
383978 -1.0570564620e+02 1.2540210135e+03 3.9594874010e+03 4.6541216879e+02 -1.4947126937e+02 -1.5433713306e+02 2212 -4.3160338323e+00 1.9336169968e-01
384001 -1.1329941243e+01 1.2615753596e+03 4.1678265054e+03 5.5716032650e+02 1.5304781368e+02 -9.9733098147e+01 2212 -5.1096678299e+00 9.9929059585e-02
384045 -2.0166309649e+02 1.4590993261e+03 4.9815269920e+03 4.1435111782e+02 9.8477561743e-01 -1.7040517471e+02 2212 -1.6125302454e+00 1.4526884635e-01
384096 1.4176244390e+02 1.1983596818e+03 4.1963666657e+03 5.6467762925e+02 1.8776741479e+02 -1.1443056676e+02 2212 -9.6979785897e-01 8.3033026874e-02
385008 -4.0115304820e+01 1.0743465628e+03 3.7427831191e+03 3.0134207398e+02 1.0234115984e+02 -2.7246384693e+02 2212 -9.8067377298e-01 3.1551135627e-01
385466 1.0313751746e+01 1.1334684808e+03 4.1161557419e+03 6.2651855734e+02 -3.2634793701e+01 -8.2721904643e+01 2212 -4.2681234104e+00 2.1823540760e-01
386205 -1.0936314862e+02 1.0758714349e+03 3.4671473472e+03 2.3324505517e+02 7.0956827979e+01 -3.4101414605e+02 2212 -5.2350000835e+00 9.0743480009e-02
386559 -6.6025204435e+01 1.2588018093e+03 4.2417205608e+03 2.4356849234e+02 4.9649186046e+01 -3.4837671299e+02 2212 -2.6353733644e+00 3.4527236219e-02
388685 5.7713423312e+01 1.0782142117e+03 3.6811293487e+03 1.5165298278e+02 -3.5471942598e+01 -3.5013593436e+02 2212 -3.1706154016e+00 1.7933110871e-01
388861 9.1536618816e+01 1.1665017048e+03 3.7217874774e+03 2.4440286925e+02 4.9554642806e+01 -3.0590517778e+02 2212 -2.2476326937e+00 1.1993193159e-01
389754 -3.8726410698e+01 1.6364745883e+03 5.3814549785e+03 2.7868577060e+02 4.4427263995e+01 -1.1547493804e+02 2212 -3.3961272957e+00 2.1308369862e-01
389869 4.3883057574e+01 1.1328812941e+03 4.0748084401e+03 5.2245344185e+02 -1.1364317938e+02 -2.4098732847e+02 2212 -3.9353157738e+00 5.7732331154e-02
390509 5.1651609000e+01 1.2483451564e+03 3.8571786837e+03 7.8425659310e+01 9.3804640851e+00 -4.1167715514e+01 2212 -4.1756410310e+00 3.9308991397e+02
390687 1.2041566562e+01 1.2026038937e+03 3.9565191543e+03 3.4652691025e+01 -8.5750651628e+00 -1.8733848536e+02 2212 -3.3726451157e+00 1.3175004357e+01
390754 6.0244478102e+01 1.1721588328e+03 4.1760626040e+03 2.4771773976e+02 -7.1571943449e+01 -3.4648422099e+02 2212 -2.7773673898e+00 8.9586098337e-02
390852 3.7801529108e+01 1.3862559627e+03 4.3377384253e+03 5.4872689552e+02 -2.6143959598e+01 -1.6428221518e+02 2212 -2.2620133131e+00 3.2867677393e-02
391497 -1.0924509947e+02 1.2604403488e+03 3.9269707697e+03 6.8672475002e+01 -1.8477776051e+01 -3.9646596104e+02 2212 -2.8916176113e+00 1.1008313369e-02
391547 3.1160421489e+01 1.4939637465e+03 4.7591574456e+03 4.8955756179e+02 1.3596105336e+02 -1.6075089683e+02 2212 -5.2606841545e+00 1.1323623532e-02
391588 2.8641213154e+01 1.2800342416e+03 4.6025400267e+03 3.2371503457e+02 -1.1514793245e+01 -8.2462176808e+01 2212 -3.6679420965e+00 2.2750069440e+00
391737 -1.5924254215e+01 1.1842545239e+03 3.7439822113e+03 1.5100587709e+02 2.3744922871e+01 -3.3352846220e+02 2212 -8.5947976634e-01 1.0983020231e-01
392597 -1.6904918525e+02 1.2572011702e+03 3.9592102375e+03 3.5818875205e+02 9.5021580228e+01 -2.9047952156e+02 2212 -3.6685975788e+00 3.3051618660e-02
392946 -1.3795775025e+02 1.4425590208e+03 4.4884565120e+03 4.5055117756e+02 1.4868180359e+02 -2.3493018191e+02 2212 -1.9280204312e+00 1.3269551691e-02
393594 7.0556085423e+01 1.3601525459e+03 4.4589938430e+03 1.7831158137e+02 -1.3703869878e+01 -3.8737716796e+02 2212 -4.7825327918e+00 3.1496768097e-03
393975 -1.7430518664e+02 1.1458876320e+03 3.7917500298e+03 5.8339167381e+02 -9.3312741219e+01 -2.2521902891e+01 2212 -3.1872384199e+00 4.5461201849e-01
394067 -1.6000713397e+02 1.2561206569e+03 4.1879098397e+03 6.1838236831e+02 1.1569193909e+02 -7.8241373771e+01 2212 -2.1094671492e+00 8.3253635789e-02
394292 -9.0276601862e+01 1.2485797188e+03 4.3876513843e+03 5.0663148800e+02 7.4710379596e+01 -1.7165936595e+02 2212 -3.0325054652e+00 1.1288410823e-01
394496 1.0479022887e+02 1.1160067793e+03 3.8254108026e+03 3.2037498632e+02 -4.3431272184e+01 -9.2409992592e+01 2212 -1.4772018495e+00 3.1228087356e+00
395060 -1.5986316132e+02 1.1052324578e+03 3.7309518765e+03 3.7160283569e+02 4.0745995753e-01 -3.6016779258e+02 2212 -2.1054858151e+00 1.6912049676e-02
395104 1.2773371650e+02 1.1149695528e+03 3.8007581229e+03 5.4421991381e+02 9.1751263849e+01 -1.0861093825e+02 2212 -1.7407556036e+00 2.6851796195e-01
395503 -1.0548217134e+02 1.4431136962e+03 4.6942401309e+03 3.8685795904e+02 1.0467167539e+02 -2.1240554698e+02 2212 -2.4919458870e+00 4.5402604817e-02
395856 1.1419566211e+02 1.2748400507e+03 4.3002230946e+03 1.7109434619e+02 3.7278311763e+00 -1.5480228454e+02 2212 -2.6899877046e+00 5.4385711041e+00
396245 -8.1065036343e+01 1.5181349347e+03 4.6972166003e+03 3.6825408751e+02 6.4388373061e+01 -1.7117995209e+02 2212 -2.7347068437e+00 6.1037959584e-02
396437 -1.4910110600e+02 9.5976132787e+02 3.4244593523e+03 2.5890896496e+02 4.7659433955e+01 -4.1382604716e+02 2212 -1.9180975757e+00 2.2473748965e-02
396454 -1.3143712697e+01 1.3001821634e+03 4.2637765379e+03 5.8460535099e+02 1.7898501163e+01 -4.4571720382e+01 2212 -8.7798754405e-01 1.8804419156e-01
397236 2.8957081409e+01 1.1129400216e+03 3.9853867265e+03 2.0679618995e+02 1.5459800293e+01 -4.3852710517e+02 2212 -2.1144235583e+00 3.2753991865e-03
397309 -1.1726108862e+02 1.3169905382e+03 4.4860399755e+03 5.7287465750e+02 -1.4939758430e+02 -4.9585173882e+01 2212 -4.5481504030e+00 2.2053208132e-01
397401 2.4075881830e+01 1.1156040146e+03 3.6858813393e+03 7.1352798759e+01 1.3519993915e+01 -3.6393804622e+02 2212 -2.4067109236e+00 1.1362685868e-01
397428 8.4483890535e+01 1.2075159672e+03 4.0303745548e+03 1.5784810798e+02 1.5897499688e+01 -4.0162683425e+02 2212 -7.3205303354e-01 1.0452930497e-02
398623 1.5170810484e+02 1.2270158639e+03 4.3110470606e+03 1.2566928384e+02 -8.5660046095e+00 -3.1029031914e+02 2212 -1.4110284317e+00 2.4178078574e-01
398648 -1.6245700031e+02 1.0683591803e+03 3.6587816614e+03 7.7799844515e+01 -2.4988678402e+01 -6.7790486320e+01 2212 -9.6564387740e-01 4.3792339070e+02
398872 -8.2785474613e+01 1.5238838963e+03 5.3510427946e+03 3.2022297564e+02 1.1594200230e+02 -1.8420858153e+02 2212 -5.1120669495e+00 8.3294602074e-02
399434 3.6731131190e+01 1.0335375978e+03 3.7860925337e+03 3.7945248938e+02 -2.0410556096e+01 -3.4406029110e+02 2212 -4.6090996331e+00 4.8097045584e-02
399513 -4.8439176156e+01 1.7159811664e+03 5.4951936496e+03 2.2181971493e+02 -2.2538210155e+01 -1.9353761975e+02 2212 -1.6781357729e+00 6.4972818134e-02
399650 -1.0994968798e+02 1.3594972122e+03 4.4265966623e+03 5.3880404700e+02 -2.5437040180e+00 -2.7786340973e+01 2212 -4.4612085954e+00 2.7720760184e-01
399980 -8.6776085025e+01 9.7508293046e+02 3.3540865294e+03 2.6425477320e+02 4.9493891583e+01 -4.0666753350e+02 2212 -5.1005245880e+00 2.3458328568e-02
400684 7.6665285105e+01 1.5195945793e+03 5.0490114085e+03 7.1904365086e+01 -9.2902482262e-01 -8.9869280741e+01 2212 -5.2767215583e+00 5.1176597620e+01
400791 1.4010357027e+01 1.1338330864e+03 4.0335718078e+03 2.7982443758e+02 -2.9028143141e+01 -3.9401161698e+02 2212 -5.1730963001e+00 1.7263391041e-02
401495 -8.5736422131e+01 1.5351847094e+03 5.4011247729e+03 3.1670542053e+02 9.7384970504e+01 -1.4052074016e+02 2212 -4.4554411499e+00 1.9176227369e-01
401618 -1.9224659808e+02 1.3632121186e+03 4.6186749402e+03 2.3481568232e+02 2.0319972227e+00 -2.7582710055e+02 2212 -1.3167578990e+00 1.7439307872e-01
402146 -1.0958934718e+02 1.0044120843e+03 3.3170895573e+03 5.7424049884e+02 6.3134686077e+01 -3.3091900106e+00 2212 -5.2918555280e+00 8.2325457875e-01
404295 1.3000194458e+02 1.4850851766e+03 4.5191488274e+03 2.0840275579e+02 6.3921913637e+01 -1.4511005275e+02 2212 -1.0667785404e+00 6.5655036837e-01
404503 4.5477245221e+01 1.1615474026e+03 3.9327250811e+03 5.3483970372e+02 -1.5347329169e+02 -1.4704482079e+02 2212 -4.3202592626e+00 1.8192780494e-01
404545 7.9485035897e+01 1.5040037005e+03 4.9557710471e+03 5.8557879859e+02 -1.6046649197e+01 -1.0916751475e+02 2212 -1.1335487927e+00 1.9778663366e-02
405058 7.9503851133e+01 1.6061586184e+03 5.1210360688e+03 5.5789016588e+02 8.5729073714e+01 -5.7738526168e+01 2212 -4.0085569578e+00 1.2319953397e-02
405079 9.5624283659e+01 1.2341473513e+03 4.0890281097e+03 3.9433957906e+02 3.6748710722e+01 -9.9061374773e+01 2212 -1.7936603779e+00 8.2647186464e-01
405261 -1.3471952102e+02 1.3711115831e+03 4.5020577459e+03 3.2219318107e+02 -2.4834741462e+01 -1.6218936281e+02 2212 -1.2312453026e+00 4.3279148230e-01
405551 -1.1353326048e+01 1.5134380233e+03 4.8296126509e+03 3.0703178036e+02 5.3275272308e+01 -2.2406809622e+02 2212 -2.0824743698e+00 5.1944315398e-02
405635 2.2971305709e+01 1.1460692540e+03 4.1712607250e+03 1.7043955277e+02 3.3649873538e+01 -9.0410833287e+01 2212 -4.9449297246e+00 3.8044830414e+01
405665 1.5848053179e+02 1.0662901956e+03 3.7479624700e+03 4.0761866431e+02 -1.2316303214e+02 -3.1984920405e+02 2212 -2.5806289848e+00 4.1004049150e-02
406150 1.3804830427e+01 1.4684207921e+03 4.5971310913e+03 2.6836066949e+02 4.9308913005e+01 -6.9161224316e-01 2212 -2.8516281869e+00 2.8418101980e+00
406445 1.2427641418e+02 1.2214722181e+03 4.2395747027e+03 6.3204745342e+01 -8.3566744816e+00 -3.8207086250e+02 2212 -2.7100634011e+00 4.4233920074e-02
406965 4.7627771868e+01 1.1916963320e+03 3.9973430338e+03 5.3739757362e+02 -7.2831441723e+01 -1.2005378668e+02 2212 -3.5459588196e+00 2.3574690003e-01
407250 7.0653547445e+01 1.1111061821e+03 3.8975725218e+03 3.4171797676e+02 2.6821424554e+01 -3.5688923007e+02 2212 -1.6522397131e+00 2.5653082166e-02
408746 -7.0123045302e+01 1.2896464042e+03 3.9680145256e+03 1.8991145008e+02 -6.0070483083e+00 -4.9450583928e+01 2212 -2.6133777290e+00 1.9517441673e+01
409002 -1.3159101316e+02 1.6667955074e+03 5.1097710266e+03 4.1801951298e+02 1.0126700128e+02 -7.5000812692e+01 2212 -2.2735452217e+00 3.1633095492e-02
409244 -6.9898960184e+01 1.1010412417e+03 3.5199807328e+03 5.5782009297e+02 -1.2959779526e+02 -1.8638850995e+02 2212 -1.2312039111e+00 8.9511801519e-02
410388 -9.4953114974e+00 1.2261296083e+03 4.3049677549e+03 1.9704786708e+02 -3.0729836043e+01 -3.8807657342e+02 2212 -2.0203117684e+00 2.4672612448e-02
410402 -9.4149675279e+01 1.1603760473e+03 3.7807953789e+03 1.1869056117e+02 -1.2521835348e+01 -4.4986217155e+02 2212 -4.8103415146e+00 3.5530729919e-03
410708 -1.0303685913e+02 1.1951060058e+03 4.1584921742e+03 3.3220718919e+02 -1.4594296002e+01 -3.7517744310e+02 2212 -1.7959803815e+00 1.0051432525e-02
410737 -1.7628953589e+02 1.3743953911e+03 4.4925176889e+03 1.4781491597e+02 -1.7794713441e+00 -4.6980391342e+01 2212 -4.6771264398e+00 4.2851006456e+01
410878 -7.6369883119e+01 1.2603534157e+03 4.5233047020e+03 6.2429229309e+01 1.4791414718e+01 -4.3941127979e+02 2212 -4.6710836161e+00 6.4974825728e-05
411202 6.8838296619e+01 1.5033057689e+03 5.0145825286e+03 5.3384533233e+02 -1.0982539216e+02 -1.2109642430e+00 2212 -1.4475166257e+00 1.7175660663e-01
412218 4.0182223359e+01 1.3603019171e+03 4.1600913980e+03 3.3706650102e+01 -7.1783047885e+00 -3.9615460576e+02 2212 -5.0407659060e+00 5.7325419327e-03
414047 -8.2051138270e+01 1.0660091115e+03 3.8130716454e+03 3.4664611945e+02 -6.3557713717e+01 -2.0395380273e+02 2212 -9.9607850029e-01 9.3558330184e-01
414132 -4.6055464831e+01 1.3184620147e+03 4.5491105411e+03 4.1480792434e+02 5.3605282630e+01 -3.3322150294e+02 2212 -2.3445814319e+00 4.0741481093e-03
414716 5.7325457523e+01 1.4867460354e+03 4.7133379044e+03 1.9095256994e+02 1.7950991174e+01 -1.6184584309e+02 2212 -4.9396427856e+00 8.8123634976e-01
415149 1.6677746677e+02 1.2457914124e+03 3.9379717938e+03 2.9643582912e+02 -7.9955175991e+01 -3.3699081319e+02 2212 -4.0546538490e+00 2.2877726622e-02
415463 -1.6402223484e+02 1.3263820587e+03 4.4119509143e+03 3.7149580357e+02 -5.4024739201e+01 -3.4878024022e+02 2212 -3.2301290445e+00 8.2574268375e-03
415679 -3.7339530986e+01 1.2781997400e+03 3.9630046225e+03 4.2411169278e+02 1.4667028303e+02 -1.8664448125e+02 2212 -4.6364910139e+00 8.6126959154e-02
416163 -5.3981506742e+01 1.1701480102e+03 3.7838915537e+03 4.4154033535e+02 1.1594813790e+02 -1.9932957154e+02 2212 -1.8876440818e+00 1.5028169188e-01
416294 2.1809345170e+01 1.2862667194e+03 4.5725534542e+03 3.3138582899e+02 5.2319368038e+01 -3.3436911125e+02 2212 -2.8713148129e+00 1.5069240161e-02
417074 -1.5932528013e+01 1.3179729980e+03 4.4969804226e+03 2.7364214690e+02 1.5570109380e+01 -2.6217926660e+02 2212 -3.2855517797e+00 1.6012691449e-01
417756 1.0059262155e+02 1.1614499192e+03 3.7293059871e+03 3.5564019726e+02 -7.4854484961e+01 -3.6298913616e+02 2212 -4.5730752726e+00 1.1575574542e-02
417902 -1.0827268436e+02 1.2123738363e+03 4.1199003803e+03 3.5847120719e+02 6.5521300541e+01 -3.6260680368e+02 2212 -4.0913347418e+00 5.5714393835e-03
418020 2.5040654791e+01 1.2455880681e+03 4.1058003502e+03 2.3286091150e+02 5.7025788577e+01 -1.3651470969e+02 2212 -5.3413908738e+00 2.8984473587e+00
418065 -1.0655325238e+02 1.1157086571e+03 3.9427816696e+03 3.4594158361e+02 -1.2101617095e+02 -3.1373055167e+02 2212 -3.2121857891e+00 9.6412372614e-02
418330 -2.4118267488e+00 1.7004351658e+03 5.0705863195e+03 4.1359598208e+02 -4.6206581494e-01 -1.0711251117e+02 2212 -4.1901637446e+00 1.6088395586e-02
419361 1.2089309707e+02 1.2334230701e+03 3.8982840158e+03 1.2823432704e+02 3.7877581714e+01 -1.9850784117e+02 2212 -3.8923321392e+00 2.8260594275e+00
419570 4.2857643825e+01 1.4157357843e+03 5.0131743606e+03 1.7071027319e+02 -3.4295371814e+01 -3.1092870346e+02 2212 -3.7695390435e+00 8.5843435930e-02
419584 5.5824133881e+01 1.4498321655e+03 4.4935309110e+03 5.6155736072e+01 5.3943397259e+00 -6.2515850323e+01 2212 -3.9088940860e+00 1.9384287281e+02
419977 -8.8610101575e+00 1.1004989187e+03 3.8762856833e+03 1.6089510909e+02 2.7694705734e+01 -3.9143436608e+02 2212 -9.0003816132e-01 6.5264866624e-02
421481 -7.0029392557e+01 1.4042637772e+03 4.2660556940e+03 8.6448479758e+01 -2.0315979236e+01 -1.2334084451e+02 2212 -4.3119332492e+00 2.1534858766e+01
421631 1.5137024371e+02 1.1929764408e+03 4.1387234156e+03 5.0248290268e+02 -1.3466047106e+01 -7.4124346124e+01 2212 -2.5634805935e+00 5.3926924428e-01
421711 1.9898851158e+01 1.2735426181e+03 4.1449636089e+03 2.9494955517e+02 -9.1917453095e+00 -3.5800645494e+02 2212 -4.7458624381e+00 1.0267713265e-02
422674 -1.2839902287e+02 1.2064557347e+03 3.9280619608e+03 2.8825450371e+02 1.3386249670e+01 -2.6755825522e+02 2212 -3.8607773192e+00 2.0252677904e-01
423319 -1.7996563797e+02 1.4436584251e+03 4.5795957243e+03 5.0512004380e+02 -1.0521043138e+02 -1.7327145469e+02 2212 -5.0844585856e+00 4.8331807406e-02
423611 -5.7537844979e+01 1.4732658363e+03 5.1565651630e+03 3.5347768199e+02 -7.5129258666e+01 -8.0332161797e+01 2212 -2.8357228981e+00 6.3207887619e-01
424028 6.0284874523e+01 1.1640493110e+03 4.1505133704e+03 3.3870836460e+02 8.7853041077e+01 -3.1548617743e+02 2212 -1.1990784162e+00 7.8529150019e-02
424706 -6.7590052547e+01 1.6184737002e+03 5.3500161415e+03 4.0598468724e+02 -1.2330855253e+02 -1.2587815239e+02 2212 -5.0223250776e+00 6.7818921824e-02
424948 -4.2125516498e+01 1.5098329163e+03 4.9032554474e+03 4.6319379216e+02 4.4711409587e+01 -4.0117370488e+01 2212 -1.9035003795e+00 1.8244108351e-01
425950 -1.0568204239e+02 1.7777207941e+03 5.5624558139e+03 3.6529367863e+02 -1.2350113252e+02 -1.5763015495e+02 2212 -2.0332094510e+00 8.1929841503e-03
426830 -1.3082421309e+02 1.2098928789e+03 3.8134882662e+03 2.2481104723e+02 2.5950340920e+01 -3.6544731867e+02 2212 -5.3457197333e+00 2.2921823246e-02
426924 -1.1714211373e+02 1.1040270817e+03 3.9382197973e+03 2.6568077370e+02 2.5812060079e+01 -3.9753386310e+02 2212 -1.1551035377e+00 1.6589763971e-02
427304 -5.6600653239e+01 1.1815030516e+03 3.7028491368e+03 3.6790930490e+02 -1.0001774814e+02 -3.2789721797e+02 2212 -3.1135776599e+00 3.7436484027e-02
427364 -1.7149738708e+02 1.7341030834e+03 5.4624897123e+03 3.1054835524e+02 7.5853527140e+01 -1.5131665098e+02 2212 -1.3644798072e+00 1.1098520119e-02
427370 1.0956491797e+02 1.0639318230e+03 3.7527721196e+03 3.2989054640e+02 -5.8643049711e+01 -3.2456552394e+02 2212 -1.1635067402e+00 1.0266598386e-01
427520 6.8816949967e+00 1.4988913574e+03 4.8919751080e+03 2.4366917887e+02 -6.2572413430e+01 -1.7606628888e+02 2212 -2.4978956005e+00 3.4909980227e-01
427638 -1.0130348928e+02 1.3440359971e+03 4.1023615321e+03 2.8180186409e+02 -1.5278325171e+01 -2.0104629972e+02 2212 -3.0908076914e+00 3.0568510482e-01
427792 -1.0390756806e+02 1.2316396562e+03 4.3157857938e+03 5.7731908741e+02 5.4854017109e+01 -9.7664431507e+01 2212 -6.5308559756e-01 1.7458084156e-01
428047 -1.8027224224e+02 1.2357136728e+03 3.8657211977e+03 3.9736972155e+02 -4.6086293181e+00 -3.5284694452e+02 2212 -5.9074365138e-01 3.6536897326e-03
429618 -1.9024394192e+02 1.5411136427e+03 4.8127578425e+03 4.6834513647e+02 -4.2886852095e+01 -2.0151584938e+02 2212 -6.5527160605e-01 9.5975690804e-03
430133 -2.2259453012e+01 1.5114708477e+03 4.5183312579e+03 3.3323577571e+02 7.1194565639e+01 -2.5972457767e+02 2212 -1.3737192140e+00 1.9219383950e-02
430378 1.2417663530e+02 1.5449639447e+03 4.6967177725e+03 5.1562053858e+02 -2.6536678328e+01 -1.5836220548e+02 2212 -7.5204846519e-01 8.1368678041e-03
430849 -1.2056547595e+02 1.1430256696e+03 3.7269690854e+03 4.9746448292e+02 1.4504773369e+02 -2.3698575598e+02 2212 -4.6974962514e+00 3.6407544905e-02
431012 -9.8745523751e+00 1.3306999507e+03 4.2366972549e+03 1.8780099762e+02 1.5350537013e+01 -1.5590464132e+02 2212 -4.1613509199e+00 2.8548834743e+00
431683 -2.8277481322e+01 1.0437130916e+03 3.5836738726e+03 1.2651417721e+02 1.6004662973e+01 -3.8067707763e+02 2212 -1.4724098537e+00 9.6743343153e-02
432415 1.1496440875e+02 1.5542427314e+03 4.8270454904e+03 4.3012062507e+02 1.2605119970e+02 -2.2175262768e+01 2212 -3.4321333044e+00 1.2895669942e-01
432771 -1.9888716041e+02 1.2404041004e+03 4.0910426300e+03 1.9140412450e+02 -5.6808443768e+01 -2.5148424225e+02 2212 -4.5802499000e+00 5.2567209305e-01
432838 1.9777169809e+02 1.2144326865e+03 4.0100867253e+03 2.2387222437e+01 -7.3488359671e+00 -2.5863623441e+02 2212 -2.4022195484e+00 1.2482611645e+00
432917 -1.6030450761e+02 1.4690138734e+03 5.0312952696e+03 3.6518400869e+02 2.8622832997e+01 -2.5343530964e+02 2212 -2.1336423857e+00 2.1398173096e-02
433268 -8.0384885510e+01 1.0726120173e+03 3.5735504492e+03 5.4587521558e+02 -2.1155235479e+01 -2.0631030816e+02 2212 -2.6190045075e+00 9.8196414013e-02
433707 3.3500724227e+01 1.0751080668e+03 3.5442561855e+03 1.9934870427e+02 1.2171293468e+00 -2.0842548468e+02 2212 -1.3121990436e+00 2.4779785186e+00
434297 -1.2852468256e+02 1.1211495372e+03 3.5678659955e+03 4.5088465449e+02 1.2048746167e+02 -2.9042540426e+02 2212 -5.8262101677e-01 3.0138282002e-02
434383 -2.0905005239e+01 1.5653349145e+03 4.8878214801e+03 3.8233717581e+02 2.7605577733e+01 -2.1663818548e+02 2212 -4.3438341569e+00 1.6438995505e-02
434436 9.9905345545e+01 1.5004332755e+03 4.7883680111e+03 1.6790042686e+02 -2.9516608457e+01 -2.0713966685e+02 2212 -4.1646224000e+00 3.9620493360e-01
435318 -5.9117982449e+01 1.5339180661e+03 5.3066725897e+03 2.1952892954e+02 -3.3527410365e+01 -2.8380177602e+02 2212 -4.3105015724e+00 3.4636450269e-02
435637 1.3851424220e+02 1.2532571864e+03 4.3730884399e+03 2.2236877091e+02 5.9963715088e+01 -2.9752162505e+02 2212 -3.1309237990e+00 1.5331379384e-01
436425 -7.8060041863e+01 1.1468303126e+03 4.1382077269e+03 4.4216740851e+02 -9.1827728221e+01 -1.0888102824e+02 2212 -1.7583528156e+00 9.5607898714e-01
436519 -1.0110235925e+02 1.6169091696e+03 5.3100082452e+03 5.9906713497e+02 -8.8709041615e+01 -9.1986385233e+01 2212 -1.1984988705e+00 9.3501596145e-03
437018 -1.0779672267e+02 1.2964725456e+03 4.3329378764e+03 1.8617123524e+02 -5.7510183150e+01 -3.6055429894e+02 2212 -5.3719693650e+00 3.6246915749e-02
437276 4.3371490780e+01 1.1375415545e+03 4.0045222040e+03 3.0023047441e+02 3.0383042629e+00 -3.1962398234e+02 2212 -5.4303339783e+00 1.0624379741e-01
439381 6.6119291030e+01 1.3891768821e+03 4.4546316176e+03 9.4565034271e+01 -1.2419474825e+01 -2.3228238376e+02 2212 -3.3267829854e+00 7.6076870749e-01
439704 -9.2883877666e+01 9.8205803427e+02 3.3932018895e+03 3.0441411284e+02 4.3018230470e+01 -3.1518752655e+02 2212 -2.6129595616e+00 2.2438540358e-01
439995 8.6620795001e+01 1.3494688424e+03 4.2600733610e+03 5.1902896513e+02 1.7047449437e+02 -5.6171001732e+01 2212 -2.9808551662e+00 1.1949060276e-01
440149 1.0390245618e+02 1.3174003240e+03 4.5553337594e+03 2.9353956329e+02 8.6490906169e+01 -2.4398688471e+02 2212 -5.0765403763e+00 1.6293708661e-01
440273 -5.3449559277e+01 1.1106405240e+03 3.6265373279e+03 4.0800519859e+02 -8.5149346038e+00 -5.3195285325e+00 2212 -3.6300028670e+00 2.2282656671e+00
440526 -2.3988513229e+01 1.5755496809e+03 5.2832061748e+03 1.9347581862e+02 -2.3176913757e+00 -1.0674745407e+02 2212 -4.0297251330e+00 2.0728623437e+00
440715 -1.9294462034e+01 9.8302943314e+02 3.6140087181e+03 1.7064913188e+02 2.0176411036e+01 -2.7725843410e+01 2212 -2.2033577617e+00 1.2755722343e+02
440725 -1.3000396426e+02 1.2567928661e+03 4.2843723433e+03 1.3379196890e+02 9.5925166128e+00 -4.8502057532e+01 2212 -5.6178044132e-01 1.0389468527e+02
441186 -1.8490486020e+02 1.4697552702e+03 4.8390856369e+03 2.7433248377e+02 -9.5252544321e+01 -1.3713246438e+02 2212 -3.1279306877e+00 5.9182190599e-01
441426 1.2279901679e+02 1.2721241098e+03 4.1867573950e+03 5.3646703179e+02 7.1544667038e+01 -1.6015138302e+02 2212 -2.1243226302e+00 5.7383207186e-02
441874 8.0437113630e+00 9.9313269799e+02 3.5367154050e+03 4.1549254112e+02 -4.9154030868e+01 -9.4041971812e+01 2212 -3.1634677593e+00 2.0801312283e+00
442294 -9.1121213194e-01 1.2927823302e+03 4.0228088258e+03 1.2254766790e+02 -1.2579894945e+01 -3.0773592891e+02 2212 -3.4058598727e+00 1.3272961285e-01
442345 -1.2447430053e+01 9.9724768198e+02 3.6275899161e+03 6.1787098301e+02 1.6924827558e+01 -1.1930193302e+01 2212 -2.8169826937e+00 7.1411349073e-01
442419 -9.0240589459e+01 1.0173889603e+03 3.6106352034e+03 2.3976458907e+02 8.3252598678e+01 -4.1946539384e+02 2212 -1.6057316209e+00 7.9703396576e-03
442477 -1.0311289008e+02 1.2422417932e+03 3.8181318389e+03 1.9596216304e+02 4.6518674046e+01 -9.9730858221e+01 2212 -2.9342080287e+00 8.6171356206e+00
442534 -8.2166126691e+01 1.2878020441e+03 4.4644265959e+03 5.0293692765e+02 9.5483823173e+01 -9.7534677311e+01 2212 -4.5074666694e+00 2.5308241346e-01
442823 -1.2805182189e+02 1.4728929642e+03 4.9761770403e+03 2.0179633268e+02 5.9075511582e+01 -3.0788595818e+02 2212 -5.0904978050e+00 3.6662764309e-02
442891 -7.2237310119e+01 1.6518093956e+03 5.0925383456e+03 4.7201808576e+02 -3.1296007484e+01 -1.5581644464e+02 2212 -2.0057000436e+00 1.7944558438e-02
443094 -5.4803901554e+01 1.0081769201e+03 3.4442177871e+03 7.4883863192e+01 9.7154752523e+00 -4.4120613286e+02 2212 -4.7236942786e+00 1.2676137832e-02
443483 1.1732472066e+02 1.0991772344e+03 3.6752788329e+03 1.8598532600e+02 -1.9551918592e+01 -3.0597650106e+02 2212 -5.2751732694e+00 3.4652398113e-01
443722 -6.5237529682e-01 1.2028404160e+03 4.1532020314e+03 3.0500137264e+02 1.7831151446e+01 -3.5605084457e+02 2212 -3.8495649905e+00 2.5570972045e-02
445113 -6.6896278926e+01 1.4726258974e+03 5.0707654782e+03 4.3240306699e+02 -4.0332683767e+01 -7.9283452943e+01 2212 -3.4602076416e+00 2.8076153649e-01
445963 -1.3228299087e+01 1.4908784128e+03 4.7538397852e+03 4.1250752223e+02 -2.7722062789e+01 -2.4974741882e+02 2212 -1.5219257697e+00 1.1276508186e-02
446682 5.7292336891e+01 1.3783753657e+03 4.9153171931e+03 5.4173947664e+02 -3.5380775070e+01 -1.2680022180e+02 2212 -4.2973762758e+00 9.8086139143e-02
447134 3.9140761933e+01 1.4351402579e+03 4.7483571793e+03 2.4430098466e+02 -1.7214941841e+00 -1.6874035640e+02 2212 -5.2341209371e+00 6.0072151906e-01
447229 1.9913924490e+02 1.2040343982e+03 4.2025709862e+03 1.9606542049e+02 -2.6876241811e+01 -4.3804116950e+02 2212 -4.7687479302e+00 9.2741212960e-05
448081 4.1818009222e+01 1.2937557462e+03 4.3186973755e+03 1.8078065378e+02 5.8313001339e+01 -1.3768600082e+02 2212 -4.3911702426e+00 5.1696030240e+00
448112 3.8408142085e+01 1.0904698456e+03 3.6908581829e+03 4.6744143195e+02 -8.7592891573e+01 -2.2623829232e+02 2212 -5.1143056569e+00 1.6425819411e-01
449169 -8.6221717934e+01 1.4452110772e+03 4.4171249283e+03 2.7747767618e+02 9.7937140825e+01 -1.3788383543e+02 2212 -4.0441673058e+00 3.5783056462e-01
449322 -1.8716784250e+02 1.3786821826e+03 4.5098734950e+03 3.0924360424e+02 -1.6931968534e+01 -2.3920884254e+02 2212 -1.9651121898e+00 1.2081671994e-01
449645 -8.4029032339e+00 1.4880250198e+03 5.2326291378e+03 4.1554079763e+02 6.9674918627e+01 -2.0879739771e+02 2212 -4.1683546251e+00 2.4656540494e-02
449898 -5.3841653948e+01 1.2631550745e+03 4.2999637263e+03 3.5486913547e+02 -1.0295124544e+02 -3.6135436829e+02 2212 -3.4485292244e+00 7.1333316764e-03
451348 9.6913276539e+01 1.6802184838e+03 5.0023801798e+03 4.7207510187e+02 -1.1088314332e+02 -1.0834243173e+02 2212 -2.5259802986e+00 9.7810668454e-03
451682 -1.1257840131e+02 1.3809030870e+03 4.6092695513e+03 2.0536322044e+02 -2.7145144841e+01 -3.6760624898e+02 2212 -2.4699483237e+00 2.0341446319e-02
451724 -1.2932340568e+01 1.2609298413e+03 3.9098347205e+03 5.2052755292e+02 -9.4149352438e+01 -1.8297011725e+02 2212 -2.6677117876e+00 6.1175329508e-02
452252 9.1773742937e+00 1.2510792980e+03 4.2066426177e+03 2.2253861610e+02 -2.9963724710e+01 -9.9676863192e+01 2212 -1.9179901651e+00 7.5819548972e+00
452280 -1.4367290077e+02 1.3263550224e+03 4.3011425269e+03 4.4095055871e+02 1.4289434753e+02 -6.9383543963e+01 2212 -2.8279478145e+00 3.5396303955e-01
452297 -1.9805257713e+02 1.7868697208e+03 5.7639307903e+03 2.7897865294e+02 1.4488504367e+01 -7.2699424210e+01 2212 -2.5804237167e+00 7.1698186985e-02
453273 -2.4669933354e+01 1.4360900452e+03 4.6837353728e+03 3.8354145296e+02 -6.6119357277e+01 -1.1750854570e+02 2212 -3.8595078904e+00 3.0813425123e-01
453577 -2.2065719852e+02 1.5818437893e+03 4.9101185789e+03 5.2614559784e+02 -1.5640622599e+01 -1.3903657287e+01 2212 -5.1724192740e+00 7.7897782479e-02
453648 -9.9020376523e+01 1.5574149647e+03 5.1022827519e+03 4.1646194945e+02 6.3840662281e+01 -9.7962877705e+01 2212 -4.5970654739e+00 1.5419525554e-01
453961 -1.8578946146e+01 1.3087363638e+03 4.0189064650e+03 2.9052435603e+02 2.6843071353e+01 -3.3070777420e+02 2212 -6.5240501845e-01 1.8437284422e-02
453981 -1.5613544289e+02 1.4561188722e+03 4.4667941634e+03 1.6632557424e+02 -2.8450523620e+01 -1.2721107327e+02 2212 -1.3337955992e+00 3.8929158404e+00
454414 -3.2580693310e+01 1.2307592498e+03 4.1628318291e+03 2.1069987297e+02 6.1029951131e+00 -4.3072354365e+02 2212 -2.5791180944e+00 3.1997134045e-04
455021 -1.7660464421e+02 1.2142656170e+03 3.8774101647e+03 3.2306776743e+02 6.0547047774e+01 -3.7141284566e+02 2212 -1.2902751840e+00 4.6243058584e-03
455049 -2.0773634725e+01 1.2883161706e+03 3.9579635249e+03 2.6018684110e+02 7.2253859782e+01 -3.3478417788e+02 2212 -1.4973255510e+00 1.9939468178e-02
455404 -3.6999558162e+01 1.2142764346e+03 4.2237272551e+03 3.4848386904e+02 1.2063979948e+02 -1.1218206069e+02 2212 -5.2922950087e+00 1.1186571281e+00
455476 -1.2287393394e+02 1.1192742075e+03 3.8764909556e+03 2.0348125186e+02 -6.4672806263e+01 -4.4128674545e+02 2212 -5.2080431227e+00 3.0152675894e-03
456569 -1.5864782504e+02 1.6263319442e+03 4.9273049239e+03 6.0503878053e+02 1.4078124630e+02 -4.0722737548e+01 2212 -3.5642801907e+00 8.8935887385e-03
456887 -1.1021224034e+02 1.3740642589e+03 4.4697916704e+03 4.1196757775e+02 9.0381393003e+01 -1.9972261856e+02 2212 -1.3566688444e+00 9.9587888586e-02
457528 1.2130818670e+02 1.4524178396e+03 4.4325008163e+03 4.0095334897e+02 3.4143341117e+01 -1.7846889270e+02 2212 -3.2888302272e+00 7.4537067564e-02
457630 1.8601195866e+02 1.1697186708e+03 4.0686132345e+03 1.4654704697e+02 4.1340656613e+01 -3.4145926384e+02 2212 -5.4093236355e+00 1.2085346910e-01
457906 7.7818131684e+01 1.0860855474e+03 3.8961198533e+03 3.7925224159e+02 -1.0176036138e+01 -2.9164613939e+02 2212 -1.0719850608e+00 1.3047128086e-01
458073 -8.1987531126e+01 1.5236089453e+03 5.2005099629e+03 4.4007455855e+02 -1.5579085057e+02 -2.0025452029e+02 2212 -1.6784021393e+00 3.6074127258e-02
458155 -8.6740013567e+00 1.1479649381e+03 4.0135190234e+03 5.2280994254e+02 1.2996363028e+01 -1.4143262216e+02 2212 -2.4437575166e+00 2.8075300838e-01
458442 -8.0452270433e+00 1.4514795073e+03 4.7591483519e+03 4.7262661776e+02 1.4524141955e+02 -1.2196814697e+02 2212 -2.9334064871e+00 6.4605246051e-02
459202 -1.1780383060e+02 1.3085459847e+03 4.1736052226e+03 1.8568087893e+02 1.8210494125e+01 -3.0964690481e+02 2212 -1.9896024042e+00 1.2362153901e-01
459504 -1.4200873110e+02 1.3878038785e+03 4.7902558615e+03 4.0375014192e+02 -1.4538085465e+02 -3.2610060401e+02 2212 -2.9685319886e+00 1.1687775591e-02
459711 -1.9923351887e+02 1.3780052916e+03 4.5401845528e+03 3.3851236789e+02 1.1706160167e+01 -2.6884847477e+02 2212 -5.4624878669e+00 4.5249102437e-02
460153 4.4063376601e+01 1.5239963277e+03 4.8393756153e+03 4.6100476046e+02 1.2717751167e+02 -1.0003649452e+02 2212 -8.5454895929e-01 5.0134247287e-02
